[Licensing::Module] Trying to connect to existing licensing client channel...
Built from '6000.5/staging' branch; Version is '6000.5.9f1 (b57deb96f08d) revision 11894251'; Using compiler version '194234433'; Build Type 'Release'
OS: 'Windows 10  (10.0.19045) 64bit Professional' Language: 'ru' Physical Memory: 32633 MB
[Licensing::IpcConnector] Channel LicenseClient-OXBOX doesn't exist
BatchMode: 1, IsHumanControllingUs: 0, StartBugReporterOnCrash: 0, Is64bit: 1
System  architecture: x64
Process architecture: x64
Date: 2026-09-01T11:14:28Z
[Licensing::Module] Successfully launched the LicensingClient (PId: 20048)

COMMAND LINE ARGUMENTS:
C:\Program Files\Unity\Hub\Editor\6000.5.9f1\Editor\Unity.exe
-batchmode
-quit
-projectPath
D:/GAME Ai/IsoRPG
-executeMethod
IsoRPG.EditorTools.BatchRunner.Run
-logFile
D:/GAME Ai/npc.log
Successfully changed project path to: D:/GAME Ai/IsoRPG
D:/GAME Ai/IsoRPG
[UnityMemory] Configuration Parameters - Can be set up in boot.config
    "memorysetup-temp-allocator-size-gi-baking-worker=262144"
    "memorysetup-temp-allocator-size-gi-baking-worker=262144"
    "memorysetup-temp-allocator-size-gi-baking-worker=262144"
    "memorysetup-temp-allocator-size-gi-baking-worker=262144"
    "memorysetup-temp-allocator-size-gi-baking-worker=262144"
    "memorysetup-temp-allocator-size-nav-mesh-worker=65536"
    "memorysetup-temp-allocator-size-audio-worker=65536"
    "memorysetup-temp-allocator-size-cloud-worker=32768"
    "memorysetup-temp-allocator-size-gfx=262144"
    "memorysetup-remapper-allocator-initial-capacity=32768"
    "memorysetup-temp-allocator-size-preload-manager=33554432"
    "memorysetup-allocator-temp-initial-block-size-main=262144"
    "memorysetup-allocator-temp-initial-block-size-worker=262144"
    "memorysetup-temp-allocator-size-job-worker=262144"
    "memorysetup-temp-allocator-size-background-worker=32768"
    "memorysetup-bucket-allocator-granularity=16"
    "memorysetup-bucket-allocator-bucket-count=8"
    "memorysetup-bucket-allocator-block-size=33554432"
    "memorysetup-bucket-allocator-block-count=8"
    "memorysetup-main-allocator-block-size=16777216"
    "memorysetup-thread-allocator-block-size=16777216"
    "memorysetup-main-allocator-mimalloc-enabled=0"
    "memorysetup-gfx-main-allocator-block-size=16777216"
    "memorysetup-gfx-thread-allocator-block-size=16777216"
    "memorysetup-cache-allocator-block-size=4194304"
    "memorysetup-typetree-allocator-block-size=2097152"
    "memorysetup-profiler-bucket-allocator-granularity=16"
    "memorysetup-profiler-bucket-allocator-bucket-count=8"
    "memorysetup-profiler-bucket-allocator-block-size=33554432"
    "memorysetup-profiler-bucket-allocator-block-count=8"
    "memorysetup-profiler-allocator-block-size=16777216"
    "memorysetup-profiler-editor-allocator-block-size=1048576"
    "memorysetup-temp-allocator-size-main=16777216"
    "memorysetup-job-temp-allocator-block-size=2097152"
    "memorysetup-job-temp-allocator-block-size-background=1048576"
    "memorysetup-job-temp-allocator-reduction-small-platforms=262144"
Logging is directed to a specific file, skipping project log.Player connection [16632]  Target information:

Player connection [16632]  * "[IP] 192.168.50.79 [Port] 55504 [Flags] 2 [Guid] 2897810094 [EditorId] 2897810094 [Version] 1048832 [Id] WindowsEditor(7,HOME-PC) [Debug] 1 [PackageName] WindowsEditor [ProjectName] Editor" 

Player connection [16632] Host joined multi-casting on [225.0.0.222:54997]...
Player connection [16632] Host joined alternative multi-casting on [225.0.0.222:34997]...
Input System module state changed to: Initialized.
[Physics::Module] Initialized fallback backend.
[Physics::Module] Id: 0xdecafbad
Starting IPC server.
Waiting for clients to connect on \\.\pipe\Unity-LicenseClient-OXBOX, press Ctrl-C to exit.
[Licensing::IpcConnector] Successfully connected to: "LicenseClient-OXBOX" at "2026-09-01T11:14:28.9102807Z"
[Licensing::Client] Code 10 while verifying Licensing Client signature (process Id: 20048, path: "C:/Program Files/Unity/Hub/Editor/6000.5.9f1/Editor/Data/Resources/Licensing/Client/Unity.Licensing.Client.exe")
[Licensing::Module] LicensingClient has failed validation; ignoring
[Package Manager] Connected to IPC stream "Upm-18988" after 0.3 seconds.
[Licensing::Module] Licensing is not yet initialized.
[Licensing::Client] Handshaking with LicensingClient:
  Version:                 1.18.3+d7ffd15
  Session Id:              b949686c2a2641b38261ca61755e8d9a
  Correlation Id:          699773c312faa5f63bef5fb9fc79a5cb
  External correlation Id: 7667156866080318676
  Machine Id:              19RmDKYJv1/zK4N+lW1e75F5Dx4=
[Licensing::Module] Successfully connected to LicensingClient on channel: "LicenseClient-OXBOX" (connect: 0.37s, validation: 0.10s, handshake: 0.06s)
[Licensing::IpcConnector] Successfully connected to: "LicenseClient-OXBOX-notifications" at "2026-09-01T11:14:29.0699043Z"
[Licensing::Module] Connected to LicensingClient (PId: 20048, launch time: 0.00, total connection time: 0.53s)
[Licensing::Module] Error: Access token is unavailable; failed to update
[Licensing::Client] Successfully resolved entitlement details
[Licensing::Module] License group:
  Id: 18968486056853-UnityPersXXXX
  Product: Unity Personal
  Type: Assigned
  Expiration: Unlimited
[Licensing::Client] Successfully updated license, isAsync: True, time: 0.01
[Licensing::Client] Successfully resolved entitlement details
[Licensing::Module] Licensing Background thread has ended after 0.58s
[Licensing::Module] Licensing is initialized (took 0.13s).
[Licensing::Client] Successfully resolved entitlement details
Library Redirect Path: Library/
[Physics::Module] Selected backend.
[Physics::Module] Name: PhysX
[Physics::Module] Id: 0xf2b8ea05
[Physics::Module] SDK Version: 4.1.2
[Physics::Module] Integration Version: 1.0.0
[Physics::Module] Threading Mode: Multi-Threaded
Refreshing native plugins compatible for Editor in 3.79 ms, found 1 plugins.
Initialize engine version: 6000.5.9f1 (b57deb96f08d)
[Subsystems] Discovering subsystems at path C:/Program Files/Unity/Hub/Editor/6000.5.9f1/Editor/Data/Resources/UnitySubsystems
[Subsystems] Discovering subsystems at path D:/GAME Ai/IsoRPG/Assets
GfxDevice: creating device client; kGfxThreadingModeNonThreaded
d3d12: failed to query info queue interface (0x80004002).
Direct3D:
    Version:         Direct3D 12 [level 12.2]
    Renderer:        AMD Radeon RX 6800 (ID=0x73bf)
    Vendor:          ATI
    VRAM:            16338 MB
    App VRAM Budget: 15570 MB
    Driver:          32.0.21045.5002
Initialize mono
Mono path[0] = 'C:/Program Files/Unity/Hub/Editor/6000.5.9f1/Editor/Data/Managed'
Mono path[1] = 'C:/Program Files/Unity/Hub/Editor/6000.5.9f1/Editor/Data/BCLExtensions/runtime/netstandard2.1'
Mono path[2] = 'C:/Program Files/Unity/Hub/Editor/6000.5.9f1/Editor/Data/MonoBleedingEdge/lib/mono/unityjit-win32'
Mono config path = 'C:/Program Files/Unity/Hub/Editor/6000.5.9f1/Editor/Data/MonoBleedingEdge/etc'
Using monoOptions --debugger-agent=transport=dt_socket,embedding=1,server=y,suspend=n,address=127.0.0.1:56988
CodeReloadManager initialized
ImportWorker Server TCP listen port: 0
AcceleratorClientConnectionCallback - disconnected - :0
Begin MonoManager ReloadAssembly
Registering precompiled unity dll's ...
Register platform support module: C:/Program Files/Unity/Hub/Editor/6000.5.9f1/Editor/Data/PlaybackEngines/WebGLSupport/UnityEditor.WebGL.Extensions.dll
Register platform support module: C:/Program Files/Unity/Hub/Editor/6000.5.9f1/Editor/Data/PlaybackEngines/WindowsStandaloneSupport/UnityEditor.WindowsStandalone.Extensions.dll
Registered in 0.002439 seconds.
Native extension for WindowsStandalone target not found
Native extension for WebGL target not found
Package Manager log level set to [2]
ScheduleIndexationOnStartup MainProcess:False IndexOnStartup:True
Mono: successfully reloaded assembly
- Finished resetting the current domain, in  0.547 seconds
Domain Reload Profiling: 1129ms
	BeginReloadAssembly (151ms)
	RebuildCommonClasses (5ms)
	RebuildNativeTypeToScriptingClass (21ms)
	initialDomainReloadingComplete (73ms)
	LoadAllAssembliesAndSetupDomain (331ms)
		LoadAssemblies (147ms)
		AnalyzeDomain (244ms)
			TypeCache.Refresh (243ms)
				TypeCache.ScanAssembly (227ms)
	FinalizeReload (548ms)
		SetupLoadedEditorAssemblies (0ms)
			InitializePlatformSupportModulesInManaged (3ms)
			BeforeProcessingInitializeOnLoad (104ms)
			ProcessInitializeOnLoadAttributes (110ms)
			ProcessInitializeOnLoadMethodAttributes (245ms)
[Licensing::Client] Successfully resolved entitlement details
Application.AssetDatabase Initial Refresh Start
[Package Manager] Restoring resolved packages state from cache
[Licensing::Client] Successfully resolved entitlement details
[Package Manager] Registered 60 packages:
  Packages from [https://packages.unity.com]:
    com.unity.ai.navigation@2.0.14 (location: D:\GAME Ai\IsoRPG\Library\PackageCache\com.unity.ai.navigation@134dd6a3b97b)
    com.unity.collab-proxy@2.13.6 (location: D:\GAME Ai\IsoRPG\Library\PackageCache\com.unity.collab-proxy@4628d2ba6ea4)
    com.unity.formats.fbx@5.1.6 (location: D:\GAME Ai\IsoRPG\Library\PackageCache\com.unity.formats.fbx@9f10493e557a)
    com.unity.ide.rider@3.0.38 (location: D:\GAME Ai\IsoRPG\Library\PackageCache\com.unity.ide.rider@1f60b3138684)
    com.unity.ide.visualstudio@2.0.26 (location: D:\GAME Ai\IsoRPG\Library\PackageCache\com.unity.ide.visualstudio@a99d56dec63f)
    com.unity.inputsystem@1.20.0 (location: D:\GAME Ai\IsoRPG\Library\PackageCache\com.unity.inputsystem@7a4e1a2a8194)
    com.unity.timeline@1.8.12 (location: D:\GAME Ai\IsoRPG\Library\PackageCache\com.unity.timeline@8cd8509afae5)
    com.unity.visualscripting@1.9.12 (location: D:\GAME Ai\IsoRPG\Library\PackageCache\com.unity.visualscripting@4edfcc09512f)
    com.unity.searcher@4.9.5 (location: D:\GAME Ai\IsoRPG\Library\PackageCache\com.unity.searcher@a463122f2c00)
    com.autodesk.fbx@5.1.3 (location: D:\GAME Ai\IsoRPG\Library\PackageCache\com.autodesk.fbx@90432ec06ab5)
    com.unity.burst@1.8.30 (location: D:\GAME Ai\IsoRPG\Library\PackageCache\com.unity.burst@2f3d916873ea)
    com.unity.nuget.mono-cecil@1.11.6 (location: D:\GAME Ai\IsoRPG\Library\PackageCache\com.unity.nuget.mono-cecil@ecb9724e46ff)
    com.unity.test-framework.performance@3.5.0 (location: D:\GAME Ai\IsoRPG\Library\PackageCache\com.unity.test-framework.performance@8b56083ec0f0)
  Built-in packages:
    com.unity.multiplayer.center@1.0.1 (location: D:\GAME Ai\IsoRPG\Library\PackageCache\com.unity.multiplayer.center@b860850997d0)
    com.unity.render-pipelines.universal@17.5.0 (location: D:\GAME Ai\IsoRPG\Library\PackageCache\com.unity.render-pipelines.universal@d7774c218bdf)
    com.unity.shadergraph@17.5.0 (location: D:\GAME Ai\IsoRPG\Library\PackageCache\com.unity.shadergraph@8d7376ec43ee)
    com.unity.test-framework@1.7.0 (location: D:\GAME Ai\IsoRPG\Library\PackageCache\com.unity.test-framework@1405238725ab)
    com.unity.ugui@2.5.0 (location: D:\GAME Ai\IsoRPG\Library\PackageCache\com.unity.ugui@1c4864518158)
    com.unity.modules.accessibility@1.0.0 (location: D:\GAME Ai\IsoRPG\Library\PackageCache\com.unity.modules.accessibility)
    com.unity.modules.adaptiveperformance@1.0.0 (location: D:\GAME Ai\IsoRPG\Library\PackageCache\com.unity.modules.adaptiveperformance)
    com.unity.modules.ai@1.0.0 (location: D:\GAME Ai\IsoRPG\Library\PackageCache\com.unity.modules.ai)
    com.unity.modules.androidjni@1.0.0 (location: D:\GAME Ai\IsoRPG\Library\PackageCache\com.unity.modules.androidjni)
    com.unity.modules.animation@1.0.0 (location: D:\GAME Ai\IsoRPG\Library\PackageCache\com.unity.modules.animation)
    com.unity.modules.assetbundle@1.0.0 (location: D:\GAME Ai\IsoRPG\Library\PackageCache\com.unity.modules.assetbundle)
    com.unity.modules.audio@1.0.0 (location: D:\GAME Ai\IsoRPG\Library\PackageCache\com.unity.modules.audio)
    com.unity.modules.cloth@1.0.0 (location: D:\GAME Ai\IsoRPG\Library\PackageCache\com.unity.modules.cloth)
    com.unity.modules.director@1.0.0 (location: D:\GAME Ai\IsoRPG\Library\PackageCache\com.unity.modules.director)
    com.unity.modules.imageconversion@1.0.0 (location: D:\GAME Ai\IsoRPG\Library\PackageCache\com.unity.modules.imageconversion)
    com.unity.modules.imgui@1.0.0 (location: D:\GAME Ai\IsoRPG\Library\PackageCache\com.unity.modules.imgui)
    com.unity.modules.jsonserialize@1.0.0 (location: D:\GAME Ai\IsoRPG\Library\PackageCache\com.unity.modules.jsonserialize)
    com.unity.modules.particlesystem@1.0.0 (location: D:\GAME Ai\IsoRPG\Library\PackageCache\com.unity.modules.particlesystem)
    com.unity.modules.physics@1.0.0 (location: D:\GAME Ai\IsoRPG\Library\PackageCache\com.unity.modules.physics)
    com.unity.modules.physics2d@1.0.0 (location: D:\GAME Ai\IsoRPG\Library\PackageCache\com.unity.modules.physics2d)
    com.unity.modules.physicscore2d@1.0.0 (location: D:\GAME Ai\IsoRPG\Library\PackageCache\com.unity.modules.physicscore2d)
    com.unity.modules.screencapture@1.0.0 (location: D:\GAME Ai\IsoRPG\Library\PackageCache\com.unity.modules.screencapture)
    com.unity.modules.terrain@1.0.0 (location: D:\GAME Ai\IsoRPG\Library\PackageCache\com.unity.modules.terrain)
    com.unity.modules.terrainphysics@1.0.0 (location: D:\GAME Ai\IsoRPG\Library\PackageCache\com.unity.modules.terrainphysics)
    com.unity.modules.tilemap@1.0.0 (location: D:\GAME Ai\IsoRPG\Library\PackageCache\com.unity.modules.tilemap)
    com.unity.modules.ui@1.0.0 (location: D:\GAME Ai\IsoRPG\Library\PackageCache\com.unity.modules.ui)
    com.unity.modules.uielements@1.0.0 (location: D:\GAME Ai\IsoRPG\Library\PackageCache\com.unity.modules.uielements)
    com.unity.modules.umbra@1.0.0 (location: D:\GAME Ai\IsoRPG\Library\PackageCache\com.unity.modules.umbra)
    com.unity.modules.unityanalytics@1.0.0 (location: D:\GAME Ai\IsoRPG\Library\PackageCache\com.unity.modules.unityanalytics)
    com.unity.modules.unitywebrequest@1.0.0 (location: D:\GAME Ai\IsoRPG\Library\PackageCache\com.unity.modules.unitywebrequest)
    com.unity.modules.unitywebrequestassetbundle@1.0.0 (location: D:\GAME Ai\IsoRPG\Library\PackageCache\com.unity.modules.unitywebrequestassetbundle)
    com.unity.modules.unitywebrequestaudio@1.0.0 (location: D:\GAME Ai\IsoRPG\Library\PackageCache\com.unity.modules.unitywebrequestaudio)
    com.unity.modules.unitywebrequesttexture@1.0.0 (location: D:\GAME Ai\IsoRPG\Library\PackageCache\com.unity.modules.unitywebrequesttexture)
    com.unity.modules.unitywebrequestwww@1.0.0 (location: D:\GAME Ai\IsoRPG\Library\PackageCache\com.unity.modules.unitywebrequestwww)
    com.unity.modules.vectorgraphics@1.0.0 (location: D:\GAME Ai\IsoRPG\Library\PackageCache\com.unity.modules.vectorgraphics)
    com.unity.modules.vehicles@1.0.0 (location: D:\GAME Ai\IsoRPG\Library\PackageCache\com.unity.modules.vehicles)
    com.unity.modules.video@1.0.0 (location: D:\GAME Ai\IsoRPG\Library\PackageCache\com.unity.modules.video)
    com.unity.modules.wind@1.0.0 (location: D:\GAME Ai\IsoRPG\Library\PackageCache\com.unity.modules.wind)
    com.unity.modules.xr@1.0.0 (location: D:\GAME Ai\IsoRPG\Library\PackageCache\com.unity.modules.xr)
    com.unity.modules.subsystems@1.0.0 (location: D:\GAME Ai\IsoRPG\Library\PackageCache\com.unity.modules.subsystems)
    com.unity.modules.hierarchycore@1.0.0 (location: D:\GAME Ai\IsoRPG\Library\PackageCache\com.unity.modules.hierarchycore)
    com.unity.ext.nunit@2.1.0 (location: D:\GAME Ai\IsoRPG\Library\PackageCache\com.unity.ext.nunit@44f7d31723bd)
    com.unity.render-pipelines.core@17.5.0 (location: D:\GAME Ai\IsoRPG\Library\PackageCache\com.unity.render-pipelines.core@a4c9a9793789)
    com.unity.render-pipelines.universal-config@17.5.0 (location: D:\GAME Ai\IsoRPG\Library\PackageCache\com.unity.render-pipelines.universal-config@fdda01c80fe3)
    com.unity.collections@6.5.0 (location: D:\GAME Ai\IsoRPG\Library\PackageCache\com.unity.collections@ec2c217e4cb2)
    com.unity.mathematics@1.4.0 (location: D:\GAME Ai\IsoRPG\Library\PackageCache\com.unity.mathematics@981956d94fb6)
  Embedded packages:
    com.distantlands.cozy.core@file:D:\GAME Ai\IsoRPG\Packages\com.distantlands.cozy.core (location: D:\GAME Ai\IsoRPG\Packages\com.distantlands.cozy.core)
[Subsystems] No new subsystems found in resolved package list.
[Package Manager] Done registering packages in 0.02 seconds
[ScriptCompilation] Requested script compilation because: AssetDatabase observed changes in script compilation related files
info: Microsoft.Hosting.Lifetime[14]
      Now listening on: http://localhost:80
info: Microsoft.Hosting.Lifetime[0]
      Application started. Press Ctrl+C to shut down.
info: Microsoft.Hosting.Lifetime[0]
      Hosting environment: Production
info: Microsoft.Hosting.Lifetime[0]
      Content root path: D:\GAME Ai\IsoRPG
info: Microsoft.AspNetCore.Hosting.Diagnostics[1]
      Request starting HTTP/2 POST http://ilpp/UnityILPP.PostProcessing/Ping - application/grpc -
info: Microsoft.AspNetCore.Routing.EndpointMiddleware[0]
      Executing endpoint 'gRPC - /UnityILPP.PostProcessing/Ping'
info: Microsoft.AspNetCore.Routing.EndpointMiddleware[1]
      Executed endpoint 'gRPC - /UnityILPP.PostProcessing/Ping'
info: Microsoft.AspNetCore.Hosting.Diagnostics[2]
      Request finished HTTP/2 POST http://ilpp/UnityILPP.PostProcessing/Ping - 200 - application/grpc 31.1289ms
Starting: C:\Program Files\Unity\Hub\Editor\6000.5.9f1\Editor\Data\Tools\BuildPipeline\bee_backend.exe --ipc --defer-dag-verification --dagfile="Library/Bee/1900b0aE.dag" --continue-on-failure --profile="Library/Bee/backend1.traceevents" ScriptAssemblies
WorkingDir: D:/GAME Ai/IsoRPG
info: Microsoft.AspNetCore.Hosting.Diagnostics[1]
      Request starting HTTP/2 POST http://ilpp/UnityILPP.PostProcessing/ConfigurePostProcessors - application/grpc -
info: Microsoft.AspNetCore.Routing.EndpointMiddleware[0]
      Executing endpoint 'gRPC - /UnityILPP.PostProcessing/ConfigurePostProcessors'
warn: Unity.ILPP.Runner.PostProcessingAssemblyLoadContext[0]
      Assembly system.runtime.interopservices.windowsruntime has duplicate hint path. Ignoring "C:\Program Files\Unity\Hub\Editor\6000.5.9f1\Editor\Data\UnityReferenceAssemblies\unity-4.8-api\Facades\System.Runtime.InteropServices.WindowsRuntime.dll" in favor of "C:\Program Files\Unity\Hub\Editor\6000.5.9f1\Editor\Data\NetStandard\Extensions\2.0.0\System.Runtime.InteropServices.WindowsRuntime.dll"
warn: Unity.ILPP.Runner.PostProcessingAssemblyLoadContext[0]
      Assembly system.componentmodel.composition has duplicate hint path. Ignoring "C:\Program Files\Unity\Hub\Editor\6000.5.9f1\Editor\Data\UnityReferenceAssemblies\unity-4.8-api\System.ComponentModel.Composition.dll" in favor of "C:\Program Files\Unity\Hub\Editor\6000.5.9f1\Editor\Data\NetStandard\compat\2.1.0\shims\netfx\System.ComponentModel.Composition.dll"
DisplayProgressbar: Compiling Scripts
info: Unity.ILPP.Runner.PostProcessingAssemblyLoadContext[0]
      Resolved Unity.Burst.Cecil, Version=0.11.6.0, Culture=neutral, PublicKeyToken=50cebf1cceb9d05e with Library\PackageCache\com.unity.burst@2f3d916873ea\Unity.Burst.CodeGen\Unity.Burst.Cecil.dll
info: Unity.ILPP.Runner.PostProcessingAssemblyLoadContext[0]
      Resolved Mono.Cecil, Version=0.11.5.0, Culture=neutral, PublicKeyToken=50cebf1cceb9d05e with Library\PackageCache\com.unity.nuget.mono-cecil@ecb9724e46ff\Mono.Cecil.dll
info: Microsoft.AspNetCore.Routing.EndpointMiddleware[1]
      Executed endpoint 'gRPC - /UnityILPP.PostProcessing/ConfigurePostProcessors'
info: Microsoft.AspNetCore.Hosting.Diagnostics[2]
      Request finished HTTP/2 POST http://ilpp/UnityILPP.PostProcessing/ConfigurePostProcessors - 200 - application/grpc 164.1166ms
info: Microsoft.AspNetCore.Hosting.Diagnostics[1]
      Request starting HTTP/2 POST http://ilpp/UnityILPP.PostProcessing/PostProcessAssembly - application/grpc -
info: Microsoft.AspNetCore.Routing.EndpointMiddleware[0]
      Executing endpoint 'gRPC - /UnityILPP.PostProcessing/PostProcessAssembly'
info: Unity.ILPP.Runner.PostProcessingPipeline[0]
      Processing assembly Library/Bee/artifacts/1900b0aE.dag/Assembly-CSharp.dll, with 146 defines and 350 references
info: Unity.ILPP.Runner.PostProcessingPipeline[0]
      processors: Unity.Jobs.CodeGen.JobsILPostProcessor, zzzUnity.Burst.CodeGen.BurstILPostProcessor
info: Unity.ILPP.Runner.PostProcessingPipeline[0]
      running Unity.Jobs.CodeGen.JobsILPostProcessor
info: Unity.ILPP.Runner.PostProcessingAssemblyLoadContext[0]
      Resolved Unity.Collections, Version=0.0.0.0, Culture=neutral, PublicKeyToken=null with Library\Bee\artifacts\1900b0aE.dag\Unity.Collections.dll
info: Microsoft.AspNetCore.Hosting.Diagnostics[1]
      Request starting HTTP/2 POST http://ilpp/UnityILPP.PostProcessing/PostProcessAssembly - application/grpc -
info: Microsoft.AspNetCore.Routing.EndpointMiddleware[0]
      Executing endpoint 'gRPC - /UnityILPP.PostProcessing/PostProcessAssembly'
info: Unity.ILPP.Runner.PostProcessingPipeline[0]
      Processing assembly Library/Bee/artifacts/1900b0aE.dag/Assembly-CSharp-Editor.dll, with 144 defines and 373 references
info: Unity.ILPP.Runner.PostProcessingPipeline[0]
      processors: Unity.Jobs.CodeGen.JobsILPostProcessor, zzzUnity.Burst.CodeGen.BurstILPostProcessor
info: Unity.ILPP.Runner.PostProcessingPipeline[0]
      running Unity.Jobs.CodeGen.JobsILPostProcessor
info: Unity.ILPP.Runner.PostProcessingAssemblyLoadContext[0]
      Resolved UnityEditor.CoreModule, Version=0.0.0.0, Culture=neutral, PublicKeyToken=null with C:\Program Files\Unity\Hub\Editor\6000.5.9f1\Editor\Data\Managed\UnityEngine\UnityEditor.CoreModule.dll
info: Unity.ILPP.Runner.PostProcessingAssemblyLoadContext[0]
      Resolved UnityEngine.CoreModule, Version=0.0.0.0, Culture=neutral, PublicKeyToken=null with C:\Program Files\Unity\Hub\Editor\6000.5.9f1\Editor\Data\Managed\UnityEngine\UnityEngine.CoreModule.dll
info: Unity.ILPP.Runner.PostProcessingAssemblyLoadContext[0]
      Resolved Unity.Scripting, Version=0.0.0.0, Culture=neutral, PublicKeyToken=null with C:\Program Files\Unity\Hub\Editor\6000.5.9f1\Editor\Data\Managed\UnityEngine\Unity.Scripting.dll
info: Unity.ILPP.Runner.PostProcessingPipeline[0]
      running zzzUnity.Burst.CodeGen.BurstILPostProcessor
info: Unity.ILPP.Runner.PostProcessingPipeline[0]
      running zzzUnity.Burst.CodeGen.BurstILPostProcessor
info: Unity.ILPP.Runner.PostProcessingAssemblyLoadContext[0]
      Resolved Unity.Burst.Cecil.Rocks, Version=0.11.6.0, Culture=neutral, PublicKeyToken=50cebf1cceb9d05e with Library\PackageCache\com.unity.burst@2f3d916873ea\Unity.Burst.CodeGen\Unity.Burst.Cecil.Rocks.dll
info: Microsoft.AspNetCore.Routing.EndpointMiddleware[1]
      Executed endpoint 'gRPC - /UnityILPP.PostProcessing/PostProcessAssembly'
info: Microsoft.AspNetCore.Hosting.Diagnostics[2]
      Request finished HTTP/2 POST http://ilpp/UnityILPP.PostProcessing/PostProcessAssembly - 200 - application/grpc 733.0135ms
info: Microsoft.AspNetCore.Routing.EndpointMiddleware[1]
      Executed endpoint 'gRPC - /UnityILPP.PostProcessing/PostProcessAssembly'
info: Microsoft.AspNetCore.Hosting.Diagnostics[2]
      Request finished HTTP/2 POST http://ilpp/UnityILPP.PostProcessing/PostProcessAssembly - 200 - application/grpc 1409.8134ms
ExitCode: 0 Duration: 3s900ms
[ 525/1069  0s] WriteResponseFile Library/Bee/artifacts/rsp/4747638433968585886.rsp
[ 829/1069  0s] ILPP-Configuration Library/ilpp-configuration.nevergeneratedoutput
[1061/1069  2s] Csc Library/Bee/artifacts/1900b0aE.dag/Assembly-CSharp.dll (+2 others)
Assets\_Game\Scripts\Runtime\World\TerrainConform.cs(54,50): warning CS0618: 'FindObjectsSortMode' is obsolete: 'FindObjectsSortMode has been deprecated. Use the FindObjectsByType overloads that do not take a FindObjectsSortMode parameter.'

Assets\_Game\Scripts\Runtime\World\TerrainConform.cs(53,27): warning CS0618: 'Object.FindObjectsByType<T>(FindObjectsInactive, FindObjectsSortMode)' is obsolete: 'FindObjectsByType with FindObjectsSortMode parameter has been deprecated. Use FindObjectsByType<T>() or FindObjectsByType<T>(FindObjectsInactive) instead. InstanceID will be replaced in the future with EntityId and previous sort order cannot be maintained.'

Assets\_Game\Scripts\Runtime\World\NpcTurnToHero.cs(26,13): warning CS0162: Unreachable code detected

Assets\_Game\Scripts\Runtime\World\NavAgentRescue.cs(53,46): warning CS0618: 'FindObjectsSortMode' is obsolete: 'FindObjectsSortMode has been deprecated. Use the FindObjectsByType overloads that do not take a FindObjectsSortMode parameter.'

Assets\_Game\Scripts\Runtime\World\NavAgentRescue.cs(52,26): warning CS0618: 'Object.FindObjectsByType<T>(FindObjectsInactive, FindObjectsSortMode)' is obsolete: 'FindObjectsByType with FindObjectsSortMode parameter has been deprecated. Use FindObjectsByType<T>() or FindObjectsByType<T>(FindObjectsInactive) instead. InstanceID will be replaced in the future with EntityId and previous sort order cannot be maintained.'

Assets\_Game\Scripts\Runtime\Items\ChestMarker.cs(55,29): warning CS0618: 'Object.FindFirstObjectByType<T>()' is obsolete: 'FindFirstObjectByType has been deprecated because it relies on instance ID ordering. Use FindAnyObjectByType instead, which does not depend on ordering.'

Assets\_Game\Scripts\Runtime\Cameras\Underwater.cs(99,49): warning CS0618: 'FindObjectsSortMode' is obsolete: 'FindObjectsSortMode has been deprecated. Use the FindObjectsByType overloads that do not take a FindObjectsSortMode parameter.'

Assets\_Game\Scripts\Runtime\Cameras\Underwater.cs(98,21): warning CS0618: 'Object.FindObjectsByType<T>(FindObjectsInactive, FindObjectsSortMode)' is obsolete: 'FindObjectsByType with FindObjectsSortMode parameter has been deprecated. Use FindObjectsByType<T>() or FindObjectsByType<T>(FindObjectsInactive) instead. InstanceID will be replaced in the future with EntityId and previous sort order cannot be maintained.'

Assets\_Game\Scripts\Runtime\Dev\ShowcaseJumper.cs(89,65): warning CS0618: 'FindObjectsSortMode' is obsolete: 'FindObjectsSortMode has been deprecated. Use the FindObjectsByType overloads that do not take a FindObjectsSortMode parameter.'

Assets\_Game\Scripts\Runtime\Dev\ShowcaseJumper.cs(89,26): warning CS0618: 'Object.FindObjectsByType<T>(FindObjectsSortMode)' is obsolete: 'FindObjectsByType with FindObjectsSortMode parameter has been deprecated. Use FindObjectsByType<T>() or FindObjectsByType<T>(FindObjectsInactive) instead. InstanceID will be replaced in the future with EntityId and previous sort order cannot be maintained.'

Assets\_Game\Scripts\Runtime\Dev\ShowcaseJumper.cs(119,30): warning CS0618: 'Object.FindFirstObjectByType<T>()' is obsolete: 'FindFirstObjectByType has been deprecated because it relies on instance ID ordering. Use FindAnyObjectByType instead, which does not depend on ordering.'

Assets\_Game\Scripts\Runtime\Player\PlayerMotor.cs(69,55): warning CS0618: 'FindObjectsSortMode' is obsolete: 'FindObjectsSortMode has been deprecated. Use the FindObjectsByType overloads that do not take a FindObjectsSortMode parameter.'

Assets\_Game\Scripts\Runtime\Player\PlayerMotor.cs(68,38): warning CS0618: 'Object.FindObjectsByType<T>(FindObjectsInactive, FindObjectsSortMode)' is obsolete: 'FindObjectsByType with FindObjectsSortMode parameter has been deprecated. Use FindObjectsByType<T>() or FindObjectsByType<T>(FindObjectsInactive) instead. InstanceID will be replaced in the future with EntityId and previous sort order cannot be maintained.'

Assets\_Game\Scripts\Runtime\Dev\ShowcaseJumper.cs(197,26): warning CS0618: 'Object.FindFirstObjectByType<T>()' is obsolete: 'FindFirstObjectByType has been deprecated because it relies on instance ID ordering. Use FindAnyObjectByType instead, which does not depend on ordering.'

Assets\Synty\InterfaceFantasyMenus\Samples\Scripts\SampleOscillateSliders.cs(36,78): warning CS0618: 'FindObjectsSortMode' is obsolete: 'FindObjectsSortMode has been deprecated. Use the FindObjectsByType overloads that do not take a FindObjectsSortMode parameter.'

Assets\Synty\InterfaceFantasyMenus\Samples\Scripts\SampleOscillateSliders.cs(36,23): warning CS0618: 'Object.FindObjectsByType<T>(FindObjectsInactive, FindObjectsSortMode)' is obsolete: 'FindObjectsByType with FindObjectsSortMode parameter has been deprecated. Use FindObjectsByType<T>() or FindObjectsByType<T>(FindObjectsInactive) instead. InstanceID will be replaced in the future with EntityId and previous sort order cannot be maintained.'

Assets\_Game\Scripts\Runtime\Combat\CombatHud.cs(392,19): warning CS0219: The variable 'barsWidth' is assigned but its value is never used

Assets\_Game\Scripts\Runtime\Quests\QuestGiver.cs(90,53): warning CS0162: Unreachable code detected

Assets\_Game\Scripts\Runtime\Quests\DialogueWindow.cs(424,36): warning CS0618: 'Object.FindFirstObjectByType<T>()' is obsolete: 'FindFirstObjectByType has been deprecated because it relies on instance ID ordering. Use FindAnyObjectByType instead, which does not depend on ordering.'

Assets\_Game\Scripts\Runtime\Items\FacePlayer.cs(63,29): warning CS0618: 'Object.FindFirstObjectByType<T>()' is obsolete: 'FindFirstObjectByType has been deprecated because it relies on instance ID ordering. Use FindAnyObjectByType instead, which does not depend on ordering.'

Assets\_Game\Scripts\Runtime\Items\FacePlayer.cs(53,13): warning CS0162: Unreachable code detected

Assets\_Game\Scripts\Runtime\UI\Minimap.cs(311,59): warning CS0618: 'FindObjectsSortMode' is obsolete: 'FindObjectsSortMode has been deprecated. Use the FindObjectsByType overloads that do not take a FindObjectsSortMode parameter.'

Assets\_Game\Scripts\Runtime\UI\Minimap.cs(311,29): warning CS0618: 'Object.FindObjectsByType<T>(FindObjectsSortMode)' is obsolete: 'FindObjectsByType with FindObjectsSortMode parameter has been deprecated. Use FindObjectsByType<T>() or FindObjectsByType<T>(FindObjectsInactive) instead. InstanceID will be replaced in the future with EntityId and previous sort order cannot be maintained.'

Assets\_Game\Scripts\Runtime\UI\Minimap.cs(314,56): warning CS0618: 'FindObjectsSortMode' is obsolete: 'FindObjectsSortMode has been deprecated. Use the FindObjectsByType overloads that do not take a FindObjectsSortMode parameter.'

Assets\_Game\Scripts\Runtime\UI\Minimap.cs(314,28): warning CS0618: 'Object.FindObjectsByType<T>(FindObjectsSortMode)' is obsolete: 'FindObjectsByType with FindObjectsSortMode parameter has been deprecated. Use FindObjectsByType<T>() or FindObjectsByType<T>(FindObjectsInactive) instead. InstanceID will be replaced in the future with EntityId and previous sort order cannot be maintained.'

Assets\GSpawn - Level Designer\Scripts\Core\Extensions\GameObjectEx.cs(130,20): warning CS0618: 'Object.FindFirstObjectByType<T>()' is obsolete: 'FindFirstObjectByType has been deprecated because it relies on instance ID ordering. Use FindAnyObjectByType instead, which does not depend on ordering.'

Assets\GSpawn - Level Designer\Scripts\Core\Extensions\GameObjectEx.cs(139,52): warning CS0618: 'FindObjectsSortMode' is obsolete: 'FindObjectsSortMode has been deprecated. Use the FindObjectsByType overloads that do not take a FindObjectsSortMode parameter.'

Assets\GSpawn - Level Designer\Scripts\Core\Extensions\GameObjectEx.cs(139,20): warning CS0618: 'Object.FindObjectsByType<T>(FindObjectsSortMode)' is obsolete: 'FindObjectsByType with FindObjectsSortMode parameter has been deprecated. Use FindObjectsByType<T>() or FindObjectsByType<T>(FindObjectsInactive) instead. InstanceID will be replaced in the future with EntityId and previous sort order cannot be maintained.'

Assets\GSpawn - Level Designer\Scripts\Core\Extensions\GameObjectEx.cs(148,129): warning CS0618: 'FindObjectsSortMode' is obsolete: 'FindObjectsSortMode has been deprecated. Use the FindObjectsByType overloads that do not take a FindObjectsSortMode parameter.'

Assets\GSpawn - Level Designer\Scripts\Core\Extensions\GameObjectEx.cs(148,20): warning CS0618: 'Object.FindObjectsByType<T>(FindObjectsInactive, FindObjectsSortMode)' is obsolete: 'FindObjectsByType with FindObjectsSortMode parameter has been deprecated. Use FindObjectsByType<T>() or FindObjectsByType<T>(FindObjectsInactive) instead. InstanceID will be replaced in the future with EntityId and previous sort order cannot be maintained.'

Assets\ExplosiveLLC\SuperCharacterController\Code\Examples\PlayerInputController.cs(9,25): warning UAC1001: Field 'Current' type 'PlayerInputData' is skipped by serialization (missing the [Serializable] attribute). Refer to the Serialization rules analyzer reference. (https://docs.unity3d.com/6000.5/Documentation/Manual/script-serialization-analyzer.html#uac1001)

Assets\ExplosiveLLC\SuperCharacterController\Code\Examples\SimpleStateMachine.cs(36,15): warning UAC1001: Field 'state' type 'SimpleStateMachine.State' is skipped by serialization (missing the [Serializable] attribute). Refer to the Serialization rules analyzer reference. (https://docs.unity3d.com/6000.5/Documentation/Manual/script-serialization-analyzer.html#uac1001)

Assets\ExplosiveLLC\SuperCharacterController\Code\Examples\SimpleStateMachine.cs(52,14): warning UAC1001: Field 'lastState' type 'System.Enum' is skipped by serialization (missing the [Serializable] attribute). Refer to the Serialization rules analyzer reference. (https://docs.unity3d.com/6000.5/Documentation/Manual/script-serialization-analyzer.html#uac1001)

Assets\ExplosiveLLC\SuperCharacterController\Code\Core\SuperStateMachine.cs(21,15): warning UAC1001: Field 'state' type 'SuperStateMachine.State' is skipped by serialization (missing the [Serializable] attribute). Refer to the Serialization rules analyzer reference. (https://docs.unity3d.com/6000.5/Documentation/Manual/script-serialization-analyzer.html#uac1001)

Assets\ExplosiveLLC\SuperCharacterController\Code\Core\SuperStateMachine.cs(36,14): warning UAC1001: Field 'lastState' type 'System.Enum' is skipped by serialization (missing the [Serializable] attribute). Refer to the Serialization rules analyzer reference. (https://docs.unity3d.com/6000.5/Documentation/Manual/script-serialization-analyzer.html#uac1001)
[1062/1069  0s] Csc Library/Bee/artifacts/1900b0aE.dag/Assembly-CSharp-Editor.dll (+2 others)
Assets\_Game\Scripts\Editor\AvatarFix.cs(58,55): warning CS0618: 'FindObjectsSortMode' is obsolete: 'FindObjectsSortMode has been deprecated. Use the FindObjectsByType overloads that do not take a FindObjectsSortMode parameter.'

Assets\_Game\Scripts\Editor\AvatarFix.cs(57,38): warning CS0618: 'Object.FindObjectsByType<T>(FindObjectsInactive, FindObjectsSortMode)' is obsolete: 'FindObjectsByType with FindObjectsSortMode parameter has been deprecated. Use FindObjectsByType<T>() or FindObjectsByType<T>(FindObjectsInactive) instead. InstanceID will be replaced in the future with EntityId and previous sort order cannot be maintained.'

Assets\_Game\Scripts\Editor\AuthorRepair.cs(68,55): warning CS0618: 'FindObjectsSortMode' is obsolete: 'FindObjectsSortMode has been deprecated. Use the FindObjectsByType overloads that do not take a FindObjectsSortMode parameter.'

Assets\_Game\Scripts\Editor\AuthorRepair.cs(67,31): warning CS0618: 'Object.FindObjectsByType<T>(FindObjectsInactive, FindObjectsSortMode)' is obsolete: 'FindObjectsByType with FindObjectsSortMode parameter has been deprecated. Use FindObjectsByType<T>() or FindObjectsByType<T>(FindObjectsInactive) instead. InstanceID will be replaced in the future with EntityId and previous sort order cannot be maintained.'

Assets\_Game\Scripts\Editor\AuthorLight.cs(49,56): warning CS0618: 'FindObjectsSortMode' is obsolete: 'FindObjectsSortMode has been deprecated. Use the FindObjectsByType overloads that do not take a FindObjectsSortMode parameter.'

Assets\_Game\Scripts\Editor\AuthorLight.cs(48,23): warning CS0618: 'Object.FindObjectsByType<T>(FindObjectsInactive, FindObjectsSortMode)' is obsolete: 'FindObjectsByType with FindObjectsSortMode parameter has been deprecated. Use FindObjectsByType<T>() or FindObjectsByType<T>(FindObjectsInactive) instead. InstanceID will be replaced in the future with EntityId and previous sort order cannot be maintained.'

Assets\_Game\Scripts\Editor\AuthorLight.cs(98,55): warning CS0618: 'FindObjectsSortMode' is obsolete: 'FindObjectsSortMode has been deprecated. Use the FindObjectsByType overloads that do not take a FindObjectsSortMode parameter.'

Assets\_Game\Scripts\Editor\AuthorLight.cs(97,31): warning CS0618: 'Object.FindObjectsByType<T>(FindObjectsInactive, FindObjectsSortMode)' is obsolete: 'FindObjectsByType with FindObjectsSortMode parameter has been deprecated. Use FindObjectsByType<T>() or FindObjectsByType<T>(FindObjectsInactive) instead. InstanceID will be replaced in the future with EntityId and previous sort order cannot be maintained.'

Assets\_Game\Scripts\Editor\AuthorMats.cs(28,55): warning CS0618: 'FindObjectsSortMode' is obsolete: 'FindObjectsSortMode has been deprecated. Use the FindObjectsByType overloads that do not take a FindObjectsSortMode parameter.'

Assets\_Game\Scripts\Editor\AuthorMats.cs(27,31): warning CS0618: 'Object.FindObjectsByType<T>(FindObjectsInactive, FindObjectsSortMode)' is obsolete: 'FindObjectsByType with FindObjectsSortMode parameter has been deprecated. Use FindObjectsByType<T>() or FindObjectsByType<T>(FindObjectsInactive) instead. InstanceID will be replaced in the future with EntityId and previous sort order cannot be maintained.'

Assets\_Game\Scripts\Editor\AuthorMats.cs(65,55): warning CS0618: 'FindObjectsSortMode' is obsolete: 'FindObjectsSortMode has been deprecated. Use the FindObjectsByType overloads that do not take a FindObjectsSortMode parameter.'

Assets\_Game\Scripts\Editor\AuthorMats.cs(64,31): warning CS0618: 'Object.FindObjectsByType<T>(FindObjectsInactive, FindObjectsSortMode)' is obsolete: 'FindObjectsByType with FindObjectsSortMode parameter has been deprecated. Use FindObjectsByType<T>() or FindObjectsByType<T>(FindObjectsInactive) instead. InstanceID will be replaced in the future with EntityId and previous sort order cannot be maintained.'

Assets\_Game\Scripts\Editor\AuthorMats.cs(92,55): warning CS0618: 'FindObjectsSortMode' is obsolete: 'FindObjectsSortMode has been deprecated. Use the FindObjectsByType overloads that do not take a FindObjectsSortMode parameter.'

Assets\_Game\Scripts\Editor\AuthorMats.cs(91,31): warning CS0618: 'Object.FindObjectsByType<T>(FindObjectsInactive, FindObjectsSortMode)' is obsolete: 'FindObjectsByType with FindObjectsSortMode parameter has been deprecated. Use FindObjectsByType<T>() or FindObjectsByType<T>(FindObjectsInactive) instead. InstanceID will be replaced in the future with EntityId and previous sort order cannot be maintained.'

Assets\_Game\Scripts\Editor\AuthorLight.cs(157,55): warning CS0618: 'FindObjectsSortMode' is obsolete: 'FindObjectsSortMode has been deprecated. Use the FindObjectsByType overloads that do not take a FindObjectsSortMode parameter.'

Assets\_Game\Scripts\Editor\AuthorLight.cs(156,31): warning CS0618: 'Object.FindObjectsByType<T>(FindObjectsInactive, FindObjectsSortMode)' is obsolete: 'FindObjectsByType with FindObjectsSortMode parameter has been deprecated. Use FindObjectsByType<T>() or FindObjectsByType<T>(FindObjectsInactive) instead. InstanceID will be replaced in the future with EntityId and previous sort order cannot be maintained.'

Assets\_Game\Scripts\Editor\AuthorLight.cs(189,46): warning CS0618: 'FindObjectsSortMode' is obsolete: 'FindObjectsSortMode has been deprecated. Use the FindObjectsByType overloads that do not take a FindObjectsSortMode parameter.'

Assets\_Game\Scripts\Editor\AuthorLight.cs(188,27): warning CS0618: 'Object.FindObjectsByType<T>(FindObjectsInactive, FindObjectsSortMode)' is obsolete: 'FindObjectsByType with FindObjectsSortMode parameter has been deprecated. Use FindObjectsByType<T>() or FindObjectsByType<T>(FindObjectsInactive) instead. InstanceID will be replaced in the future with EntityId and previous sort order cannot be maintained.'

Assets\_Game\Scripts\Editor\CampFire.cs(42,69): warning CS0618: 'FindObjectsSortMode' is obsolete: 'FindObjectsSortMode has been deprecated. Use the FindObjectsByType overloads that do not take a FindObjectsSortMode parameter.'

Assets\_Game\Scripts\Editor\CampFire.cs(41,32): warning CS0618: 'Object.FindObjectsByType<T>(FindObjectsInactive, FindObjectsSortMode)' is obsolete: 'FindObjectsByType with FindObjectsSortMode parameter has been deprecated. Use FindObjectsByType<T>() or FindObjectsByType<T>(FindObjectsInactive) instead. InstanceID will be replaced in the future with EntityId and previous sort order cannot be maintained.'

Assets\_Game\Scripts\Editor\WolfPack.cs(129,46): warning CS0618: 'FindObjectsSortMode' is obsolete: 'FindObjectsSortMode has been deprecated. Use the FindObjectsByType overloads that do not take a FindObjectsSortMode parameter.'

Assets\_Game\Scripts\Editor\WolfPack.cs(128,27): warning CS0618: 'Object.FindObjectsByType<T>(FindObjectsInactive, FindObjectsSortMode)' is obsolete: 'FindObjectsByType with FindObjectsSortMode parameter has been deprecated. Use FindObjectsByType<T>() or FindObjectsByType<T>(FindObjectsInactive) instead. InstanceID will be replaced in the future with EntityId and previous sort order cannot be maintained.'

Assets\_Game\Scripts\Editor\BoarBossPack.cs(51,46): warning CS0618: 'FindObjectsSortMode' is obsolete: 'FindObjectsSortMode has been deprecated. Use the FindObjectsByType overloads that do not take a FindObjectsSortMode parameter.'

Assets\_Game\Scripts\Editor\BoarBossPack.cs(50,27): warning CS0618: 'Object.FindObjectsByType<T>(FindObjectsInactive, FindObjectsSortMode)' is obsolete: 'FindObjectsByType with FindObjectsSortMode parameter has been deprecated. Use FindObjectsByType<T>() or FindObjectsByType<T>(FindObjectsInactive) instead. InstanceID will be replaced in the future with EntityId and previous sort order cannot be maintained.'

Assets\_Game\Scripts\Editor\CampFire.cs(117,61): warning CS0618: 'FindObjectsSortMode' is obsolete: 'FindObjectsSortMode has been deprecated. Use the FindObjectsByType overloads that do not take a FindObjectsSortMode parameter.'

Assets\_Game\Scripts\Editor\CampFire.cs(116,27): warning CS0618: 'Object.FindObjectsByType<T>(FindObjectsInactive, FindObjectsSortMode)' is obsolete: 'FindObjectsByType with FindObjectsSortMode parameter has been deprecated. Use FindObjectsByType<T>() or FindObjectsByType<T>(FindObjectsInactive) instead. InstanceID will be replaced in the future with EntityId and previous sort order cannot be maintained.'

Assets\_Game\Scripts\Editor\CampFire.cs(149,67): warning CS0618: 'FindObjectsSortMode' is obsolete: 'FindObjectsSortMode has been deprecated. Use the FindObjectsByType overloads that do not take a FindObjectsSortMode parameter.'

Assets\_Game\Scripts\Editor\CampFire.cs(148,31): warning CS0618: 'Object.FindObjectsByType<T>(FindObjectsInactive, FindObjectsSortMode)' is obsolete: 'FindObjectsByType with FindObjectsSortMode parameter has been deprecated. Use FindObjectsByType<T>() or FindObjectsByType<T>(FindObjectsInactive) instead. InstanceID will be replaced in the future with EntityId and previous sort order cannot be maintained.'

Assets\_Game\Scripts\Editor\BoarPack.cs(66,46): warning CS0618: 'FindObjectsSortMode' is obsolete: 'FindObjectsSortMode has been deprecated. Use the FindObjectsByType overloads that do not take a FindObjectsSortMode parameter.'

Assets\_Game\Scripts\Editor\BoarPack.cs(65,27): warning CS0618: 'Object.FindObjectsByType<T>(FindObjectsInactive, FindObjectsSortMode)' is obsolete: 'FindObjectsByType with FindObjectsSortMode parameter has been deprecated. Use FindObjectsByType<T>() or FindObjectsByType<T>(FindObjectsInactive) instead. InstanceID will be replaced in the future with EntityId and previous sort order cannot be maintained.'

Assets\_Game\Scripts\Editor\BigTrees.cs(147,46): warning CS0618: 'FindObjectsSortMode' is obsolete: 'FindObjectsSortMode has been deprecated. Use the FindObjectsByType overloads that do not take a FindObjectsSortMode parameter.'

Assets\_Game\Scripts\Editor\BigTrees.cs(146,27): warning CS0618: 'Object.FindObjectsByType<T>(FindObjectsInactive, FindObjectsSortMode)' is obsolete: 'FindObjectsByType with FindObjectsSortMode parameter has been deprecated. Use FindObjectsByType<T>() or FindObjectsByType<T>(FindObjectsInactive) instead. InstanceID will be replaced in the future with EntityId and previous sort order cannot be maintained.'

Assets\_Game\Scripts\Editor\CampHorse.cs(120,61): warning CS0618: 'FindObjectsSortMode' is obsolete: 'FindObjectsSortMode has been deprecated. Use the FindObjectsByType overloads that do not take a FindObjectsSortMode parameter.'

Assets\_Game\Scripts\Editor\CampHorse.cs(119,27): warning CS0618: 'Object.FindObjectsByType<T>(FindObjectsInactive, FindObjectsSortMode)' is obsolete: 'FindObjectsByType with FindObjectsSortMode parameter has been deprecated. Use FindObjectsByType<T>() or FindObjectsByType<T>(FindObjectsInactive) instead. InstanceID will be replaced in the future with EntityId and previous sort order cannot be maintained.'

Assets\_Game\Scripts\Editor\CreatureProbe.cs(40,92): warning CS0618: 'FindObjectsSortMode' is obsolete: 'FindObjectsSortMode has been deprecated. Use the FindObjectsByType overloads that do not take a FindObjectsSortMode parameter.'

Assets\_Game\Scripts\Editor\CreatureProbe.cs(40,26): warning CS0618: 'Object.FindObjectsByType<T>(FindObjectsInactive, FindObjectsSortMode)' is obsolete: 'FindObjectsByType with FindObjectsSortMode parameter has been deprecated. Use FindObjectsByType<T>() or FindObjectsByType<T>(FindObjectsInactive) instead. InstanceID will be replaced in the future with EntityId and previous sort order cannot be maintained.'

Assets\_Game\Scripts\Editor\CozySky.cs(79,59): warning CS0618: 'FindObjectsSortMode' is obsolete: 'FindObjectsSortMode has been deprecated. Use the FindObjectsByType overloads that do not take a FindObjectsSortMode parameter.'

Assets\_Game\Scripts\Editor\CozySky.cs(78,39): warning CS0618: 'Object.FindObjectsByType<T>(FindObjectsInactive, FindObjectsSortMode)' is obsolete: 'FindObjectsByType with FindObjectsSortMode parameter has been deprecated. Use FindObjectsByType<T>() or FindObjectsByType<T>(FindObjectsInactive) instead. InstanceID will be replaced in the future with EntityId and previous sort order cannot be maintained.'

Assets\_Game\Scripts\Editor\CozySky.cs(138,55): warning CS0618: 'FindObjectsSortMode' is obsolete: 'FindObjectsSortMode has been deprecated. Use the FindObjectsByType overloads that do not take a FindObjectsSortMode parameter.'

Assets\_Game\Scripts\Editor\CozySky.cs(137,35): warning CS0618: 'Object.FindObjectsByType<T>(FindObjectsInactive, FindObjectsSortMode)' is obsolete: 'FindObjectsByType with FindObjectsSortMode parameter has been deprecated. Use FindObjectsByType<T>() or FindObjectsByType<T>(FindObjectsInactive) instead. InstanceID will be replaced in the future with EntityId and previous sort order cannot be maintained.'

Assets\_Game\Scripts\Editor\CampHorse.cs(239,70): warning CS0618: 'FindObjectsSortMode' is obsolete: 'FindObjectsSortMode has been deprecated. Use the FindObjectsByType overloads that do not take a FindObjectsSortMode parameter.'

Assets\_Game\Scripts\Editor\CampHorse.cs(238,32): warning CS0618: 'Object.FindObjectsByType<T>(FindObjectsInactive, FindObjectsSortMode)' is obsolete: 'FindObjectsByType with FindObjectsSortMode parameter has been deprecated. Use FindObjectsByType<T>() or FindObjectsByType<T>(FindObjectsInactive) instead. InstanceID will be replaced in the future with EntityId and previous sort order cannot be maintained.'

Assets\_Game\Scripts\Editor\CreatureProbe.cs(73,103): warning CS0618: 'FindObjectsSortMode' is obsolete: 'FindObjectsSortMode has been deprecated. Use the FindObjectsByType overloads that do not take a FindObjectsSortMode parameter.'

Assets\_Game\Scripts\Editor\CreatureProbe.cs(73,23): warning CS0618: 'Object.FindObjectsByType<T>(FindObjectsInactive, FindObjectsSortMode)' is obsolete: 'FindObjectsByType with FindObjectsSortMode parameter has been deprecated. Use FindObjectsByType<T>() or FindObjectsByType<T>(FindObjectsInactive) instead. InstanceID will be replaced in the future with EntityId and previous sort order cannot be maintained.'

Assets\_Game\Scripts\Editor\DaylightSetup.cs(42,55): warning CS0618: 'FindObjectsSortMode' is obsolete: 'FindObjectsSortMode has been deprecated. Use the FindObjectsByType overloads that do not take a FindObjectsSortMode parameter.'

Assets\_Game\Scripts\Editor\DaylightSetup.cs(41,23): warning CS0618: 'Object.FindObjectsByType<T>(FindObjectsInactive, FindObjectsSortMode)' is obsolete: 'FindObjectsByType with FindObjectsSortMode parameter has been deprecated. Use FindObjectsByType<T>() or FindObjectsByType<T>(FindObjectsInactive) instead. InstanceID will be replaced in the future with EntityId and previous sort order cannot be maintained.'

Assets\_Game\Scripts\Editor\CampHorse.cs(256,61): warning CS0618: 'FindObjectsSortMode' is obsolete: 'FindObjectsSortMode has been deprecated. Use the FindObjectsByType overloads that do not take a FindObjectsSortMode parameter.'

Assets\_Game\Scripts\Editor\CampHorse.cs(255,23): warning CS0618: 'Object.FindObjectsByType<T>(FindObjectsInactive, FindObjectsSortMode)' is obsolete: 'FindObjectsByType with FindObjectsSortMode parameter has been deprecated. Use FindObjectsByType<T>() or FindObjectsByType<T>(FindObjectsInactive) instead. InstanceID will be replaced in the future with EntityId and previous sort order cannot be maintained.'

Assets\_Game\Scripts\Editor\EnviroSetup.cs(94,66): warning CS0618: 'FindObjectsSortMode' is obsolete: 'FindObjectsSortMode has been deprecated. Use the FindObjectsByType overloads that do not take a FindObjectsSortMode parameter.'

Assets\_Game\Scripts\Editor\EnviroSetup.cs(93,35): warning CS0618: 'Object.FindObjectsByType<T>(FindObjectsInactive, FindObjectsSortMode)' is obsolete: 'FindObjectsByType with FindObjectsSortMode parameter has been deprecated. Use FindObjectsByType<T>() or FindObjectsByType<T>(FindObjectsInactive) instead. InstanceID will be replaced in the future with EntityId and previous sort order cannot be maintained.'

Assets\_Game\Scripts\Editor\CreatureProbe.cs(89,88): warning CS0618: 'FindObjectsSortMode' is obsolete: 'FindObjectsSortMode has been deprecated. Use the FindObjectsByType overloads that do not take a FindObjectsSortMode parameter.'

Assets\_Game\Scripts\Editor\CreatureProbe.cs(89,24): warning CS0618: 'Object.FindObjectsByType<T>(FindObjectsInactive, FindObjectsSortMode)' is obsolete: 'FindObjectsByType with FindObjectsSortMode parameter has been deprecated. Use FindObjectsByType<T>() or FindObjectsByType<T>(FindObjectsInactive) instead. InstanceID will be replaced in the future with EntityId and previous sort order cannot be maintained.'

Assets\_Game\Scripts\Editor\DungeonProbe.cs(157,26): warning CS0618: 'Object.FindFirstObjectByType<T>()' is obsolete: 'FindFirstObjectByType has been deprecated because it relies on instance ID ordering. Use FindAnyObjectByType instead, which does not depend on ordering.'

Assets\_Game\Scripts\Editor\EnviroSetup.cs(197,66): warning CS0618: 'FindObjectsSortMode' is obsolete: 'FindObjectsSortMode has been deprecated. Use the FindObjectsByType overloads that do not take a FindObjectsSortMode parameter.'

Assets\_Game\Scripts\Editor\EnviroSetup.cs(196,35): warning CS0618: 'Object.FindObjectsByType<T>(FindObjectsInactive, FindObjectsSortMode)' is obsolete: 'FindObjectsByType with FindObjectsSortMode parameter has been deprecated. Use FindObjectsByType<T>() or FindObjectsByType<T>(FindObjectsInactive) instead. InstanceID will be replaced in the future with EntityId and previous sort order cannot be maintained.'

Assets\_Game\Scripts\Editor\CreatureProbe.cs(104,92): warning CS0618: 'FindObjectsSortMode' is obsolete: 'FindObjectsSortMode has been deprecated. Use the FindObjectsByType overloads that do not take a FindObjectsSortMode parameter.'

Assets\_Game\Scripts\Editor\CreatureProbe.cs(104,26): warning CS0618: 'Object.FindObjectsByType<T>(FindObjectsInactive, FindObjectsSortMode)' is obsolete: 'FindObjectsByType with FindObjectsSortMode parameter has been deprecated. Use FindObjectsByType<T>() or FindObjectsByType<T>(FindObjectsInactive) instead. InstanceID will be replaced in the future with EntityId and previous sort order cannot be maintained.'

Assets\_Game\Scripts\Editor\CreatureProbe.cs(111,88): warning CS0618: 'FindObjectsSortMode' is obsolete: 'FindObjectsSortMode has been deprecated. Use the FindObjectsByType overloads that do not take a FindObjectsSortMode parameter.'

Assets\_Game\Scripts\Editor\CreatureProbe.cs(111,24): warning CS0618: 'Object.FindObjectsByType<T>(FindObjectsInactive, FindObjectsSortMode)' is obsolete: 'FindObjectsByType with FindObjectsSortMode parameter has been deprecated. Use FindObjectsByType<T>() or FindObjectsByType<T>(FindObjectsInactive) instead. InstanceID will be replaced in the future with EntityId and previous sort order cannot be maintained.'

Assets\_Game\Scripts\Editor\CreatureProbe.cs(124,109): warning CS0618: 'FindObjectsSortMode' is obsolete: 'FindObjectsSortMode has been deprecated. Use the FindObjectsByType overloads that do not take a FindObjectsSortMode parameter.'

Assets\_Game\Scripts\Editor\CreatureProbe.cs(124,26): warning CS0618: 'Object.FindObjectsByType<T>(FindObjectsInactive, FindObjectsSortMode)' is obsolete: 'FindObjectsByType with FindObjectsSortMode parameter has been deprecated. Use FindObjectsByType<T>() or FindObjectsByType<T>(FindObjectsInactive) instead. InstanceID will be replaced in the future with EntityId and previous sort order cannot be maintained.'

Assets\_Game\Scripts\Editor\CreatureProbe.cs(130,115): warning CS0618: 'FindObjectsSortMode' is obsolete: 'FindObjectsSortMode has been deprecated. Use the FindObjectsByType overloads that do not take a FindObjectsSortMode parameter.'

Assets\_Game\Scripts\Editor\CreatureProbe.cs(130,29): warning CS0618: 'Object.FindObjectsByType<T>(FindObjectsInactive, FindObjectsSortMode)' is obsolete: 'FindObjectsByType with FindObjectsSortMode parameter has been deprecated. Use FindObjectsByType<T>() or FindObjectsByType<T>(FindObjectsInactive) instead. InstanceID will be replaced in the future with EntityId and previous sort order cannot be maintained.'

Assets\_Game\Scripts\Editor\WallProbe.cs(150,46): warning CS0618: 'FindObjectsSortMode' is obsolete: 'FindObjectsSortMode has been deprecated. Use the FindObjectsByType overloads that do not take a FindObjectsSortMode parameter.'

Assets\_Game\Scripts\Editor\WallProbe.cs(149,29): warning CS0618: 'Object.FindObjectsByType<T>(FindObjectsInactive, FindObjectsSortMode)' is obsolete: 'FindObjectsByType with FindObjectsSortMode parameter has been deprecated. Use FindObjectsByType<T>() or FindObjectsByType<T>(FindObjectsInactive) instead. InstanceID will be replaced in the future with EntityId and previous sort order cannot be maintained.'

Assets\_Game\Scripts\Editor\WallProbe.cs(171,46): warning CS0618: 'FindObjectsSortMode' is obsolete: 'FindObjectsSortMode has been deprecated. Use the FindObjectsByType overloads that do not take a FindObjectsSortMode parameter.'

Assets\_Game\Scripts\Editor\WallProbe.cs(170,23): warning CS0618: 'Object.FindObjectsByType<T>(FindObjectsInactive, FindObjectsSortMode)' is obsolete: 'FindObjectsByType with FindObjectsSortMode parameter has been deprecated. Use FindObjectsByType<T>() or FindObjectsByType<T>(FindObjectsInactive) instead. InstanceID will be replaced in the future with EntityId and previous sort order cannot be maintained.'

Assets\_Game\Scripts\Editor\GrassShot.cs(58,23): warning CS0618: 'Object.FindFirstObjectByType<T>()' is obsolete: 'FindFirstObjectByType has been deprecated because it relies on instance ID ordering. Use FindAnyObjectByType instead, which does not depend on ordering.'

Assets\_Game\Scripts\Editor\CreatureProbe.cs(141,89): warning CS0618: 'FindObjectsSortMode' is obsolete: 'FindObjectsSortMode has been deprecated. Use the FindObjectsByType overloads that do not take a FindObjectsSortMode parameter.'

Assets\_Game\Scripts\Editor\CreatureProbe.cs(141,23): warning CS0618: 'Object.FindObjectsByType<T>(FindObjectsInactive, FindObjectsSortMode)' is obsolete: 'FindObjectsByType with FindObjectsSortMode parameter has been deprecated. Use FindObjectsByType<T>() or FindObjectsByType<T>(FindObjectsInactive) instead. InstanceID will be replaced in the future with EntityId and previous sort order cannot be maintained.'

Assets\_Game\Scripts\Editor\HeroPhysics.cs(43,92): warning CS0618: 'FindObjectsSortMode' is obsolete: 'FindObjectsSortMode has been deprecated. Use the FindObjectsByType overloads that do not take a FindObjectsSortMode parameter.'

Assets\_Game\Scripts\Editor\HeroPhysics.cs(43,26): warning CS0618: 'Object.FindObjectsByType<T>(FindObjectsInactive, FindObjectsSortMode)' is obsolete: 'FindObjectsByType with FindObjectsSortMode parameter has been deprecated. Use FindObjectsByType<T>() or FindObjectsByType<T>(FindObjectsInactive) instead. InstanceID will be replaced in the future with EntityId and previous sort order cannot be maintained.'

Assets\_Game\Scripts\Editor\HeroParade.cs(72,60): warning CS0618: 'FindObjectsSortMode' is obsolete: 'FindObjectsSortMode has been deprecated. Use the FindObjectsByType overloads that do not take a FindObjectsSortMode parameter.'

Assets\_Game\Scripts\Editor\HeroParade.cs(71,27): warning CS0618: 'Object.FindObjectsByType<T>(FindObjectsInactive, FindObjectsSortMode)' is obsolete: 'FindObjectsByType with FindObjectsSortMode parameter has been deprecated. Use FindObjectsByType<T>() or FindObjectsByType<T>(FindObjectsInactive) instead. InstanceID will be replaced in the future with EntityId and previous sort order cannot be maintained.'

Assets\_Game\Scripts\Editor\HorsePack.cs(52,46): warning CS0618: 'FindObjectsSortMode' is obsolete: 'FindObjectsSortMode has been deprecated. Use the FindObjectsByType overloads that do not take a FindObjectsSortMode parameter.'

Assets\_Game\Scripts\Editor\HorsePack.cs(51,27): warning CS0618: 'Object.FindObjectsByType<T>(FindObjectsInactive, FindObjectsSortMode)' is obsolete: 'FindObjectsByType with FindObjectsSortMode parameter has been deprecated. Use FindObjectsByType<T>() or FindObjectsByType<T>(FindObjectsInactive) instead. InstanceID will be replaced in the future with EntityId and previous sort order cannot be maintained.'

Assets\_Game\Scripts\Editor\GrassNorm.cs(43,46): warning CS0618: 'FindObjectsSortMode' is obsolete: 'FindObjectsSortMode has been deprecated. Use the FindObjectsByType overloads that do not take a FindObjectsSortMode parameter.'

Assets\_Game\Scripts\Editor\GrassNorm.cs(42,27): warning CS0618: 'Object.FindObjectsByType<T>(FindObjectsInactive, FindObjectsSortMode)' is obsolete: 'FindObjectsByType with FindObjectsSortMode parameter has been deprecated. Use FindObjectsByType<T>() or FindObjectsByType<T>(FindObjectsInactive) instead. InstanceID will be replaced in the future with EntityId and previous sort order cannot be maintained.'

Assets\_Game\Scripts\Editor\GrassNorm.cs(75,55): warning CS0618: 'FindObjectsSortMode' is obsolete: 'FindObjectsSortMode has been deprecated. Use the FindObjectsByType overloads that do not take a FindObjectsSortMode parameter.'

Assets\_Game\Scripts\Editor\GrassNorm.cs(74,32): warning CS0618: 'Object.FindObjectsByType<T>(FindObjectsInactive, FindObjectsSortMode)' is obsolete: 'FindObjectsByType with FindObjectsSortMode parameter has been deprecated. Use FindObjectsByType<T>() or FindObjectsByType<T>(FindObjectsInactive) instead. InstanceID will be replaced in the future with EntityId and previous sort order cannot be maintained.'

Assets\_Game\Scripts\Editor\GrassNorm.cs(188,55): warning CS0618: 'FindObjectsSortMode' is obsolete: 'FindObjectsSortMode has been deprecated. Use the FindObjectsByType overloads that do not take a FindObjectsSortMode parameter.'

Assets\_Game\Scripts\Editor\GrassNorm.cs(187,32): warning CS0618: 'Object.FindObjectsByType<T>(FindObjectsInactive, FindObjectsSortMode)' is obsolete: 'FindObjectsByType with FindObjectsSortMode parameter has been deprecated. Use FindObjectsByType<T>() or FindObjectsByType<T>(FindObjectsInactive) instead. InstanceID will be replaced in the future with EntityId and previous sort order cannot be maintained.'

Assets\_Game\Scripts\Editor\NavBake.cs(50,46): warning CS0618: 'FindObjectsSortMode' is obsolete: 'FindObjectsSortMode has been deprecated. Use the FindObjectsByType overloads that do not take a FindObjectsSortMode parameter.'

Assets\_Game\Scripts\Editor\NavBake.cs(49,27): warning CS0618: 'Object.FindObjectsByType<T>(FindObjectsInactive, FindObjectsSortMode)' is obsolete: 'FindObjectsByType with FindObjectsSortMode parameter has been deprecated. Use FindObjectsByType<T>() or FindObjectsByType<T>(FindObjectsInactive) instead. InstanceID will be replaced in the future with EntityId and previous sort order cannot be maintained.'

Assets\_Game\Scripts\Editor\MobKit.cs(33,60): warning CS0618: 'FindObjectsSortMode' is obsolete: 'FindObjectsSortMode has been deprecated. Use the FindObjectsByType overloads that do not take a FindObjectsSortMode parameter.'

Assets\_Game\Scripts\Editor\MobKit.cs(32,23): warning CS0618: 'Object.FindObjectsByType<T>(FindObjectsInactive, FindObjectsSortMode)' is obsolete: 'FindObjectsByType with FindObjectsSortMode parameter has been deprecated. Use FindObjectsByType<T>() or FindObjectsByType<T>(FindObjectsInactive) instead. InstanceID will be replaced in the future with EntityId and previous sort order cannot be maintained.'

Assets\_Game\Scripts\Editor\MobKit.cs(205,73): warning CS0618: 'FindObjectsSortMode' is obsolete: 'FindObjectsSortMode has been deprecated. Use the FindObjectsByType overloads that do not take a FindObjectsSortMode parameter.'

Assets\_Game\Scripts\Editor\MobKit.cs(204,36): warning CS0618: 'Object.FindObjectsByType<T>(FindObjectsInactive, FindObjectsSortMode)' is obsolete: 'FindObjectsByType with FindObjectsSortMode parameter has been deprecated. Use FindObjectsByType<T>() or FindObjectsByType<T>(FindObjectsInactive) instead. InstanceID will be replaced in the future with EntityId and previous sort order cannot be maintained.'

Assets\_Game\Scripts\Editor\OfficialConvert.cs(39,39): warning CS0618: 'ConverterContainerId' is obsolete: 'ConverterContainerId has been deprecated.'

Assets\_Game\Scripts\Editor\OfficialConvert.cs(39,13): warning CS0618: 'Converters.RunInBatchMode(ConverterContainerId)' is obsolete: 'RunInBatchMode(ConverterContainerId) has been deprecated. Please use RunInBatchMode(string) or upgrade using UnityEditor.Rendering.Universal.Converters.RunInBatchModeCmdLine instead.'

Assets\_Game\Scripts\Editor\NoAvoidance.cs(27,94): warning CS0618: 'FindObjectsSortMode' is obsolete: 'FindObjectsSortMode has been deprecated. Use the FindObjectsByType overloads that do not take a FindObjectsSortMode parameter.'

Assets\_Game\Scripts\Editor\NoAvoidance.cs(27,26): warning CS0618: 'Object.FindObjectsByType<T>(FindObjectsInactive, FindObjectsSortMode)' is obsolete: 'FindObjectsByType with FindObjectsSortMode parameter has been deprecated. Use FindObjectsByType<T>() or FindObjectsByType<T>(FindObjectsInactive) instead. InstanceID will be replaced in the future with EntityId and previous sort order cannot be maintained.'

Assets\_Game\Scripts\Editor\NoAvoidance.cs(43,92): warning CS0618: 'FindObjectsSortMode' is obsolete: 'FindObjectsSortMode has been deprecated. Use the FindObjectsByType overloads that do not take a FindObjectsSortMode parameter.'

Assets\_Game\Scripts\Editor\NoAvoidance.cs(43,24): warning CS0618: 'Object.FindObjectsByType<T>(FindObjectsInactive, FindObjectsSortMode)' is obsolete: 'FindObjectsByType with FindObjectsSortMode parameter has been deprecated. Use FindObjectsByType<T>() or FindObjectsByType<T>(FindObjectsInactive) instead. InstanceID will be replaced in the future with EntityId and previous sort order cannot be maintained.'

Assets\_Game\Scripts\Editor\NpcPack.cs(59,51): warning CS0618: 'FindObjectsSortMode' is obsolete: 'FindObjectsSortMode has been deprecated. Use the FindObjectsByType overloads that do not take a FindObjectsSortMode parameter.'

Assets\_Game\Scripts\Editor\NpcPack.cs(58,32): warning CS0618: 'Object.FindObjectsByType<T>(FindObjectsInactive, FindObjectsSortMode)' is obsolete: 'FindObjectsByType with FindObjectsSortMode parameter has been deprecated. Use FindObjectsByType<T>() or FindObjectsByType<T>(FindObjectsInactive) instead. InstanceID will be replaced in the future with EntityId and previous sort order cannot be maintained.'

Assets\_Game\Scripts\Editor\NavProbe.cs(64,46): warning CS0618: 'FindObjectsSortMode' is obsolete: 'FindObjectsSortMode has been deprecated. Use the FindObjectsByType overloads that do not take a FindObjectsSortMode parameter.'

Assets\_Game\Scripts\Editor\NavProbe.cs(63,28): warning CS0618: 'Object.FindObjectsByType<T>(FindObjectsInactive, FindObjectsSortMode)' is obsolete: 'FindObjectsByType with FindObjectsSortMode parameter has been deprecated. Use FindObjectsByType<T>() or FindObjectsByType<T>(FindObjectsInactive) instead. InstanceID will be replaced in the future with EntityId and previous sort order cannot be maintained.'

Assets\_Game\Scripts\Editor\NavProbe.cs(67,46): warning CS0618: 'FindObjectsSortMode' is obsolete: 'FindObjectsSortMode has been deprecated. Use the FindObjectsByType overloads that do not take a FindObjectsSortMode parameter.'

Assets\_Game\Scripts\Editor\NavProbe.cs(66,26): warning CS0618: 'Object.FindObjectsByType<T>(FindObjectsInactive, FindObjectsSortMode)' is obsolete: 'FindObjectsByType with FindObjectsSortMode parameter has been deprecated. Use FindObjectsByType<T>() or FindObjectsByType<T>(FindObjectsInactive) instead. InstanceID will be replaced in the future with EntityId and previous sort order cannot be maintained.'

Assets\_Game\Scripts\Editor\NavHoleProbe.cs(31,46): warning CS0618: 'FindObjectsSortMode' is obsolete: 'FindObjectsSortMode has been deprecated. Use the FindObjectsByType overloads that do not take a FindObjectsSortMode parameter.'

Assets\_Game\Scripts\Editor\NavHoleProbe.cs(30,27): warning CS0618: 'Object.FindObjectsByType<T>(FindObjectsInactive, FindObjectsSortMode)' is obsolete: 'FindObjectsByType with FindObjectsSortMode parameter has been deprecated. Use FindObjectsByType<T>() or FindObjectsByType<T>(FindObjectsInactive) instead. InstanceID will be replaced in the future with EntityId and previous sort order cannot be maintained.'

Assets\_Game\Scripts\Editor\NavProbe.cs(106,28): warning CS0618: 'Object.FindFirstObjectByType<T>(FindObjectsInactive)' is obsolete: 'FindFirstObjectByType has been deprecated because it relies on instance ID ordering. Use FindAnyObjectByType instead, which does not depend on ordering.'

Assets\_Game\Scripts\Editor\LightProbe.cs(35,46): warning CS0618: 'FindObjectsSortMode' is obsolete: 'FindObjectsSortMode has been deprecated. Use the FindObjectsByType overloads that do not take a FindObjectsSortMode parameter.'

Assets\_Game\Scripts\Editor\LightProbe.cs(34,26): warning CS0618: 'Object.FindObjectsByType<T>(FindObjectsInactive, FindObjectsSortMode)' is obsolete: 'FindObjectsByType with FindObjectsSortMode parameter has been deprecated. Use FindObjectsByType<T>() or FindObjectsByType<T>(FindObjectsInactive) instead. InstanceID will be replaced in the future with EntityId and previous sort order cannot be maintained.'

Assets\_Game\Scripts\Editor\NpcPack.cs(98,46): warning CS0618: 'FindObjectsSortMode' is obsolete: 'FindObjectsSortMode has been deprecated. Use the FindObjectsByType overloads that do not take a FindObjectsSortMode parameter.'

Assets\_Game\Scripts\Editor\NpcPack.cs(97,27): warning CS0618: 'Object.FindObjectsByType<T>(FindObjectsInactive, FindObjectsSortMode)' is obsolete: 'FindObjectsByType with FindObjectsSortMode parameter has been deprecated. Use FindObjectsByType<T>() or FindObjectsByType<T>(FindObjectsInactive) instead. InstanceID will be replaced in the future with EntityId and previous sort order cannot be maintained.'

Assets\_Game\Scripts\Editor\OldPurge.cs(62,55): warning CS0618: 'FindObjectsSortMode' is obsolete: 'FindObjectsSortMode has been deprecated. Use the FindObjectsByType overloads that do not take a FindObjectsSortMode parameter.'

Assets\_Game\Scripts\Editor\OldPurge.cs(61,38): warning CS0618: 'Object.FindObjectsByType<T>(FindObjectsInactive, FindObjectsSortMode)' is obsolete: 'FindObjectsByType with FindObjectsSortMode parameter has been deprecated. Use FindObjectsByType<T>() or FindObjectsByType<T>(FindObjectsInactive) instead. InstanceID will be replaced in the future with EntityId and previous sort order cannot be maintained.'

Assets\_Game\Scripts\Editor\PhysicsProbe.cs(48,87): warning CS0618: 'FindObjectsSortMode' is obsolete: 'FindObjectsSortMode has been deprecated. Use the FindObjectsByType overloads that do not take a FindObjectsSortMode parameter.'

Assets\_Game\Scripts\Editor\PhysicsProbe.cs(48,23): warning CS0618: 'Object.FindObjectsByType<T>(FindObjectsInactive, FindObjectsSortMode)' is obsolete: 'FindObjectsByType with FindObjectsSortMode parameter has been deprecated. Use FindObjectsByType<T>() or FindObjectsByType<T>(FindObjectsInactive) instead. InstanceID will be replaced in the future with EntityId and previous sort order cannot be maintained.'

Assets\_Game\Scripts\Editor\PlayerKit.cs(46,62): warning CS0618: 'FindObjectsSortMode' is obsolete: 'FindObjectsSortMode has been deprecated. Use the FindObjectsByType overloads that do not take a FindObjectsSortMode parameter.'

Assets\_Game\Scripts\Editor\PlayerKit.cs(45,26): warning CS0618: 'Object.FindObjectsByType<T>(FindObjectsInactive, FindObjectsSortMode)' is obsolete: 'FindObjectsByType with FindObjectsSortMode parameter has been deprecated. Use FindObjectsByType<T>() or FindObjectsByType<T>(FindObjectsInactive) instead. InstanceID will be replaced in the future with EntityId and previous sort order cannot be maintained.'

Assets\_Game\Scripts\Editor\PostFxBuilder.cs(75,69): warning CS0618: 'FindObjectsSortMode' is obsolete: 'FindObjectsSortMode has been deprecated. Use the FindObjectsByType overloads that do not take a FindObjectsSortMode parameter.'

Assets\_Game\Scripts\Editor\PostFxBuilder.cs(75,36): warning CS0618: 'Object.FindObjectsByType<T>(FindObjectsSortMode)' is obsolete: 'FindObjectsByType with FindObjectsSortMode parameter has been deprecated. Use FindObjectsByType<T>() or FindObjectsByType<T>(FindObjectsInactive) instead. InstanceID will be replaced in the future with EntityId and previous sort order cannot be maintained.'

Assets\_Game\Scripts\Editor\PostFxBuilder.cs(103,69): warning CS0618: 'FindObjectsSortMode' is obsolete: 'FindObjectsSortMode has been deprecated. Use the FindObjectsByType overloads that do not take a FindObjectsSortMode parameter.'

Assets\_Game\Scripts\Editor\PostFxBuilder.cs(103,36): warning CS0618: 'Object.FindObjectsByType<T>(FindObjectsSortMode)' is obsolete: 'FindObjectsByType with FindObjectsSortMode parameter has been deprecated. Use FindObjectsByType<T>() or FindObjectsByType<T>(FindObjectsInactive) instead. InstanceID will be replaced in the future with EntityId and previous sort order cannot be maintained.'

Assets\_Game\Scripts\Editor\PhysicsProbe.cs(71,97): warning CS0618: 'FindObjectsSortMode' is obsolete: 'FindObjectsSortMode has been deprecated. Use the FindObjectsByType overloads that do not take a FindObjectsSortMode parameter.'

Assets\_Game\Scripts\Editor\PhysicsProbe.cs(71,29): warning CS0618: 'Object.FindObjectsByType<T>(FindObjectsInactive, FindObjectsSortMode)' is obsolete: 'FindObjectsByType with FindObjectsSortMode parameter has been deprecated. Use FindObjectsByType<T>() or FindObjectsByType<T>(FindObjectsInactive) instead. InstanceID will be replaced in the future with EntityId and previous sort order cannot be maintained.'

Assets\_Game\Scripts\Editor\PnbAnalyze.cs(40,55): warning CS0618: 'FindObjectsSortMode' is obsolete: 'FindObjectsSortMode has been deprecated. Use the FindObjectsByType overloads that do not take a FindObjectsSortMode parameter.'

Assets\_Game\Scripts\Editor\PnbAnalyze.cs(39,31): warning CS0618: 'Object.FindObjectsByType<T>(FindObjectsInactive, FindObjectsSortMode)' is obsolete: 'FindObjectsByType with FindObjectsSortMode parameter has been deprecated. Use FindObjectsByType<T>() or FindObjectsByType<T>(FindObjectsInactive) instead. InstanceID will be replaced in the future with EntityId and previous sort order cannot be maintained.'

Assets\_Game\Scripts\Editor\PnbAnalyze.cs(64,55): warning CS0618: 'FindObjectsSortMode' is obsolete: 'FindObjectsSortMode has been deprecated. Use the FindObjectsByType overloads that do not take a FindObjectsSortMode parameter.'

Assets\_Game\Scripts\Editor\PnbAnalyze.cs(63,31): warning CS0618: 'Object.FindObjectsByType<T>(FindObjectsInactive, FindObjectsSortMode)' is obsolete: 'FindObjectsByType with FindObjectsSortMode parameter has been deprecated. Use FindObjectsByType<T>() or FindObjectsByType<T>(FindObjectsInactive) instead. InstanceID will be replaced in the future with EntityId and previous sort order cannot be maintained.'

Assets\_Game\Scripts\Editor\TreeSwap.cs(70,60): warning CS0618: 'FindObjectsSortMode' is obsolete: 'FindObjectsSortMode has been deprecated. Use the FindObjectsByType overloads that do not take a FindObjectsSortMode parameter.'

Assets\_Game\Scripts\Editor\TreeSwap.cs(69,23): warning CS0618: 'Object.FindObjectsByType<T>(FindObjectsInactive, FindObjectsSortMode)' is obsolete: 'FindObjectsByType with FindObjectsSortMode parameter has been deprecated. Use FindObjectsByType<T>() or FindObjectsByType<T>(FindObjectsInactive) instead. InstanceID will be replaced in the future with EntityId and previous sort order cannot be maintained.'

Assets\_Game\Scripts\Editor\TreeSwap.cs(118,63): warning CS0618: 'FindObjectsSortMode' is obsolete: 'FindObjectsSortMode has been deprecated. Use the FindObjectsByType overloads that do not take a FindObjectsSortMode parameter.'

Assets\_Game\Scripts\Editor\TreeSwap.cs(117,26): warning CS0618: 'Object.FindObjectsByType<T>(FindObjectsInactive, FindObjectsSortMode)' is obsolete: 'FindObjectsByType with FindObjectsSortMode parameter has been deprecated. Use FindObjectsByType<T>() or FindObjectsByType<T>(FindObjectsInactive) instead. InstanceID will be replaced in the future with EntityId and previous sort order cannot be maintained.'

Assets\_Game\Scripts\Editor\PnbAnalyze.cs(209,55): warning CS0618: 'FindObjectsSortMode' is obsolete: 'FindObjectsSortMode has been deprecated. Use the FindObjectsByType overloads that do not take a FindObjectsSortMode parameter.'

Assets\_Game\Scripts\Editor\PnbAnalyze.cs(208,31): warning CS0618: 'Object.FindObjectsByType<T>(FindObjectsInactive, FindObjectsSortMode)' is obsolete: 'FindObjectsByType with FindObjectsSortMode parameter has been deprecated. Use FindObjectsByType<T>() or FindObjectsByType<T>(FindObjectsInactive) instead. InstanceID will be replaced in the future with EntityId and previous sort order cannot be maintained.'

Assets\_Game\Scripts\Editor\SceneWeight.cs(32,46): warning CS0618: 'FindObjectsSortMode' is obsolete: 'FindObjectsSortMode has been deprecated. Use the FindObjectsByType overloads that do not take a FindObjectsSortMode parameter.'

Assets\_Game\Scripts\Editor\SceneWeight.cs(31,28): warning CS0618: 'Object.FindObjectsByType<T>(FindObjectsInactive, FindObjectsSortMode)' is obsolete: 'FindObjectsByType with FindObjectsSortMode parameter has been deprecated. Use FindObjectsByType<T>() or FindObjectsByType<T>(FindObjectsInactive) instead. InstanceID will be replaced in the future with EntityId and previous sort order cannot be maintained.'

Assets\_Game\Scripts\Editor\SceneWeight.cs(91,55): warning CS0618: 'FindObjectsSortMode' is obsolete: 'FindObjectsSortMode has been deprecated. Use the FindObjectsByType overloads that do not take a FindObjectsSortMode parameter.'

Assets\_Game\Scripts\Editor\SceneWeight.cs(90,32): warning CS0618: 'Object.FindObjectsByType<T>(FindObjectsInactive, FindObjectsSortMode)' is obsolete: 'FindObjectsByType with FindObjectsSortMode parameter has been deprecated. Use FindObjectsByType<T>() or FindObjectsByType<T>(FindObjectsInactive) instead. InstanceID will be replaced in the future with EntityId and previous sort order cannot be maintained.'

Assets\_Game\Scripts\Editor\PlayerKit.cs(464,68): warning CS0618: 'FindObjectsSortMode' is obsolete: 'FindObjectsSortMode has been deprecated. Use the FindObjectsByType overloads that do not take a FindObjectsSortMode parameter.'

Assets\_Game\Scripts\Editor\PlayerKit.cs(463,31): warning CS0618: 'Object.FindObjectsByType<T>(FindObjectsInactive, FindObjectsSortMode)' is obsolete: 'FindObjectsByType with FindObjectsSortMode parameter has been deprecated. Use FindObjectsByType<T>() or FindObjectsByType<T>(FindObjectsInactive) instead. InstanceID will be replaced in the future with EntityId and previous sort order cannot be maintained.'

Assets\_Game\Scripts\Editor\TreeSwap.cs(167,62): warning CS0618: 'FindObjectsSortMode' is obsolete: 'FindObjectsSortMode has been deprecated. Use the FindObjectsByType overloads that do not take a FindObjectsSortMode parameter.'

Assets\_Game\Scripts\Editor\TreeSwap.cs(166,25): warning CS0618: 'Object.FindObjectsByType<T>(FindObjectsInactive, FindObjectsSortMode)' is obsolete: 'FindObjectsByType with FindObjectsSortMode parameter has been deprecated. Use FindObjectsByType<T>() or FindObjectsByType<T>(FindObjectsInactive) instead. InstanceID will be replaced in the future with EntityId and previous sort order cannot be maintained.'

Assets\_Game\Scripts\Editor\SceneEye.cs(214,55): warning CS0618: 'FindObjectsSortMode' is obsolete: 'FindObjectsSortMode has been deprecated. Use the FindObjectsByType overloads that do not take a FindObjectsSortMode parameter.'

Assets\_Game\Scripts\Editor\SceneEye.cs(213,38): warning CS0618: 'Object.FindObjectsByType<T>(FindObjectsInactive, FindObjectsSortMode)' is obsolete: 'FindObjectsByType with FindObjectsSortMode parameter has been deprecated. Use FindObjectsByType<T>() or FindObjectsByType<T>(FindObjectsInactive) instead. InstanceID will be replaced in the future with EntityId and previous sort order cannot be maintained.'

Assets\_Game\Scripts\Editor\SceneProbe.cs(36,64): warning CS0618: 'FindObjectsSortMode' is obsolete: 'FindObjectsSortMode has been deprecated. Use the FindObjectsByType overloads that do not take a FindObjectsSortMode parameter.'

Assets\_Game\Scripts\Editor\SceneProbe.cs(35,29): warning CS0618: 'Object.FindObjectsByType<T>(FindObjectsInactive, FindObjectsSortMode)' is obsolete: 'FindObjectsByType with FindObjectsSortMode parameter has been deprecated. Use FindObjectsByType<T>() or FindObjectsByType<T>(FindObjectsInactive) instead. InstanceID will be replaced in the future with EntityId and previous sort order cannot be maintained.'

Assets\_Game\Scripts\Editor\SceneProbe.cs(79,26): warning CS0618: 'Object.FindFirstObjectByType<T>()' is obsolete: 'FindFirstObjectByType has been deprecated because it relies on instance ID ordering. Use FindAnyObjectByType instead, which does not depend on ordering.'

Assets\_Game\Scripts\Editor\SceneProbe.cs(141,58): warning CS0618: 'FindObjectsSortMode' is obsolete: 'FindObjectsSortMode has been deprecated. Use the FindObjectsByType overloads that do not take a FindObjectsSortMode parameter.'

Assets\_Game\Scripts\Editor\SceneProbe.cs(140,26): warning CS0618: 'Object.FindObjectsByType<T>(FindObjectsInactive, FindObjectsSortMode)' is obsolete: 'FindObjectsByType with FindObjectsSortMode parameter has been deprecated. Use FindObjectsByType<T>() or FindObjectsByType<T>(FindObjectsInactive) instead. InstanceID will be replaced in the future with EntityId and previous sort order cannot be maintained.'

Assets\_Game\Scripts\Editor\SceneProbe.cs(154,60): warning CS0618: 'FindObjectsSortMode' is obsolete: 'FindObjectsSortMode has been deprecated. Use the FindObjectsByType overloads that do not take a FindObjectsSortMode parameter.'

Assets\_Game\Scripts\Editor\SceneProbe.cs(153,27): warning CS0618: 'Object.FindObjectsByType<T>(FindObjectsInactive, FindObjectsSortMode)' is obsolete: 'FindObjectsByType with FindObjectsSortMode parameter has been deprecated. Use FindObjectsByType<T>() or FindObjectsByType<T>(FindObjectsInactive) instead. InstanceID will be replaced in the future with EntityId and previous sort order cannot be maintained.'

Assets\_Game\Scripts\Editor\SceneProbe.cs(168,70): warning CS0618: 'FindObjectsSortMode' is obsolete: 'FindObjectsSortMode has been deprecated. Use the FindObjectsByType overloads that do not take a FindObjectsSortMode parameter.'

Assets\_Game\Scripts\Editor\SceneProbe.cs(168,29): warning CS0618: 'Object.FindObjectsByType<T>(FindObjectsSortMode)' is obsolete: 'FindObjectsByType with FindObjectsSortMode parameter has been deprecated. Use FindObjectsByType<T>() or FindObjectsByType<T>(FindObjectsInactive) instead. InstanceID will be replaced in the future with EntityId and previous sort order cannot be maintained.'

Assets\_Game\Scripts\Editor\TreeNorm.cs(67,50): warning CS0618: 'FindObjectsSortMode' is obsolete: 'FindObjectsSortMode has been deprecated. Use the FindObjectsByType overloads that do not take a FindObjectsSortMode parameter.'

Assets\_Game\Scripts\Editor\TreeNorm.cs(66,31): warning CS0618: 'Object.FindObjectsByType<T>(FindObjectsInactive, FindObjectsSortMode)' is obsolete: 'FindObjectsByType with FindObjectsSortMode parameter has been deprecated. Use FindObjectsByType<T>() or FindObjectsByType<T>(FindObjectsInactive) instead. InstanceID will be replaced in the future with EntityId and previous sort order cannot be maintained.'

Assets\_Game\Scripts\Editor\TreeNorm.cs(72,59): warning CS0618: 'FindObjectsSortMode' is obsolete: 'FindObjectsSortMode has been deprecated. Use the FindObjectsByType overloads that do not take a FindObjectsSortMode parameter.'

Assets\_Game\Scripts\Editor\TreeNorm.cs(71,36): warning CS0618: 'Object.FindObjectsByType<T>(FindObjectsInactive, FindObjectsSortMode)' is obsolete: 'FindObjectsByType with FindObjectsSortMode parameter has been deprecated. Use FindObjectsByType<T>() or FindObjectsByType<T>(FindObjectsInactive) instead. InstanceID will be replaced in the future with EntityId and previous sort order cannot be maintained.'

Assets\_Game\Scripts\Editor\PnbAnalyze.cs(287,46): warning CS0618: 'FindObjectsSortMode' is obsolete: 'FindObjectsSortMode has been deprecated. Use the FindObjectsByType overloads that do not take a FindObjectsSortMode parameter.'

Assets\_Game\Scripts\Editor\PnbAnalyze.cs(286,27): warning CS0618: 'Object.FindObjectsByType<T>(FindObjectsInactive, FindObjectsSortMode)' is obsolete: 'FindObjectsByType with FindObjectsSortMode parameter has been deprecated. Use FindObjectsByType<T>() or FindObjectsByType<T>(FindObjectsInactive) instead. InstanceID will be replaced in the future with EntityId and previous sort order cannot be maintained.'

Assets\_Game\Scripts\Editor\PnbAnalyze.cs(310,55): warning CS0618: 'FindObjectsSortMode' is obsolete: 'FindObjectsSortMode has been deprecated. Use the FindObjectsByType overloads that do not take a FindObjectsSortMode parameter.'

Assets\_Game\Scripts\Editor\PnbAnalyze.cs(309,31): warning CS0618: 'Object.FindObjectsByType<T>(FindObjectsInactive, FindObjectsSortMode)' is obsolete: 'FindObjectsByType with FindObjectsSortMode parameter has been deprecated. Use FindObjectsByType<T>() or FindObjectsByType<T>(FindObjectsInactive) instead. InstanceID will be replaced in the future with EntityId and previous sort order cannot be maintained.'

Assets\_Game\Scripts\Editor\SyntyForest.cs(65,46): warning CS0618: 'FindObjectsSortMode' is obsolete: 'FindObjectsSortMode has been deprecated. Use the FindObjectsByType overloads that do not take a FindObjectsSortMode parameter.'

Assets\_Game\Scripts\Editor\SyntyForest.cs(64,27): warning CS0618: 'Object.FindObjectsByType<T>(FindObjectsInactive, FindObjectsSortMode)' is obsolete: 'FindObjectsByType with FindObjectsSortMode parameter has been deprecated. Use FindObjectsByType<T>() or FindObjectsByType<T>(FindObjectsInactive) instead. InstanceID will be replaced in the future with EntityId and previous sort order cannot be maintained.'

Assets\_Game\Scripts\Editor\TreeNavFix.cs(46,62): warning CS0618: 'FindObjectsSortMode' is obsolete: 'FindObjectsSortMode has been deprecated. Use the FindObjectsByType overloads that do not take a FindObjectsSortMode parameter.'

Assets\_Game\Scripts\Editor\TreeNavFix.cs(45,25): warning CS0618: 'Object.FindObjectsByType<T>(FindObjectsInactive, FindObjectsSortMode)' is obsolete: 'FindObjectsByType with FindObjectsSortMode parameter has been deprecated. Use FindObjectsByType<T>() or FindObjectsByType<T>(FindObjectsInactive) instead. InstanceID will be replaced in the future with EntityId and previous sort order cannot be maintained.'

Assets\_Game\Scripts\Editor\SyntyMeadow.cs(100,46): warning CS0618: 'FindObjectsSortMode' is obsolete: 'FindObjectsSortMode has been deprecated. Use the FindObjectsByType overloads that do not take a FindObjectsSortMode parameter.'

Assets\_Game\Scripts\Editor\SyntyMeadow.cs(99,27): warning CS0618: 'Object.FindObjectsByType<T>(FindObjectsInactive, FindObjectsSortMode)' is obsolete: 'FindObjectsByType with FindObjectsSortMode parameter has been deprecated. Use FindObjectsByType<T>() or FindObjectsByType<T>(FindObjectsInactive) instead. InstanceID will be replaced in the future with EntityId and previous sort order cannot be maintained.'

Assets\_Game\Scripts\Editor\SyntyRoom.cs(92,29): warning CS0162: Unreachable code detected

Assets\_Game\Scripts\Editor\SyntyForest.cs(110,46): warning CS0618: 'FindObjectsSortMode' is obsolete: 'FindObjectsSortMode has been deprecated. Use the FindObjectsByType overloads that do not take a FindObjectsSortMode parameter.'

Assets\_Game\Scripts\Editor\SyntyForest.cs(109,27): warning CS0618: 'Object.FindObjectsByType<T>(FindObjectsInactive, FindObjectsSortMode)' is obsolete: 'FindObjectsByType with FindObjectsSortMode parameter has been deprecated. Use FindObjectsByType<T>() or FindObjectsByType<T>(FindObjectsInactive) instead. InstanceID will be replaced in the future with EntityId and previous sort order cannot be maintained.'

Assets\_Game\Scripts\Editor\SyntyWater.cs(98,46): warning CS0618: 'FindObjectsSortMode' is obsolete: 'FindObjectsSortMode has been deprecated. Use the FindObjectsByType overloads that do not take a FindObjectsSortMode parameter.'

Assets\_Game\Scripts\Editor\SyntyWater.cs(97,27): warning CS0618: 'Object.FindObjectsByType<T>(FindObjectsInactive, FindObjectsSortMode)' is obsolete: 'FindObjectsByType with FindObjectsSortMode parameter has been deprecated. Use FindObjectsByType<T>() or FindObjectsByType<T>(FindObjectsInactive) instead. InstanceID will be replaced in the future with EntityId and previous sort order cannot be maintained.'

Assets\_Game\Scripts\Editor\SyntySky.cs(78,55): warning CS0618: 'FindObjectsSortMode' is obsolete: 'FindObjectsSortMode has been deprecated. Use the FindObjectsByType overloads that do not take a FindObjectsSortMode parameter.'

Assets\_Game\Scripts\Editor\SyntySky.cs(77,33): warning CS0618: 'Object.FindObjectsByType<T>(FindObjectsInactive, FindObjectsSortMode)' is obsolete: 'FindObjectsByType with FindObjectsSortMode parameter has been deprecated. Use FindObjectsByType<T>() or FindObjectsByType<T>(FindObjectsInactive) instead. InstanceID will be replaced in the future with EntityId and previous sort order cannot be maintained.'

Assets\_Game\Scripts\Editor\SyntySky.cs(163,55): warning CS0618: 'FindObjectsSortMode' is obsolete: 'FindObjectsSortMode has been deprecated. Use the FindObjectsByType overloads that do not take a FindObjectsSortMode parameter.'

Assets\_Game\Scripts\Editor\SyntySky.cs(162,33): warning CS0618: 'Object.FindObjectsByType<T>(FindObjectsInactive, FindObjectsSortMode)' is obsolete: 'FindObjectsByType with FindObjectsSortMode parameter has been deprecated. Use FindObjectsByType<T>() or FindObjectsByType<T>(FindObjectsInactive) instead. InstanceID will be replaced in the future with EntityId and previous sort order cannot be maintained.'

Assets\_Game\Scripts\Editor\SyntyRoom.cs(287,26): warning CS0618: 'Object.FindFirstObjectByType<T>()' is obsolete: 'FindFirstObjectByType has been deprecated because it relies on instance ID ordering. Use FindAnyObjectByType instead, which does not depend on ordering.'

Assets\_Game\Scripts\Editor\SyntySky.cs(202,56): warning CS0618: 'FindObjectsSortMode' is obsolete: 'FindObjectsSortMode has been deprecated. Use the FindObjectsByType overloads that do not take a FindObjectsSortMode parameter.'

Assets\_Game\Scripts\Editor\SyntySky.cs(201,23): warning CS0618: 'Object.FindObjectsByType<T>(FindObjectsInactive, FindObjectsSortMode)' is obsolete: 'FindObjectsByType with FindObjectsSortMode parameter has been deprecated. Use FindObjectsByType<T>() or FindObjectsByType<T>(FindObjectsInactive) instead. InstanceID will be replaced in the future with EntityId and previous sort order cannot be maintained.'

Assets\_Game\Scripts\Editor\SyntySky.cs(301,55): warning CS0618: 'FindObjectsSortMode' is obsolete: 'FindObjectsSortMode has been deprecated. Use the FindObjectsByType overloads that do not take a FindObjectsSortMode parameter.'

Assets\_Game\Scripts\Editor\SyntySky.cs(300,35): warning CS0618: 'Object.FindObjectsByType<T>(FindObjectsInactive, FindObjectsSortMode)' is obsolete: 'FindObjectsByType with FindObjectsSortMode parameter has been deprecated. Use FindObjectsByType<T>() or FindObjectsByType<T>(FindObjectsInactive) instead. InstanceID will be replaced in the future with EntityId and previous sort order cannot be maintained.'

Assets\_Game\Scripts\Editor\TerrainRelief.cs(64,46): warning CS0618: 'FindObjectsSortMode' is obsolete: 'FindObjectsSortMode has been deprecated. Use the FindObjectsByType overloads that do not take a FindObjectsSortMode parameter.'

Assets\_Game\Scripts\Editor\TerrainRelief.cs(63,27): warning CS0618: 'Object.FindObjectsByType<T>(FindObjectsInactive, FindObjectsSortMode)' is obsolete: 'FindObjectsByType with FindObjectsSortMode parameter has been deprecated. Use FindObjectsByType<T>() or FindObjectsByType<T>(FindObjectsInactive) instead. InstanceID will be replaced in the future with EntityId and previous sort order cannot be maintained.'

Assets\_Game\Scripts\Editor\SyntySky.cs(409,55): warning CS0618: 'FindObjectsSortMode' is obsolete: 'FindObjectsSortMode has been deprecated. Use the FindObjectsByType overloads that do not take a FindObjectsSortMode parameter.'

Assets\_Game\Scripts\Editor\SyntySky.cs(408,33): warning CS0618: 'Object.FindObjectsByType<T>(FindObjectsInactive, FindObjectsSortMode)' is obsolete: 'FindObjectsByType with FindObjectsSortMode parameter has been deprecated. Use FindObjectsByType<T>() or FindObjectsByType<T>(FindObjectsInactive) instead. InstanceID will be replaced in the future with EntityId and previous sort order cannot be maintained.'

Assets\_Game\Scripts\Editor\TerrainRelief.cs(300,46): warning CS0618: 'FindObjectsSortMode' is obsolete: 'FindObjectsSortMode has been deprecated. Use the FindObjectsByType overloads that do not take a FindObjectsSortMode parameter.'

Assets\_Game\Scripts\Editor\TerrainRelief.cs(299,27): warning CS0618: 'Object.FindObjectsByType<T>(FindObjectsInactive, FindObjectsSortMode)' is obsolete: 'FindObjectsByType with FindObjectsSortMode parameter has been deprecated. Use FindObjectsByType<T>() or FindObjectsByType<T>(FindObjectsInactive) instead. InstanceID will be replaced in the future with EntityId and previous sort order cannot be maintained.'

Assets\_Game\Scripts\Editor\SyntyMeadow.cs(392,46): warning CS0618: 'FindObjectsSortMode' is obsolete: 'FindObjectsSortMode has been deprecated. Use the FindObjectsByType overloads that do not take a FindObjectsSortMode parameter.'

Assets\_Game\Scripts\Editor\SyntyMeadow.cs(391,27): warning CS0618: 'Object.FindObjectsByType<T>(FindObjectsInactive, FindObjectsSortMode)' is obsolete: 'FindObjectsByType with FindObjectsSortMode parameter has been deprecated. Use FindObjectsByType<T>() or FindObjectsByType<T>(FindObjectsInactive) instead. InstanceID will be replaced in the future with EntityId and previous sort order cannot be maintained.'

Assets\_Game\Scripts\Editor\PendingTasks.cs(266,59): warning CS0618: 'FindObjectsSortMode' is obsolete: 'FindObjectsSortMode has been deprecated. Use the FindObjectsByType overloads that do not take a FindObjectsSortMode parameter.'

Assets\_Game\Scripts\Editor\PendingTasks.cs(265,40): warning CS0618: 'Object.FindObjectsByType<T>(FindObjectsInactive, FindObjectsSortMode)' is obsolete: 'FindObjectsByType with FindObjectsSortMode parameter has been deprecated. Use FindObjectsByType<T>() or FindObjectsByType<T>(FindObjectsInactive) instead. InstanceID will be replaced in the future with EntityId and previous sort order cannot be maintained.'

Assets\_Game\Scripts\Editor\PendingTasks.cs(324,59): warning CS0618: 'FindObjectsSortMode' is obsolete: 'FindObjectsSortMode has been deprecated. Use the FindObjectsByType overloads that do not take a FindObjectsSortMode parameter.'

Assets\_Game\Scripts\Editor\PendingTasks.cs(323,40): warning CS0618: 'Object.FindObjectsByType<T>(FindObjectsInactive, FindObjectsSortMode)' is obsolete: 'FindObjectsByType with FindObjectsSortMode parameter has been deprecated. Use FindObjectsByType<T>() or FindObjectsByType<T>(FindObjectsInactive) instead. InstanceID will be replaced in the future with EntityId and previous sort order cannot be maintained.'

Assets\_Game\Scripts\Editor\PendingTasks.cs(350,54): warning CS0618: 'FindObjectsSortMode' is obsolete: 'FindObjectsSortMode has been deprecated. Use the FindObjectsByType overloads that do not take a FindObjectsSortMode parameter.'

Assets\_Game\Scripts\Editor\PendingTasks.cs(349,34): warning CS0618: 'Object.FindObjectsByType<T>(FindObjectsInactive, FindObjectsSortMode)' is obsolete: 'FindObjectsByType with FindObjectsSortMode parameter has been deprecated. Use FindObjectsByType<T>() or FindObjectsByType<T>(FindObjectsInactive) instead. InstanceID will be replaced in the future with EntityId and previous sort order cannot be maintained.'

Assets\_Game\Scripts\Editor\PendingTasks.cs(364,59): warning CS0618: 'FindObjectsSortMode' is obsolete: 'FindObjectsSortMode has been deprecated. Use the FindObjectsByType overloads that do not take a FindObjectsSortMode parameter.'

Assets\_Game\Scripts\Editor\PendingTasks.cs(363,40): warning CS0618: 'Object.FindObjectsByType<T>(FindObjectsInactive, FindObjectsSortMode)' is obsolete: 'FindObjectsByType with FindObjectsSortMode parameter has been deprecated. Use FindObjectsByType<T>() or FindObjectsByType<T>(FindObjectsInactive) instead. InstanceID will be replaced in the future with EntityId and previous sort order cannot be maintained.'

Assets\_Game\Scripts\Editor\PendingTasks.cs(423,59): warning CS0618: 'FindObjectsSortMode' is obsolete: 'FindObjectsSortMode has been deprecated. Use the FindObjectsByType overloads that do not take a FindObjectsSortMode parameter.'

Assets\_Game\Scripts\Editor\PendingTasks.cs(422,40): warning CS0618: 'Object.FindObjectsByType<T>(FindObjectsInactive, FindObjectsSortMode)' is obsolete: 'FindObjectsByType with FindObjectsSortMode parameter has been deprecated. Use FindObjectsByType<T>() or FindObjectsByType<T>(FindObjectsInactive) instead. InstanceID will be replaced in the future with EntityId and previous sort order cannot be maintained.'

Assets\_Game\Scripts\Editor\PendingTasks.cs(460,59): warning CS0618: 'FindObjectsSortMode' is obsolete: 'FindObjectsSortMode has been deprecated. Use the FindObjectsByType overloads that do not take a FindObjectsSortMode parameter.'

Assets\_Game\Scripts\Editor\PendingTasks.cs(459,39): warning CS0618: 'Object.FindObjectsByType<T>(FindObjectsInactive, FindObjectsSortMode)' is obsolete: 'FindObjectsByType with FindObjectsSortMode parameter has been deprecated. Use FindObjectsByType<T>() or FindObjectsByType<T>(FindObjectsInactive) instead. InstanceID will be replaced in the future with EntityId and previous sort order cannot be maintained.'

Assets\_Game\Scripts\Editor\PendingTasks.cs(493,59): warning CS0618: 'FindObjectsSortMode' is obsolete: 'FindObjectsSortMode has been deprecated. Use the FindObjectsByType overloads that do not take a FindObjectsSortMode parameter.'

Assets\_Game\Scripts\Editor\PendingTasks.cs(492,40): warning CS0618: 'Object.FindObjectsByType<T>(FindObjectsInactive, FindObjectsSortMode)' is obsolete: 'FindObjectsByType with FindObjectsSortMode parameter has been deprecated. Use FindObjectsByType<T>() or FindObjectsByType<T>(FindObjectsInactive) instead. InstanceID will be replaced in the future with EntityId and previous sort order cannot be maintained.'

Assets\_Game\Scripts\Editor\PendingTasks.cs(621,63): warning CS0618: 'FindObjectsSortMode' is obsolete: 'FindObjectsSortMode has been deprecated. Use the FindObjectsByType overloads that do not take a FindObjectsSortMode parameter.'

Assets\_Game\Scripts\Editor\PendingTasks.cs(620,39): warning CS0618: 'Object.FindObjectsByType<T>(FindObjectsInactive, FindObjectsSortMode)' is obsolete: 'FindObjectsByType with FindObjectsSortMode parameter has been deprecated. Use FindObjectsByType<T>() or FindObjectsByType<T>(FindObjectsInactive) instead. InstanceID will be replaced in the future with EntityId and previous sort order cannot be maintained.'

Assets\_Game\Scripts\Editor\PendingTasks.cs(669,58): warning CS0618: 'FindObjectsSortMode' is obsolete: 'FindObjectsSortMode has been deprecated. Use the FindObjectsByType overloads that do not take a FindObjectsSortMode parameter.'

Assets\_Game\Scripts\Editor\PendingTasks.cs(668,36): warning CS0618: 'Object.FindObjectsByType<T>(FindObjectsInactive, FindObjectsSortMode)' is obsolete: 'FindObjectsByType with FindObjectsSortMode parameter has been deprecated. Use FindObjectsByType<T>() or FindObjectsByType<T>(FindObjectsInactive) instead. InstanceID will be replaced in the future with EntityId and previous sort order cannot be maintained.'

Assets\_Game\Scripts\Editor\PendingTasks.cs(859,54): warning CS0618: 'FindObjectsSortMode' is obsolete: 'FindObjectsSortMode has been deprecated. Use the FindObjectsByType overloads that do not take a FindObjectsSortMode parameter.'

Assets\_Game\Scripts\Editor\PendingTasks.cs(858,37): warning CS0618: 'Object.FindObjectsByType<T>(FindObjectsInactive, FindObjectsSortMode)' is obsolete: 'FindObjectsByType with FindObjectsSortMode parameter has been deprecated. Use FindObjectsByType<T>() or FindObjectsByType<T>(FindObjectsInactive) instead. InstanceID will be replaced in the future with EntityId and previous sort order cannot be maintained.'

Assets\_Game\Scripts\Editor\PendingTasks.cs(866,59): warning CS0618: 'FindObjectsSortMode' is obsolete: 'FindObjectsSortMode has been deprecated. Use the FindObjectsByType overloads that do not take a FindObjectsSortMode parameter.'

Assets\_Game\Scripts\Editor\PendingTasks.cs(865,39): warning CS0618: 'Object.FindObjectsByType<T>(FindObjectsInactive, FindObjectsSortMode)' is obsolete: 'FindObjectsByType with FindObjectsSortMode parameter has been deprecated. Use FindObjectsByType<T>() or FindObjectsByType<T>(FindObjectsInactive) instead. InstanceID will be replaced in the future with EntityId and previous sort order cannot be maintained.'

Assets\_Game\Scripts\Editor\PendingTasks.cs(918,59): warning CS0618: 'FindObjectsSortMode' is obsolete: 'FindObjectsSortMode has been deprecated. Use the FindObjectsByType overloads that do not take a FindObjectsSortMode parameter.'

Assets\_Game\Scripts\Editor\PendingTasks.cs(917,39): warning CS0618: 'Object.FindObjectsByType<T>(FindObjectsInactive, FindObjectsSortMode)' is obsolete: 'FindObjectsByType with FindObjectsSortMode parameter has been deprecated. Use FindObjectsByType<T>() or FindObjectsByType<T>(FindObjectsInactive) instead. InstanceID will be replaced in the future with EntityId and previous sort order cannot be maintained.'

Assets\_Game\Scripts\Editor\PendingTasks.cs(926,59): warning CS0618: 'FindObjectsSortMode' is obsolete: 'FindObjectsSortMode has been deprecated. Use the FindObjectsByType overloads that do not take a FindObjectsSortMode parameter.'

Assets\_Game\Scripts\Editor\PendingTasks.cs(925,40): warning CS0618: 'Object.FindObjectsByType<T>(FindObjectsInactive, FindObjectsSortMode)' is obsolete: 'FindObjectsByType with FindObjectsSortMode parameter has been deprecated. Use FindObjectsByType<T>() or FindObjectsByType<T>(FindObjectsInactive) instead. InstanceID will be replaced in the future with EntityId and previous sort order cannot be maintained.'

Assets\_Game\Scripts\Editor\PendingTasks.cs(998,75): warning CS0618: 'FindObjectsSortMode' is obsolete: 'FindObjectsSortMode has been deprecated. Use the FindObjectsByType overloads that do not take a FindObjectsSortMode parameter.'

Assets\_Game\Scripts\Editor\PendingTasks.cs(997,53): warning CS0618: 'Object.FindObjectsByType<T>(FindObjectsInactive, FindObjectsSortMode)' is obsolete: 'FindObjectsByType with FindObjectsSortMode parameter has been deprecated. Use FindObjectsByType<T>() or FindObjectsByType<T>(FindObjectsInactive) instead. InstanceID will be replaced in the future with EntityId and previous sort order cannot be maintained.'

Assets\_Game\Scripts\Editor\PendingTasks.cs(1014,58): warning CS0618: 'FindObjectsSortMode' is obsolete: 'FindObjectsSortMode has been deprecated. Use the FindObjectsByType overloads that do not take a FindObjectsSortMode parameter.'

Assets\_Game\Scripts\Editor\PendingTasks.cs(1013,33): warning CS0618: 'Object.FindObjectsByType<T>(FindObjectsInactive, FindObjectsSortMode)' is obsolete: 'FindObjectsByType with FindObjectsSortMode parameter has been deprecated. Use FindObjectsByType<T>() or FindObjectsByType<T>(FindObjectsInactive) instead. InstanceID will be replaced in the future with EntityId and previous sort order cannot be maintained.'

Assets\_Game\Scripts\Editor\PendingTasks.cs(1406,67): warning CS0618: 'FindObjectsSortMode' is obsolete: 'FindObjectsSortMode has been deprecated. Use the FindObjectsByType overloads that do not take a FindObjectsSortMode parameter.'

Assets\_Game\Scripts\Editor\PendingTasks.cs(1405,49): warning CS0618: 'Object.FindObjectsByType<T>(FindObjectsInactive, FindObjectsSortMode)' is obsolete: 'FindObjectsByType with FindObjectsSortMode parameter has been deprecated. Use FindObjectsByType<T>() or FindObjectsByType<T>(FindObjectsInactive) instead. InstanceID will be replaced in the future with EntityId and previous sort order cannot be maintained.'

Assets\_Game\Scripts\Editor\PendingTasks.cs(1505,67): warning CS0618: 'FindObjectsSortMode' is obsolete: 'FindObjectsSortMode has been deprecated. Use the FindObjectsByType overloads that do not take a FindObjectsSortMode parameter.'

Assets\_Game\Scripts\Editor\PendingTasks.cs(1504,43): warning CS0618: 'Object.FindObjectsByType<T>(FindObjectsInactive, FindObjectsSortMode)' is obsolete: 'FindObjectsByType with FindObjectsSortMode parameter has been deprecated. Use FindObjectsByType<T>() or FindObjectsByType<T>(FindObjectsInactive) instead. InstanceID will be replaced in the future with EntityId and previous sort order cannot be maintained.'

Assets\_Game\Scripts\Editor\PendingTasks.cs(1574,67): warning CS0618: 'FindObjectsSortMode' is obsolete: 'FindObjectsSortMode has been deprecated. Use the FindObjectsByType overloads that do not take a FindObjectsSortMode parameter.'

Assets\_Game\Scripts\Editor\PendingTasks.cs(1573,43): warning CS0618: 'Object.FindObjectsByType<T>(FindObjectsInactive, FindObjectsSortMode)' is obsolete: 'FindObjectsByType with FindObjectsSortMode parameter has been deprecated. Use FindObjectsByType<T>() or FindObjectsByType<T>(FindObjectsInactive) instead. InstanceID will be replaced in the future with EntityId and previous sort order cannot be maintained.'

Assets\_Game\Scripts\Editor\PendingTasks.cs(1609,67): warning CS0618: 'FindObjectsSortMode' is obsolete: 'FindObjectsSortMode has been deprecated. Use the FindObjectsByType overloads that do not take a FindObjectsSortMode parameter.'

Assets\_Game\Scripts\Editor\PendingTasks.cs(1608,43): warning CS0618: 'Object.FindObjectsByType<T>(FindObjectsInactive, FindObjectsSortMode)' is obsolete: 'FindObjectsByType with FindObjectsSortMode parameter has been deprecated. Use FindObjectsByType<T>() or FindObjectsByType<T>(FindObjectsInactive) instead. InstanceID will be replaced in the future with EntityId and previous sort order cannot be maintained.'

Assets\_Game\Scripts\Editor\PendingTasks.cs(1893,63): warning CS0618: 'FindObjectsSortMode' is obsolete: 'FindObjectsSortMode has been deprecated. Use the FindObjectsByType overloads that do not take a FindObjectsSortMode parameter.'

Assets\_Game\Scripts\Editor\PendingTasks.cs(1892,40): warning CS0618: 'Object.FindObjectsByType<T>(FindObjectsInactive, FindObjectsSortMode)' is obsolete: 'FindObjectsByType with FindObjectsSortMode parameter has been deprecated. Use FindObjectsByType<T>() or FindObjectsByType<T>(FindObjectsInactive) instead. InstanceID will be replaced in the future with EntityId and previous sort order cannot be maintained.'

Assets\_Game\Scripts\Editor\PendingTasks.cs(1945,54): warning CS0618: 'FindObjectsSortMode' is obsolete: 'FindObjectsSortMode has been deprecated. Use the FindObjectsByType overloads that do not take a FindObjectsSortMode parameter.'

Assets\_Game\Scripts\Editor\PendingTasks.cs(1944,35): warning CS0618: 'Object.FindObjectsByType<T>(FindObjectsInactive, FindObjectsSortMode)' is obsolete: 'FindObjectsByType with FindObjectsSortMode parameter has been deprecated. Use FindObjectsByType<T>() or FindObjectsByType<T>(FindObjectsInactive) instead. InstanceID will be replaced in the future with EntityId and previous sort order cannot be maintained.'

Assets\_Game\Scripts\Editor\PendingTasks.cs(2303,59): warning CS0618: 'FindObjectsSortMode' is obsolete: 'FindObjectsSortMode has been deprecated. Use the FindObjectsByType overloads that do not take a FindObjectsSortMode parameter.'

Assets\_Game\Scripts\Editor\PendingTasks.cs(2302,40): warning CS0618: 'Object.FindObjectsByType<T>(FindObjectsInactive, FindObjectsSortMode)' is obsolete: 'FindObjectsByType with FindObjectsSortMode parameter has been deprecated. Use FindObjectsByType<T>() or FindObjectsByType<T>(FindObjectsInactive) instead. InstanceID will be replaced in the future with EntityId and previous sort order cannot be maintained.'

Assets\_Game\Scripts\Editor\PendingTasks.cs(2346,63): warning CS0618: 'FindObjectsSortMode' is obsolete: 'FindObjectsSortMode has been deprecated. Use the FindObjectsByType overloads that do not take a FindObjectsSortMode parameter.'

Assets\_Game\Scripts\Editor\PendingTasks.cs(2345,39): warning CS0618: 'Object.FindObjectsByType<T>(FindObjectsInactive, FindObjectsSortMode)' is obsolete: 'FindObjectsByType with FindObjectsSortMode parameter has been deprecated. Use FindObjectsByType<T>() or FindObjectsByType<T>(FindObjectsInactive) instead. InstanceID will be replaced in the future with EntityId and previous sort order cannot be maintained.'

Assets\_Game\Scripts\Editor\PendingTasks.cs(2456,63): warning CS0618: 'FindObjectsSortMode' is obsolete: 'FindObjectsSortMode has been deprecated. Use the FindObjectsByType overloads that do not take a FindObjectsSortMode parameter.'

Assets\_Game\Scripts\Editor\PendingTasks.cs(2455,39): warning CS0618: 'Object.FindObjectsByType<T>(FindObjectsInactive, FindObjectsSortMode)' is obsolete: 'FindObjectsByType with FindObjectsSortMode parameter has been deprecated. Use FindObjectsByType<T>() or FindObjectsByType<T>(FindObjectsInactive) instead. InstanceID will be replaced in the future with EntityId and previous sort order cannot be maintained.'

Assets\_Game\Scripts\Editor\PendingTasks.cs(2498,67): warning CS0618: 'FindObjectsSortMode' is obsolete: 'FindObjectsSortMode has been deprecated. Use the FindObjectsByType overloads that do not take a FindObjectsSortMode parameter.'

Assets\_Game\Scripts\Editor\PendingTasks.cs(2496,40): warning CS0618: 'Object.FindObjectsByType<T>(FindObjectsInactive, FindObjectsSortMode)' is obsolete: 'FindObjectsByType with FindObjectsSortMode parameter has been deprecated. Use FindObjectsByType<T>() or FindObjectsByType<T>(FindObjectsInactive) instead. InstanceID will be replaced in the future with EntityId and previous sort order cannot be maintained.'

Assets\_Game\Scripts\Editor\PendingTasks.cs(2543,64): warning CS0618: 'FindObjectsSortMode' is obsolete: 'FindObjectsSortMode has been deprecated. Use the FindObjectsByType overloads that do not take a FindObjectsSortMode parameter.'

Assets\_Game\Scripts\Editor\PendingTasks.cs(2542,31): warning CS0618: 'Object.FindObjectsByType<T>(FindObjectsInactive, FindObjectsSortMode)' is obsolete: 'FindObjectsByType with FindObjectsSortMode parameter has been deprecated. Use FindObjectsByType<T>() or FindObjectsByType<T>(FindObjectsInactive) instead. InstanceID will be replaced in the future with EntityId and previous sort order cannot be maintained.'

Assets\_Game\Scripts\Editor\PendingTasks.cs(2628,63): warning CS0618: 'FindObjectsSortMode' is obsolete: 'FindObjectsSortMode has been deprecated. Use the FindObjectsByType overloads that do not take a FindObjectsSortMode parameter.'

Assets\_Game\Scripts\Editor\PendingTasks.cs(2627,39): warning CS0618: 'Object.FindObjectsByType<T>(FindObjectsInactive, FindObjectsSortMode)' is obsolete: 'FindObjectsByType with FindObjectsSortMode parameter has been deprecated. Use FindObjectsByType<T>() or FindObjectsByType<T>(FindObjectsInactive) instead. InstanceID will be replaced in the future with EntityId and previous sort order cannot be maintained.'

Assets\_Game\Scripts\Editor\PendingTasks.cs(2689,63): warning CS0618: 'FindObjectsSortMode' is obsolete: 'FindObjectsSortMode has been deprecated. Use the FindObjectsByType overloads that do not take a FindObjectsSortMode parameter.'

Assets\_Game\Scripts\Editor\PendingTasks.cs(2688,39): warning CS0618: 'Object.FindObjectsByType<T>(FindObjectsInactive, FindObjectsSortMode)' is obsolete: 'FindObjectsByType with FindObjectsSortMode parameter has been deprecated. Use FindObjectsByType<T>() or FindObjectsByType<T>(FindObjectsInactive) instead. InstanceID will be replaced in the future with EntityId and previous sort order cannot be maintained.'

Assets\_Game\Scripts\Editor\PendingTasks.cs(2778,63): warning CS0618: 'FindObjectsSortMode' is obsolete: 'FindObjectsSortMode has been deprecated. Use the FindObjectsByType overloads that do not take a FindObjectsSortMode parameter.'

Assets\_Game\Scripts\Editor\PendingTasks.cs(2777,39): warning CS0618: 'Object.FindObjectsByType<T>(FindObjectsInactive, FindObjectsSortMode)' is obsolete: 'FindObjectsByType with FindObjectsSortMode parameter has been deprecated. Use FindObjectsByType<T>() or FindObjectsByType<T>(FindObjectsInactive) instead. InstanceID will be replaced in the future with EntityId and previous sort order cannot be maintained.'

Assets\_Game\Scripts\Editor\PendingTasks.cs(2804,69): warning CS0618: 'FindObjectsSortMode' is obsolete: 'FindObjectsSortMode has been deprecated. Use the FindObjectsByType overloads that do not take a FindObjectsSortMode parameter.'

Assets\_Game\Scripts\Editor\PendingTasks.cs(2803,36): warning CS0618: 'Object.FindObjectsByType<T>(FindObjectsInactive, FindObjectsSortMode)' is obsolete: 'FindObjectsByType with FindObjectsSortMode parameter has been deprecated. Use FindObjectsByType<T>() or FindObjectsByType<T>(FindObjectsInactive) instead. InstanceID will be replaced in the future with EntityId and previous sort order cannot be maintained.'

Assets\_Game\Scripts\Editor\PendingTasks.cs(2974,63): warning CS0618: 'FindObjectsSortMode' is obsolete: 'FindObjectsSortMode has been deprecated. Use the FindObjectsByType overloads that do not take a FindObjectsSortMode parameter.'

Assets\_Game\Scripts\Editor\PendingTasks.cs(2973,39): warning CS0618: 'Object.FindObjectsByType<T>(FindObjectsInactive, FindObjectsSortMode)' is obsolete: 'FindObjectsByType with FindObjectsSortMode parameter has been deprecated. Use FindObjectsByType<T>() or FindObjectsByType<T>(FindObjectsInactive) instead. InstanceID will be replaced in the future with EntityId and previous sort order cannot be maintained.'

Assets\_Game\Scripts\Editor\PendingTasks.cs(3017,54): warning CS0618: 'FindObjectsSortMode' is obsolete: 'FindObjectsSortMode has been deprecated. Use the FindObjectsByType overloads that do not take a FindObjectsSortMode parameter.'

Assets\_Game\Scripts\Editor\PendingTasks.cs(3016,37): warning CS0618: 'Object.FindObjectsByType<T>(FindObjectsInactive, FindObjectsSortMode)' is obsolete: 'FindObjectsByType with FindObjectsSortMode parameter has been deprecated. Use FindObjectsByType<T>() or FindObjectsByType<T>(FindObjectsInactive) instead. InstanceID will be replaced in the future with EntityId and previous sort order cannot be maintained.'

Assets\_Game\Scripts\Editor\PendingTasks.cs(3025,71): warning CS0618: 'FindObjectsSortMode' is obsolete: 'FindObjectsSortMode has been deprecated. Use the FindObjectsByType overloads that do not take a FindObjectsSortMode parameter.'

Assets\_Game\Scripts\Editor\PendingTasks.cs(3023,47): warning CS0618: 'Object.FindObjectsByType<T>(FindObjectsInactive, FindObjectsSortMode)' is obsolete: 'FindObjectsByType with FindObjectsSortMode parameter has been deprecated. Use FindObjectsByType<T>() or FindObjectsByType<T>(FindObjectsInactive) instead. InstanceID will be replaced in the future with EntityId and previous sort order cannot be maintained.'

Assets\_Game\Scripts\Editor\PendingTasks.cs(3081,67): warning CS0618: 'FindObjectsSortMode' is obsolete: 'FindObjectsSortMode has been deprecated. Use the FindObjectsByType overloads that do not take a FindObjectsSortMode parameter.'

Assets\_Game\Scripts\Editor\PendingTasks.cs(3079,42): warning CS0618: 'Object.FindObjectsByType<T>(FindObjectsInactive, FindObjectsSortMode)' is obsolete: 'FindObjectsByType with FindObjectsSortMode parameter has been deprecated. Use FindObjectsByType<T>() or FindObjectsByType<T>(FindObjectsInactive) instead. InstanceID will be replaced in the future with EntityId and previous sort order cannot be maintained.'

Assets\_Game\Scripts\Editor\PendingTasks.cs(3168,54): warning CS0618: 'FindObjectsSortMode' is obsolete: 'FindObjectsSortMode has been deprecated. Use the FindObjectsByType overloads that do not take a FindObjectsSortMode parameter.'

Assets\_Game\Scripts\Editor\PendingTasks.cs(3167,35): warning CS0618: 'Object.FindObjectsByType<T>(FindObjectsInactive, FindObjectsSortMode)' is obsolete: 'FindObjectsByType with FindObjectsSortMode parameter has been deprecated. Use FindObjectsByType<T>() or FindObjectsByType<T>(FindObjectsInactive) instead. InstanceID will be replaced in the future with EntityId and previous sort order cannot be maintained.'

Assets\_Game\Scripts\Editor\PendingTasks.cs(3299,54): warning CS0618: 'FindObjectsSortMode' is obsolete: 'FindObjectsSortMode has been deprecated. Use the FindObjectsByType overloads that do not take a FindObjectsSortMode parameter.'

Assets\_Game\Scripts\Editor\PendingTasks.cs(3298,32): warning CS0618: 'Object.FindObjectsByType<T>(FindObjectsInactive, FindObjectsSortMode)' is obsolete: 'FindObjectsByType with FindObjectsSortMode parameter has been deprecated. Use FindObjectsByType<T>() or FindObjectsByType<T>(FindObjectsInactive) instead. InstanceID will be replaced in the future with EntityId and previous sort order cannot be maintained.'

Assets\_Game\Scripts\Editor\PendingTasks.cs(3413,54): warning CS0618: 'FindObjectsSortMode' is obsolete: 'FindObjectsSortMode has been deprecated. Use the FindObjectsByType overloads that do not take a FindObjectsSortMode parameter.'

Assets\_Game\Scripts\Editor\PendingTasks.cs(3412,35): warning CS0618: 'Object.FindObjectsByType<T>(FindObjectsInactive, FindObjectsSortMode)' is obsolete: 'FindObjectsByType with FindObjectsSortMode parameter has been deprecated. Use FindObjectsByType<T>() or FindObjectsByType<T>(FindObjectsInactive) instead. InstanceID will be replaced in the future with EntityId and previous sort order cannot be maintained.'

Assets\_Game\Scripts\Editor\PendingTasks.cs(3494,59): warning CS0618: 'FindObjectsSortMode' is obsolete: 'FindObjectsSortMode has been deprecated. Use the FindObjectsByType overloads that do not take a FindObjectsSortMode parameter.'

Assets\_Game\Scripts\Editor\PendingTasks.cs(3493,40): warning CS0618: 'Object.FindObjectsByType<T>(FindObjectsInactive, FindObjectsSortMode)' is obsolete: 'FindObjectsByType with FindObjectsSortMode parameter has been deprecated. Use FindObjectsByType<T>() or FindObjectsByType<T>(FindObjectsInactive) instead. InstanceID will be replaced in the future with EntityId and previous sort order cannot be maintained.'
[1063/1069  0s] ILPostProcess Library/Bee/artifacts/1900b0aE.dag/post-processed/Assembly-CSharp-Editor.dll (+pdb)
Processing assembly Library/Bee/artifacts/1900b0aE.dag/Assembly-CSharp-Editor.dll, with 144 defines and 373 references

processors: Unity.Jobs.CodeGen.JobsILPostProcessor, zzzUnity.Burst.CodeGen.BurstILPostProcessor

running Unity.Jobs.CodeGen.JobsILPostProcessor

running zzzUnity.Burst.CodeGen.BurstILPostProcessor
[1064/1069  0s] CopyFiles Library/ScriptAssemblies/Assembly-CSharp-Editor.pdb
[1065/1069  0s] CopyFiles Library/ScriptAssemblies/Assembly-CSharp-Editor.dll
[1066/1069  1s] ILPostProcess Library/Bee/artifacts/1900b0aE.dag/post-processed/Assembly-CSharp.dll (+pdb)
Processing assembly Library/Bee/artifacts/1900b0aE.dag/Assembly-CSharp.dll, with 146 defines and 350 references

processors: Unity.Jobs.CodeGen.JobsILPostProcessor, zzzUnity.Burst.CodeGen.BurstILPostProcessor

running Unity.Jobs.CodeGen.JobsILPostProcessor

running zzzUnity.Burst.CodeGen.BurstILPostProcessor
[1067/1069  0s] CopyFiles Library/ScriptAssemblies/Assembly-CSharp.pdb
[1068/1069  0s] CopyFiles Library/ScriptAssemblies/Assembly-CSharp.dll
*** Tundra build success (3.87 seconds), 10 items updated, 1069 evaluated
Assets\_Game\Scripts\Runtime\World\TerrainConform.cs(54,50): warning CS0618: 'FindObjectsSortMode' is obsolete: 'FindObjectsSortMode has been deprecated. Use the FindObjectsByType overloads that do not take a FindObjectsSortMode parameter.'
Assets\_Game\Scripts\Runtime\World\TerrainConform.cs(53,27): warning CS0618: 'Object.FindObjectsByType<T>(FindObjectsInactive, FindObjectsSortMode)' is obsolete: 'FindObjectsByType with FindObjectsSortMode parameter has been deprecated. Use FindObjectsByType<T>() or FindObjectsByType<T>(FindObjectsInactive) instead. InstanceID will be replaced in the future with EntityId and previous sort order cannot be maintained.'
Assets\_Game\Scripts\Runtime\World\NpcTurnToHero.cs(26,13): warning CS0162: Unreachable code detected
Assets\_Game\Scripts\Runtime\World\NavAgentRescue.cs(53,46): warning CS0618: 'FindObjectsSortMode' is obsolete: 'FindObjectsSortMode has been deprecated. Use the FindObjectsByType overloads that do not take a FindObjectsSortMode parameter.'
Assets\_Game\Scripts\Runtime\World\NavAgentRescue.cs(52,26): warning CS0618: 'Object.FindObjectsByType<T>(FindObjectsInactive, FindObjectsSortMode)' is obsolete: 'FindObjectsByType with FindObjectsSortMode parameter has been deprecated. Use FindObjectsByType<T>() or FindObjectsByType<T>(FindObjectsInactive) instead. InstanceID will be replaced in the future with EntityId and previous sort order cannot be maintained.'
Assets\_Game\Scripts\Runtime\Items\ChestMarker.cs(55,29): warning CS0618: 'Object.FindFirstObjectByType<T>()' is obsolete: 'FindFirstObjectByType has been deprecated because it relies on instance ID ordering. Use FindAnyObjectByType instead, which does not depend on ordering.'
Assets\_Game\Scripts\Runtime\Cameras\Underwater.cs(99,49): warning CS0618: 'FindObjectsSortMode' is obsolete: 'FindObjectsSortMode has been deprecated. Use the FindObjectsByType overloads that do not take a FindObjectsSortMode parameter.'
Assets\_Game\Scripts\Runtime\Cameras\Underwater.cs(98,21): warning CS0618: 'Object.FindObjectsByType<T>(FindObjectsInactive, FindObjectsSortMode)' is obsolete: 'FindObjectsByType with FindObjectsSortMode parameter has been deprecated. Use FindObjectsByType<T>() or FindObjectsByType<T>(FindObjectsInactive) instead. InstanceID will be replaced in the future with EntityId and previous sort order cannot be maintained.'
Assets\_Game\Scripts\Runtime\Dev\ShowcaseJumper.cs(89,65): warning CS0618: 'FindObjectsSortMode' is obsolete: 'FindObjectsSortMode has been deprecated. Use the FindObjectsByType overloads that do not take a FindObjectsSortMode parameter.'
Assets\_Game\Scripts\Runtime\Dev\ShowcaseJumper.cs(89,26): warning CS0618: 'Object.FindObjectsByType<T>(FindObjectsSortMode)' is obsolete: 'FindObjectsByType with FindObjectsSortMode parameter has been deprecated. Use FindObjectsByType<T>() or FindObjectsByType<T>(FindObjectsInactive) instead. InstanceID will be replaced in the future with EntityId and previous sort order cannot be maintained.'
Assets\_Game\Scripts\Runtime\Dev\ShowcaseJumper.cs(119,30): warning CS0618: 'Object.FindFirstObjectByType<T>()' is obsolete: 'FindFirstObjectByType has been deprecated because it relies on instance ID ordering. Use FindAnyObjectByType instead, which does not depend on ordering.'
Assets\_Game\Scripts\Runtime\Player\PlayerMotor.cs(69,55): warning CS0618: 'FindObjectsSortMode' is obsolete: 'FindObjectsSortMode has been deprecated. Use the FindObjectsByType overloads that do not take a FindObjectsSortMode parameter.'
Assets\_Game\Scripts\Runtime\Player\PlayerMotor.cs(68,38): warning CS0618: 'Object.FindObjectsByType<T>(FindObjectsInactive, FindObjectsSortMode)' is obsolete: 'FindObjectsByType with FindObjectsSortMode parameter has been deprecated. Use FindObjectsByType<T>() or FindObjectsByType<T>(FindObjectsInactive) instead. InstanceID will be replaced in the future with EntityId and previous sort order cannot be maintained.'
Assets\_Game\Scripts\Runtime\Dev\ShowcaseJumper.cs(197,26): warning CS0618: 'Object.FindFirstObjectByType<T>()' is obsolete: 'FindFirstObjectByType has been deprecated because it relies on instance ID ordering. Use FindAnyObjectByType instead, which does not depend on ordering.'
Assets\Synty\InterfaceFantasyMenus\Samples\Scripts\SampleOscillateSliders.cs(36,78): warning CS0618: 'FindObjectsSortMode' is obsolete: 'FindObjectsSortMode has been deprecated. Use the FindObjectsByType overloads that do not take a FindObjectsSortMode parameter.'
Assets\Synty\InterfaceFantasyMenus\Samples\Scripts\SampleOscillateSliders.cs(36,23): warning CS0618: 'Object.FindObjectsByType<T>(FindObjectsInactive, FindObjectsSortMode)' is obsolete: 'FindObjectsByType with FindObjectsSortMode parameter has been deprecated. Use FindObjectsByType<T>() or FindObjectsByType<T>(FindObjectsInactive) instead. InstanceID will be replaced in the future with EntityId and previous sort order cannot be maintained.'
Assets\_Game\Scripts\Runtime\Combat\CombatHud.cs(392,19): warning CS0219: The variable 'barsWidth' is assigned but its value is never used
Assets\_Game\Scripts\Runtime\Quests\QuestGiver.cs(90,53): warning CS0162: Unreachable code detected
Assets\_Game\Scripts\Runtime\Quests\DialogueWindow.cs(424,36): warning CS0618: 'Object.FindFirstObjectByType<T>()' is obsolete: 'FindFirstObjectByType has been deprecated because it relies on instance ID ordering. Use FindAnyObjectByType instead, which does not depend on ordering.'
Assets\_Game\Scripts\Runtime\Items\FacePlayer.cs(63,29): warning CS0618: 'Object.FindFirstObjectByType<T>()' is obsolete: 'FindFirstObjectByType has been deprecated because it relies on instance ID ordering. Use FindAnyObjectByType instead, which does not depend on ordering.'
Assets\_Game\Scripts\Runtime\Items\FacePlayer.cs(53,13): warning CS0162: Unreachable code detected
Assets\_Game\Scripts\Runtime\UI\Minimap.cs(311,59): warning CS0618: 'FindObjectsSortMode' is obsolete: 'FindObjectsSortMode has been deprecated. Use the FindObjectsByType overloads that do not take a FindObjectsSortMode parameter.'
Assets\_Game\Scripts\Runtime\UI\Minimap.cs(311,29): warning CS0618: 'Object.FindObjectsByType<T>(FindObjectsSortMode)' is obsolete: 'FindObjectsByType with FindObjectsSortMode parameter has been deprecated. Use FindObjectsByType<T>() or FindObjectsByType<T>(FindObjectsInactive) instead. InstanceID will be replaced in the future with EntityId and previous sort order cannot be maintained.'
Assets\_Game\Scripts\Runtime\UI\Minimap.cs(314,56): warning CS0618: 'FindObjectsSortMode' is obsolete: 'FindObjectsSortMode has been deprecated. Use the FindObjectsByType overloads that do not take a FindObjectsSortMode parameter.'
Assets\_Game\Scripts\Runtime\UI\Minimap.cs(314,28): warning CS0618: 'Object.FindObjectsByType<T>(FindObjectsSortMode)' is obsolete: 'FindObjectsByType with FindObjectsSortMode parameter has been deprecated. Use FindObjectsByType<T>() or FindObjectsByType<T>(FindObjectsInactive) instead. InstanceID will be replaced in the future with EntityId and previous sort order cannot be maintained.'
Assets\GSpawn - Level Designer\Scripts\Core\Extensions\GameObjectEx.cs(130,20): warning CS0618: 'Object.FindFirstObjectByType<T>()' is obsolete: 'FindFirstObjectByType has been deprecated because it relies on instance ID ordering. Use FindAnyObjectByType instead, which does not depend on ordering.'
Assets\GSpawn - Level Designer\Scripts\Core\Extensions\GameObjectEx.cs(139,52): warning CS0618: 'FindObjectsSortMode' is obsolete: 'FindObjectsSortMode has been deprecated. Use the FindObjectsByType overloads that do not take a FindObjectsSortMode parameter.'
Assets\GSpawn - Level Designer\Scripts\Core\Extensions\GameObjectEx.cs(139,20): warning CS0618: 'Object.FindObjectsByType<T>(FindObjectsSortMode)' is obsolete: 'FindObjectsByType with FindObjectsSortMode parameter has been deprecated. Use FindObjectsByType<T>() or FindObjectsByType<T>(FindObjectsInactive) instead. InstanceID will be replaced in the future with EntityId and previous sort order cannot be maintained.'
Assets\GSpawn - Level Designer\Scripts\Core\Extensions\GameObjectEx.cs(148,129): warning CS0618: 'FindObjectsSortMode' is obsolete: 'FindObjectsSortMode has been deprecated. Use the FindObjectsByType overloads that do not take a FindObjectsSortMode parameter.'
Assets\GSpawn - Level Designer\Scripts\Core\Extensions\GameObjectEx.cs(148,20): warning CS0618: 'Object.FindObjectsByType<T>(FindObjectsInactive, FindObjectsSortMode)' is obsolete: 'FindObjectsByType with FindObjectsSortMode parameter has been deprecated. Use FindObjectsByType<T>() or FindObjectsByType<T>(FindObjectsInactive) instead. InstanceID will be replaced in the future with EntityId and previous sort order cannot be maintained.'
Assets\ExplosiveLLC\SuperCharacterController\Code\Examples\PlayerInputController.cs(9,25): warning UAC1001: Field 'Current' type 'PlayerInputData' is skipped by serialization (missing the [Serializable] attribute). Refer to the Serialization rules analyzer reference. (https://docs.unity3d.com/6000.5/Documentation/Manual/script-serialization-analyzer.html#uac1001)
Assets\ExplosiveLLC\SuperCharacterController\Code\Examples\SimpleStateMachine.cs(36,15): warning UAC1001: Field 'state' type 'SimpleStateMachine.State' is skipped by serialization (missing the [Serializable] attribute). Refer to the Serialization rules analyzer reference. (https://docs.unity3d.com/6000.5/Documentation/Manual/script-serialization-analyzer.html#uac1001)
Assets\ExplosiveLLC\SuperCharacterController\Code\Examples\SimpleStateMachine.cs(52,14): warning UAC1001: Field 'lastState' type 'System.Enum' is skipped by serialization (missing the [Serializable] attribute). Refer to the Serialization rules analyzer reference. (https://docs.unity3d.com/6000.5/Documentation/Manual/script-serialization-analyzer.html#uac1001)
Assets\ExplosiveLLC\SuperCharacterController\Code\Core\SuperStateMachine.cs(21,15): warning UAC1001: Field 'state' type 'SuperStateMachine.State' is skipped by serialization (missing the [Serializable] attribute). Refer to the Serialization rules analyzer reference. (https://docs.unity3d.com/6000.5/Documentation/Manual/script-serialization-analyzer.html#uac1001)
Assets\ExplosiveLLC\SuperCharacterController\Code\Core\SuperStateMachine.cs(36,14): warning UAC1001: Field 'lastState' type 'System.Enum' is skipped by serialization (missing the [Serializable] attribute). Refer to the Serialization rules analyzer reference. (https://docs.unity3d.com/6000.5/Documentation/Manual/script-serialization-analyzer.html#uac1001)
Assets\_Game\Scripts\Editor\AvatarFix.cs(58,55): warning CS0618: 'FindObjectsSortMode' is obsolete: 'FindObjectsSortMode has been deprecated. Use the FindObjectsByType overloads that do not take a FindObjectsSortMode parameter.'
Assets\_Game\Scripts\Editor\AvatarFix.cs(57,38): warning CS0618: 'Object.FindObjectsByType<T>(FindObjectsInactive, FindObjectsSortMode)' is obsolete: 'FindObjectsByType with FindObjectsSortMode parameter has been deprecated. Use FindObjectsByType<T>() or FindObjectsByType<T>(FindObjectsInactive) instead. InstanceID will be replaced in the future with EntityId and previous sort order cannot be maintained.'
Assets\_Game\Scripts\Editor\AuthorRepair.cs(68,55): warning CS0618: 'FindObjectsSortMode' is obsolete: 'FindObjectsSortMode has been deprecated. Use the FindObjectsByType overloads that do not take a FindObjectsSortMode parameter.'
Assets\_Game\Scripts\Editor\AuthorRepair.cs(67,31): warning CS0618: 'Object.FindObjectsByType<T>(FindObjectsInactive, FindObjectsSortMode)' is obsolete: 'FindObjectsByType with FindObjectsSortMode parameter has been deprecated. Use FindObjectsByType<T>() or FindObjectsByType<T>(FindObjectsInactive) instead. InstanceID will be replaced in the future with EntityId and previous sort order cannot be maintained.'
Assets\_Game\Scripts\Editor\AuthorLight.cs(49,56): warning CS0618: 'FindObjectsSortMode' is obsolete: 'FindObjectsSortMode has been deprecated. Use the FindObjectsByType overloads that do not take a FindObjectsSortMode parameter.'
Assets\_Game\Scripts\Editor\AuthorLight.cs(48,23): warning CS0618: 'Object.FindObjectsByType<T>(FindObjectsInactive, FindObjectsSortMode)' is obsolete: 'FindObjectsByType with FindObjectsSortMode parameter has been deprecated. Use FindObjectsByType<T>() or FindObjectsByType<T>(FindObjectsInactive) instead. InstanceID will be replaced in the future with EntityId and previous sort order cannot be maintained.'
Assets\_Game\Scripts\Editor\AuthorLight.cs(98,55): warning CS0618: 'FindObjectsSortMode' is obsolete: 'FindObjectsSortMode has been deprecated. Use the FindObjectsByType overloads that do not take a FindObjectsSortMode parameter.'
Assets\_Game\Scripts\Editor\AuthorLight.cs(97,31): warning CS0618: 'Object.FindObjectsByType<T>(FindObjectsInactive, FindObjectsSortMode)' is obsolete: 'FindObjectsByType with FindObjectsSortMode parameter has been deprecated. Use FindObjectsByType<T>() or FindObjectsByType<T>(FindObjectsInactive) instead. InstanceID will be replaced in the future with EntityId and previous sort order cannot be maintained.'
Assets\_Game\Scripts\Editor\AuthorMats.cs(28,55): warning CS0618: 'FindObjectsSortMode' is obsolete: 'FindObjectsSortMode has been deprecated. Use the FindObjectsByType overloads that do not take a FindObjectsSortMode parameter.'
Assets\_Game\Scripts\Editor\AuthorMats.cs(27,31): warning CS0618: 'Object.FindObjectsByType<T>(FindObjectsInactive, FindObjectsSortMode)' is obsolete: 'FindObjectsByType with FindObjectsSortMode parameter has been deprecated. Use FindObjectsByType<T>() or FindObjectsByType<T>(FindObjectsInactive) instead. InstanceID will be replaced in the future with EntityId and previous sort order cannot be maintained.'
Assets\_Game\Scripts\Editor\AuthorMats.cs(65,55): warning CS0618: 'FindObjectsSortMode' is obsolete: 'FindObjectsSortMode has been deprecated. Use the FindObjectsByType overloads that do not take a FindObjectsSortMode parameter.'
Assets\_Game\Scripts\Editor\AuthorMats.cs(64,31): warning CS0618: 'Object.FindObjectsByType<T>(FindObjectsInactive, FindObjectsSortMode)' is obsolete: 'FindObjectsByType with FindObjectsSortMode parameter has been deprecated. Use FindObjectsByType<T>() or FindObjectsByType<T>(FindObjectsInactive) instead. InstanceID will be replaced in the future with EntityId and previous sort order cannot be maintained.'
Assets\_Game\Scripts\Editor\AuthorMats.cs(92,55): warning CS0618: 'FindObjectsSortMode' is obsolete: 'FindObjectsSortMode has been deprecated. Use the FindObjectsByType overloads that do not take a FindObjectsSortMode parameter.'
Assets\_Game\Scripts\Editor\AuthorMats.cs(91,31): warning CS0618: 'Object.FindObjectsByType<T>(FindObjectsInactive, FindObjectsSortMode)' is obsolete: 'FindObjectsByType with FindObjectsSortMode parameter has been deprecated. Use FindObjectsByType<T>() or FindObjectsByType<T>(FindObjectsInactive) instead. InstanceID will be replaced in the future with EntityId and previous sort order cannot be maintained.'
Assets\_Game\Scripts\Editor\AuthorLight.cs(157,55): warning CS0618: 'FindObjectsSortMode' is obsolete: 'FindObjectsSortMode has been deprecated. Use the FindObjectsByType overloads that do not take a FindObjectsSortMode parameter.'
Assets\_Game\Scripts\Editor\AuthorLight.cs(156,31): warning CS0618: 'Object.FindObjectsByType<T>(FindObjectsInactive, FindObjectsSortMode)' is obsolete: 'FindObjectsByType with FindObjectsSortMode parameter has been deprecated. Use FindObjectsByType<T>() or FindObjectsByType<T>(FindObjectsInactive) instead. InstanceID will be replaced in the future with EntityId and previous sort order cannot be maintained.'
Assets\_Game\Scripts\Editor\AuthorLight.cs(189,46): warning CS0618: 'FindObjectsSortMode' is obsolete: 'FindObjectsSortMode has been deprecated. Use the FindObjectsByType overloads that do not take a FindObjectsSortMode parameter.'
Assets\_Game\Scripts\Editor\AuthorLight.cs(188,27): warning CS0618: 'Object.FindObjectsByType<T>(FindObjectsInactive, FindObjectsSortMode)' is obsolete: 'FindObjectsByType with FindObjectsSortMode parameter has been deprecated. Use FindObjectsByType<T>() or FindObjectsByType<T>(FindObjectsInactive) instead. InstanceID will be replaced in the future with EntityId and previous sort order cannot be maintained.'
Assets\_Game\Scripts\Editor\CampFire.cs(42,69): warning CS0618: 'FindObjectsSortMode' is obsolete: 'FindObjectsSortMode has been deprecated. Use the FindObjectsByType overloads that do not take a FindObjectsSortMode parameter.'
Assets\_Game\Scripts\Editor\CampFire.cs(41,32): warning CS0618: 'Object.FindObjectsByType<T>(FindObjectsInactive, FindObjectsSortMode)' is obsolete: 'FindObjectsByType with FindObjectsSortMode parameter has been deprecated. Use FindObjectsByType<T>() or FindObjectsByType<T>(FindObjectsInactive) instead. InstanceID will be replaced in the future with EntityId and previous sort order cannot be maintained.'
Assets\_Game\Scripts\Editor\WolfPack.cs(129,46): warning CS0618: 'FindObjectsSortMode' is obsolete: 'FindObjectsSortMode has been deprecated. Use the FindObjectsByType overloads that do not take a FindObjectsSortMode parameter.'
Assets\_Game\Scripts\Editor\WolfPack.cs(128,27): warning CS0618: 'Object.FindObjectsByType<T>(FindObjectsInactive, FindObjectsSortMode)' is obsolete: 'FindObjectsByType with FindObjectsSortMode parameter has been deprecated. Use FindObjectsByType<T>() or FindObjectsByType<T>(FindObjectsInactive) instead. InstanceID will be replaced in the future with EntityId and previous sort order cannot be maintained.'
Assets\_Game\Scripts\Editor\BoarBossPack.cs(51,46): warning CS0618: 'FindObjectsSortMode' is obsolete: 'FindObjectsSortMode has been deprecated. Use the FindObjectsByType overloads that do not take a FindObjectsSortMode parameter.'
Assets\_Game\Scripts\Editor\BoarBossPack.cs(50,27): warning CS0618: 'Object.FindObjectsByType<T>(FindObjectsInactive, FindObjectsSortMode)' is obsolete: 'FindObjectsByType with FindObjectsSortMode parameter has been deprecated. Use FindObjectsByType<T>() or FindObjectsByType<T>(FindObjectsInactive) instead. InstanceID will be replaced in the future with EntityId and previous sort order cannot be maintained.'
Assets\_Game\Scripts\Editor\CampFire.cs(117,61): warning CS0618: 'FindObjectsSortMode' is obsolete: 'FindObjectsSortMode has been deprecated. Use the FindObjectsByType overloads that do not take a FindObjectsSortMode parameter.'
Assets\_Game\Scripts\Editor\CampFire.cs(116,27): warning CS0618: 'Object.FindObjectsByType<T>(FindObjectsInactive, FindObjectsSortMode)' is obsolete: 'FindObjectsByType with FindObjectsSortMode parameter has been deprecated. Use FindObjectsByType<T>() or FindObjectsByType<T>(FindObjectsInactive) instead. InstanceID will be replaced in the future with EntityId and previous sort order cannot be maintained.'
Assets\_Game\Scripts\Editor\CampFire.cs(149,67): warning CS0618: 'FindObjectsSortMode' is obsolete: 'FindObjectsSortMode has been deprecated. Use the FindObjectsByType overloads that do not take a FindObjectsSortMode parameter.'
Assets\_Game\Scripts\Editor\CampFire.cs(148,31): warning CS0618: 'Object.FindObjectsByType<T>(FindObjectsInactive, FindObjectsSortMode)' is obsolete: 'FindObjectsByType with FindObjectsSortMode parameter has been deprecated. Use FindObjectsByType<T>() or FindObjectsByType<T>(FindObjectsInactive) instead. InstanceID will be replaced in the future with EntityId and previous sort order cannot be maintained.'
Assets\_Game\Scripts\Editor\BoarPack.cs(66,46): warning CS0618: 'FindObjectsSortMode' is obsolete: 'FindObjectsSortMode has been deprecated. Use the FindObjectsByType overloads that do not take a FindObjectsSortMode parameter.'
Assets\_Game\Scripts\Editor\BoarPack.cs(65,27): warning CS0618: 'Object.FindObjectsByType<T>(FindObjectsInactive, FindObjectsSortMode)' is obsolete: 'FindObjectsByType with FindObjectsSortMode parameter has been deprecated. Use FindObjectsByType<T>() or FindObjectsByType<T>(FindObjectsInactive) instead. InstanceID will be replaced in the future with EntityId and previous sort order cannot be maintained.'
Assets\_Game\Scripts\Editor\BigTrees.cs(147,46): warning CS0618: 'FindObjectsSortMode' is obsolete: 'FindObjectsSortMode has been deprecated. Use the FindObjectsByType overloads that do not take a FindObjectsSortMode parameter.'
Assets\_Game\Scripts\Editor\BigTrees.cs(146,27): warning CS0618: 'Object.FindObjectsByType<T>(FindObjectsInactive, FindObjectsSortMode)' is obsolete: 'FindObjectsByType with FindObjectsSortMode parameter has been deprecated. Use FindObjectsByType<T>() or FindObjectsByType<T>(FindObjectsInactive) instead. InstanceID will be replaced in the future with EntityId and previous sort order cannot be maintained.'
Assets\_Game\Scripts\Editor\CampHorse.cs(120,61): warning CS0618: 'FindObjectsSortMode' is obsolete: 'FindObjectsSortMode has been deprecated. Use the FindObjectsByType overloads that do not take a FindObjectsSortMode parameter.'
Assets\_Game\Scripts\Editor\CampHorse.cs(119,27): warning CS0618: 'Object.FindObjectsByType<T>(FindObjectsInactive, FindObjectsSortMode)' is obsolete: 'FindObjectsByType with FindObjectsSortMode parameter has been deprecated. Use FindObjectsByType<T>() or FindObjectsByType<T>(FindObjectsInactive) instead. InstanceID will be replaced in the future with EntityId and previous sort order cannot be maintained.'
Assets\_Game\Scripts\Editor\CreatureProbe.cs(40,92): warning CS0618: 'FindObjectsSortMode' is obsolete: 'FindObjectsSortMode has been deprecated. Use the FindObjectsByType overloads that do not take a FindObjectsSortMode parameter.'
Assets\_Game\Scripts\Editor\CreatureProbe.cs(40,26): warning CS0618: 'Object.FindObjectsByType<T>(FindObjectsInactive, FindObjectsSortMode)' is obsolete: 'FindObjectsByType with FindObjectsSortMode parameter has been deprecated. Use FindObjectsByType<T>() or FindObjectsByType<T>(FindObjectsInactive) instead. InstanceID will be replaced in the future with EntityId and previous sort order cannot be maintained.'
Assets\_Game\Scripts\Editor\CozySky.cs(79,59): warning CS0618: 'FindObjectsSortMode' is obsolete: 'FindObjectsSortMode has been deprecated. Use the FindObjectsByType overloads that do not take a FindObjectsSortMode parameter.'
Assets\_Game\Scripts\Editor\CozySky.cs(78,39): warning CS0618: 'Object.FindObjectsByType<T>(FindObjectsInactive, FindObjectsSortMode)' is obsolete: 'FindObjectsByType with FindObjectsSortMode parameter has been deprecated. Use FindObjectsByType<T>() or FindObjectsByType<T>(FindObjectsInactive) instead. InstanceID will be replaced in the future with EntityId and previous sort order cannot be maintained.'
Assets\_Game\Scripts\Editor\CozySky.cs(138,55): warning CS0618: 'FindObjectsSortMode' is obsolete: 'FindObjectsSortMode has been deprecated. Use the FindObjectsByType overloads that do not take a FindObjectsSortMode parameter.'
Assets\_Game\Scripts\Editor\CozySky.cs(137,35): warning CS0618: 'Object.FindObjectsByType<T>(FindObjectsInactive, FindObjectsSortMode)' is obsolete: 'FindObjectsByType with FindObjectsSortMode parameter has been deprecated. Use FindObjectsByType<T>() or FindObjectsByType<T>(FindObjectsInactive) instead. InstanceID will be replaced in the future with EntityId and previous sort order cannot be maintained.'
Assets\_Game\Scripts\Editor\CampHorse.cs(239,70): warning CS0618: 'FindObjectsSortMode' is obsolete: 'FindObjectsSortMode has been deprecated. Use the FindObjectsByType overloads that do not take a FindObjectsSortMode parameter.'
Assets\_Game\Scripts\Editor\CampHorse.cs(238,32): warning CS0618: 'Object.FindObjectsByType<T>(FindObjectsInactive, FindObjectsSortMode)' is obsolete: 'FindObjectsByType with FindObjectsSortMode parameter has been deprecated. Use FindObjectsByType<T>() or FindObjectsByType<T>(FindObjectsInactive) instead. InstanceID will be replaced in the future with EntityId and previous sort order cannot be maintained.'
Assets\_Game\Scripts\Editor\CreatureProbe.cs(73,103): warning CS0618: 'FindObjectsSortMode' is obsolete: 'FindObjectsSortMode has been deprecated. Use the FindObjectsByType overloads that do not take a FindObjectsSortMode parameter.'
Assets\_Game\Scripts\Editor\CreatureProbe.cs(73,23): warning CS0618: 'Object.FindObjectsByType<T>(FindObjectsInactive, FindObjectsSortMode)' is obsolete: 'FindObjectsByType with FindObjectsSortMode parameter has been deprecated. Use FindObjectsByType<T>() or FindObjectsByType<T>(FindObjectsInactive) instead. InstanceID will be replaced in the future with EntityId and previous sort order cannot be maintained.'
Assets\_Game\Scripts\Editor\DaylightSetup.cs(42,55): warning CS0618: 'FindObjectsSortMode' is obsolete: 'FindObjectsSortMode has been deprecated. Use the FindObjectsByType overloads that do not take a FindObjectsSortMode parameter.'
Assets\_Game\Scripts\Editor\DaylightSetup.cs(41,23): warning CS0618: 'Object.FindObjectsByType<T>(FindObjectsInactive, FindObjectsSortMode)' is obsolete: 'FindObjectsByType with FindObjectsSortMode parameter has been deprecated. Use FindObjectsByType<T>() or FindObjectsByType<T>(FindObjectsInactive) instead. InstanceID will be replaced in the future with EntityId and previous sort order cannot be maintained.'
Assets\_Game\Scripts\Editor\CampHorse.cs(256,61): warning CS0618: 'FindObjectsSortMode' is obsolete: 'FindObjectsSortMode has been deprecated. Use the FindObjectsByType overloads that do not take a FindObjectsSortMode parameter.'
Assets\_Game\Scripts\Editor\CampHorse.cs(255,23): warning CS0618: 'Object.FindObjectsByType<T>(FindObjectsInactive, FindObjectsSortMode)' is obsolete: 'FindObjectsByType with FindObjectsSortMode parameter has been deprecated. Use FindObjectsByType<T>() or FindObjectsByType<T>(FindObjectsInactive) instead. InstanceID will be replaced in the future with EntityId and previous sort order cannot be maintained.'
Assets\_Game\Scripts\Editor\EnviroSetup.cs(94,66): warning CS0618: 'FindObjectsSortMode' is obsolete: 'FindObjectsSortMode has been deprecated. Use the FindObjectsByType overloads that do not take a FindObjectsSortMode parameter.'
Assets\_Game\Scripts\Editor\EnviroSetup.cs(93,35): warning CS0618: 'Object.FindObjectsByType<T>(FindObjectsInactive, FindObjectsSortMode)' is obsolete: 'FindObjectsByType with FindObjectsSortMode parameter has been deprecated. Use FindObjectsByType<T>() or FindObjectsByType<T>(FindObjectsInactive) instead. InstanceID will be replaced in the future with EntityId and previous sort order cannot be maintained.'
Assets\_Game\Scripts\Editor\CreatureProbe.cs(89,88): warning CS0618: 'FindObjectsSortMode' is obsolete: 'FindObjectsSortMode has been deprecated. Use the FindObjectsByType overloads that do not take a FindObjectsSortMode parameter.'
Assets\_Game\Scripts\Editor\CreatureProbe.cs(89,24): warning CS0618: 'Object.FindObjectsByType<T>(FindObjectsInactive, FindObjectsSortMode)' is obsolete: 'FindObjectsByType with FindObjectsSortMode parameter has been deprecated. Use FindObjectsByType<T>() or FindObjectsByType<T>(FindObjectsInactive) instead. InstanceID will be replaced in the future with EntityId and previous sort order cannot be maintained.'
Assets\_Game\Scripts\Editor\DungeonProbe.cs(157,26): warning CS0618: 'Object.FindFirstObjectByType<T>()' is obsolete: 'FindFirstObjectByType has been deprecated because it relies on instance ID ordering. Use FindAnyObjectByType instead, which does not depend on ordering.'
Assets\_Game\Scripts\Editor\EnviroSetup.cs(197,66): warning CS0618: 'FindObjectsSortMode' is obsolete: 'FindObjectsSortMode has been deprecated. Use the FindObjectsByType overloads that do not take a FindObjectsSortMode parameter.'
Assets\_Game\Scripts\Editor\EnviroSetup.cs(196,35): warning CS0618: 'Object.FindObjectsByType<T>(FindObjectsInactive, FindObjectsSortMode)' is obsolete: 'FindObjectsByType with FindObjectsSortMode parameter has been deprecated. Use FindObjectsByType<T>() or FindObjectsByType<T>(FindObjectsInactive) instead. InstanceID will be replaced in the future with EntityId and previous sort order cannot be maintained.'
Assets\_Game\Scripts\Editor\CreatureProbe.cs(104,92): warning CS0618: 'FindObjectsSortMode' is obsolete: 'FindObjectsSortMode has been deprecated. Use the FindObjectsByType overloads that do not take a FindObjectsSortMode parameter.'
Assets\_Game\Scripts\Editor\CreatureProbe.cs(104,26): warning CS0618: 'Object.FindObjectsByType<T>(FindObjectsInactive, FindObjectsSortMode)' is obsolete: 'FindObjectsByType with FindObjectsSortMode parameter has been deprecated. Use FindObjectsByType<T>() or FindObjectsByType<T>(FindObjectsInactive) instead. InstanceID will be replaced in the future with EntityId and previous sort order cannot be maintained.'
Assets\_Game\Scripts\Editor\CreatureProbe.cs(111,88): warning CS0618: 'FindObjectsSortMode' is obsolete: 'FindObjectsSortMode has been deprecated. Use the FindObjectsByType overloads that do not take a FindObjectsSortMode parameter.'
Assets\_Game\Scripts\Editor\CreatureProbe.cs(111,24): warning CS0618: 'Object.FindObjectsByType<T>(FindObjectsInactive, FindObjectsSortMode)' is obsolete: 'FindObjectsByType with FindObjectsSortMode parameter has been deprecated. Use FindObjectsByType<T>() or FindObjectsByType<T>(FindObjectsInactive) instead. InstanceID will be replaced in the future with EntityId and previous sort order cannot be maintained.'
Assets\_Game\Scripts\Editor\CreatureProbe.cs(124,109): warning CS0618: 'FindObjectsSortMode' is obsolete: 'FindObjectsSortMode has been deprecated. Use the FindObjectsByType overloads that do not take a FindObjectsSortMode parameter.'
Assets\_Game\Scripts\Editor\CreatureProbe.cs(124,26): warning CS0618: 'Object.FindObjectsByType<T>(FindObjectsInactive, FindObjectsSortMode)' is obsolete: 'FindObjectsByType with FindObjectsSortMode parameter has been deprecated. Use FindObjectsByType<T>() or FindObjectsByType<T>(FindObjectsInactive) instead. InstanceID will be replaced in the future with EntityId and previous sort order cannot be maintained.'
Assets\_Game\Scripts\Editor\CreatureProbe.cs(130,115): warning CS0618: 'FindObjectsSortMode' is obsolete: 'FindObjectsSortMode has been deprecated. Use the FindObjectsByType overloads that do not take a FindObjectsSortMode parameter.'
Assets\_Game\Scripts\Editor\CreatureProbe.cs(130,29): warning CS0618: 'Object.FindObjectsByType<T>(FindObjectsInactive, FindObjectsSortMode)' is obsolete: 'FindObjectsByType with FindObjectsSortMode parameter has been deprecated. Use FindObjectsByType<T>() or FindObjectsByType<T>(FindObjectsInactive) instead. InstanceID will be replaced in the future with EntityId and previous sort order cannot be maintained.'
Assets\_Game\Scripts\Editor\WallProbe.cs(150,46): warning CS0618: 'FindObjectsSortMode' is obsolete: 'FindObjectsSortMode has been deprecated. Use the FindObjectsByType overloads that do not take a FindObjectsSortMode parameter.'
Assets\_Game\Scripts\Editor\WallProbe.cs(149,29): warning CS0618: 'Object.FindObjectsByType<T>(FindObjectsInactive, FindObjectsSortMode)' is obsolete: 'FindObjectsByType with FindObjectsSortMode parameter has been deprecated. Use FindObjectsByType<T>() or FindObjectsByType<T>(FindObjectsInactive) instead. InstanceID will be replaced in the future with EntityId and previous sort order cannot be maintained.'
Assets\_Game\Scripts\Editor\WallProbe.cs(171,46): warning CS0618: 'FindObjectsSortMode' is obsolete: 'FindObjectsSortMode has been deprecated. Use the FindObjectsByType overloads that do not take a FindObjectsSortMode parameter.'
Assets\_Game\Scripts\Editor\WallProbe.cs(170,23): warning CS0618: 'Object.FindObjectsByType<T>(FindObjectsInactive, FindObjectsSortMode)' is obsolete: 'FindObjectsByType with FindObjectsSortMode parameter has been deprecated. Use FindObjectsByType<T>() or FindObjectsByType<T>(FindObjectsInactive) instead. InstanceID will be replaced in the future with EntityId and previous sort order cannot be maintained.'
Assets\_Game\Scripts\Editor\GrassShot.cs(58,23): warning CS0618: 'Object.FindFirstObjectByType<T>()' is obsolete: 'FindFirstObjectByType has been deprecated because it relies on instance ID ordering. Use FindAnyObjectByType instead, which does not depend on ordering.'
Assets\_Game\Scripts\Editor\CreatureProbe.cs(141,89): warning CS0618: 'FindObjectsSortMode' is obsolete: 'FindObjectsSortMode has been deprecated. Use the FindObjectsByType overloads that do not take a FindObjectsSortMode parameter.'
Assets\_Game\Scripts\Editor\CreatureProbe.cs(141,23): warning CS0618: 'Object.FindObjectsByType<T>(FindObjectsInactive, FindObjectsSortMode)' is obsolete: 'FindObjectsByType with FindObjectsSortMode parameter has been deprecated. Use FindObjectsByType<T>() or FindObjectsByType<T>(FindObjectsInactive) instead. InstanceID will be replaced in the future with EntityId and previous sort order cannot be maintained.'
Assets\_Game\Scripts\Editor\HeroPhysics.cs(43,92): warning CS0618: 'FindObjectsSortMode' is obsolete: 'FindObjectsSortMode has been deprecated. Use the FindObjectsByType overloads that do not take a FindObjectsSortMode parameter.'
Assets\_Game\Scripts\Editor\HeroPhysics.cs(43,26): warning CS0618: 'Object.FindObjectsByType<T>(FindObjectsInactive, FindObjectsSortMode)' is obsolete: 'FindObjectsByType with FindObjectsSortMode parameter has been deprecated. Use FindObjectsByType<T>() or FindObjectsByType<T>(FindObjectsInactive) instead. InstanceID will be replaced in the future with EntityId and previous sort order cannot be maintained.'
Assets\_Game\Scripts\Editor\HeroParade.cs(72,60): warning CS0618: 'FindObjectsSortMode' is obsolete: 'FindObjectsSortMode has been deprecated. Use the FindObjectsByType overloads that do not take a FindObjectsSortMode parameter.'
Assets\_Game\Scripts\Editor\HeroParade.cs(71,27): warning CS0618: 'Object.FindObjectsByType<T>(FindObjectsInactive, FindObjectsSortMode)' is obsolete: 'FindObjectsByType with FindObjectsSortMode parameter has been deprecated. Use FindObjectsByType<T>() or FindObjectsByType<T>(FindObjectsInactive) instead. InstanceID will be replaced in the future with EntityId and previous sort order cannot be maintained.'
Assets\_Game\Scripts\Editor\HorsePack.cs(52,46): warning CS0618: 'FindObjectsSortMode' is obsolete: 'FindObjectsSortMode has been deprecated. Use the FindObjectsByType overloads that do not take a FindObjectsSortMode parameter.'
Assets\_Game\Scripts\Editor\HorsePack.cs(51,27): warning CS0618: 'Object.FindObjectsByType<T>(FindObjectsInactive, FindObjectsSortMode)' is obsolete: 'FindObjectsByType with FindObjectsSortMode parameter has been deprecated. Use FindObjectsByType<T>() or FindObjectsByType<T>(FindObjectsInactive) instead. InstanceID will be replaced in the future with EntityId and previous sort order cannot be maintained.'
Assets\_Game\Scripts\Editor\GrassNorm.cs(43,46): warning CS0618: 'FindObjectsSortMode' is obsolete: 'FindObjectsSortMode has been deprecated. Use the FindObjectsByType overloads that do not take a FindObjectsSortMode parameter.'
Assets\_Game\Scripts\Editor\GrassNorm.cs(42,27): warning CS0618: 'Object.FindObjectsByType<T>(FindObjectsInactive, FindObjectsSortMode)' is obsolete: 'FindObjectsByType with FindObjectsSortMode parameter has been deprecated. Use FindObjectsByType<T>() or FindObjectsByType<T>(FindObjectsInactive) instead. InstanceID will be replaced in the future with EntityId and previous sort order cannot be maintained.'
Assets\_Game\Scripts\Editor\GrassNorm.cs(75,55): warning CS0618: 'FindObjectsSortMode' is obsolete: 'FindObjectsSortMode has been deprecated. Use the FindObjectsByType overloads that do not take a FindObjectsSortMode parameter.'
Assets\_Game\Scripts\Editor\GrassNorm.cs(74,32): warning CS0618: 'Object.FindObjectsByType<T>(FindObjectsInactive, FindObjectsSortMode)' is obsolete: 'FindObjectsByType with FindObjectsSortMode parameter has been deprecated. Use FindObjectsByType<T>() or FindObjectsByType<T>(FindObjectsInactive) instead. InstanceID will be replaced in the future with EntityId and previous sort order cannot be maintained.'
Assets\_Game\Scripts\Editor\GrassNorm.cs(188,55): warning CS0618: 'FindObjectsSortMode' is obsolete: 'FindObjectsSortMode has been deprecated. Use the FindObjectsByType overloads that do not take a FindObjectsSortMode parameter.'
Assets\_Game\Scripts\Editor\GrassNorm.cs(187,32): warning CS0618: 'Object.FindObjectsByType<T>(FindObjectsInactive, FindObjectsSortMode)' is obsolete: 'FindObjectsByType with FindObjectsSortMode parameter has been deprecated. Use FindObjectsByType<T>() or FindObjectsByType<T>(FindObjectsInactive) instead. InstanceID will be replaced in the future with EntityId and previous sort order cannot be maintained.'
Assets\_Game\Scripts\Editor\NavBake.cs(50,46): warning CS0618: 'FindObjectsSortMode' is obsolete: 'FindObjectsSortMode has been deprecated. Use the FindObjectsByType overloads that do not take a FindObjectsSortMode parameter.'
Assets\_Game\Scripts\Editor\NavBake.cs(49,27): warning CS0618: 'Object.FindObjectsByType<T>(FindObjectsInactive, FindObjectsSortMode)' is obsolete: 'FindObjectsByType with FindObjectsSortMode parameter has been deprecated. Use FindObjectsByType<T>() or FindObjectsByType<T>(FindObjectsInactive) instead. InstanceID will be replaced in the future with EntityId and previous sort order cannot be maintained.'
Assets\_Game\Scripts\Editor\MobKit.cs(33,60): warning CS0618: 'FindObjectsSortMode' is obsolete: 'FindObjectsSortMode has been deprecated. Use the FindObjectsByType overloads that do not take a FindObjectsSortMode parameter.'
Assets\_Game\Scripts\Editor\MobKit.cs(32,23): warning CS0618: 'Object.FindObjectsByType<T>(FindObjectsInactive, FindObjectsSortMode)' is obsolete: 'FindObjectsByType with FindObjectsSortMode parameter has been deprecated. Use FindObjectsByType<T>() or FindObjectsByType<T>(FindObjectsInactive) instead. InstanceID will be replaced in the future with EntityId and previous sort order cannot be maintained.'
Assets\_Game\Scripts\Editor\MobKit.cs(205,73): warning CS0618: 'FindObjectsSortMode' is obsolete: 'FindObjectsSortMode has been deprecated. Use the FindObjectsByType overloads that do not take a FindObjectsSortMode parameter.'
Assets\_Game\Scripts\Editor\MobKit.cs(204,36): warning CS0618: 'Object.FindObjectsByType<T>(FindObjectsInactive, FindObjectsSortMode)' is obsolete: 'FindObjectsByType with FindObjectsSortMode parameter has been deprecated. Use FindObjectsByType<T>() or FindObjectsByType<T>(FindObjectsInactive) instead. InstanceID will be replaced in the future with EntityId and previous sort order cannot be maintained.'
Assets\_Game\Scripts\Editor\OfficialConvert.cs(39,39): warning CS0618: 'ConverterContainerId' is obsolete: 'ConverterContainerId has been deprecated.'
Assets\_Game\Scripts\Editor\OfficialConvert.cs(39,13): warning CS0618: 'Converters.RunInBatchMode(ConverterContainerId)' is obsolete: 'RunInBatchMode(ConverterContainerId) has been deprecated. Please use RunInBatchMode(string) or upgrade using UnityEditor.Rendering.Universal.Converters.RunInBatchModeCmdLine instead.'
Assets\_Game\Scripts\Editor\NoAvoidance.cs(27,94): warning CS0618: 'FindObjectsSortMode' is obsolete: 'FindObjectsSortMode has been deprecated. Use the FindObjectsByType overloads that do not take a FindObjectsSortMode parameter.'
Assets\_Game\Scripts\Editor\NoAvoidance.cs(27,26): warning CS0618: 'Object.FindObjectsByType<T>(FindObjectsInactive, FindObjectsSortMode)' is obsolete: 'FindObjectsByType with FindObjectsSortMode parameter has been deprecated. Use FindObjectsByType<T>() or FindObjectsByType<T>(FindObjectsInactive) instead. InstanceID will be replaced in the future with EntityId and previous sort order cannot be maintained.'
Assets\_Game\Scripts\Editor\NoAvoidance.cs(43,92): warning CS0618: 'FindObjectsSortMode' is obsolete: 'FindObjectsSortMode has been deprecated. Use the FindObjectsByType overloads that do not take a FindObjectsSortMode parameter.'
Assets\_Game\Scripts\Editor\NoAvoidance.cs(43,24): warning CS0618: 'Object.FindObjectsByType<T>(FindObjectsInactive, FindObjectsSortMode)' is obsolete: 'FindObjectsByType with FindObjectsSortMode parameter has been deprecated. Use FindObjectsByType<T>() or FindObjectsByType<T>(FindObjectsInactive) instead. InstanceID will be replaced in the future with EntityId and previous sort order cannot be maintained.'
Assets\_Game\Scripts\Editor\NpcPack.cs(59,51): warning CS0618: 'FindObjectsSortMode' is obsolete: 'FindObjectsSortMode has been deprecated. Use the FindObjectsByType overloads that do not take a FindObjectsSortMode parameter.'
Assets\_Game\Scripts\Editor\NpcPack.cs(58,32): warning CS0618: 'Object.FindObjectsByType<T>(FindObjectsInactive, FindObjectsSortMode)' is obsolete: 'FindObjectsByType with FindObjectsSortMode parameter has been deprecated. Use FindObjectsByType<T>() or FindObjectsByType<T>(FindObjectsInactive) instead. InstanceID will be replaced in the future with EntityId and previous sort order cannot be maintained.'
Assets\_Game\Scripts\Editor\NavProbe.cs(64,46): warning CS0618: 'FindObjectsSortMode' is obsolete: 'FindObjectsSortMode has been deprecated. Use the FindObjectsByType overloads that do not take a FindObjectsSortMode parameter.'
Assets\_Game\Scripts\Editor\NavProbe.cs(63,28): warning CS0618: 'Object.FindObjectsByType<T>(FindObjectsInactive, FindObjectsSortMode)' is obsolete: 'FindObjectsByType with FindObjectsSortMode parameter has been deprecated. Use FindObjectsByType<T>() or FindObjectsByType<T>(FindObjectsInactive) instead. InstanceID will be replaced in the future with EntityId and previous sort order cannot be maintained.'
Assets\_Game\Scripts\Editor\NavProbe.cs(67,46): warning CS0618: 'FindObjectsSortMode' is obsolete: 'FindObjectsSortMode has been deprecated. Use the FindObjectsByType overloads that do not take a FindObjectsSortMode parameter.'
Assets\_Game\Scripts\Editor\NavProbe.cs(66,26): warning CS0618: 'Object.FindObjectsByType<T>(FindObjectsInactive, FindObjectsSortMode)' is obsolete: 'FindObjectsByType with FindObjectsSortMode parameter has been deprecated. Use FindObjectsByType<T>() or FindObjectsByType<T>(FindObjectsInactive) instead. InstanceID will be replaced in the future with EntityId and previous sort order cannot be maintained.'
Assets\_Game\Scripts\Editor\NavHoleProbe.cs(31,46): warning CS0618: 'FindObjectsSortMode' is obsolete: 'FindObjectsSortMode has been deprecated. Use the FindObjectsByType overloads that do not take a FindObjectsSortMode parameter.'
Assets\_Game\Scripts\Editor\NavHoleProbe.cs(30,27): warning CS0618: 'Object.FindObjectsByType<T>(FindObjectsInactive, FindObjectsSortMode)' is obsolete: 'FindObjectsByType with FindObjectsSortMode parameter has been deprecated. Use FindObjectsByType<T>() or FindObjectsByType<T>(FindObjectsInactive) instead. InstanceID will be replaced in the future with EntityId and previous sort order cannot be maintained.'
Assets\_Game\Scripts\Editor\NavProbe.cs(106,28): warning CS0618: 'Object.FindFirstObjectByType<T>(FindObjectsInactive)' is obsolete: 'FindFirstObjectByType has been deprecated because it relies on instance ID ordering. Use FindAnyObjectByType instead, which does not depend on ordering.'
Assets\_Game\Scripts\Editor\LightProbe.cs(35,46): warning CS0618: 'FindObjectsSortMode' is obsolete: 'FindObjectsSortMode has been deprecated. Use the FindObjectsByType overloads that do not take a FindObjectsSortMode parameter.'
Assets\_Game\Scripts\Editor\LightProbe.cs(34,26): warning CS0618: 'Object.FindObjectsByType<T>(FindObjectsInactive, FindObjectsSortMode)' is obsolete: 'FindObjectsByType with FindObjectsSortMode parameter has been deprecated. Use FindObjectsByType<T>() or FindObjectsByType<T>(FindObjectsInactive) instead. InstanceID will be replaced in the future with EntityId and previous sort order cannot be maintained.'
Assets\_Game\Scripts\Editor\NpcPack.cs(98,46): warning CS0618: 'FindObjectsSortMode' is obsolete: 'FindObjectsSortMode has been deprecated. Use the FindObjectsByType overloads that do not take a FindObjectsSortMode parameter.'
Assets\_Game\Scripts\Editor\NpcPack.cs(97,27): warning CS0618: 'Object.FindObjectsByType<T>(FindObjectsInactive, FindObjectsSortMode)' is obsolete: 'FindObjectsByType with FindObjectsSortMode parameter has been deprecated. Use FindObjectsByType<T>() or FindObjectsByType<T>(FindObjectsInactive) instead. InstanceID will be replaced in the future with EntityId and previous sort order cannot be maintained.'
Assets\_Game\Scripts\Editor\OldPurge.cs(62,55): warning CS0618: 'FindObjectsSortMode' is obsolete: 'FindObjectsSortMode has been deprecated. Use the FindObjectsByType overloads that do not take a FindObjectsSortMode parameter.'
Assets\_Game\Scripts\Editor\OldPurge.cs(61,38): warning CS0618: 'Object.FindObjectsByType<T>(FindObjectsInactive, FindObjectsSortMode)' is obsolete: 'FindObjectsByType with FindObjectsSortMode parameter has been deprecated. Use FindObjectsByType<T>() or FindObjectsByType<T>(FindObjectsInactive) instead. InstanceID will be replaced in the future with EntityId and previous sort order cannot be maintained.'
Assets\_Game\Scripts\Editor\PhysicsProbe.cs(48,87): warning CS0618: 'FindObjectsSortMode' is obsolete: 'FindObjectsSortMode has been deprecated. Use the FindObjectsByType overloads that do not take a FindObjectsSortMode parameter.'
Assets\_Game\Scripts\Editor\PhysicsProbe.cs(48,23): warning CS0618: 'Object.FindObjectsByType<T>(FindObjectsInactive, FindObjectsSortMode)' is obsolete: 'FindObjectsByType with FindObjectsSortMode parameter has been deprecated. Use FindObjectsByType<T>() or FindObjectsByType<T>(FindObjectsInactive) instead. InstanceID will be replaced in the future with EntityId and previous sort order cannot be maintained.'
Assets\_Game\Scripts\Editor\PlayerKit.cs(46,62): warning CS0618: 'FindObjectsSortMode' is obsolete: 'FindObjectsSortMode has been deprecated. Use the FindObjectsByType overloads that do not take a FindObjectsSortMode parameter.'
Assets\_Game\Scripts\Editor\PlayerKit.cs(45,26): warning CS0618: 'Object.FindObjectsByType<T>(FindObjectsInactive, FindObjectsSortMode)' is obsolete: 'FindObjectsByType with FindObjectsSortMode parameter has been deprecated. Use FindObjectsByType<T>() or FindObjectsByType<T>(FindObjectsInactive) instead. InstanceID will be replaced in the future with EntityId and previous sort order cannot be maintained.'
Assets\_Game\Scripts\Editor\PostFxBuilder.cs(75,69): warning CS0618: 'FindObjectsSortMode' is obsolete: 'FindObjectsSortMode has been deprecated. Use the FindObjectsByType overloads that do not take a FindObjectsSortMode parameter.'
Assets\_Game\Scripts\Editor\PostFxBuilder.cs(75,36): warning CS0618: 'Object.FindObjectsByType<T>(FindObjectsSortMode)' is obsolete: 'FindObjectsByType with FindObjectsSortMode parameter has been deprecated. Use FindObjectsByType<T>() or FindObjectsByType<T>(FindObjectsInactive) instead. InstanceID will be replaced in the future with EntityId and previous sort order cannot be maintained.'
Assets\_Game\Scripts\Editor\PostFxBuilder.cs(103,69): warning CS0618: 'FindObjectsSortMode' is obsolete: 'FindObjectsSortMode has been deprecated. Use the FindObjectsByType overloads that do not take a FindObjectsSortMode parameter.'
Assets\_Game\Scripts\Editor\PostFxBuilder.cs(103,36): warning CS0618: 'Object.FindObjectsByType<T>(FindObjectsSortMode)' is obsolete: 'FindObjectsByType with FindObjectsSortMode parameter has been deprecated. Use FindObjectsByType<T>() or FindObjectsByType<T>(FindObjectsInactive) instead. InstanceID will be replaced in the future with EntityId and previous sort order cannot be maintained.'
Assets\_Game\Scripts\Editor\PhysicsProbe.cs(71,97): warning CS0618: 'FindObjectsSortMode' is obsolete: 'FindObjectsSortMode has been deprecated. Use the FindObjectsByType overloads that do not take a FindObjectsSortMode parameter.'
Assets\_Game\Scripts\Editor\PhysicsProbe.cs(71,29): warning CS0618: 'Object.FindObjectsByType<T>(FindObjectsInactive, FindObjectsSortMode)' is obsolete: 'FindObjectsByType with FindObjectsSortMode parameter has been deprecated. Use FindObjectsByType<T>() or FindObjectsByType<T>(FindObjectsInactive) instead. InstanceID will be replaced in the future with EntityId and previous sort order cannot be maintained.'
Assets\_Game\Scripts\Editor\PnbAnalyze.cs(40,55): warning CS0618: 'FindObjectsSortMode' is obsolete: 'FindObjectsSortMode has been deprecated. Use the FindObjectsByType overloads that do not take a FindObjectsSortMode parameter.'
Assets\_Game\Scripts\Editor\PnbAnalyze.cs(39,31): warning CS0618: 'Object.FindObjectsByType<T>(FindObjectsInactive, FindObjectsSortMode)' is obsolete: 'FindObjectsByType with FindObjectsSortMode parameter has been deprecated. Use FindObjectsByType<T>() or FindObjectsByType<T>(FindObjectsInactive) instead. InstanceID will be replaced in the future with EntityId and previous sort order cannot be maintained.'
Assets\_Game\Scripts\Editor\PnbAnalyze.cs(64,55): warning CS0618: 'FindObjectsSortMode' is obsolete: 'FindObjectsSortMode has been deprecated. Use the FindObjectsByType overloads that do not take a FindObjectsSortMode parameter.'
Assets\_Game\Scripts\Editor\PnbAnalyze.cs(63,31): warning CS0618: 'Object.FindObjectsByType<T>(FindObjectsInactive, FindObjectsSortMode)' is obsolete: 'FindObjectsByType with FindObjectsSortMode parameter has been deprecated. Use FindObjectsByType<T>() or FindObjectsByType<T>(FindObjectsInactive) instead. InstanceID will be replaced in the future with EntityId and previous sort order cannot be maintained.'
Assets\_Game\Scripts\Editor\TreeSwap.cs(70,60): warning CS0618: 'FindObjectsSortMode' is obsolete: 'FindObjectsSortMode has been deprecated. Use the FindObjectsByType overloads that do not take a FindObjectsSortMode parameter.'
Assets\_Game\Scripts\Editor\TreeSwap.cs(69,23): warning CS0618: 'Object.FindObjectsByType<T>(FindObjectsInactive, FindObjectsSortMode)' is obsolete: 'FindObjectsByType with FindObjectsSortMode parameter has been deprecated. Use FindObjectsByType<T>() or FindObjectsByType<T>(FindObjectsInactive) instead. InstanceID will be replaced in the future with EntityId and previous sort order cannot be maintained.'
Assets\_Game\Scripts\Editor\TreeSwap.cs(118,63): warning CS0618: 'FindObjectsSortMode' is obsolete: 'FindObjectsSortMode has been deprecated. Use the FindObjectsByType overloads that do not take a FindObjectsSortMode parameter.'
Assets\_Game\Scripts\Editor\TreeSwap.cs(117,26): warning CS0618: 'Object.FindObjectsByType<T>(FindObjectsInactive, FindObjectsSortMode)' is obsolete: 'FindObjectsByType with FindObjectsSortMode parameter has been deprecated. Use FindObjectsByType<T>() or FindObjectsByType<T>(FindObjectsInactive) instead. InstanceID will be replaced in the future with EntityId and previous sort order cannot be maintained.'
Assets\_Game\Scripts\Editor\PnbAnalyze.cs(209,55): warning CS0618: 'FindObjectsSortMode' is obsolete: 'FindObjectsSortMode has been deprecated. Use the FindObjectsByType overloads that do not take a FindObjectsSortMode parameter.'
Assets\_Game\Scripts\Editor\PnbAnalyze.cs(208,31): warning CS0618: 'Object.FindObjectsByType<T>(FindObjectsInactive, FindObjectsSortMode)' is obsolete: 'FindObjectsByType with FindObjectsSortMode parameter has been deprecated. Use FindObjectsByType<T>() or FindObjectsByType<T>(FindObjectsInactive) instead. InstanceID will be replaced in the future with EntityId and previous sort order cannot be maintained.'
Assets\_Game\Scripts\Editor\SceneWeight.cs(32,46): warning CS0618: 'FindObjectsSortMode' is obsolete: 'FindObjectsSortMode has been deprecated. Use the FindObjectsByType overloads that do not take a FindObjectsSortMode parameter.'
Assets\_Game\Scripts\Editor\SceneWeight.cs(31,28): warning CS0618: 'Object.FindObjectsByType<T>(FindObjectsInactive, FindObjectsSortMode)' is obsolete: 'FindObjectsByType with FindObjectsSortMode parameter has been deprecated. Use FindObjectsByType<T>() or FindObjectsByType<T>(FindObjectsInactive) instead. InstanceID will be replaced in the future with EntityId and previous sort order cannot be maintained.'
Assets\_Game\Scripts\Editor\SceneWeight.cs(91,55): warning CS0618: 'FindObjectsSortMode' is obsolete: 'FindObjectsSortMode has been deprecated. Use the FindObjectsByType overloads that do not take a FindObjectsSortMode parameter.'
Assets\_Game\Scripts\Editor\SceneWeight.cs(90,32): warning CS0618: 'Object.FindObjectsByType<T>(FindObjectsInactive, FindObjectsSortMode)' is obsolete: 'FindObjectsByType with FindObjectsSortMode parameter has been deprecated. Use FindObjectsByType<T>() or FindObjectsByType<T>(FindObjectsInactive) instead. InstanceID will be replaced in the future with EntityId and previous sort order cannot be maintained.'
Assets\_Game\Scripts\Editor\PlayerKit.cs(464,68): warning CS0618: 'FindObjectsSortMode' is obsolete: 'FindObjectsSortMode has been deprecated. Use the FindObjectsByType overloads that do not take a FindObjectsSortMode parameter.'
Assets\_Game\Scripts\Editor\PlayerKit.cs(463,31): warning CS0618: 'Object.FindObjectsByType<T>(FindObjectsInactive, FindObjectsSortMode)' is obsolete: 'FindObjectsByType with FindObjectsSortMode parameter has been deprecated. Use FindObjectsByType<T>() or FindObjectsByType<T>(FindObjectsInactive) instead. InstanceID will be replaced in the future with EntityId and previous sort order cannot be maintained.'
Assets\_Game\Scripts\Editor\TreeSwap.cs(167,62): warning CS0618: 'FindObjectsSortMode' is obsolete: 'FindObjectsSortMode has been deprecated. Use the FindObjectsByType overloads that do not take a FindObjectsSortMode parameter.'
Assets\_Game\Scripts\Editor\TreeSwap.cs(166,25): warning CS0618: 'Object.FindObjectsByType<T>(FindObjectsInactive, FindObjectsSortMode)' is obsolete: 'FindObjectsByType with FindObjectsSortMode parameter has been deprecated. Use FindObjectsByType<T>() or FindObjectsByType<T>(FindObjectsInactive) instead. InstanceID will be replaced in the future with EntityId and previous sort order cannot be maintained.'
Assets\_Game\Scripts\Editor\SceneEye.cs(214,55): warning CS0618: 'FindObjectsSortMode' is obsolete: 'FindObjectsSortMode has been deprecated. Use the FindObjectsByType overloads that do not take a FindObjectsSortMode parameter.'
Assets\_Game\Scripts\Editor\SceneEye.cs(213,38): warning CS0618: 'Object.FindObjectsByType<T>(FindObjectsInactive, FindObjectsSortMode)' is obsolete: 'FindObjectsByType with FindObjectsSortMode parameter has been deprecated. Use FindObjectsByType<T>() or FindObjectsByType<T>(FindObjectsInactive) instead. InstanceID will be replaced in the future with EntityId and previous sort order cannot be maintained.'
Assets\_Game\Scripts\Editor\SceneProbe.cs(36,64): warning CS0618: 'FindObjectsSortMode' is obsolete: 'FindObjectsSortMode has been deprecated. Use the FindObjectsByType overloads that do not take a FindObjectsSortMode parameter.'
Assets\_Game\Scripts\Editor\SceneProbe.cs(35,29): warning CS0618: 'Object.FindObjectsByType<T>(FindObjectsInactive, FindObjectsSortMode)' is obsolete: 'FindObjectsByType with FindObjectsSortMode parameter has been deprecated. Use FindObjectsByType<T>() or FindObjectsByType<T>(FindObjectsInactive) instead. InstanceID will be replaced in the future with EntityId and previous sort order cannot be maintained.'
Assets\_Game\Scripts\Editor\SceneProbe.cs(79,26): warning CS0618: 'Object.FindFirstObjectByType<T>()' is obsolete: 'FindFirstObjectByType has been deprecated because it relies on instance ID ordering. Use FindAnyObjectByType instead, which does not depend on ordering.'
Assets\_Game\Scripts\Editor\SceneProbe.cs(141,58): warning CS0618: 'FindObjectsSortMode' is obsolete: 'FindObjectsSortMode has been deprecated. Use the FindObjectsByType overloads that do not take a FindObjectsSortMode parameter.'
Assets\_Game\Scripts\Editor\SceneProbe.cs(140,26): warning CS0618: 'Object.FindObjectsByType<T>(FindObjectsInactive, FindObjectsSortMode)' is obsolete: 'FindObjectsByType with FindObjectsSortMode parameter has been deprecated. Use FindObjectsByType<T>() or FindObjectsByType<T>(FindObjectsInactive) instead. InstanceID will be replaced in the future with EntityId and previous sort order cannot be maintained.'
Assets\_Game\Scripts\Editor\SceneProbe.cs(154,60): warning CS0618: 'FindObjectsSortMode' is obsolete: 'FindObjectsSortMode has been deprecated. Use the FindObjectsByType overloads that do not take a FindObjectsSortMode parameter.'
Assets\_Game\Scripts\Editor\SceneProbe.cs(153,27): warning CS0618: 'Object.FindObjectsByType<T>(FindObjectsInactive, FindObjectsSortMode)' is obsolete: 'FindObjectsByType with FindObjectsSortMode parameter has been deprecated. Use FindObjectsByType<T>() or FindObjectsByType<T>(FindObjectsInactive) instead. InstanceID will be replaced in the future with EntityId and previous sort order cannot be maintained.'
Assets\_Game\Scripts\Editor\SceneProbe.cs(168,70): warning CS0618: 'FindObjectsSortMode' is obsolete: 'FindObjectsSortMode has been deprecated. Use the FindObjectsByType overloads that do not take a FindObjectsSortMode parameter.'
Assets\_Game\Scripts\Editor\SceneProbe.cs(168,29): warning CS0618: 'Object.FindObjectsByType<T>(FindObjectsSortMode)' is obsolete: 'FindObjectsByType with FindObjectsSortMode parameter has been deprecated. Use FindObjectsByType<T>() or FindObjectsByType<T>(FindObjectsInactive) instead. InstanceID will be replaced in the future with EntityId and previous sort order cannot be maintained.'
Assets\_Game\Scripts\Editor\TreeNorm.cs(67,50): warning CS0618: 'FindObjectsSortMode' is obsolete: 'FindObjectsSortMode has been deprecated. Use the FindObjectsByType overloads that do not take a FindObjectsSortMode parameter.'
Assets\_Game\Scripts\Editor\TreeNorm.cs(66,31): warning CS0618: 'Object.FindObjectsByType<T>(FindObjectsInactive, FindObjectsSortMode)' is obsolete: 'FindObjectsByType with FindObjectsSortMode parameter has been deprecated. Use FindObjectsByType<T>() or FindObjectsByType<T>(FindObjectsInactive) instead. InstanceID will be replaced in the future with EntityId and previous sort order cannot be maintained.'
Assets\_Game\Scripts\Editor\TreeNorm.cs(72,59): warning CS0618: 'FindObjectsSortMode' is obsolete: 'FindObjectsSortMode has been deprecated. Use the FindObjectsByType overloads that do not take a FindObjectsSortMode parameter.'
Assets\_Game\Scripts\Editor\TreeNorm.cs(71,36): warning CS0618: 'Object.FindObjectsByType<T>(FindObjectsInactive, FindObjectsSortMode)' is obsolete: 'FindObjectsByType with FindObjectsSortMode parameter has been deprecated. Use FindObjectsByType<T>() or FindObjectsByType<T>(FindObjectsInactive) instead. InstanceID will be replaced in the future with EntityId and previous sort order cannot be maintained.'
Assets\_Game\Scripts\Editor\PnbAnalyze.cs(287,46): warning CS0618: 'FindObjectsSortMode' is obsolete: 'FindObjectsSortMode has been deprecated. Use the FindObjectsByType overloads that do not take a FindObjectsSortMode parameter.'
Assets\_Game\Scripts\Editor\PnbAnalyze.cs(286,27): warning CS0618: 'Object.FindObjectsByType<T>(FindObjectsInactive, FindObjectsSortMode)' is obsolete: 'FindObjectsByType with FindObjectsSortMode parameter has been deprecated. Use FindObjectsByType<T>() or FindObjectsByType<T>(FindObjectsInactive) instead. InstanceID will be replaced in the future with EntityId and previous sort order cannot be maintained.'
Assets\_Game\Scripts\Editor\PnbAnalyze.cs(310,55): warning CS0618: 'FindObjectsSortMode' is obsolete: 'FindObjectsSortMode has been deprecated. Use the FindObjectsByType overloads that do not take a FindObjectsSortMode parameter.'
Assets\_Game\Scripts\Editor\PnbAnalyze.cs(309,31): warning CS0618: 'Object.FindObjectsByType<T>(FindObjectsInactive, FindObjectsSortMode)' is obsolete: 'FindObjectsByType with FindObjectsSortMode parameter has been deprecated. Use FindObjectsByType<T>() or FindObjectsByType<T>(FindObjectsInactive) instead. InstanceID will be replaced in the future with EntityId and previous sort order cannot be maintained.'
Assets\_Game\Scripts\Editor\SyntyForest.cs(65,46): warning CS0618: 'FindObjectsSortMode' is obsolete: 'FindObjectsSortMode has been deprecated. Use the FindObjectsByType overloads that do not take a FindObjectsSortMode parameter.'
Assets\_Game\Scripts\Editor\SyntyForest.cs(64,27): warning CS0618: 'Object.FindObjectsByType<T>(FindObjectsInactive, FindObjectsSortMode)' is obsolete: 'FindObjectsByType with FindObjectsSortMode parameter has been deprecated. Use FindObjectsByType<T>() or FindObjectsByType<T>(FindObjectsInactive) instead. InstanceID will be replaced in the future with EntityId and previous sort order cannot be maintained.'
Assets\_Game\Scripts\Editor\TreeNavFix.cs(46,62): warning CS0618: 'FindObjectsSortMode' is obsolete: 'FindObjectsSortMode has been deprecated. Use the FindObjectsByType overloads that do not take a FindObjectsSortMode parameter.'
Assets\_Game\Scripts\Editor\TreeNavFix.cs(45,25): warning CS0618: 'Object.FindObjectsByType<T>(FindObjectsInactive, FindObjectsSortMode)' is obsolete: 'FindObjectsByType with FindObjectsSortMode parameter has been deprecated. Use FindObjectsByType<T>() or FindObjectsByType<T>(FindObjectsInactive) instead. InstanceID will be replaced in the future with EntityId and previous sort order cannot be maintained.'
Assets\_Game\Scripts\Editor\SyntyMeadow.cs(100,46): warning CS0618: 'FindObjectsSortMode' is obsolete: 'FindObjectsSortMode has been deprecated. Use the FindObjectsByType overloads that do not take a FindObjectsSortMode parameter.'
Assets\_Game\Scripts\Editor\SyntyMeadow.cs(99,27): warning CS0618: 'Object.FindObjectsByType<T>(FindObjectsInactive, FindObjectsSortMode)' is obsolete: 'FindObjectsByType with FindObjectsSortMode parameter has been deprecated. Use FindObjectsByType<T>() or FindObjectsByType<T>(FindObjectsInactive) instead. InstanceID will be replaced in the future with EntityId and previous sort order cannot be maintained.'
Assets\_Game\Scripts\Editor\SyntyRoom.cs(92,29): warning CS0162: Unreachable code detected
Assets\_Game\Scripts\Editor\SyntyForest.cs(110,46): warning CS0618: 'FindObjectsSortMode' is obsolete: 'FindObjectsSortMode has been deprecated. Use the FindObjectsByType overloads that do not take a FindObjectsSortMode parameter.'
Assets\_Game\Scripts\Editor\SyntyForest.cs(109,27): warning CS0618: 'Object.FindObjectsByType<T>(FindObjectsInactive, FindObjectsSortMode)' is obsolete: 'FindObjectsByType with FindObjectsSortMode parameter has been deprecated. Use FindObjectsByType<T>() or FindObjectsByType<T>(FindObjectsInactive) instead. InstanceID will be replaced in the future with EntityId and previous sort order cannot be maintained.'
Assets\_Game\Scripts\Editor\SyntyWater.cs(98,46): warning CS0618: 'FindObjectsSortMode' is obsolete: 'FindObjectsSortMode has been deprecated. Use the FindObjectsByType overloads that do not take a FindObjectsSortMode parameter.'
Assets\_Game\Scripts\Editor\SyntyWater.cs(97,27): warning CS0618: 'Object.FindObjectsByType<T>(FindObjectsInactive, FindObjectsSortMode)' is obsolete: 'FindObjectsByType with FindObjectsSortMode parameter has been deprecated. Use FindObjectsByType<T>() or FindObjectsByType<T>(FindObjectsInactive) instead. InstanceID will be replaced in the future with EntityId and previous sort order cannot be maintained.'
Assets\_Game\Scripts\Editor\SyntySky.cs(78,55): warning CS0618: 'FindObjectsSortMode' is obsolete: 'FindObjectsSortMode has been deprecated. Use the FindObjectsByType overloads that do not take a FindObjectsSortMode parameter.'
Assets\_Game\Scripts\Editor\SyntySky.cs(77,33): warning CS0618: 'Object.FindObjectsByType<T>(FindObjectsInactive, FindObjectsSortMode)' is obsolete: 'FindObjectsByType with FindObjectsSortMode parameter has been deprecated. Use FindObjectsByType<T>() or FindObjectsByType<T>(FindObjectsInactive) instead. InstanceID will be replaced in the future with EntityId and previous sort order cannot be maintained.'
Assets\_Game\Scripts\Editor\SyntySky.cs(163,55): warning CS0618: 'FindObjectsSortMode' is obsolete: 'FindObjectsSortMode has been deprecated. Use the FindObjectsByType overloads that do not take a FindObjectsSortMode parameter.'
Assets\_Game\Scripts\Editor\SyntySky.cs(162,33): warning CS0618: 'Object.FindObjectsByType<T>(FindObjectsInactive, FindObjectsSortMode)' is obsolete: 'FindObjectsByType with FindObjectsSortMode parameter has been deprecated. Use FindObjectsByType<T>() or FindObjectsByType<T>(FindObjectsInactive) instead. InstanceID will be replaced in the future with EntityId and previous sort order cannot be maintained.'
Assets\_Game\Scripts\Editor\SyntyRoom.cs(287,26): warning CS0618: 'Object.FindFirstObjectByType<T>()' is obsolete: 'FindFirstObjectByType has been deprecated because it relies on instance ID ordering. Use FindAnyObjectByType instead, which does not depend on ordering.'
Assets\_Game\Scripts\Editor\SyntySky.cs(202,56): warning CS0618: 'FindObjectsSortMode' is obsolete: 'FindObjectsSortMode has been deprecated. Use the FindObjectsByType overloads that do not take a FindObjectsSortMode parameter.'
Assets\_Game\Scripts\Editor\SyntySky.cs(201,23): warning CS0618: 'Object.FindObjectsByType<T>(FindObjectsInactive, FindObjectsSortMode)' is obsolete: 'FindObjectsByType with FindObjectsSortMode parameter has been deprecated. Use FindObjectsByType<T>() or FindObjectsByType<T>(FindObjectsInactive) instead. InstanceID will be replaced in the future with EntityId and previous sort order cannot be maintained.'
Assets\_Game\Scripts\Editor\SyntySky.cs(301,55): warning CS0618: 'FindObjectsSortMode' is obsolete: 'FindObjectsSortMode has been deprecated. Use the FindObjectsByType overloads that do not take a FindObjectsSortMode parameter.'
Assets\_Game\Scripts\Editor\SyntySky.cs(300,35): warning CS0618: 'Object.FindObjectsByType<T>(FindObjectsInactive, FindObjectsSortMode)' is obsolete: 'FindObjectsByType with FindObjectsSortMode parameter has been deprecated. Use FindObjectsByType<T>() or FindObjectsByType<T>(FindObjectsInactive) instead. InstanceID will be replaced in the future with EntityId and previous sort order cannot be maintained.'
Assets\_Game\Scripts\Editor\TerrainRelief.cs(64,46): warning CS0618: 'FindObjectsSortMode' is obsolete: 'FindObjectsSortMode has been deprecated. Use the FindObjectsByType overloads that do not take a FindObjectsSortMode parameter.'
Assets\_Game\Scripts\Editor\TerrainRelief.cs(63,27): warning CS0618: 'Object.FindObjectsByType<T>(FindObjectsInactive, FindObjectsSortMode)' is obsolete: 'FindObjectsByType with FindObjectsSortMode parameter has been deprecated. Use FindObjectsByType<T>() or FindObjectsByType<T>(FindObjectsInactive) instead. InstanceID will be replaced in the future with EntityId and previous sort order cannot be maintained.'
Assets\_Game\Scripts\Editor\SyntySky.cs(409,55): warning CS0618: 'FindObjectsSortMode' is obsolete: 'FindObjectsSortMode has been deprecated. Use the FindObjectsByType overloads that do not take a FindObjectsSortMode parameter.'
Assets\_Game\Scripts\Editor\SyntySky.cs(408,33): warning CS0618: 'Object.FindObjectsByType<T>(FindObjectsInactive, FindObjectsSortMode)' is obsolete: 'FindObjectsByType with FindObjectsSortMode parameter has been deprecated. Use FindObjectsByType<T>() or FindObjectsByType<T>(FindObjectsInactive) instead. InstanceID will be replaced in the future with EntityId and previous sort order cannot be maintained.'
Assets\_Game\Scripts\Editor\TerrainRelief.cs(300,46): warning CS0618: 'FindObjectsSortMode' is obsolete: 'FindObjectsSortMode has been deprecated. Use the FindObjectsByType overloads that do not take a FindObjectsSortMode parameter.'
Assets\_Game\Scripts\Editor\TerrainRelief.cs(299,27): warning CS0618: 'Object.FindObjectsByType<T>(FindObjectsInactive, FindObjectsSortMode)' is obsolete: 'FindObjectsByType with FindObjectsSortMode parameter has been deprecated. Use FindObjectsByType<T>() or FindObjectsByType<T>(FindObjectsInactive) instead. InstanceID will be replaced in the future with EntityId and previous sort order cannot be maintained.'
Assets\_Game\Scripts\Editor\SyntyMeadow.cs(392,46): warning CS0618: 'FindObjectsSortMode' is obsolete: 'FindObjectsSortMode has been deprecated. Use the FindObjectsByType overloads that do not take a FindObjectsSortMode parameter.'
Assets\_Game\Scripts\Editor\SyntyMeadow.cs(391,27): warning CS0618: 'Object.FindObjectsByType<T>(FindObjectsInactive, FindObjectsSortMode)' is obsolete: 'FindObjectsByType with FindObjectsSortMode parameter has been deprecated. Use FindObjectsByType<T>() or FindObjectsByType<T>(FindObjectsInactive) instead. InstanceID will be replaced in the future with EntityId and previous sort order cannot be maintained.'
Assets\_Game\Scripts\Editor\PendingTasks.cs(266,59): warning CS0618: 'FindObjectsSortMode' is obsolete: 'FindObjectsSortMode has been deprecated. Use the FindObjectsByType overloads that do not take a FindObjectsSortMode parameter.'
Assets\_Game\Scripts\Editor\PendingTasks.cs(265,40): warning CS0618: 'Object.FindObjectsByType<T>(FindObjectsInactive, FindObjectsSortMode)' is obsolete: 'FindObjectsByType with FindObjectsSortMode parameter has been deprecated. Use FindObjectsByType<T>() or FindObjectsByType<T>(FindObjectsInactive) instead. InstanceID will be replaced in the future with EntityId and previous sort order cannot be maintained.'
Assets\_Game\Scripts\Editor\PendingTasks.cs(324,59): warning CS0618: 'FindObjectsSortMode' is obsolete: 'FindObjectsSortMode has been deprecated. Use the FindObjectsByType overloads that do not take a FindObjectsSortMode parameter.'
Assets\_Game\Scripts\Editor\PendingTasks.cs(323,40): warning CS0618: 'Object.FindObjectsByType<T>(FindObjectsInactive, FindObjectsSortMode)' is obsolete: 'FindObjectsByType with FindObjectsSortMode parameter has been deprecated. Use FindObjectsByType<T>() or FindObjectsByType<T>(FindObjectsInactive) instead. InstanceID will be replaced in the future with EntityId and previous sort order cannot be maintained.'
Assets\_Game\Scripts\Editor\PendingTasks.cs(350,54): warning CS0618: 'FindObjectsSortMode' is obsolete: 'FindObjectsSortMode has been deprecated. Use the FindObjectsByType overloads that do not take a FindObjectsSortMode parameter.'
Assets\_Game\Scripts\Editor\PendingTasks.cs(349,34): warning CS0618: 'Object.FindObjectsByType<T>(FindObjectsInactive, FindObjectsSortMode)' is obsolete: 'FindObjectsByType with FindObjectsSortMode parameter has been deprecated. Use FindObjectsByType<T>() or FindObjectsByType<T>(FindObjectsInactive) instead. InstanceID will be replaced in the future with EntityId and previous sort order cannot be maintained.'
Assets\_Game\Scripts\Editor\PendingTasks.cs(364,59): warning CS0618: 'FindObjectsSortMode' is obsolete: 'FindObjectsSortMode has been deprecated. Use the FindObjectsByType overloads that do not take a FindObjectsSortMode parameter.'
Assets\_Game\Scripts\Editor\PendingTasks.cs(363,40): warning CS0618: 'Object.FindObjectsByType<T>(FindObjectsInactive, FindObjectsSortMode)' is obsolete: 'FindObjectsByType with FindObjectsSortMode parameter has been deprecated. Use FindObjectsByType<T>() or FindObjectsByType<T>(FindObjectsInactive) instead. InstanceID will be replaced in the future with EntityId and previous sort order cannot be maintained.'
Assets\_Game\Scripts\Editor\PendingTasks.cs(423,59): warning CS0618: 'FindObjectsSortMode' is obsolete: 'FindObjectsSortMode has been deprecated. Use the FindObjectsByType overloads that do not take a FindObjectsSortMode parameter.'
Assets\_Game\Scripts\Editor\PendingTasks.cs(422,40): warning CS0618: 'Object.FindObjectsByType<T>(FindObjectsInactive, FindObjectsSortMode)' is obsolete: 'FindObjectsByType with FindObjectsSortMode parameter has been deprecated. Use FindObjectsByType<T>() or FindObjectsByType<T>(FindObjectsInactive) instead. InstanceID will be replaced in the future with EntityId and previous sort order cannot be maintained.'
Assets\_Game\Scripts\Editor\PendingTasks.cs(460,59): warning CS0618: 'FindObjectsSortMode' is obsolete: 'FindObjectsSortMode has been deprecated. Use the FindObjectsByType overloads that do not take a FindObjectsSortMode parameter.'
Assets\_Game\Scripts\Editor\PendingTasks.cs(459,39): warning CS0618: 'Object.FindObjectsByType<T>(FindObjectsInactive, FindObjectsSortMode)' is obsolete: 'FindObjectsByType with FindObjectsSortMode parameter has been deprecated. Use FindObjectsByType<T>() or FindObjectsByType<T>(FindObjectsInactive) instead. InstanceID will be replaced in the future with EntityId and previous sort order cannot be maintained.'
Assets\_Game\Scripts\Editor\PendingTasks.cs(493,59): warning CS0618: 'FindObjectsSortMode' is obsolete: 'FindObjectsSortMode has been deprecated. Use the FindObjectsByType overloads that do not take a FindObjectsSortMode parameter.'
Assets\_Game\Scripts\Editor\PendingTasks.cs(492,40): warning CS0618: 'Object.FindObjectsByType<T>(FindObjectsInactive, FindObjectsSortMode)' is obsolete: 'FindObjectsByType with FindObjectsSortMode parameter has been deprecated. Use FindObjectsByType<T>() or FindObjectsByType<T>(FindObjectsInactive) instead. InstanceID will be replaced in the future with EntityId and previous sort order cannot be maintained.'
Assets\_Game\Scripts\Editor\PendingTasks.cs(621,63): warning CS0618: 'FindObjectsSortMode' is obsolete: 'FindObjectsSortMode has been deprecated. Use the FindObjectsByType overloads that do not take a FindObjectsSortMode parameter.'
Assets\_Game\Scripts\Editor\PendingTasks.cs(620,39): warning CS0618: 'Object.FindObjectsByType<T>(FindObjectsInactive, FindObjectsSortMode)' is obsolete: 'FindObjectsByType with FindObjectsSortMode parameter has been deprecated. Use FindObjectsByType<T>() or FindObjectsByType<T>(FindObjectsInactive) instead. InstanceID will be replaced in the future with EntityId and previous sort order cannot be maintained.'
Assets\_Game\Scripts\Editor\PendingTasks.cs(669,58): warning CS0618: 'FindObjectsSortMode' is obsolete: 'FindObjectsSortMode has been deprecated. Use the FindObjectsByType overloads that do not take a FindObjectsSortMode parameter.'
Assets\_Game\Scripts\Editor\PendingTasks.cs(668,36): warning CS0618: 'Object.FindObjectsByType<T>(FindObjectsInactive, FindObjectsSortMode)' is obsolete: 'FindObjectsByType with FindObjectsSortMode parameter has been deprecated. Use FindObjectsByType<T>() or FindObjectsByType<T>(FindObjectsInactive) instead. InstanceID will be replaced in the future with EntityId and previous sort order cannot be maintained.'
Assets\_Game\Scripts\Editor\PendingTasks.cs(859,54): warning CS0618: 'FindObjectsSortMode' is obsolete: 'FindObjectsSortMode has been deprecated. Use the FindObjectsByType overloads that do not take a FindObjectsSortMode parameter.'
Assets\_Game\Scripts\Editor\PendingTasks.cs(858,37): warning CS0618: 'Object.FindObjectsByType<T>(FindObjectsInactive, FindObjectsSortMode)' is obsolete: 'FindObjectsByType with FindObjectsSortMode parameter has been deprecated. Use FindObjectsByType<T>() or FindObjectsByType<T>(FindObjectsInactive) instead. InstanceID will be replaced in the future with EntityId and previous sort order cannot be maintained.'
Assets\_Game\Scripts\Editor\PendingTasks.cs(866,59): warning CS0618: 'FindObjectsSortMode' is obsolete: 'FindObjectsSortMode has been deprecated. Use the FindObjectsByType overloads that do not take a FindObjectsSortMode parameter.'
Assets\_Game\Scripts\Editor\PendingTasks.cs(865,39): warning CS0618: 'Object.FindObjectsByType<T>(FindObjectsInactive, FindObjectsSortMode)' is obsolete: 'FindObjectsByType with FindObjectsSortMode parameter has been deprecated. Use FindObjectsByType<T>() or FindObjectsByType<T>(FindObjectsInactive) instead. InstanceID will be replaced in the future with EntityId and previous sort order cannot be maintained.'
Assets\_Game\Scripts\Editor\PendingTasks.cs(918,59): warning CS0618: 'FindObjectsSortMode' is obsolete: 'FindObjectsSortMode has been deprecated. Use the FindObjectsByType overloads that do not take a FindObjectsSortMode parameter.'
Assets\_Game\Scripts\Editor\PendingTasks.cs(917,39): warning CS0618: 'Object.FindObjectsByType<T>(FindObjectsInactive, FindObjectsSortMode)' is obsolete: 'FindObjectsByType with FindObjectsSortMode parameter has been deprecated. Use FindObjectsByType<T>() or FindObjectsByType<T>(FindObjectsInactive) instead. InstanceID will be replaced in the future with EntityId and previous sort order cannot be maintained.'
Assets\_Game\Scripts\Editor\PendingTasks.cs(926,59): warning CS0618: 'FindObjectsSortMode' is obsolete: 'FindObjectsSortMode has been deprecated. Use the FindObjectsByType overloads that do not take a FindObjectsSortMode parameter.'
Assets\_Game\Scripts\Editor\PendingTasks.cs(925,40): warning CS0618: 'Object.FindObjectsByType<T>(FindObjectsInactive, FindObjectsSortMode)' is obsolete: 'FindObjectsByType with FindObjectsSortMode parameter has been deprecated. Use FindObjectsByType<T>() or FindObjectsByType<T>(FindObjectsInactive) instead. InstanceID will be replaced in the future with EntityId and previous sort order cannot be maintained.'
Assets\_Game\Scripts\Editor\PendingTasks.cs(998,75): warning CS0618: 'FindObjectsSortMode' is obsolete: 'FindObjectsSortMode has been deprecated. Use the FindObjectsByType overloads that do not take a FindObjectsSortMode parameter.'
Assets\_Game\Scripts\Editor\PendingTasks.cs(997,53): warning CS0618: 'Object.FindObjectsByType<T>(FindObjectsInactive, FindObjectsSortMode)' is obsolete: 'FindObjectsByType with FindObjectsSortMode parameter has been deprecated. Use FindObjectsByType<T>() or FindObjectsByType<T>(FindObjectsInactive) instead. InstanceID will be replaced in the future with EntityId and previous sort order cannot be maintained.'
Assets\_Game\Scripts\Editor\PendingTasks.cs(1014,58): warning CS0618: 'FindObjectsSortMode' is obsolete: 'FindObjectsSortMode has been deprecated. Use the FindObjectsByType overloads that do not take a FindObjectsSortMode parameter.'
Assets\_Game\Scripts\Editor\PendingTasks.cs(1013,33): warning CS0618: 'Object.FindObjectsByType<T>(FindObjectsInactive, FindObjectsSortMode)' is obsolete: 'FindObjectsByType with FindObjectsSortMode parameter has been deprecated. Use FindObjectsByType<T>() or FindObjectsByType<T>(FindObjectsInactive) instead. InstanceID will be replaced in the future with EntityId and previous sort order cannot be maintained.'
Assets\_Game\Scripts\Editor\PendingTasks.cs(1406,67): warning CS0618: 'FindObjectsSortMode' is obsolete: 'FindObjectsSortMode has been deprecated. Use the FindObjectsByType overloads that do not take a FindObjectsSortMode parameter.'
Assets\_Game\Scripts\Editor\PendingTasks.cs(1405,49): warning CS0618: 'Object.FindObjectsByType<T>(FindObjectsInactive, FindObjectsSortMode)' is obsolete: 'FindObjectsByType with FindObjectsSortMode parameter has been deprecated. Use FindObjectsByType<T>() or FindObjectsByType<T>(FindObjectsInactive) instead. InstanceID will be replaced in the future with EntityId and previous sort order cannot be maintained.'
Assets\_Game\Scripts\Editor\PendingTasks.cs(1505,67): warning CS0618: 'FindObjectsSortMode' is obsolete: 'FindObjectsSortMode has been deprecated. Use the FindObjectsByType overloads that do not take a FindObjectsSortMode parameter.'
Assets\_Game\Scripts\Editor\PendingTasks.cs(1504,43): warning CS0618: 'Object.FindObjectsByType<T>(FindObjectsInactive, FindObjectsSortMode)' is obsolete: 'FindObjectsByType with FindObjectsSortMode parameter has been deprecated. Use FindObjectsByType<T>() or FindObjectsByType<T>(FindObjectsInactive) instead. InstanceID will be replaced in the future with EntityId and previous sort order cannot be maintained.'
Assets\_Game\Scripts\Editor\PendingTasks.cs(1574,67): warning CS0618: 'FindObjectsSortMode' is obsolete: 'FindObjectsSortMode has been deprecated. Use the FindObjectsByType overloads that do not take a FindObjectsSortMode parameter.'
Assets\_Game\Scripts\Editor\PendingTasks.cs(1573,43): warning CS0618: 'Object.FindObjectsByType<T>(FindObjectsInactive, FindObjectsSortMode)' is obsolete: 'FindObjectsByType with FindObjectsSortMode parameter has been deprecated. Use FindObjectsByType<T>() or FindObjectsByType<T>(FindObjectsInactive) instead. InstanceID will be replaced in the future with EntityId and previous sort order cannot be maintained.'
Assets\_Game\Scripts\Editor\PendingTasks.cs(1609,67): warning CS0618: 'FindObjectsSortMode' is obsolete: 'FindObjectsSortMode has been deprecated. Use the FindObjectsByType overloads that do not take a FindObjectsSortMode parameter.'
Assets\_Game\Scripts\Editor\PendingTasks.cs(1608,43): warning CS0618: 'Object.FindObjectsByType<T>(FindObjectsInactive, FindObjectsSortMode)' is obsolete: 'FindObjectsByType with FindObjectsSortMode parameter has been deprecated. Use FindObjectsByType<T>() or FindObjectsByType<T>(FindObjectsInactive) instead. InstanceID will be replaced in the future with EntityId and previous sort order cannot be maintained.'
Assets\_Game\Scripts\Editor\PendingTasks.cs(1893,63): warning CS0618: 'FindObjectsSortMode' is obsolete: 'FindObjectsSortMode has been deprecated. Use the FindObjectsByType overloads that do not take a FindObjectsSortMode parameter.'
Assets\_Game\Scripts\Editor\PendingTasks.cs(1892,40): warning CS0618: 'Object.FindObjectsByType<T>(FindObjectsInactive, FindObjectsSortMode)' is obsolete: 'FindObjectsByType with FindObjectsSortMode parameter has been deprecated. Use FindObjectsByType<T>() or FindObjectsByType<T>(FindObjectsInactive) instead. InstanceID will be replaced in the future with EntityId and previous sort order cannot be maintained.'
Assets\_Game\Scripts\Editor\PendingTasks.cs(1945,54): warning CS0618: 'FindObjectsSortMode' is obsolete: 'FindObjectsSortMode has been deprecated. Use the FindObjectsByType overloads that do not take a FindObjectsSortMode parameter.'
Assets\_Game\Scripts\Editor\PendingTasks.cs(1944,35): warning CS0618: 'Object.FindObjectsByType<T>(FindObjectsInactive, FindObjectsSortMode)' is obsolete: 'FindObjectsByType with FindObjectsSortMode parameter has been deprecated. Use FindObjectsByType<T>() or FindObjectsByType<T>(FindObjectsInactive) instead. InstanceID will be replaced in the future with EntityId and previous sort order cannot be maintained.'
Assets\_Game\Scripts\Editor\PendingTasks.cs(2303,59): warning CS0618: 'FindObjectsSortMode' is obsolete: 'FindObjectsSortMode has been deprecated. Use the FindObjectsByType overloads that do not take a FindObjectsSortMode parameter.'
Assets\_Game\Scripts\Editor\PendingTasks.cs(2302,40): warning CS0618: 'Object.FindObjectsByType<T>(FindObjectsInactive, FindObjectsSortMode)' is obsolete: 'FindObjectsByType with FindObjectsSortMode parameter has been deprecated. Use FindObjectsByType<T>() or FindObjectsByType<T>(FindObjectsInactive) instead. InstanceID will be replaced in the future with EntityId and previous sort order cannot be maintained.'
Assets\_Game\Scripts\Editor\PendingTasks.cs(2346,63): warning CS0618: 'FindObjectsSortMode' is obsolete: 'FindObjectsSortMode has been deprecated. Use the FindObjectsByType overloads that do not take a FindObjectsSortMode parameter.'
Assets\_Game\Scripts\Editor\PendingTasks.cs(2345,39): warning CS0618: 'Object.FindObjectsByType<T>(FindObjectsInactive, FindObjectsSortMode)' is obsolete: 'FindObjectsByType with FindObjectsSortMode parameter has been deprecated. Use FindObjectsByType<T>() or FindObjectsByType<T>(FindObjectsInactive) instead. InstanceID will be replaced in the future with EntityId and previous sort order cannot be maintained.'
Assets\_Game\Scripts\Editor\PendingTasks.cs(2456,63): warning CS0618: 'FindObjectsSortMode' is obsolete: 'FindObjectsSortMode has been deprecated. Use the FindObjectsByType overloads that do not take a FindObjectsSortMode parameter.'
Assets\_Game\Scripts\Editor\PendingTasks.cs(2455,39): warning CS0618: 'Object.FindObjectsByType<T>(FindObjectsInactive, FindObjectsSortMode)' is obsolete: 'FindObjectsByType with FindObjectsSortMode parameter has been deprecated. Use FindObjectsByType<T>() or FindObjectsByType<T>(FindObjectsInactive) instead. InstanceID will be replaced in the future with EntityId and previous sort order cannot be maintained.'
Assets\_Game\Scripts\Editor\PendingTasks.cs(2498,67): warning CS0618: 'FindObjectsSortMode' is obsolete: 'FindObjectsSortMode has been deprecated. Use the FindObjectsByType overloads that do not take a FindObjectsSortMode parameter.'
Assets\_Game\Scripts\Editor\PendingTasks.cs(2496,40): warning CS0618: 'Object.FindObjectsByType<T>(FindObjectsInactive, FindObjectsSortMode)' is obsolete: 'FindObjectsByType with FindObjectsSortMode parameter has been deprecated. Use FindObjectsByType<T>() or FindObjectsByType<T>(FindObjectsInactive) instead. InstanceID will be replaced in the future with EntityId and previous sort order cannot be maintained.'
Assets\_Game\Scripts\Editor\PendingTasks.cs(2543,64): warning CS0618: 'FindObjectsSortMode' is obsolete: 'FindObjectsSortMode has been deprecated. Use the FindObjectsByType overloads that do not take a FindObjectsSortMode parameter.'
Assets\_Game\Scripts\Editor\PendingTasks.cs(2542,31): warning CS0618: 'Object.FindObjectsByType<T>(FindObjectsInactive, FindObjectsSortMode)' is obsolete: 'FindObjectsByType with FindObjectsSortMode parameter has been deprecated. Use FindObjectsByType<T>() or FindObjectsByType<T>(FindObjectsInactive) instead. InstanceID will be replaced in the future with EntityId and previous sort order cannot be maintained.'
Assets\_Game\Scripts\Editor\PendingTasks.cs(2628,63): warning CS0618: 'FindObjectsSortMode' is obsolete: 'FindObjectsSortMode has been deprecated. Use the FindObjectsByType overloads that do not take a FindObjectsSortMode parameter.'
Assets\_Game\Scripts\Editor\PendingTasks.cs(2627,39): warning CS0618: 'Object.FindObjectsByType<T>(FindObjectsInactive, FindObjectsSortMode)' is obsolete: 'FindObjectsByType with FindObjectsSortMode parameter has been deprecated. Use FindObjectsByType<T>() or FindObjectsByType<T>(FindObjectsInactive) instead. InstanceID will be replaced in the future with EntityId and previous sort order cannot be maintained.'
Assets\_Game\Scripts\Editor\PendingTasks.cs(2689,63): warning CS0618: 'FindObjectsSortMode' is obsolete: 'FindObjectsSortMode has been deprecated. Use the FindObjectsByType overloads that do not take a FindObjectsSortMode parameter.'
Assets\_Game\Scripts\Editor\PendingTasks.cs(2688,39): warning CS0618: 'Object.FindObjectsByType<T>(FindObjectsInactive, FindObjectsSortMode)' is obsolete: 'FindObjectsByType with FindObjectsSortMode parameter has been deprecated. Use FindObjectsByType<T>() or FindObjectsByType<T>(FindObjectsInactive) instead. InstanceID will be replaced in the future with EntityId and previous sort order cannot be maintained.'
Assets\_Game\Scripts\Editor\PendingTasks.cs(2778,63): warning CS0618: 'FindObjectsSortMode' is obsolete: 'FindObjectsSortMode has been deprecated. Use the FindObjectsByType overloads that do not take a FindObjectsSortMode parameter.'
Assets\_Game\Scripts\Editor\PendingTasks.cs(2777,39): warning CS0618: 'Object.FindObjectsByType<T>(FindObjectsInactive, FindObjectsSortMode)' is obsolete: 'FindObjectsByType with FindObjectsSortMode parameter has been deprecated. Use FindObjectsByType<T>() or FindObjectsByType<T>(FindObjectsInactive) instead. InstanceID will be replaced in the future with EntityId and previous sort order cannot be maintained.'
Assets\_Game\Scripts\Editor\PendingTasks.cs(2804,69): warning CS0618: 'FindObjectsSortMode' is obsolete: 'FindObjectsSortMode has been deprecated. Use the FindObjectsByType overloads that do not take a FindObjectsSortMode parameter.'
Assets\_Game\Scripts\Editor\PendingTasks.cs(2803,36): warning CS0618: 'Object.FindObjectsByType<T>(FindObjectsInactive, FindObjectsSortMode)' is obsolete: 'FindObjectsByType with FindObjectsSortMode parameter has been deprecated. Use FindObjectsByType<T>() or FindObjectsByType<T>(FindObjectsInactive) instead. InstanceID will be replaced in the future with EntityId and previous sort order cannot be maintained.'
Assets\_Game\Scripts\Editor\PendingTasks.cs(2974,63): warning CS0618: 'FindObjectsSortMode' is obsolete: 'FindObjectsSortMode has been deprecated. Use the FindObjectsByType overloads that do not take a FindObjectsSortMode parameter.'
Assets\_Game\Scripts\Editor\PendingTasks.cs(2973,39): warning CS0618: 'Object.FindObjectsByType<T>(FindObjectsInactive, FindObjectsSortMode)' is obsolete: 'FindObjectsByType with FindObjectsSortMode parameter has been deprecated. Use FindObjectsByType<T>() or FindObjectsByType<T>(FindObjectsInactive) instead. InstanceID will be replaced in the future with EntityId and previous sort order cannot be maintained.'
Assets\_Game\Scripts\Editor\PendingTasks.cs(3017,54): warning CS0618: 'FindObjectsSortMode' is obsolete: 'FindObjectsSortMode has been deprecated. Use the FindObjectsByType overloads that do not take a FindObjectsSortMode parameter.'
Assets\_Game\Scripts\Editor\PendingTasks.cs(3016,37): warning CS0618: 'Object.FindObjectsByType<T>(FindObjectsInactive, FindObjectsSortMode)' is obsolete: 'FindObjectsByType with FindObjectsSortMode parameter has been deprecated. Use FindObjectsByType<T>() or FindObjectsByType<T>(FindObjectsInactive) instead. InstanceID will be replaced in the future with EntityId and previous sort order cannot be maintained.'
Assets\_Game\Scripts\Editor\PendingTasks.cs(3025,71): warning CS0618: 'FindObjectsSortMode' is obsolete: 'FindObjectsSortMode has been deprecated. Use the FindObjectsByType overloads that do not take a FindObjectsSortMode parameter.'
Assets\_Game\Scripts\Editor\PendingTasks.cs(3023,47): warning CS0618: 'Object.FindObjectsByType<T>(FindObjectsInactive, FindObjectsSortMode)' is obsolete: 'FindObjectsByType with FindObjectsSortMode parameter has been deprecated. Use FindObjectsByType<T>() or FindObjectsByType<T>(FindObjectsInactive) instead. InstanceID will be replaced in the future with EntityId and previous sort order cannot be maintained.'
Assets\_Game\Scripts\Editor\PendingTasks.cs(3081,67): warning CS0618: 'FindObjectsSortMode' is obsolete: 'FindObjectsSortMode has been deprecated. Use the FindObjectsByType overloads that do not take a FindObjectsSortMode parameter.'
Assets\_Game\Scripts\Editor\PendingTasks.cs(3079,42): warning CS0618: 'Object.FindObjectsByType<T>(FindObjectsInactive, FindObjectsSortMode)' is obsolete: 'FindObjectsByType with FindObjectsSortMode parameter has been deprecated. Use FindObjectsByType<T>() or FindObjectsByType<T>(FindObjectsInactive) instead. InstanceID will be replaced in the future with EntityId and previous sort order cannot be maintained.'
Assets\_Game\Scripts\Editor\PendingTasks.cs(3168,54): warning CS0618: 'FindObjectsSortMode' is obsolete: 'FindObjectsSortMode has been deprecated. Use the FindObjectsByType overloads that do not take a FindObjectsSortMode parameter.'
Assets\_Game\Scripts\Editor\PendingTasks.cs(3167,35): warning CS0618: 'Object.FindObjectsByType<T>(FindObjectsInactive, FindObjectsSortMode)' is obsolete: 'FindObjectsByType with FindObjectsSortMode parameter has been deprecated. Use FindObjectsByType<T>() or FindObjectsByType<T>(FindObjectsInactive) instead. InstanceID will be replaced in the future with EntityId and previous sort order cannot be maintained.'
Assets\_Game\Scripts\Editor\PendingTasks.cs(3299,54): warning CS0618: 'FindObjectsSortMode' is obsolete: 'FindObjectsSortMode has been deprecated. Use the FindObjectsByType overloads that do not take a FindObjectsSortMode parameter.'
Assets\_Game\Scripts\Editor\PendingTasks.cs(3298,32): warning CS0618: 'Object.FindObjectsByType<T>(FindObjectsInactive, FindObjectsSortMode)' is obsolete: 'FindObjectsByType with FindObjectsSortMode parameter has been deprecated. Use FindObjectsByType<T>() or FindObjectsByType<T>(FindObjectsInactive) instead. InstanceID will be replaced in the future with EntityId and previous sort order cannot be maintained.'
Assets\_Game\Scripts\Editor\PendingTasks.cs(3413,54): warning CS0618: 'FindObjectsSortMode' is obsolete: 'FindObjectsSortMode has been deprecated. Use the FindObjectsByType overloads that do not take a FindObjectsSortMode parameter.'
Assets\_Game\Scripts\Editor\PendingTasks.cs(3412,35): warning CS0618: 'Object.FindObjectsByType<T>(FindObjectsInactive, FindObjectsSortMode)' is obsolete: 'FindObjectsByType with FindObjectsSortMode parameter has been deprecated. Use FindObjectsByType<T>() or FindObjectsByType<T>(FindObjectsInactive) instead. InstanceID will be replaced in the future with EntityId and previous sort order cannot be maintained.'
Assets\_Game\Scripts\Editor\PendingTasks.cs(3494,59): warning CS0618: 'FindObjectsSortMode' is obsolete: 'FindObjectsSortMode has been deprecated. Use the FindObjectsByType overloads that do not take a FindObjectsSortMode parameter.'
Assets\_Game\Scripts\Editor\PendingTasks.cs(3493,40): warning CS0618: 'Object.FindObjectsByType<T>(FindObjectsInactive, FindObjectsSortMode)' is obsolete: 'FindObjectsByType with FindObjectsSortMode parameter has been deprecated. Use FindObjectsByType<T>() or FindObjectsByType<T>(FindObjectsInactive) instead. InstanceID will be replaced in the future with EntityId and previous sort order cannot be maintained.'
AssetDatabase: script compilation time: 4.396611s
Begin MonoManager ReloadAssembly
Total cache size 119876194
Total cache size after purge 119876194, took 00:00:00.1971737
Refreshing native plugins compatible for Editor in 4.58 ms, found 6 plugins.
Native extension for WindowsStandalone target not found
Native extension for WebGL target not found
Refreshing native plugins compatible for Editor in 4.84 ms, found 6 plugins.
ScheduleIndexationOnStartup MainProcess:True IndexOnStartup:True
Mono: successfully reloaded assembly
- Finished resetting the current domain, in  6.499 seconds
Domain Reload Profiling: 7618ms
	BeginReloadAssembly (290ms)
		DisableScriptedObjects (33ms)
		CreateAndSetChildDomain (54ms)
	RebuildCommonClasses (10ms)
	RebuildNativeTypeToScriptingClass (21ms)
	initialDomainReloadingComplete (72ms)
	LoadAllAssembliesAndSetupDomain (724ms)
		LoadAssemblies (394ms)
		AnalyzeDomain (319ms)
			TypeCache.Refresh (229ms)
				TypeCache.ScanAssembly (215ms)
			BuildScriptInfoCaches (78ms)
			ResolveRequiredComponents (10ms)
	FinalizeReload (6500ms)
		SetupLoadedEditorAssemblies (0ms)
			BeforeProcessingInitializeOnLoad (104ms)
			ProcessInitializeOnLoadAttributes (5728ms)
			ProcessInitializeOnLoadMethodAttributes (226ms)
			AfterProcessingInitializeOnLoad (8ms)
		AwakeInstancesAfterBackupRestoration (28ms)
Starting new worker id: 0 with log in D:/GAME Ai/IsoRPG/Logs/AssetImportWorkerHW0.log
Refreshing native plugins compatible for Editor in 4.24 ms, found 6 plugins.

Asset Pipeline Refresh (id=6908e593219cb8c42b3c89b65dfc9624): Total: 14.408 seconds - Initiated by InitialRefreshV2(ForceSynchronousImport)
	(Values over 0.05ms)
	Summary:
		Imports: total=0 (actual=0, local cache=0, cache server=0)
		Asset DB Process Time: managed=0 ms, native=8171 ms
		Asset DB Callback time: managed=558 ms, native=28 ms
		Scripting: domain reloads=1, domain reload time=1178 ms, compile time=4398 ms, other=72 ms
		Project Asset Count: scripts=3036, non-scripts=45480
		Asset File Changes: new=0, changed=4, moved=0, deleted=0
		Scan Filter Count: 0
	InvokePackagesCallback: 20.136ms
	ApplyChangesToAssetFolders: 0.699ms
	Scan: 246.431ms
	Collect global state as custom dependencies: 19.696ms
	OnSourceAssetsModified: 0.731ms
	CategorizeScriptCompilationAssets: 64.067ms
	ProcessAssetsWithTransientArtifactChanges: 117.930ms
	CategorizeAssets: 446.213ms
	CompileScripts: 4397.962ms
	ImportOutOfDateAssets: 7097.075ms (6542.402ms without children)
		ReloadNativeAssets: 0.608ms
		UnloadImportedAssets: 51.172ms
		EnsureUptoDateAssetsAreRegisteredWithGuidPM: 9.970ms
		ImportSchedulerStart: 492.916ms
	PostProcessAllAssets: 560.125ms
		VCAutoAddAssetPostprocess 1.088ms
		XRBuildSystem.XRAssetImported 0.807ms
		MonoPostProcessAllAssets: 557.751ms
			AssetPostprocessor.OnPostprocessAllAssets 456.430ms
			StyleCatalogPostProcessor.OnPostprocessAllAssets 44.487ms
			UniversalRenderPipelineGlobalSettingsPostprocessor.OnPostprocessAllAssets 10.845ms
			SyncVS.PostprocessSyncProject 10.689ms
			BuilderAssetPostprocessor.OnPostprocessAllAssets 6.416ms
			WindowAssetPostprocessingWatcher.OnPostprocessAllAssets 2.009ms
			SpeedTree9Postprocessor.OnPostprocessAllAssets 1.886ms
			ShaderGraphAssetPostProcessor.OnPostprocessAllAssets 1.626ms
			AssetChangedListener.OnPostprocessAllAssets 1.598ms
			RetainedModeAssetPostprocessor.OnPostprocessAllAssets 1.304ms
			EditModeScopePostprocessor.OnPostprocessAllAssets 0.822ms
			MaterialPostprocessor.OnPostprocessAllAssets 0.755ms
			RenderPipelineGlobalSettingsPostprocessor.OnPostprocessAllAssets 0.718ms
			ArtifactBrowserPostProcessor.OnPostprocessAllAssets 0.563ms
			PluginAssetPostProcessor.OnPostprocessAllAssets 0.533ms
			CozyShaderPostProcessor.OnPostprocessAllAssets 0.464ms
			InputActionAssetPostprocessor.OnPostprocessAllAssets 0.401ms
			AudioMixerPostprocessor.OnPostprocessAllAssets 0.387ms
			UVCSAssetPostprocessor.OnPostprocessAllAssets 0.377ms
			TextAssetPostProcessor.OnPostprocessAllAssets 0.353ms
			SampleDependencyImporterPostProcessor.OnPostprocessAllAssets 0.344ms
			ReferencedClipsPostProcessor.OnPostprocessAllAssets 0.343ms
			ShaderReflectionAssetPostProcessor.OnPostprocessAllAssets 0.328ms
			InputActionJsonNameModifierAssetProcessor.OnPostprocessAllAssets 0.315ms
			AssetEvents.OnPostprocessAllAssets 0.284ms
			TMPro_TexturePostProcessor.OnPostprocessAllAssets 0.254ms
			PostProcessor.OnPostprocessAllAssets 0.252ms
			WaterShaderAssetPostProcessor.OnPostprocessAllAssets 0.236ms
			TerrainToolbarOverlayPostProcessor.OnPostprocessAllAssets 0.190ms
			AssetDatabaseCallbacks.OnPostprocessAllAssets 0.179ms
			ConfigAssetsTracker.OnPostprocessAllAssets 0.159ms
			SamplePostprocessor.OnPostprocessAllAssets 0.153ms
			SpeedTreePostProcessor.OnPostprocessAllAssets 0.147ms
			ProjectSettingsPostprocessor.OnPostprocessAllAssets 0.145ms
			ScenarioDriftAssetsTracker.OnPostprocessAllAssets 0.139ms
			AssetReloadNotifier.OnPostprocessAllAssets 0.110ms
			AudioContainerPostProcessor.OnPostprocessAllAssets 0.087ms
	PostAssetChangesProfiler: 8.048ms
	UnloadStreamsBegin: 3.775ms
	PersistCurrentRevisions: 2.979ms
	GenerateScriptTypeHashes: 5.148ms
	GenerateScriptTypeSerializationHashes: 8.106ms
	Untracked: 1406.165ms

Application.AssetDatabase Initial Refresh End
Shader 'SyntyStudios/SkyboxUnlit': fallback shader 'wiiu' not found
Shader 'SyntyStudios/CloudShader': fallback shader 'wiiu' not found
Shader 'SyntyStudios/TriplanarBasic': fallback shader 'wiiu' not found
Shader 'SyntyStudios/CloudShaderNoFog': fallback shader 'wiiu' not found
Shader 'SyntyStudios/SkyboxUnlitNoFog': fallback shader 'wiiu' not found
Shader 'SyntyStudios/Basic_LOD_Shader': fallback shader 'wiiu' not found
Launched and connected shader compiler UnityShaderCompiler.exe after 0.01 seconds
Shader 'SyntyStudios/CloudShaderNoFog': fallback shader 'wiiu' not found
Shader 'SyntyStudios/SkyboxUnlit': fallback shader 'wiiu' not found
Shader 'SyntyStudios/SkyboxUnlitNoFog': fallback shader 'wiiu' not found
Shader 'SyntyStudios/TriplanarBasic': fallback shader 'wiiu' not found
Shader 'SyntyStudios/Basic_LOD_Shader': fallback shader 'wiiu' not found
Shader 'SyntyStudios/CloudShader': fallback shader 'wiiu' not found
Scanning for USB devices : 3.760ms
Initializing Unity extensions:
[MODES] ModeService[none].Initialize
[MODES] ModeService[none].LoadModes
[MODES] Loading mode Default (0) for mode-current-id-Adventures of Zhenya
Curl error 35: Cert verify failed. Certificate could not be verified (either omitted or unsupported). UnityTls error code: 7
Unloading 110 Unused Serialized files (Serialized files now loaded: 0)
Curl error 35: Cert verify failed. Certificate could not be verified (either omitted or unsupported). UnityTls error code: 7
Unloading 20941 unused Assets / (236.3 MB). Loaded Objects now: 9128.
Memory consumption went from 1.29 GB to 1.06 GB.
Total: 83.499400 ms (FindLiveObjects: 2.050900 ms CreateObjectMapping: 9.287800 ms MarkObjects: 7.617600 ms  DeleteObjects: 64.541000 ms)

[IsoRPG] Пакетный запуск: начинаю.
UnityEngine.Debug:ExtractStackTraceNoAlloc (byte*,int,string)
UnityEngine.StackTraceUtility:ExtractStackTrace ()
UnityEngine.DebugLogHandler:Internal_Log (UnityEngine.LogType,UnityEngine.LogOption,string,UnityEngine.Object)
UnityEngine.DebugLogHandler:LogFormat (UnityEngine.LogType,UnityEngine.Object,string,object[])
UnityEngine.Logger:Log (UnityEngine.LogType,object)
UnityEngine.Debug:Log (object)
IsoRPG.EditorTools.BatchRunner:Run () (at Assets/_Game/Scripts/Editor/BatchRunner.cs:44)

(Filename: Assets/_Game/Scripts/Editor/BatchRunner.cs Line: 44)

Opening scene 'Assets/_Game/Scenes/Arena.unity'
Worker ready: AssetImportWorkerHW0 0
Unloading 48 Unused Serialized files (Serialized files now loaded: 0)
[IsoRPG] Рельеф отдан шейдеру травы: карта 513x513, участок 600 x 600 м, высота 100 м, начало (-300, -300).
UnityEngine.Debug:ExtractStackTraceNoAlloc (byte*,int,string)
UnityEngine.StackTraceUtility:ExtractStackTrace ()
UnityEngine.DebugLogHandler:Internal_Log (UnityEngine.LogType,UnityEngine.LogOption,string,UnityEngine.Object)
UnityEngine.DebugLogHandler:LogFormat (UnityEngine.LogType,UnityEngine.Object,string,object[])
UnityEngine.Logger:Log (UnityEngine.LogType,object)
UnityEngine.Debug:Log (object)
IsoRPG.World.TerrainConform:Build () (at Assets/_Game/Scripts/Runtime/World/TerrainConform.cs:103)
IsoRPG.World.TerrainConform:OnEnable () (at Assets/_Game/Scripts/Runtime/World/TerrainConform.cs:35)
UnityEditor.SceneManagement.EditorSceneManager:OpenScene (string,UnityEditor.SceneManagement.OpenSceneMode)
IsoRPG.EditorTools.BatchRunner:Run () (at Assets/_Game/Scripts/Editor/BatchRunner.cs:48)

(Filename: Assets/_Game/Scripts/Runtime/World/TerrainConform.cs Line: 103)

Problem detected while opening the Scene file: 'Assets/_Game/Scenes/Arena.unity'.
Check the following logs for more details.
UnityEngine.Debug:ExtractStackTraceNoAlloc (byte*,int,string)
UnityEngine.StackTraceUtility:ExtractStackTrace ()
UnityEditor.SceneManagement.EditorSceneManager:OpenScene (string,UnityEditor.SceneManagement.OpenSceneMode)
IsoRPG.EditorTools.BatchRunner:Run () (at Assets/_Game/Scripts/Editor/BatchRunner.cs:48)

[Assets/_Game/Scripts/Editor/BatchRunner.cs line 48]

Prefab instance problem: 'Облака нижние (Missing Prefab with guid: 43b4428d0fc5cbf46960442c0d519921)'. 2 instances are missing the same Prefab Asset with guid 43b4428d0fc5cbf46960442c0d519921.
UnityEngine.Debug:ExtractStackTraceNoAlloc (byte*,int,string)
UnityEngine.StackTraceUtility:ExtractStackTrace ()
UnityEditor.SceneManagement.EditorSceneManager:OpenScene (string,UnityEditor.SceneManagement.OpenSceneMode)
IsoRPG.EditorTools.BatchRunner:Run () (at Assets/_Game/Scripts/Editor/BatchRunner.cs:48)

[Assets/_Game/Scripts/Editor/BatchRunner.cs line 48]

Prefab instance problem: 'Купол верхний (Missing Prefab with guid: fa87ec9e93121d649873e51829966a11)'. 2 instances are missing the same Prefab Asset with guid fa87ec9e93121d649873e51829966a11.
UnityEngine.Debug:ExtractStackTraceNoAlloc (byte*,int,string)
UnityEngine.StackTraceUtility:ExtractStackTrace ()
UnityEditor.SceneManagement.EditorSceneManager:OpenScene (string,UnityEditor.SceneManagement.OpenSceneMode)
IsoRPG.EditorTools.BatchRunner:Run () (at Assets/_Game/Scripts/Editor/BatchRunner.cs:48)

[Assets/_Game/Scripts/Editor/BatchRunner.cs line 48]

Loaded scene 'Assets/_Game/Scenes/Arena.unity'
	Deserialize:            168.432 ms
	Integration:            618.727 ms
	Integration of assets:  0.126 ms
	Thread Wait Time:       0.015 ms
	Total Operation Time:   787.299 ms
Unloading 3 unused Assets / (2.0 KB). Loaded Objects now: 41216.
Memory consumption went from 0.95 GB to 0.95 GB.
Total: 16.405400 ms (FindLiveObjects: 4.093800 ms CreateObjectMapping: 3.190700 ms MarkObjects: 9.034900 ms  DeleteObjects: 0.084900 ms)

[IsoRPG] Открыта сцена Assets/_Game/Scenes/Arena.unity
UnityEngine.Debug:ExtractStackTraceNoAlloc (byte*,int,string)
UnityEngine.StackTraceUtility:ExtractStackTrace ()
UnityEngine.DebugLogHandler:Internal_Log (UnityEngine.LogType,UnityEngine.LogOption,string,UnityEngine.Object)
UnityEngine.DebugLogHandler:LogFormat (UnityEngine.LogType,UnityEngine.Object,string,object[])
UnityEngine.Logger:Log (UnityEngine.LogType,object)
UnityEngine.Debug:Log (object)
IsoRPG.EditorTools.BatchRunner:Run () (at Assets/_Game/Scripts/Editor/BatchRunner.cs:49)

(Filename: Assets/_Game/Scripts/Editor/BatchRunner.cs Line: 49)

[ScriptCompilation] Requested script compilation because: AssetDatabase observed changes in script compilation related files
Refreshing native plugins compatible for Editor in 6.38 ms, found 6 plugins.

Asset Pipeline Refresh (id=a7032719e2e886b469cf862b1afa2676): Total: 1.059 seconds - Initiated by RefreshV2(NoUpdateAssetOptions)
	(Values over 0.05ms)
	Summary:
		Imports: total=0 (actual=0, local cache=0, cache server=0)
		Asset DB Process Time: managed=0 ms, native=1034 ms
		Asset DB Callback time: managed=5 ms, native=18 ms
		Scripting: domain reloads=0, domain reload time=0 ms, compile time=1 ms, other=0 ms
		Project Asset Count: scripts=3036, non-scripts=45480
		Asset File Changes: new=0, changed=1, moved=0, deleted=0
		Scan Filter Count: 0
	ApplyChangesToAssetFolders: 0.209ms
	Scan: 6.972ms
	Collect global state as custom dependencies: 0.663ms
	OnSourceAssetsModified: 0.670ms
	ProcessAssetsWithTransientArtifactChanges: 0.326ms
	CategorizeAssets: 367.164ms
	CompileScripts: 0.541ms
	ImportOutOfDateAssets: 561.842ms (30.953ms without children)
		ReloadNativeAssets: 0.079ms
		UnloadImportedAssets: 0.225ms
		EnsureUptoDateAssetsAreRegisteredWithGuidPM: 12.907ms
		ImportSchedulerStart: 517.668ms
	PostProcessAllAssets: 14.669ms
		XRBuildSystem.XRAssetImported 9.213ms
		MonoPostProcessAllAssets: 5.319ms
			AssetPostprocessor.OnPostprocessAllAssets 3.300ms
			SyncVS.PostprocessSyncProject 1.367ms
			ShaderGraphAssetPostProcessor.OnPostprocessAllAssets 0.097ms
			RenderPipelineGlobalSettingsPostprocessor.OnPostprocessAllAssets 0.077ms
	PostAssetChangesProfiler: 8.920ms
	GatherAllCurrentPrimaryImportResultRevisions: 3.339ms
	UnloadStreamsBegin: 2.774ms
	PersistCurrentRevisions: 4.732ms
	Untracked: 66.576ms

[IsoRPG] Выполняю задание: arena-open-author
UnityEngine.Debug:ExtractStackTraceNoAlloc (byte*,int,string)
UnityEngine.StackTraceUtility:ExtractStackTrace ()
UnityEngine.DebugLogHandler:Internal_Log (UnityEngine.LogType,UnityEngine.LogOption,string,UnityEngine.Object)
UnityEngine.DebugLogHandler:LogFormat (UnityEngine.LogType,UnityEngine.Object,string,object[])
UnityEngine.Logger:Log (UnityEngine.LogType,object)
UnityEngine.Debug:Log (object)
IsoRPG.EditorTools.PendingTasks:Execute (string) (at Assets/_Game/Scripts/Editor/PendingTasks.cs:146)
IsoRPG.EditorTools.PendingTasks:Run () (at Assets/_Game/Scripts/Editor/PendingTasks.cs:125)
IsoRPG.EditorTools.PendingTasks:RunNow () (at Assets/_Game/Scripts/Editor/PendingTasks.cs:72)
IsoRPG.EditorTools.BatchRunner:Run () (at Assets/_Game/Scripts/Editor/BatchRunner.cs:56)

(Filename: Assets/_Game/Scripts/Editor/PendingTasks.cs Line: 146)

Opening scene 'Assets/_Game/Scenes/ArenaAuthor.unity'
Unloading 74 Unused Serialized files (Serialized files now loaded: 0)
Loaded scene 'Assets/_Game/Scenes/ArenaAuthor.unity'
	Deserialize:            1212.125 ms
	Integration:            2471.398 ms
	Integration of assets:  11.933 ms
	Thread Wait Time:       -0.120 ms
	Total Operation Time:   3695.336 ms
Unloading 220 unused Assets / (185.3 KB). Loaded Objects now: 193072.
Memory consumption went from 1.43 GB to 1.43 GB.
Total: 92.914000 ms (FindLiveObjects: 42.176000 ms CreateObjectMapping: 18.142000 ms MarkObjects: 31.883200 ms  DeleteObjects: 0.711700 ms)

[IsoRPG] Открыта копия арены: Assets/_Game/Scenes/ArenaAuthor.unity
UnityEngine.Debug:ExtractStackTraceNoAlloc (byte*,int,string)
UnityEngine.StackTraceUtility:ExtractStackTrace ()
UnityEngine.DebugLogHandler:Internal_Log (UnityEngine.LogType,UnityEngine.LogOption,string,UnityEngine.Object)
UnityEngine.DebugLogHandler:LogFormat (UnityEngine.LogType,UnityEngine.Object,string,object[])
UnityEngine.Logger:Log (UnityEngine.LogType,object)
UnityEngine.Debug:Log (object)
IsoRPG.EditorTools.PendingTasks:Execute (string) (at Assets/_Game/Scripts/Editor/PendingTasks.cs:2904)
IsoRPG.EditorTools.PendingTasks:Run () (at Assets/_Game/Scripts/Editor/PendingTasks.cs:125)
IsoRPG.EditorTools.PendingTasks:RunNow () (at Assets/_Game/Scripts/Editor/PendingTasks.cs:72)
IsoRPG.EditorTools.BatchRunner:Run () (at Assets/_Game/Scripts/Editor/BatchRunner.cs:56)

(Filename: Assets/_Game/Scripts/Editor/PendingTasks.cs Line: 2904)

[IsoRPG] Выполняю задание: npc
UnityEngine.Debug:ExtractStackTraceNoAlloc (byte*,int,string)
UnityEngine.StackTraceUtility:ExtractStackTrace ()
UnityEngine.DebugLogHandler:Internal_Log (UnityEngine.LogType,UnityEngine.LogOption,string,UnityEngine.Object)
UnityEngine.DebugLogHandler:LogFormat (UnityEngine.LogType,UnityEngine.Object,string,object[])
UnityEngine.Logger:Log (UnityEngine.LogType,object)
UnityEngine.Debug:Log (object)
IsoRPG.EditorTools.PendingTasks:Execute (string) (at Assets/_Game/Scripts/Editor/PendingTasks.cs:146)
IsoRPG.EditorTools.PendingTasks:Run () (at Assets/_Game/Scripts/Editor/PendingTasks.cs:125)
IsoRPG.EditorTools.PendingTasks:RunNow () (at Assets/_Game/Scripts/Editor/PendingTasks.cs:72)
IsoRPG.EditorTools.BatchRunner:Run () (at Assets/_Game/Scripts/Editor/BatchRunner.cs:56)

(Filename: Assets/_Game/Scripts/Editor/PendingTasks.cs Line: 146)

Refreshing native plugins compatible for Editor in 4.75 ms, found 6 plugins.
Loaded 2 ExamplePackConfig assets
UnityEngine.Debug:ExtractStackTraceNoAlloc (byte*,int,string)
UnityEngine.StackTraceUtility:ExtractStackTrace ()
UnityEngine.DebugLogHandler:Internal_Log (UnityEngine.LogType,UnityEngine.LogOption,string,UnityEngine.Object)
UnityEngine.DebugLogHandler:LogFormat (UnityEngine.LogType,UnityEngine.Object,string,object[])
UnityEngine.Logger:Log (UnityEngine.LogType,object)
UnityEngine.Debug:Log (object)
SyntyPackageHelper:LoadSyntyPackageHelperConfigs () (at Assets/Synty/SyntyPackageHelper/Editor/SyntyPackageHelper.cs:46)
SyntyPackageHelper:OnProjectChanged () (at Assets/Synty/SyntyPackageHelper/Editor/SyntyPackageHelper.cs:55)
UnityEditor.EditorApplication:Internal_CallProjectHasChanged ()
UnityEditor.AssetDatabase:DeleteAsset (string)
IsoRPG.EditorTools.NpcPack:BuildIdleController () (at Assets/_Game/Scripts/Editor/NpcPack.cs:218)
IsoRPG.EditorTools.NpcPack:Build () (at Assets/_Game/Scripts/Editor/NpcPack.cs:86)
IsoRPG.EditorTools.PendingTasks:Execute (string) (at Assets/_Game/Scripts/Editor/PendingTasks.cs:1872)
IsoRPG.EditorTools.PendingTasks:Run () (at Assets/_Game/Scripts/Editor/PendingTasks.cs:125)
IsoRPG.EditorTools.PendingTasks:RunNow () (at Assets/_Game/Scripts/Editor/PendingTasks.cs:72)
IsoRPG.EditorTools.BatchRunner:Run () (at Assets/_Game/Scripts/Editor/BatchRunner.cs:56)

(Filename: Assets/Synty/SyntyPackageHelper/Editor/SyntyPackageHelper.cs Line: 46)

Importing 'GUID: 00000000000000004000000000000000 - Path: ProjectSettings/ProjectSettings.asset' with importer (LibraryAssetImporter)
Imported 'GUID: 00000000000000004000000000000000' -> (Import Result ID: '13db16fc58a53b46745b1b2dc30f9a15') in 0.006 seconds [static dependencies only]. Details - ImportResultOutputID=276a810dac73e1f29404d5e5f692e214 DependenciesID=013589efa424c1524bcf1f69abc51a9b StaticDependenciesID=e43c3e28c18dca5f7e03c7bd9b11d05d 
Refreshing native plugins compatible for Editor in 5.29 ms, found 6 plugins.

Asset Pipeline Refresh (id=5fb875be39e7c5f489ef45166935436e): Total: 1.534 seconds - Initiated by StopAssetImportingV2(NoUpdateAssetOptions)
	(Values over 0.05ms)
	Summary:
		Imports: total=1 (actual=1, local cache=0, cache server=0)
		Asset DB Process Time: managed=1 ms, native=1313 ms
		Asset DB Callback time: managed=176 ms, native=42 ms
		Scripting: domain reloads=0, domain reload time=0 ms, compile time=0 ms, other=0 ms
		Project Asset Count: scripts=3036, non-scripts=45479
		Asset File Changes: new=0, changed=0, moved=0, deleted=1
		Scan Filter Count: 0
	ApplyChangesToAssetFolders: 0.513ms
	Scan: 28.871ms
	Collect global state as custom dependencies: 0.949ms
	OnSourceAssetsModified: 0.071ms
	ProcessAssetsWithTransientArtifactChanges: 0.318ms
	CategorizeAssets: 143.661ms
	ImportOutOfDateAssets: 1026.504ms (51.008ms without children)
		ImportManagerImport: 8.035ms (1.732ms without children)
		ReloadNativeAssets: 0.393ms
		UnloadImportedAssets: 0.425ms
		EnsureUptoDateAssetsAreRegisteredWithGuidPM: 24.835ms
		ImportSchedulerStart: 941.791ms
	PostProcessAllAssets: 13.122ms
		XRBuildSystem.XRAssetImported 8.835ms
		MonoPostProcessAllAssets: 3.998ms
			SyncVS.PostprocessSyncProject 0.832ms
			AssetPostprocessor.OnPostprocessAllAssets 0.057ms
	PostAssetChangesProfiler: 833.715ms
	GatherAllCurrentPrimaryImportResultRevisions: 10.300ms
	PersistCurrentRevisions: 7.232ms
	UnloadStreamsEnd: 0.204ms
	Untracked: 48.410ms

Importing 'GUID: 0a266442e236d2d45870833880d0bea0 - Path: Assets/_Game/Art/Animations/Controllers/AC_Npc_Idle.controller' with importer (NativeFormatImporter)
Imported 'GUID: 0a266442e236d2d45870833880d0bea0' -> (Import Result ID: '2a60713ebf03d56c65359ed2eb690d32') in 0.002 seconds [static dependencies only]. Details - ImportResultOutputID=b75b33f9e7c0ecb4a83a774f636a3315 DependenciesID=7472f22d87258e2ed906adc1549d0a6f StaticDependenciesID=fc0f8bb55f04dac55a10039ef7b53fe4 
Refreshing native plugins compatible for Editor in 4.35 ms, found 6 plugins.

Asset Pipeline Refresh (id=e683367364a0d8d4784d0696d45d8602): Total: 0.586 seconds - Initiated by StopAssetImportingV2(NoUpdateAssetOptions)
	(Values over 0.05ms)
	Summary:
		Imports: total=1 (actual=1, local cache=0, cache server=0)
		Asset DB Process Time: managed=0 ms, native=569 ms
		Asset DB Callback time: managed=1 ms, native=13 ms
		Scripting: domain reloads=0, domain reload time=0 ms, compile time=0 ms, other=0 ms
		Project Asset Count: scripts=3036, non-scripts=45480
		Asset File Changes: new=1, changed=1, moved=0, deleted=0
		Scan Filter Count: 6
	ApplyChangesToAssetFolders: 0.162ms
	Scan: 7.733ms
	Collect global state as custom dependencies: 0.390ms
	OnSourceAssetsModified: 0.089ms
	ProcessAssetsWithTransientArtifactChanges: 0.240ms
	CategorizeAssets: 87.856ms
	ImportOutOfDateAssets: 423.226ms (32.844ms without children)
		ImportManagerImport: 8.503ms (6.354ms without children)
		ReloadNativeAssets: 0.233ms
		UnloadImportedAssets: 0.328ms
		EnsureUptoDateAssetsAreRegisteredWithGuidPM: 16.538ms
		ImportSchedulerStart: 364.765ms
	PostProcessAllAssets: 2.392ms
		XRBuildSystem.XRAssetImported 0.827ms
		MonoPostProcessAllAssets: 1.450ms
			SyncVS.PostprocessSyncProject 0.812ms
			AssetChangedListener.OnPostprocessAllAssets 0.191ms
			AssetPostprocessor.OnPostprocessAllAssets 0.058ms
			ShaderGraphAssetPostProcessor.OnPostprocessAllAssets 0.052ms
	PostAssetChangesProfiler: 13.073ms
	GatherAllCurrentPrimaryImportResultRevisions: 5.726ms
	PersistCurrentRevisions: 2.817ms
	Untracked: 41.868ms

Importing 'GUID: 0a266442e236d2d45870833880d0bea0 - Path: Assets/_Game/Art/Animations/Controllers/AC_Npc_Idle.controller' with importer (NativeFormatImporter)
Imported 'GUID: 0a266442e236d2d45870833880d0bea0' -> (Import Result ID: '02228cb1b6266346ceb2b641a36c2f75') in 0.001 seconds [static dependencies only]. Details - ImportResultOutputID=b75b33f9e7c0ecb4a83a774f636a3315 DependenciesID=115c678bdf03a7586da31e28e714b0e3 StaticDependenciesID=476121d8a385c98e96345abc8d7905cc 
Refreshing native plugins compatible for Editor in 4.55 ms, found 6 plugins.

Asset Pipeline Refresh (id=edc1f690f333071478e6b535fdcd9304): Total: 0.530 seconds - Initiated by StopAssetImportingV2(NoUpdateAssetOptions)
	(Values over 0.05ms)
	Summary:
		Imports: total=1 (actual=1, local cache=0, cache server=0)
		Asset DB Process Time: managed=0 ms, native=515 ms
		Asset DB Callback time: managed=1 ms, native=13 ms
		Scripting: domain reloads=0, domain reload time=0 ms, compile time=0 ms, other=0 ms
		Project Asset Count: scripts=3036, non-scripts=45480
		Asset File Changes: new=0, changed=1, moved=0, deleted=0
		Scan Filter Count: 6
	ApplyChangesToAssetFolders: 0.123ms
	Scan: 6.866ms
	Collect global state as custom dependencies: 0.237ms
	ProcessAssetsWithTransientArtifactChanges: 0.104ms
	CategorizeAssets: 68.008ms
	ImportOutOfDateAssets: 409.360ms (22.321ms without children)
		ImportManagerImport: 5.648ms (4.095ms without children)
		ReloadNativeAssets: 0.210ms
		UnloadImportedAssets: 0.316ms
		EnsureUptoDateAssetsAreRegisteredWithGuidPM: 9.154ms
		ImportSchedulerStart: 371.697ms
	PostProcessAllAssets: 2.193ms
		XRBuildSystem.XRAssetImported 0.828ms
		MonoPostProcessAllAssets: 1.282ms
			SyncVS.PostprocessSyncProject 0.812ms
			AssetPostprocessor.OnPostprocessAllAssets 0.071ms
	PostAssetChangesProfiler: 12.982ms
	GatherAllCurrentPrimaryImportResultRevisions: 2.848ms
	PersistCurrentRevisions: 2.359ms
	Untracked: 25.158ms

[IsoRPG] Дозорный развёрнут на котелок: 76°.
UnityEngine.Debug:ExtractStackTraceNoAlloc (byte*,int,string)
UnityEngine.StackTraceUtility:ExtractStackTrace ()
UnityEngine.DebugLogHandler:Internal_Log (UnityEngine.LogType,UnityEngine.LogOption,string,UnityEngine.Object)
UnityEngine.DebugLogHandler:LogFormat (UnityEngine.LogType,UnityEngine.Object,string,object[])
UnityEngine.Logger:Log (UnityEngine.LogType,object)
UnityEngine.Debug:Log (object)
IsoRPG.EditorTools.NpcPack:FaceHearth (UnityEngine.Vector3) (at Assets/_Game/Scripts/Editor/NpcPack.cs:69)
IsoRPG.EditorTools.NpcPack:Build () (at Assets/_Game/Scripts/Editor/NpcPack.cs:124)
IsoRPG.EditorTools.PendingTasks:Execute (string) (at Assets/_Game/Scripts/Editor/PendingTasks.cs:1872)
IsoRPG.EditorTools.PendingTasks:Run () (at Assets/_Game/Scripts/Editor/PendingTasks.cs:125)
IsoRPG.EditorTools.PendingTasks:RunNow () (at Assets/_Game/Scripts/Editor/PendingTasks.cs:72)
IsoRPG.EditorTools.BatchRunner:Run () (at Assets/_Game/Scripts/Editor/BatchRunner.cs:56)

(Filename: Assets/_Game/Scripts/Editor/NpcPack.cs Line: 69)

Importing 'GUID: 0c9cc7aa9b481f64aa6bfe42e7de7c74 - Path: Assets/_Game/Data/Quests/Q_BonesForBlade.asset' with importer (NativeFormatImporter)
Imported 'GUID: 0c9cc7aa9b481f64aa6bfe42e7de7c74' -> (Import Result ID: '2b796f960ec761076f77ec83fdcc0a6f') in 0.001 seconds [static dependencies only]. Details - ImportResultOutputID=db858a940d79bbd2489703f46921824f DependenciesID=34e5ee5e2ce9fa3c7865c2136089ec3e StaticDependenciesID=b77d923e18c51afab2ce0d3c778e6d7d 
Refreshing native plugins compatible for Editor in 4.45 ms, found 6 plugins.

Asset Pipeline Refresh (id=ee8b9cabe27b439439c54b214d336123): Total: 0.459 seconds - Initiated by StopAssetImportingV2(NoUpdateAssetOptions)
	(Values over 0.05ms)
	Summary:
		Imports: total=1 (actual=1, local cache=0, cache server=0)
		Asset DB Process Time: managed=0 ms, native=443 ms
		Asset DB Callback time: managed=1 ms, native=14 ms
		Scripting: domain reloads=0, domain reload time=0 ms, compile time=0 ms, other=0 ms
		Project Asset Count: scripts=3036, non-scripts=45480
		Asset File Changes: new=0, changed=0, moved=0, deleted=0
		Scan Filter Count: 5
	ApplyChangesToAssetFolders: 0.131ms
	Scan: 6.813ms
	Collect global state as custom dependencies: 0.209ms
	ProcessAssetsWithTransientArtifactChanges: 0.110ms
	CategorizeAssets: 22.948ms
	ImportOutOfDateAssets: 385.969ms (21.895ms without children)
		ImportManagerImport: 5.435ms (3.896ms without children)
		ReloadNativeAssets: 0.177ms
		UnloadImportedAssets: 0.212ms
		EnsureUptoDateAssetsAreRegisteredWithGuidPM: 8.357ms
		ImportSchedulerStart: 349.882ms
	PostProcessAllAssets: 2.311ms
		XRBuildSystem.XRAssetImported 0.818ms
		MonoPostProcessAllAssets: 1.412ms
			SyncVS.PostprocessSyncProject 0.809ms
			ShaderGraphAssetPostProcessor.OnPostprocessAllAssets 0.194ms
			AssetPostprocessor.OnPostprocessAllAssets 0.056ms
	PostAssetChangesProfiler: 13.726ms
	GatherAllCurrentPrimaryImportResultRevisions: 3.067ms
	UnloadStreamsBegin: 0.051ms
	PersistCurrentRevisions: 2.224ms
	Untracked: 21.682ms

Asset Pipeline Refresh (id=2b0c7e2aaf1295d40a1d86cdc5f00864): Total: 0.011 seconds - Initiated by RefreshV2(NoUpdateAssetOptions)
[IsoRPG] Квест обновлён: Кости для клинка
UnityEngine.Debug:ExtractStackTraceNoAlloc (byte*,int,string)
UnityEngine.StackTraceUtility:ExtractStackTrace ()
UnityEngine.DebugLogHandler:Internal_Log (UnityEngine.LogType,UnityEngine.LogOption,string,UnityEngine.Object)
UnityEngine.DebugLogHandler:LogFormat (UnityEngine.LogType,UnityEngine.Object,string,object[])
UnityEngine.Logger:Log (UnityEngine.LogType,object)
UnityEngine.Debug:Log (object)
IsoRPG.EditorTools.QuestBuilder:Build () (at Assets/_Game/Scripts/Editor/QuestBuilder.cs:81)
IsoRPG.EditorTools.NpcPack:Build () (at Assets/_Game/Scripts/Editor/NpcPack.cs:168)
IsoRPG.EditorTools.PendingTasks:Execute (string) (at Assets/_Game/Scripts/Editor/PendingTasks.cs:1872)
IsoRPG.EditorTools.PendingTasks:Run () (at Assets/_Game/Scripts/Editor/PendingTasks.cs:125)
IsoRPG.EditorTools.PendingTasks:RunNow () (at Assets/_Game/Scripts/Editor/PendingTasks.cs:72)
IsoRPG.EditorTools.BatchRunner:Run () (at Assets/_Game/Scripts/Editor/BatchRunner.cs:56)

(Filename: Assets/_Game/Scripts/Editor/QuestBuilder.cs Line: 81)

Importing 'GUID: fe038ebf64730544dab3c6b04e44aeb7 - Path: Assets/_Game/Data/Quests/Q_BoarHunt.asset' with importer (NativeFormatImporter)
Imported 'GUID: fe038ebf64730544dab3c6b04e44aeb7' -> (Import Result ID: '9f7ab67ec91c4f948fb6f02b3e1a736c') in 0.001 seconds [static dependencies only]. Details - ImportResultOutputID=74c82eea00d70c8f262e06af38c33593 DependenciesID=5206273e87533a4f765c475e05d612cb StaticDependenciesID=7e022e1a20167afa079e1c9cb31a345d 
Refreshing native plugins compatible for Editor in 4.54 ms, found 6 plugins.

Asset Pipeline Refresh (id=46c47c37316147c45bd3a9e8e935eb17): Total: 0.478 seconds - Initiated by StopAssetImportingV2(NoUpdateAssetOptions)
	(Values over 0.05ms)
	Summary:
		Imports: total=1 (actual=1, local cache=0, cache server=0)
		Asset DB Process Time: managed=0 ms, native=463 ms
		Asset DB Callback time: managed=1 ms, native=13 ms
		Scripting: domain reloads=0, domain reload time=0 ms, compile time=0 ms, other=0 ms
		Project Asset Count: scripts=3036, non-scripts=45480
		Asset File Changes: new=0, changed=0, moved=0, deleted=0
		Scan Filter Count: 5
	ApplyChangesToAssetFolders: 0.116ms
	Scan: 6.794ms
	Collect global state as custom dependencies: 0.221ms
	ProcessAssetsWithTransientArtifactChanges: 0.081ms
	CategorizeAssets: 23.973ms
	ImportOutOfDateAssets: 405.185ms (22.503ms without children)
		ImportManagerImport: 5.448ms (3.992ms without children)
		ReloadNativeAssets: 0.184ms
		UnloadImportedAssets: 0.242ms
		EnsureUptoDateAssetsAreRegisteredWithGuidPM: 9.068ms
		ImportSchedulerStart: 367.728ms
	PostProcessAllAssets: 2.160ms
		XRBuildSystem.XRAssetImported 0.819ms
		MonoPostProcessAllAssets: 1.257ms
			SyncVS.PostprocessSyncProject 0.806ms
			AssetPostprocessor.OnPostprocessAllAssets 0.055ms
			ShaderGraphAssetPostProcessor.OnPostprocessAllAssets 0.053ms
	PostAssetChangesProfiler: 12.960ms
	GatherAllCurrentPrimaryImportResultRevisions: 2.600ms
	PersistCurrentRevisions: 2.247ms
	Untracked: 21.992ms

[IsoRPG] Квест обновлён: Слишком много кабанов
UnityEngine.Debug:ExtractStackTraceNoAlloc (byte*,int,string)
UnityEngine.StackTraceUtility:ExtractStackTrace ()
UnityEngine.DebugLogHandler:Internal_Log (UnityEngine.LogType,UnityEngine.LogOption,string,UnityEngine.Object)
UnityEngine.DebugLogHandler:LogFormat (UnityEngine.LogType,UnityEngine.Object,string,object[])
UnityEngine.Logger:Log (UnityEngine.LogType,object)
UnityEngine.Debug:Log (object)
IsoRPG.EditorTools.QuestBuilder:BoarHunt () (at Assets/_Game/Scripts/Editor/QuestBuilder.cs:164)
IsoRPG.EditorTools.QuestBuilder:Build () (at Assets/_Game/Scripts/Editor/QuestBuilder.cs:83)
IsoRPG.EditorTools.NpcPack:Build () (at Assets/_Game/Scripts/Editor/NpcPack.cs:168)
IsoRPG.EditorTools.PendingTasks:Execute (string) (at Assets/_Game/Scripts/Editor/PendingTasks.cs:1872)
IsoRPG.EditorTools.PendingTasks:Run () (at Assets/_Game/Scripts/Editor/PendingTasks.cs:125)
IsoRPG.EditorTools.PendingTasks:RunNow () (at Assets/_Game/Scripts/Editor/PendingTasks.cs:72)
IsoRPG.EditorTools.BatchRunner:Run () (at Assets/_Game/Scripts/Editor/BatchRunner.cs:56)

(Filename: Assets/_Game/Scripts/Editor/QuestBuilder.cs Line: 164)

[IsoRPG] Квест «Слишком много кабанов» повешен на Талин Кини: нужно 12 шт. «Клык кабана».
UnityEngine.Debug:ExtractStackTraceNoAlloc (byte*,int,string)
UnityEngine.StackTraceUtility:ExtractStackTrace ()
UnityEngine.DebugLogHandler:Internal_Log (UnityEngine.LogType,UnityEngine.LogOption,string,UnityEngine.Object)
UnityEngine.DebugLogHandler:LogFormat (UnityEngine.LogType,UnityEngine.Object,string,object[])
UnityEngine.Logger:Log (UnityEngine.LogType,object)
UnityEngine.Debug:Log (object)
IsoRPG.EditorTools.NpcPack:Build () (at Assets/_Game/Scripts/Editor/NpcPack.cs:188)
IsoRPG.EditorTools.PendingTasks:Execute (string) (at Assets/_Game/Scripts/Editor/PendingTasks.cs:1872)
IsoRPG.EditorTools.PendingTasks:Run () (at Assets/_Game/Scripts/Editor/PendingTasks.cs:125)
IsoRPG.EditorTools.PendingTasks:RunNow () (at Assets/_Game/Scripts/Editor/PendingTasks.cs:72)
IsoRPG.EditorTools.BatchRunner:Run () (at Assets/_Game/Scripts/Editor/BatchRunner.cs:56)

(Filename: Assets/_Game/Scripts/Editor/NpcPack.cs Line: 188)

[IsoRPG] NPC поставлен на (51.7, 0.5, -28.2), смотрит на 76°, подъём модели -0,01 м. Повернётся к герою при подходе ближе 15 м.
UnityEngine.Debug:ExtractStackTraceNoAlloc (byte*,int,string)
UnityEngine.StackTraceUtility:ExtractStackTrace ()
UnityEngine.DebugLogHandler:Internal_Log (UnityEngine.LogType,UnityEngine.LogOption,string,UnityEngine.Object)
UnityEngine.DebugLogHandler:LogFormat (UnityEngine.LogType,UnityEngine.Object,string,object[])
UnityEngine.Logger:Log (UnityEngine.LogType,object)
UnityEngine.Debug:Log (object)
IsoRPG.EditorTools.NpcPack:Build () (at Assets/_Game/Scripts/Editor/NpcPack.cs:196)
IsoRPG.EditorTools.PendingTasks:Execute (string) (at Assets/_Game/Scripts/Editor/PendingTasks.cs:1872)
IsoRPG.EditorTools.PendingTasks:Run () (at Assets/_Game/Scripts/Editor/PendingTasks.cs:125)
IsoRPG.EditorTools.PendingTasks:RunNow () (at Assets/_Game/Scripts/Editor/PendingTasks.cs:72)
IsoRPG.EditorTools.BatchRunner:Run () (at Assets/_Game/Scripts/Editor/BatchRunner.cs:56)

(Filename: Assets/_Game/Scripts/Editor/NpcPack.cs Line: 196)

[IsoRPG] Набор мобов: тронуто существ 1 — смерть 1, оглушение 1, полоска 0, разведение 1, радиус тела 1, возрождение 1.
UnityEngine.Debug:ExtractStackTraceNoAlloc (byte*,int,string)
UnityEngine.StackTraceUtility:ExtractStackTrace ()
UnityEngine.DebugLogHandler:Internal_Log (UnityEngine.LogType,UnityEngine.LogOption,string,UnityEngine.Object)
UnityEngine.DebugLogHandler:LogFormat (UnityEngine.LogType,UnityEngine.Object,string,object[])
UnityEngine.Logger:Log (UnityEngine.LogType,object)
UnityEngine.Debug:Log (object)
IsoRPG.EditorTools.MobKit:Apply () (at Assets/_Game/Scripts/Editor/MobKit.cs:186)
IsoRPG.EditorTools.PendingTasks:Execute (string) (at Assets/_Game/Scripts/Editor/PendingTasks.cs:1876)
IsoRPG.EditorTools.PendingTasks:Run () (at Assets/_Game/Scripts/Editor/PendingTasks.cs:125)
IsoRPG.EditorTools.PendingTasks:RunNow () (at Assets/_Game/Scripts/Editor/PendingTasks.cs:72)
IsoRPG.EditorTools.BatchRunner:Run () (at Assets/_Game/Scripts/Editor/BatchRunner.cs:56)

(Filename: Assets/_Game/Scripts/Editor/MobKit.cs Line: 186)

[IsoRPG] Смерть обрабатывается у всех 24 существ.
UnityEngine.Debug:ExtractStackTraceNoAlloc (byte*,int,string)
UnityEngine.StackTraceUtility:ExtractStackTrace ()
UnityEngine.DebugLogHandler:Internal_Log (UnityEngine.LogType,UnityEngine.LogOption,string,UnityEngine.Object)
UnityEngine.DebugLogHandler:LogFormat (UnityEngine.LogType,UnityEngine.Object,string,object[])
UnityEngine.Logger:Log (UnityEngine.LogType,object)
UnityEngine.Debug:Log (object)
IsoRPG.EditorTools.MobKit:Check () (at Assets/_Game/Scripts/Editor/MobKit.cs:215)
IsoRPG.EditorTools.MobKit:Apply () (at Assets/_Game/Scripts/Editor/MobKit.cs:191)
IsoRPG.EditorTools.PendingTasks:Execute (string) (at Assets/_Game/Scripts/Editor/PendingTasks.cs:1876)
IsoRPG.EditorTools.PendingTasks:Run () (at Assets/_Game/Scripts/Editor/PendingTasks.cs:125)
IsoRPG.EditorTools.PendingTasks:RunNow () (at Assets/_Game/Scripts/Editor/PendingTasks.cs:72)
IsoRPG.EditorTools.BatchRunner:Run () (at Assets/_Game/Scripts/Editor/BatchRunner.cs:56)

(Filename: Assets/_Game/Scripts/Editor/MobKit.cs Line: 215)

[IsoRPG] Выполняю задание: npc-probe
UnityEngine.Debug:ExtractStackTraceNoAlloc (byte*,int,string)
UnityEngine.StackTraceUtility:ExtractStackTrace ()
UnityEngine.DebugLogHandler:Internal_Log (UnityEngine.LogType,UnityEngine.LogOption,string,UnityEngine.Object)
UnityEngine.DebugLogHandler:LogFormat (UnityEngine.LogType,UnityEngine.Object,string,object[])
UnityEngine.Logger:Log (UnityEngine.LogType,object)
UnityEngine.Debug:Log (object)
IsoRPG.EditorTools.PendingTasks:Execute (string) (at Assets/_Game/Scripts/Editor/PendingTasks.cs:146)
IsoRPG.EditorTools.PendingTasks:Run () (at Assets/_Game/Scripts/Editor/PendingTasks.cs:125)
IsoRPG.EditorTools.PendingTasks:RunNow () (at Assets/_Game/Scripts/Editor/PendingTasks.cs:72)
IsoRPG.EditorTools.BatchRunner:Run () (at Assets/_Game/Scripts/Editor/BatchRunner.cs:56)

(Filename: Assets/_Game/Scripts/Editor/PendingTasks.cs Line: 146)

[IsoRPG] НПС «Талин Кини»:
  компоненты: Transform, NpcTurnToHero, CapsuleCollider, Targetable, Health, QuestGiver, AudioSource, NpcVoice, DeathHandler, StunReceiver, NavMeshAgent, BodySpace, Respawner
  источников звука 1: громкость 1,00, клип нет
  NpcVoice: есть
UnityEngine.Debug:ExtractStackTraceNoAlloc (byte*,int,string)
UnityEngine.StackTraceUtility:ExtractStackTrace ()
UnityEngine.DebugLogHandler:Internal_Log (UnityEngine.LogType,UnityEngine.LogOption,string,UnityEngine.Object)
UnityEngine.DebugLogHandler:LogFormat (UnityEngine.LogType,UnityEngine.Object,string,object[])
UnityEngine.Logger:Log (UnityEngine.LogType,object)
UnityEngine.Debug:Log (object)
IsoRPG.EditorTools.CreatureProbe:Npc () (at Assets/_Game/Scripts/Editor/CreatureProbe.cs:81)
IsoRPG.EditorTools.PendingTasks:Execute (string) (at Assets/_Game/Scripts/Editor/PendingTasks.cs:577)
IsoRPG.EditorTools.PendingTasks:Run () (at Assets/_Game/Scripts/Editor/PendingTasks.cs:125)
IsoRPG.EditorTools.PendingTasks:RunNow () (at Assets/_Game/Scripts/Editor/PendingTasks.cs:72)
IsoRPG.EditorTools.BatchRunner:Run () (at Assets/_Game/Scripts/Editor/BatchRunner.cs:56)

(Filename: Assets/_Game/Scripts/Editor/CreatureProbe.cs Line: 81)

Importing 'GUID: f9924aedd9bfcaf49ab4f22cb47b4c90 - Path: Assets/_Game/Scenes/ArenaAuthor.unity' with importer (DefaultImporter)
Imported 'GUID: f9924aedd9bfcaf49ab4f22cb47b4c90' -> (Import Result ID: '7b925c125064c488d0bde8cb82ad38e7') in 0.003 seconds [static dependencies only]. Details - ImportResultOutputID=aae96d31ce638c607866324c26af509e DependenciesID=5b3803bf1e33a4f369c5ff2592801b49 StaticDependenciesID=9340ef80c463a84eef693791c0cefef0 
Refreshing native plugins compatible for Editor in 4.52 ms, found 6 plugins.

Asset Pipeline Refresh (id=2cd31218494539c4f9487c39436a77a4): Total: 0.545 seconds - Initiated by StopAssetImportingV2(NoUpdateAssetOptions)
	(Values over 0.05ms)
	Summary:
		Imports: total=1 (actual=1, local cache=0, cache server=0)
		Asset DB Process Time: managed=0 ms, native=530 ms
		Asset DB Callback time: managed=1 ms, native=13 ms
		Scripting: domain reloads=0, domain reload time=0 ms, compile time=0 ms, other=0 ms
		Project Asset Count: scripts=3036, non-scripts=45480
		Asset File Changes: new=0, changed=1, moved=0, deleted=0
		Scan Filter Count: 4
	ApplyChangesToAssetFolders: 0.129ms
	Scan: 18.903ms
	Collect global state as custom dependencies: 0.238ms
	OnSourceAssetsModified: 0.054ms
	ProcessAssetsWithTransientArtifactChanges: 0.085ms
	CategorizeAssets: 68.007ms
	ImportOutOfDateAssets: 411.896ms (23.198ms without children)
		ImportManagerImport: 7.533ms (4.273ms without children)
		ReloadNativeAssets: 0.180ms
		UnloadImportedAssets: 0.211ms
		EnsureUptoDateAssetsAreRegisteredWithGuidPM: 10.096ms
		ImportSchedulerStart: 370.663ms
	PostProcessAllAssets: 2.195ms
		XRBuildSystem.XRAssetImported 0.838ms
		MonoPostProcessAllAssets: 1.271ms
			SyncVS.PostprocessSyncProject 0.823ms
			AssetPostprocessor.OnPostprocessAllAssets 0.056ms
	PostAssetChangesProfiler: 12.843ms
	GatherAllCurrentPrimaryImportResultRevisions: 2.696ms
	UnloadStreamsBegin: 0.667ms
	PersistCurrentRevisions: 2.667ms
	Untracked: 24.845ms

[IsoRPG] Сцена и ассеты сохранены.
UnityEngine.Debug:ExtractStackTraceNoAlloc (byte*,int,string)
UnityEngine.StackTraceUtility:ExtractStackTrace ()
UnityEngine.DebugLogHandler:Internal_Log (UnityEngine.LogType,UnityEngine.LogOption,string,UnityEngine.Object)
UnityEngine.DebugLogHandler:LogFormat (UnityEngine.LogType,UnityEngine.Object,string,object[])
UnityEngine.Logger:Log (UnityEngine.LogType,object)
UnityEngine.Debug:Log (object)
IsoRPG.EditorTools.BatchRunner:Run () (at Assets/_Game/Scripts/Editor/BatchRunner.cs:65)

(Filename: Assets/_Game/Scripts/Editor/BatchRunner.cs Line: 65)

[IsoRPG] Пакетный запуск: готово.
UnityEngine.Debug:ExtractStackTraceNoAlloc (byte*,int,string)
UnityEngine.StackTraceUtility:ExtractStackTrace ()
UnityEngine.DebugLogHandler:Internal_Log (UnityEngine.LogType,UnityEngine.LogOption,string,UnityEngine.Object)
UnityEngine.DebugLogHandler:LogFormat (UnityEngine.LogType,UnityEngine.Object,string,object[])
UnityEngine.Logger:Log (UnityEngine.LogType,object)
UnityEngine.Debug:Log (object)
IsoRPG.EditorTools.BatchRunner:Run () (at Assets/_Game/Scripts/Editor/BatchRunner.cs:72)

(Filename: Assets/_Game/Scripts/Editor/BatchRunner.cs Line: 72)

Batchmode quit successfully invoked - shutting down!
[Physics::Module] Cleanup current backend.
[Physics::Module] Id: 0xf2b8ea05
Input System module state changed to: ShutdownInProgress.
Input Polling Thread exited.
Input System module state changed to: Shutdown.
[Licensing::IpcConnector] LicenseClient-OXBOX-notifications channel disconnected successfully.
[Licensing::IpcConnector] LicenseClient-OXBOX channel disconnected successfully.
Shut down.
Lingering sessions upon destruction of worker manager
AcceleratorClientConnectionCallback - disconnected - :0
Cleanup mono
CodeReloadManager destroyed
abort_threads: Failed aborting id: 000000000000408C, mono_thread_manage will ignore it

abort_threads: Failed aborting id: 0000000000002060, mono_thread_manage will ignore it

abort_threads: Failed aborting id: 000000000000408C, mono_thread_manage will ignore it

abort_threads: Failed aborting id: 0000000000002060, mono_thread_manage will ignore it

debugger-agent: Unable to listen on 3556
Exiting batchmode successfully now!
Exiting without the bug reporter. Application will terminate with return code 0