[Licensing::Module] Trying to connect to existing licensing client channel...
Built from '6000.5/staging' branch; Version is '6000.5.9f1 (b57deb96f08d) revision 11894251'; Using compiler version '194234433'; Build Type 'Release'
[Licensing::IpcConnector] Channel LicenseClient-OXBOX doesn't exist
OS: 'Windows 10  (10.0.19045) 64bit Professional' Language: 'ru' Physical Memory: 32633 MB
BatchMode: 1, IsHumanControllingUs: 0, StartBugReporterOnCrash: 0, Is64bit: 1
System  architecture: x64
Process architecture: x64
Date: 2026-08-28T23:38:07Z
[Licensing::Module] Successfully launched the LicensingClient (PId: 3940)

COMMAND LINE ARGUMENTS:
C:\Program Files\Unity\Hub\Editor\6000.5.9f1\Editor\Unity.exe
-batchmode
-quit
-projectPath
D:/GAME Ai/IsoRPG
-executeMethod
IsoRPG.EditorTools.BatchRunner.Run
-logFile
D:/GAME Ai/unity-pond.log
Successfully changed project path to: D:/GAME Ai/IsoRPG
D:/GAME Ai/IsoRPG
[UnityMemory] Configuration Parameters - Can be set up in boot.config
    "memorysetup-temp-allocator-size-gi-baking-worker=262144"
    "memorysetup-temp-allocator-size-gi-baking-worker=262144"
    "memorysetup-temp-allocator-size-gi-baking-worker=262144"
    "memorysetup-temp-allocator-size-gi-baking-worker=262144"
    "memorysetup-temp-allocator-size-gi-baking-worker=262144"
    "memorysetup-temp-allocator-size-nav-mesh-worker=65536"
    "memorysetup-temp-allocator-size-audio-worker=65536"
    "memorysetup-temp-allocator-size-cloud-worker=32768"
    "memorysetup-temp-allocator-size-gfx=262144"
    "memorysetup-remapper-allocator-initial-capacity=32768"
    "memorysetup-temp-allocator-size-preload-manager=33554432"
    "memorysetup-allocator-temp-initial-block-size-main=262144"
    "memorysetup-allocator-temp-initial-block-size-worker=262144"
    "memorysetup-temp-allocator-size-job-worker=262144"
    "memorysetup-temp-allocator-size-background-worker=32768"
    "memorysetup-bucket-allocator-granularity=16"
    "memorysetup-bucket-allocator-bucket-count=8"
    "memorysetup-bucket-allocator-block-size=33554432"
    "memorysetup-bucket-allocator-block-count=8"
    "memorysetup-main-allocator-block-size=16777216"
    "memorysetup-thread-allocator-block-size=16777216"
    "memorysetup-main-allocator-mimalloc-enabled=0"
    "memorysetup-gfx-main-allocator-block-size=16777216"
    "memorysetup-gfx-thread-allocator-block-size=16777216"
    "memorysetup-cache-allocator-block-size=4194304"
    "memorysetup-typetree-allocator-block-size=2097152"
    "memorysetup-profiler-bucket-allocator-granularity=16"
    "memorysetup-profiler-bucket-allocator-bucket-count=8"
    "memorysetup-profiler-bucket-allocator-block-size=33554432"
    "memorysetup-profiler-bucket-allocator-block-count=8"
    "memorysetup-profiler-allocator-block-size=16777216"
    "memorysetup-profiler-editor-allocator-block-size=1048576"
    "memorysetup-temp-allocator-size-main=16777216"
    "memorysetup-job-temp-allocator-block-size=2097152"
    "memorysetup-job-temp-allocator-block-size-background=1048576"
    "memorysetup-job-temp-allocator-reduction-small-platforms=262144"
Logging is directed to a specific file, skipping project log.Player connection [10512]  Target information:

Player connection [10512]  * "[IP] 192.168.50.79 [Port] 55504 [Flags] 2 [Guid] 917349122 [EditorId] 917349122 [Version] 1048832 [Id] WindowsEditor(7,HOME-PC) [Debug] 1 [PackageName] WindowsEditor [ProjectName] Editor" 

Player connection [10512] Host joined multi-casting on [225.0.0.222:54997]...
Player connection [10512] Host joined alternative multi-casting on [225.0.0.222:34997]...
Input System module state changed to: Initialized.
[Physics::Module] Initialized fallback backend.
[Physics::Module] Id: 0xdecafbad
Starting IPC server.
Waiting for clients to connect on \\.\pipe\Unity-LicenseClient-OXBOX, press Ctrl-C to exit.
[Licensing::IpcConnector] Successfully connected to: "LicenseClient-OXBOX" at "2026-08-28T23:38:08.3043126Z"
[Package Manager] Connected to IPC stream "Upm-2848" after 0.3 seconds.
[Licensing::Module] Licensing is not yet initialized.
[Licensing::Client] Code 10 while verifying Licensing Client signature (process Id: 3940, path: "C:/Program Files/Unity/Hub/Editor/6000.5.9f1/Editor/Data/Resources/Licensing/Client/Unity.Licensing.Client.exe")
[Licensing::Module] LicensingClient has failed validation; ignoring
[Licensing::Client] Handshaking with LicensingClient:
  Version:                 1.18.3+d7ffd15
  Session Id:              fb5e044bb87e4173b48482e4b905a825
  Correlation Id:          07746d171c4a15f80cca87bad3c9eb4d
  External correlation Id: 8616333557403209958
  Machine Id:              19RmDKYJv1/zK4N+lW1e75F5Dx4=
[Licensing::Module] Successfully connected to LicensingClient on channel: "LicenseClient-OXBOX" (connect: 0.37s, validation: 0.10s, handshake: 0.06s)
[Licensing::IpcConnector] Successfully connected to: "LicenseClient-OXBOX-notifications" at "2026-08-28T23:38:08.4554225Z"
[Licensing::Module] Connected to LicensingClient (PId: 3940, launch time: 0.00, total connection time: 0.52s)
[Licensing::Module] Error: Access token is unavailable; failed to update
[Licensing::Client] Successfully resolved entitlement details
[Licensing::Module] License group:
  Id: 18968486056853-UnityPersXXXX
  Product: Unity Personal
  Type: Assigned
  Expiration: Unlimited
[Licensing::Client] Successfully updated license, isAsync: True, time: 0.01
[Licensing::Client] Successfully resolved entitlement details
[Licensing::Module] Licensing Background thread has ended after 0.57s
[Licensing::Module] Licensing is initialized (took 0.14s).
[Licensing::Client] Successfully resolved entitlement details
Library Redirect Path: Library/
[Physics::Module] Selected backend.
[Physics::Module] Name: PhysX
[Physics::Module] Id: 0xf2b8ea05
[Physics::Module] SDK Version: 4.1.2
[Physics::Module] Integration Version: 1.0.0
[Physics::Module] Threading Mode: Multi-Threaded
Initialize engine version: 6000.5.9f1 (b57deb96f08d)
[Subsystems] Discovering subsystems at path C:/Program Files/Unity/Hub/Editor/6000.5.9f1/Editor/Data/Resources/UnitySubsystems
[Subsystems] Discovering subsystems at path D:/GAME Ai/IsoRPG/Assets
GfxDevice: creating device client; kGfxThreadingModeNonThreaded
d3d12: failed to query info queue interface (0x80004002).
Direct3D:
    Version:         Direct3D 12 [level 12.2]
    Renderer:        AMD Radeon RX 6800 (ID=0x73bf)
    Vendor:          ATI
    VRAM:            16338 MB
    App VRAM Budget: 15570 MB
    Driver:          32.0.21045.5002
Initialize mono
Mono path[0] = 'C:/Program Files/Unity/Hub/Editor/6000.5.9f1/Editor/Data/Managed'
Mono path[1] = 'C:/Program Files/Unity/Hub/Editor/6000.5.9f1/Editor/Data/BCLExtensions/runtime/netstandard2.1'
Mono path[2] = 'C:/Program Files/Unity/Hub/Editor/6000.5.9f1/Editor/Data/MonoBleedingEdge/lib/mono/unityjit-win32'
Mono config path = 'C:/Program Files/Unity/Hub/Editor/6000.5.9f1/Editor/Data/MonoBleedingEdge/etc'
Using monoOptions --debugger-agent=transport=dt_socket,embedding=1,server=y,suspend=n,address=127.0.0.1:56848
CodeReloadManager initialized
ImportWorker Server TCP listen port: 0
AcceleratorClientConnectionCallback - disconnected - :0
Begin MonoManager ReloadAssembly
Registering precompiled unity dll's ...
Register platform support module: C:/Program Files/Unity/Hub/Editor/6000.5.9f1/Editor/Data/PlaybackEngines/WebGLSupport/UnityEditor.WebGL.Extensions.dll
Register platform support module: C:/Program Files/Unity/Hub/Editor/6000.5.9f1/Editor/Data/PlaybackEngines/WindowsStandaloneSupport/UnityEditor.WindowsStandalone.Extensions.dll
Registered in 0.002440 seconds.
Native extension for WindowsStandalone target not found
Native extension for WebGL target not found
Package Manager log level set to [2]
ScheduleIndexationOnStartup MainProcess:False IndexOnStartup:True
Mono: successfully reloaded assembly
- Finished resetting the current domain, in  0.552 seconds
Domain Reload Profiling: 1152ms
	BeginReloadAssembly (157ms)
		CreateAndSetChildDomain (4ms)
	RebuildCommonClasses (5ms)
	RebuildNativeTypeToScriptingClass (21ms)
	initialDomainReloadingComplete (77ms)
	LoadAllAssembliesAndSetupDomain (338ms)
		LoadAssemblies (150ms)
		AnalyzeDomain (250ms)
			TypeCache.Refresh (248ms)
				TypeCache.ScanAssembly (232ms)
	FinalizeReload (554ms)
		SetupLoadedEditorAssemblies (0ms)
			InitializePlatformSupportModulesInManaged (3ms)
			BeforeProcessingInitializeOnLoad (107ms)
			ProcessInitializeOnLoadAttributes (110ms)
			ProcessInitializeOnLoadMethodAttributes (247ms)
[Licensing::Client] Successfully resolved entitlement details
Application.AssetDatabase Initial Refresh Start
[Package Manager] Restoring resolved packages state from cache
[Licensing::Client] Successfully resolved entitlement details
[Package Manager] Registered 58 packages:
  Packages from [https://packages.unity.com]:
    com.unity.ai.navigation@2.0.14 (location: D:\GAME Ai\IsoRPG\Library\PackageCache\com.unity.ai.navigation@134dd6a3b97b)
    com.unity.collab-proxy@2.13.6 (location: D:\GAME Ai\IsoRPG\Library\PackageCache\com.unity.collab-proxy@4628d2ba6ea4)
    com.unity.ide.rider@3.0.38 (location: D:\GAME Ai\IsoRPG\Library\PackageCache\com.unity.ide.rider@1f60b3138684)
    com.unity.ide.visualstudio@2.0.26 (location: D:\GAME Ai\IsoRPG\Library\PackageCache\com.unity.ide.visualstudio@a99d56dec63f)
    com.unity.inputsystem@1.20.0 (location: D:\GAME Ai\IsoRPG\Library\PackageCache\com.unity.inputsystem@7a4e1a2a8194)
    com.unity.timeline@1.8.12 (location: D:\GAME Ai\IsoRPG\Library\PackageCache\com.unity.timeline@8cd8509afae5)
    com.unity.visualscripting@1.9.12 (location: D:\GAME Ai\IsoRPG\Library\PackageCache\com.unity.visualscripting@4edfcc09512f)
    com.unity.searcher@4.9.5 (location: D:\GAME Ai\IsoRPG\Library\PackageCache\com.unity.searcher@a463122f2c00)
    com.unity.burst@1.8.30 (location: D:\GAME Ai\IsoRPG\Library\PackageCache\com.unity.burst@2f3d916873ea)
    com.unity.nuget.mono-cecil@1.11.6 (location: D:\GAME Ai\IsoRPG\Library\PackageCache\com.unity.nuget.mono-cecil@ecb9724e46ff)
    com.unity.test-framework.performance@3.5.0 (location: D:\GAME Ai\IsoRPG\Library\PackageCache\com.unity.test-framework.performance@8b56083ec0f0)
  Built-in packages:
    com.unity.multiplayer.center@1.0.1 (location: D:\GAME Ai\IsoRPG\Library\PackageCache\com.unity.multiplayer.center@b860850997d0)
    com.unity.render-pipelines.universal@17.5.0 (location: D:\GAME Ai\IsoRPG\Library\PackageCache\com.unity.render-pipelines.universal@d7774c218bdf)
    com.unity.shadergraph@17.5.0 (location: D:\GAME Ai\IsoRPG\Library\PackageCache\com.unity.shadergraph@8d7376ec43ee)
    com.unity.test-framework@1.7.0 (location: D:\GAME Ai\IsoRPG\Library\PackageCache\com.unity.test-framework@1405238725ab)
    com.unity.ugui@2.5.0 (location: D:\GAME Ai\IsoRPG\Library\PackageCache\com.unity.ugui@1c4864518158)
    com.unity.modules.accessibility@1.0.0 (location: D:\GAME Ai\IsoRPG\Library\PackageCache\com.unity.modules.accessibility)
    com.unity.modules.adaptiveperformance@1.0.0 (location: D:\GAME Ai\IsoRPG\Library\PackageCache\com.unity.modules.adaptiveperformance)
    com.unity.modules.ai@1.0.0 (location: D:\GAME Ai\IsoRPG\Library\PackageCache\com.unity.modules.ai)
    com.unity.modules.androidjni@1.0.0 (location: D:\GAME Ai\IsoRPG\Library\PackageCache\com.unity.modules.androidjni)
    com.unity.modules.animation@1.0.0 (location: D:\GAME Ai\IsoRPG\Library\PackageCache\com.unity.modules.animation)
    com.unity.modules.assetbundle@1.0.0 (location: D:\GAME Ai\IsoRPG\Library\PackageCache\com.unity.modules.assetbundle)
    com.unity.modules.audio@1.0.0 (location: D:\GAME Ai\IsoRPG\Library\PackageCache\com.unity.modules.audio)
    com.unity.modules.cloth@1.0.0 (location: D:\GAME Ai\IsoRPG\Library\PackageCache\com.unity.modules.cloth)
    com.unity.modules.director@1.0.0 (location: D:\GAME Ai\IsoRPG\Library\PackageCache\com.unity.modules.director)
    com.unity.modules.imageconversion@1.0.0 (location: D:\GAME Ai\IsoRPG\Library\PackageCache\com.unity.modules.imageconversion)
    com.unity.modules.imgui@1.0.0 (location: D:\GAME Ai\IsoRPG\Library\PackageCache\com.unity.modules.imgui)
    com.unity.modules.jsonserialize@1.0.0 (location: D:\GAME Ai\IsoRPG\Library\PackageCache\com.unity.modules.jsonserialize)
    com.unity.modules.particlesystem@1.0.0 (location: D:\GAME Ai\IsoRPG\Library\PackageCache\com.unity.modules.particlesystem)
    com.unity.modules.physics@1.0.0 (location: D:\GAME Ai\IsoRPG\Library\PackageCache\com.unity.modules.physics)
    com.unity.modules.physics2d@1.0.0 (location: D:\GAME Ai\IsoRPG\Library\PackageCache\com.unity.modules.physics2d)
    com.unity.modules.physicscore2d@1.0.0 (location: D:\GAME Ai\IsoRPG\Library\PackageCache\com.unity.modules.physicscore2d)
    com.unity.modules.screencapture@1.0.0 (location: D:\GAME Ai\IsoRPG\Library\PackageCache\com.unity.modules.screencapture)
    com.unity.modules.terrain@1.0.0 (location: D:\GAME Ai\IsoRPG\Library\PackageCache\com.unity.modules.terrain)
    com.unity.modules.terrainphysics@1.0.0 (location: D:\GAME Ai\IsoRPG\Library\PackageCache\com.unity.modules.terrainphysics)
    com.unity.modules.tilemap@1.0.0 (location: D:\GAME Ai\IsoRPG\Library\PackageCache\com.unity.modules.tilemap)
    com.unity.modules.ui@1.0.0 (location: D:\GAME Ai\IsoRPG\Library\PackageCache\com.unity.modules.ui)
    com.unity.modules.uielements@1.0.0 (location: D:\GAME Ai\IsoRPG\Library\PackageCache\com.unity.modules.uielements)
    com.unity.modules.umbra@1.0.0 (location: D:\GAME Ai\IsoRPG\Library\PackageCache\com.unity.modules.umbra)
    com.unity.modules.unityanalytics@1.0.0 (location: D:\GAME Ai\IsoRPG\Library\PackageCache\com.unity.modules.unityanalytics)
    com.unity.modules.unitywebrequest@1.0.0 (location: D:\GAME Ai\IsoRPG\Library\PackageCache\com.unity.modules.unitywebrequest)
    com.unity.modules.unitywebrequestassetbundle@1.0.0 (location: D:\GAME Ai\IsoRPG\Library\PackageCache\com.unity.modules.unitywebrequestassetbundle)
    com.unity.modules.unitywebrequestaudio@1.0.0 (location: D:\GAME Ai\IsoRPG\Library\PackageCache\com.unity.modules.unitywebrequestaudio)
    com.unity.modules.unitywebrequesttexture@1.0.0 (location: D:\GAME Ai\IsoRPG\Library\PackageCache\com.unity.modules.unitywebrequesttexture)
    com.unity.modules.unitywebrequestwww@1.0.0 (location: D:\GAME Ai\IsoRPG\Library\PackageCache\com.unity.modules.unitywebrequestwww)
    com.unity.modules.vectorgraphics@1.0.0 (location: D:\GAME Ai\IsoRPG\Library\PackageCache\com.unity.modules.vectorgraphics)
    com.unity.modules.vehicles@1.0.0 (location: D:\GAME Ai\IsoRPG\Library\PackageCache\com.unity.modules.vehicles)
    com.unity.modules.video@1.0.0 (location: D:\GAME Ai\IsoRPG\Library\PackageCache\com.unity.modules.video)
    com.unity.modules.wind@1.0.0 (location: D:\GAME Ai\IsoRPG\Library\PackageCache\com.unity.modules.wind)
    com.unity.modules.xr@1.0.0 (location: D:\GAME Ai\IsoRPG\Library\PackageCache\com.unity.modules.xr)
    com.unity.modules.subsystems@1.0.0 (location: D:\GAME Ai\IsoRPG\Library\PackageCache\com.unity.modules.subsystems)
    com.unity.modules.hierarchycore@1.0.0 (location: D:\GAME Ai\IsoRPG\Library\PackageCache\com.unity.modules.hierarchycore)
    com.unity.ext.nunit@2.1.0 (location: D:\GAME Ai\IsoRPG\Library\PackageCache\com.unity.ext.nunit@44f7d31723bd)
    com.unity.render-pipelines.core@17.5.0 (location: D:\GAME Ai\IsoRPG\Library\PackageCache\com.unity.render-pipelines.core@a4c9a9793789)
    com.unity.render-pipelines.universal-config@17.5.0 (location: D:\GAME Ai\IsoRPG\Library\PackageCache\com.unity.render-pipelines.universal-config@fdda01c80fe3)
    com.unity.collections@6.5.0 (location: D:\GAME Ai\IsoRPG\Library\PackageCache\com.unity.collections@ec2c217e4cb2)
    com.unity.mathematics@1.4.0 (location: D:\GAME Ai\IsoRPG\Library\PackageCache\com.unity.mathematics@981956d94fb6)
  Embedded packages:
    com.distantlands.cozy.core@file:D:\GAME Ai\IsoRPG\Packages\com.distantlands.cozy.core (location: D:\GAME Ai\IsoRPG\Packages\com.distantlands.cozy.core)
[Subsystems] No new subsystems found in resolved package list.
[Package Manager] Done registering packages in 0.02 seconds
[ScriptCompilation] Requested script compilation because: AssetDatabase observed changes in script compilation related files
info: Microsoft.Hosting.Lifetime[14]
      Now listening on: http://localhost:80
info: Microsoft.Hosting.Lifetime[0]
      Application started. Press Ctrl+C to shut down.
info: Microsoft.Hosting.Lifetime[0]
      Hosting environment: Production
info: Microsoft.Hosting.Lifetime[0]
      Content root path: D:\GAME Ai\IsoRPG
info: Microsoft.AspNetCore.Hosting.Diagnostics[1]
      Request starting HTTP/2 POST http://ilpp/UnityILPP.PostProcessing/Ping - application/grpc -
info: Microsoft.AspNetCore.Routing.EndpointMiddleware[0]
      Executing endpoint 'gRPC - /UnityILPP.PostProcessing/Ping'
info: Microsoft.AspNetCore.Routing.EndpointMiddleware[1]
      Executed endpoint 'gRPC - /UnityILPP.PostProcessing/Ping'
info: Microsoft.AspNetCore.Hosting.Diagnostics[2]
      Request finished HTTP/2 POST http://ilpp/UnityILPP.PostProcessing/Ping - 200 - application/grpc 35.5830ms
Starting: C:\Program Files\Unity\Hub\Editor\6000.5.9f1\Editor\Data\Tools\BuildPipeline\bee_backend.exe --ipc --defer-dag-verification --dagfile="Library/Bee/1900b0aE.dag" --continue-on-failure --profile="Library/Bee/backend1.traceevents" ScriptAssemblies
WorkingDir: D:/GAME Ai/IsoRPG
info: Microsoft.AspNetCore.Hosting.Diagnostics[1]
      Request starting HTTP/2 POST http://ilpp/UnityILPP.PostProcessing/ConfigurePostProcessors - application/grpc -
info: Microsoft.AspNetCore.Routing.EndpointMiddleware[0]
      Executing endpoint 'gRPC - /UnityILPP.PostProcessing/ConfigurePostProcessors'
warn: Unity.ILPP.Runner.PostProcessingAssemblyLoadContext[0]
      Assembly system.runtime.interopservices.windowsruntime has duplicate hint path. Ignoring "C:\Program Files\Unity\Hub\Editor\6000.5.9f1\Editor\Data\UnityReferenceAssemblies\unity-4.8-api\Facades\System.Runtime.InteropServices.WindowsRuntime.dll" in favor of "C:\Program Files\Unity\Hub\Editor\6000.5.9f1\Editor\Data\NetStandard\Extensions\2.0.0\System.Runtime.InteropServices.WindowsRuntime.dll"
warn: Unity.ILPP.Runner.PostProcessingAssemblyLoadContext[0]
      Assembly system.componentmodel.composition has duplicate hint path. Ignoring "C:\Program Files\Unity\Hub\Editor\6000.5.9f1\Editor\Data\UnityReferenceAssemblies\unity-4.8-api\System.ComponentModel.Composition.dll" in favor of "C:\Program Files\Unity\Hub\Editor\6000.5.9f1\Editor\Data\NetStandard\compat\2.1.0\shims\netfx\System.ComponentModel.Composition.dll"
DisplayProgressbar: Compiling Scripts
info: Unity.ILPP.Runner.PostProcessingAssemblyLoadContext[0]
      Resolved Unity.Burst.Cecil, Version=0.11.6.0, Culture=neutral, PublicKeyToken=50cebf1cceb9d05e with Library\PackageCache\com.unity.burst@2f3d916873ea\Unity.Burst.CodeGen\Unity.Burst.Cecil.dll
info: Unity.ILPP.Runner.PostProcessingAssemblyLoadContext[0]
      Resolved Mono.Cecil, Version=0.11.5.0, Culture=neutral, PublicKeyToken=50cebf1cceb9d05e with Library\PackageCache\com.unity.nuget.mono-cecil@ecb9724e46ff\Mono.Cecil.dll
info: Microsoft.AspNetCore.Routing.EndpointMiddleware[1]
      Executed endpoint 'gRPC - /UnityILPP.PostProcessing/ConfigurePostProcessors'
info: Microsoft.AspNetCore.Hosting.Diagnostics[2]
      Request finished HTTP/2 POST http://ilpp/UnityILPP.PostProcessing/ConfigurePostProcessors - 200 - application/grpc 125.3690ms
ExitCode: 4 Duration: 1s841ms
[531/957    0s] WriteResponseFile Library/Bee/artifacts/rsp/4747638433968585886.rsp
Rebuilding DAG because FileSignature timestamp changed: Library/Bee/1900b0aE-inputdata.json
[751/957    0s] ILPP-Configuration Library/ilpp-configuration.nevergeneratedoutput
*** Tundra requires additional run (1.81 seconds), 3 items updated, 750 evaluated
[ApiUpdater] Total time: 1292ms, Parse response file: 63ms, Collect updater configs: 134ms, Update: 1092ms, Save: 3ms Files: 2 modified / 4 visited / 105 total (Library/Bee/artifacts/1900b0aE.dag/Assembly-CSharp-Editor.dll).
Starting: C:\Program Files\Unity\Hub\Editor\6000.5.9f1\Editor\Data\netcorerun\netcorerun.exe "C:\Program Files\Unity\Hub\Editor\6000.5.9f1\Editor\Data\Tools\BuildPipeline\ScriptCompilationBuildProgram.exe" "Library/Bee/1900b0aE.dag.json" "Library/Bee/1900b0aE-inputdata.json" "Library\Bee\buildprogram0.traceevents"
WorkingDir: D:/GAME Ai/IsoRPG
ExitCode: 0 Duration: 1s271ms
Starting: C:\Program Files\Unity\Hub\Editor\6000.5.9f1\Editor\Data\Tools\BuildPipeline\bee_backend.exe --ipc --defer-dag-verification --dagfile="Library/Bee/1900b0aE.dag" --continue-on-failure --dagfilejson="Library\Bee\1900b0aE.dag.json" --profile="Library/Bee/backend2.traceevents" ScriptAssemblies
WorkingDir: D:/GAME Ai/IsoRPG
info: Microsoft.AspNetCore.Hosting.Diagnostics[1]
      Request starting HTTP/2 POST http://ilpp/UnityILPP.PostProcessing/ConfigurePostProcessors - application/grpc -
info: Microsoft.AspNetCore.Routing.EndpointMiddleware[0]
      Executing endpoint 'gRPC - /UnityILPP.PostProcessing/ConfigurePostProcessors'
info: Unity.ILPP.Runner.PostProcessingAssemblyLoadContext[0]
      Current configuration matches the requested one, skipping
info: Microsoft.AspNetCore.Routing.EndpointMiddleware[1]
      Executed endpoint 'gRPC - /UnityILPP.PostProcessing/ConfigurePostProcessors'
info: Microsoft.AspNetCore.Hosting.Diagnostics[2]
      Request finished HTTP/2 POST http://ilpp/UnityILPP.PostProcessing/ConfigurePostProcessors - 200 - application/grpc 4.7708ms
info: Microsoft.AspNetCore.Hosting.Diagnostics[1]
      Request starting HTTP/2 POST http://ilpp/UnityILPP.PostProcessing/PostProcessAssembly - application/grpc -
info: Microsoft.AspNetCore.Routing.EndpointMiddleware[0]
      Executing endpoint 'gRPC - /UnityILPP.PostProcessing/PostProcessAssembly'
info: Unity.ILPP.Runner.PostProcessingPipeline[0]
      Processing assembly Library/Bee/artifacts/1900b0aE.dag/Assembly-CSharp-Editor.dll, with 144 defines and 364 references
info: Unity.ILPP.Runner.PostProcessingPipeline[0]
      processors: Unity.Jobs.CodeGen.JobsILPostProcessor, zzzUnity.Burst.CodeGen.BurstILPostProcessor
info: Unity.ILPP.Runner.PostProcessingPipeline[0]
      running Unity.Jobs.CodeGen.JobsILPostProcessor
info: Unity.ILPP.Runner.PostProcessingAssemblyLoadContext[0]
      Resolved Unity.Collections, Version=0.0.0.0, Culture=neutral, PublicKeyToken=null with Library\Bee\artifacts\1900b0aE.dag\Unity.Collections.dll
info: Unity.ILPP.Runner.PostProcessingAssemblyLoadContext[0]
      Resolved UnityEditor.CoreModule, Version=0.0.0.0, Culture=neutral, PublicKeyToken=null with C:\Program Files\Unity\Hub\Editor\6000.5.9f1\Editor\Data\Managed\UnityEngine\UnityEditor.CoreModule.dll
info: Unity.ILPP.Runner.PostProcessingAssemblyLoadContext[0]
      Resolved UnityEngine.CoreModule, Version=0.0.0.0, Culture=neutral, PublicKeyToken=null with C:\Program Files\Unity\Hub\Editor\6000.5.9f1\Editor\Data\Managed\UnityEngine\UnityEngine.CoreModule.dll
info: Unity.ILPP.Runner.PostProcessingAssemblyLoadContext[0]
      Resolved Unity.Scripting, Version=0.0.0.0, Culture=neutral, PublicKeyToken=null with C:\Program Files\Unity\Hub\Editor\6000.5.9f1\Editor\Data\Managed\UnityEngine\Unity.Scripting.dll
info: Unity.ILPP.Runner.PostProcessingPipeline[0]
      running zzzUnity.Burst.CodeGen.BurstILPostProcessor
info: Unity.ILPP.Runner.PostProcessingAssemblyLoadContext[0]
      Resolved Unity.Burst.Cecil.Rocks, Version=0.11.6.0, Culture=neutral, PublicKeyToken=50cebf1cceb9d05e with Library\PackageCache\com.unity.burst@2f3d916873ea\Unity.Burst.CodeGen\Unity.Burst.Cecil.Rocks.dll
info: Microsoft.AspNetCore.Routing.EndpointMiddleware[1]
      Executed endpoint 'gRPC - /UnityILPP.PostProcessing/PostProcessAssembly'
info: Microsoft.AspNetCore.Hosting.Diagnostics[2]
      Request finished HTTP/2 POST http://ilpp/UnityILPP.PostProcessing/PostProcessAssembly - 200 - application/grpc 1143.3046ms
[ApiUpdater] Total time: 1240ms, Parse response file: 63ms, Collect updater configs: 128ms, Update: 1047ms, Save: 2ms Files: 2 modified / 2 visited / 106 total (Library/Bee/artifacts/1900b0aE.dag/Assembly-CSharp-Editor.dll).
ExitCode: 0 Duration: 2s493ms
Finished compiling graph: 960 nodes, 18573 flattened edges (15497 ToBuild, 148 ToUse), maximum node priority 1024
[531/957    0s] WriteText Library/Bee/artifacts/1900b0aE.dag/Assembly-CSharp-Editor.rsp
[751/957    0s] ILPP-Configuration Library/ilpp-configuration.nevergeneratedoutput
[953/957    0s] Csc Library/Bee/artifacts/1900b0aE.dag/Assembly-CSharp-Editor.dll (+2 others)
Assets\Synty\PolygonGeneric\Shaders\InterfaceOverrides\Editor\polygonShader_UI.cs(19,29): warning CS0618: 'GraphicsSettings.renderPipelineAsset' is obsolete: 'renderPipelineAsset has been deprecated. Use defaultRenderPipeline instead (UnityUpgradable) -> defaultRenderPipeline'

Assets\Synty\PolygonGeneric\Shaders\InterfaceOverrides\Editor\polygonShaderTransparent_UI.cs(20,29): warning CS0618: 'GraphicsSettings.renderPipelineAsset' is obsolete: 'renderPipelineAsset has been deprecated. Use defaultRenderPipeline instead (UnityUpgradable) -> defaultRenderPipeline'

Assets\_Game\Scripts\Editor\AvatarFix.cs(58,55): warning CS0618: 'FindObjectsSortMode' is obsolete: 'FindObjectsSortMode has been deprecated. Use the FindObjectsByType overloads that do not take a FindObjectsSortMode parameter.'

Assets\_Game\Scripts\Editor\AvatarFix.cs(57,38): warning CS0618: 'Object.FindObjectsByType<T>(FindObjectsInactive, FindObjectsSortMode)' is obsolete: 'FindObjectsByType with FindObjectsSortMode parameter has been deprecated. Use FindObjectsByType<T>() or FindObjectsByType<T>(FindObjectsInactive) instead. InstanceID will be replaced in the future with EntityId and previous sort order cannot be maintained.'

Assets\_Game\Scripts\Editor\CozySky.cs(79,59): warning CS0618: 'FindObjectsSortMode' is obsolete: 'FindObjectsSortMode has been deprecated. Use the FindObjectsByType overloads that do not take a FindObjectsSortMode parameter.'

Assets\_Game\Scripts\Editor\CozySky.cs(78,39): warning CS0618: 'Object.FindObjectsByType<T>(FindObjectsInactive, FindObjectsSortMode)' is obsolete: 'FindObjectsByType with FindObjectsSortMode parameter has been deprecated. Use FindObjectsByType<T>() or FindObjectsByType<T>(FindObjectsInactive) instead. InstanceID will be replaced in the future with EntityId and previous sort order cannot be maintained.'

Assets\_Game\Scripts\Editor\CozySky.cs(138,55): warning CS0618: 'FindObjectsSortMode' is obsolete: 'FindObjectsSortMode has been deprecated. Use the FindObjectsByType overloads that do not take a FindObjectsSortMode parameter.'

Assets\_Game\Scripts\Editor\CozySky.cs(137,35): warning CS0618: 'Object.FindObjectsByType<T>(FindObjectsInactive, FindObjectsSortMode)' is obsolete: 'FindObjectsByType with FindObjectsSortMode parameter has been deprecated. Use FindObjectsByType<T>() or FindObjectsByType<T>(FindObjectsInactive) instead. InstanceID will be replaced in the future with EntityId and previous sort order cannot be maintained.'

Assets\_Game\Scripts\Editor\DaylightSetup.cs(42,55): warning CS0618: 'FindObjectsSortMode' is obsolete: 'FindObjectsSortMode has been deprecated. Use the FindObjectsByType overloads that do not take a FindObjectsSortMode parameter.'

Assets\_Game\Scripts\Editor\DaylightSetup.cs(41,23): warning CS0618: 'Object.FindObjectsByType<T>(FindObjectsInactive, FindObjectsSortMode)' is obsolete: 'FindObjectsByType with FindObjectsSortMode parameter has been deprecated. Use FindObjectsByType<T>() or FindObjectsByType<T>(FindObjectsInactive) instead. InstanceID will be replaced in the future with EntityId and previous sort order cannot be maintained.'

Assets\_Game\Scripts\Editor\WallProbe.cs(150,46): warning CS0618: 'FindObjectsSortMode' is obsolete: 'FindObjectsSortMode has been deprecated. Use the FindObjectsByType overloads that do not take a FindObjectsSortMode parameter.'

Assets\_Game\Scripts\Editor\WallProbe.cs(149,29): warning CS0618: 'Object.FindObjectsByType<T>(FindObjectsInactive, FindObjectsSortMode)' is obsolete: 'FindObjectsByType with FindObjectsSortMode parameter has been deprecated. Use FindObjectsByType<T>() or FindObjectsByType<T>(FindObjectsInactive) instead. InstanceID will be replaced in the future with EntityId and previous sort order cannot be maintained.'

Assets\_Game\Scripts\Editor\WallProbe.cs(171,46): warning CS0618: 'FindObjectsSortMode' is obsolete: 'FindObjectsSortMode has been deprecated. Use the FindObjectsByType overloads that do not take a FindObjectsSortMode parameter.'

Assets\_Game\Scripts\Editor\WallProbe.cs(170,23): warning CS0618: 'Object.FindObjectsByType<T>(FindObjectsInactive, FindObjectsSortMode)' is obsolete: 'FindObjectsByType with FindObjectsSortMode parameter has been deprecated. Use FindObjectsByType<T>() or FindObjectsByType<T>(FindObjectsInactive) instead. InstanceID will be replaced in the future with EntityId and previous sort order cannot be maintained.'

Assets\_Game\Scripts\Editor\EnviroSetup.cs(94,66): warning CS0618: 'FindObjectsSortMode' is obsolete: 'FindObjectsSortMode has been deprecated. Use the FindObjectsByType overloads that do not take a FindObjectsSortMode parameter.'

Assets\_Game\Scripts\Editor\EnviroSetup.cs(93,35): warning CS0618: 'Object.FindObjectsByType<T>(FindObjectsInactive, FindObjectsSortMode)' is obsolete: 'FindObjectsByType with FindObjectsSortMode parameter has been deprecated. Use FindObjectsByType<T>() or FindObjectsByType<T>(FindObjectsInactive) instead. InstanceID will be replaced in the future with EntityId and previous sort order cannot be maintained.'

Assets\_Game\Scripts\Editor\DungeonProbe.cs(157,26): warning CS0618: 'Object.FindFirstObjectByType<T>()' is obsolete: 'FindFirstObjectByType has been deprecated because it relies on instance ID ordering. Use FindAnyObjectByType instead, which does not depend on ordering.'

Assets\_Game\Scripts\Editor\EnviroSetup.cs(197,66): warning CS0618: 'FindObjectsSortMode' is obsolete: 'FindObjectsSortMode has been deprecated. Use the FindObjectsByType overloads that do not take a FindObjectsSortMode parameter.'

Assets\_Game\Scripts\Editor\EnviroSetup.cs(196,35): warning CS0618: 'Object.FindObjectsByType<T>(FindObjectsInactive, FindObjectsSortMode)' is obsolete: 'FindObjectsByType with FindObjectsSortMode parameter has been deprecated. Use FindObjectsByType<T>() or FindObjectsByType<T>(FindObjectsInactive) instead. InstanceID will be replaced in the future with EntityId and previous sort order cannot be maintained.'

Assets\_Game\Scripts\Editor\HeroParade.cs(72,60): warning CS0618: 'FindObjectsSortMode' is obsolete: 'FindObjectsSortMode has been deprecated. Use the FindObjectsByType overloads that do not take a FindObjectsSortMode parameter.'

Assets\_Game\Scripts\Editor\HeroParade.cs(71,27): warning CS0618: 'Object.FindObjectsByType<T>(FindObjectsInactive, FindObjectsSortMode)' is obsolete: 'FindObjectsByType with FindObjectsSortMode parameter has been deprecated. Use FindObjectsByType<T>() or FindObjectsByType<T>(FindObjectsInactive) instead. InstanceID will be replaced in the future with EntityId and previous sort order cannot be maintained.'

Assets\_Game\Scripts\Editor\NavProbe.cs(64,46): warning CS0618: 'FindObjectsSortMode' is obsolete: 'FindObjectsSortMode has been deprecated. Use the FindObjectsByType overloads that do not take a FindObjectsSortMode parameter.'

Assets\_Game\Scripts\Editor\NavProbe.cs(63,28): warning CS0618: 'Object.FindObjectsByType<T>(FindObjectsInactive, FindObjectsSortMode)' is obsolete: 'FindObjectsByType with FindObjectsSortMode parameter has been deprecated. Use FindObjectsByType<T>() or FindObjectsByType<T>(FindObjectsInactive) instead. InstanceID will be replaced in the future with EntityId and previous sort order cannot be maintained.'

Assets\_Game\Scripts\Editor\NavProbe.cs(67,46): warning CS0618: 'FindObjectsSortMode' is obsolete: 'FindObjectsSortMode has been deprecated. Use the FindObjectsByType overloads that do not take a FindObjectsSortMode parameter.'

Assets\_Game\Scripts\Editor\NavProbe.cs(66,26): warning CS0618: 'Object.FindObjectsByType<T>(FindObjectsInactive, FindObjectsSortMode)' is obsolete: 'FindObjectsByType with FindObjectsSortMode parameter has been deprecated. Use FindObjectsByType<T>() or FindObjectsByType<T>(FindObjectsInactive) instead. InstanceID will be replaced in the future with EntityId and previous sort order cannot be maintained.'

Assets\_Game\Scripts\Editor\OfficialConvert.cs(39,39): warning CS0618: 'ConverterContainerId' is obsolete: 'ConverterContainerId has been deprecated.'

Assets\_Game\Scripts\Editor\OfficialConvert.cs(39,13): warning CS0618: 'Converters.RunInBatchMode(ConverterContainerId)' is obsolete: 'RunInBatchMode(ConverterContainerId) has been deprecated. Please use RunInBatchMode(string) or upgrade using UnityEditor.Rendering.Universal.Converters.RunInBatchModeCmdLine instead.'

Assets\_Game\Scripts\Editor\NavProbe.cs(106,28): warning CS0618: 'Object.FindFirstObjectByType<T>(FindObjectsInactive)' is obsolete: 'FindFirstObjectByType has been deprecated because it relies on instance ID ordering. Use FindAnyObjectByType instead, which does not depend on ordering.'

Assets\_Game\Scripts\Editor\NavBake.cs(50,46): warning CS0618: 'FindObjectsSortMode' is obsolete: 'FindObjectsSortMode has been deprecated. Use the FindObjectsByType overloads that do not take a FindObjectsSortMode parameter.'

Assets\_Game\Scripts\Editor\NavBake.cs(49,27): warning CS0618: 'Object.FindObjectsByType<T>(FindObjectsInactive, FindObjectsSortMode)' is obsolete: 'FindObjectsByType with FindObjectsSortMode parameter has been deprecated. Use FindObjectsByType<T>() or FindObjectsByType<T>(FindObjectsInactive) instead. InstanceID will be replaced in the future with EntityId and previous sort order cannot be maintained.'

Assets\_Game\Scripts\Editor\OldPurge.cs(62,55): warning CS0618: 'FindObjectsSortMode' is obsolete: 'FindObjectsSortMode has been deprecated. Use the FindObjectsByType overloads that do not take a FindObjectsSortMode parameter.'

Assets\_Game\Scripts\Editor\OldPurge.cs(61,38): warning CS0618: 'Object.FindObjectsByType<T>(FindObjectsInactive, FindObjectsSortMode)' is obsolete: 'FindObjectsByType with FindObjectsSortMode parameter has been deprecated. Use FindObjectsByType<T>() or FindObjectsByType<T>(FindObjectsInactive) instead. InstanceID will be replaced in the future with EntityId and previous sort order cannot be maintained.'

Assets\_Game\Scripts\Editor\TreeSwap.cs(70,60): warning CS0618: 'FindObjectsSortMode' is obsolete: 'FindObjectsSortMode has been deprecated. Use the FindObjectsByType overloads that do not take a FindObjectsSortMode parameter.'

Assets\_Game\Scripts\Editor\TreeSwap.cs(69,23): warning CS0618: 'Object.FindObjectsByType<T>(FindObjectsInactive, FindObjectsSortMode)' is obsolete: 'FindObjectsByType with FindObjectsSortMode parameter has been deprecated. Use FindObjectsByType<T>() or FindObjectsByType<T>(FindObjectsInactive) instead. InstanceID will be replaced in the future with EntityId and previous sort order cannot be maintained.'

Assets\_Game\Scripts\Editor\LightProbe.cs(35,46): warning CS0618: 'FindObjectsSortMode' is obsolete: 'FindObjectsSortMode has been deprecated. Use the FindObjectsByType overloads that do not take a FindObjectsSortMode parameter.'

Assets\_Game\Scripts\Editor\LightProbe.cs(34,26): warning CS0618: 'Object.FindObjectsByType<T>(FindObjectsInactive, FindObjectsSortMode)' is obsolete: 'FindObjectsByType with FindObjectsSortMode parameter has been deprecated. Use FindObjectsByType<T>() or FindObjectsByType<T>(FindObjectsInactive) instead. InstanceID will be replaced in the future with EntityId and previous sort order cannot be maintained.'

Assets\_Game\Scripts\Editor\TreeSwap.cs(118,63): warning CS0618: 'FindObjectsSortMode' is obsolete: 'FindObjectsSortMode has been deprecated. Use the FindObjectsByType overloads that do not take a FindObjectsSortMode parameter.'

Assets\_Game\Scripts\Editor\TreeSwap.cs(117,26): warning CS0618: 'Object.FindObjectsByType<T>(FindObjectsInactive, FindObjectsSortMode)' is obsolete: 'FindObjectsByType with FindObjectsSortMode parameter has been deprecated. Use FindObjectsByType<T>() or FindObjectsByType<T>(FindObjectsInactive) instead. InstanceID will be replaced in the future with EntityId and previous sort order cannot be maintained.'

Assets\_Game\Scripts\Editor\PostFxBuilder.cs(75,69): warning CS0618: 'FindObjectsSortMode' is obsolete: 'FindObjectsSortMode has been deprecated. Use the FindObjectsByType overloads that do not take a FindObjectsSortMode parameter.'

Assets\_Game\Scripts\Editor\PostFxBuilder.cs(75,36): warning CS0618: 'Object.FindObjectsByType<T>(FindObjectsSortMode)' is obsolete: 'FindObjectsByType with FindObjectsSortMode parameter has been deprecated. Use FindObjectsByType<T>() or FindObjectsByType<T>(FindObjectsInactive) instead. InstanceID will be replaced in the future with EntityId and previous sort order cannot be maintained.'

Assets\_Game\Scripts\Editor\PostFxBuilder.cs(103,69): warning CS0618: 'FindObjectsSortMode' is obsolete: 'FindObjectsSortMode has been deprecated. Use the FindObjectsByType overloads that do not take a FindObjectsSortMode parameter.'

Assets\_Game\Scripts\Editor\PostFxBuilder.cs(103,36): warning CS0618: 'Object.FindObjectsByType<T>(FindObjectsSortMode)' is obsolete: 'FindObjectsByType with FindObjectsSortMode parameter has been deprecated. Use FindObjectsByType<T>() or FindObjectsByType<T>(FindObjectsInactive) instead. InstanceID will be replaced in the future with EntityId and previous sort order cannot be maintained.'

Assets\_Game\Scripts\Editor\TreeSwap.cs(167,62): warning CS0618: 'FindObjectsSortMode' is obsolete: 'FindObjectsSortMode has been deprecated. Use the FindObjectsByType overloads that do not take a FindObjectsSortMode parameter.'

Assets\_Game\Scripts\Editor\TreeSwap.cs(166,25): warning CS0618: 'Object.FindObjectsByType<T>(FindObjectsInactive, FindObjectsSortMode)' is obsolete: 'FindObjectsByType with FindObjectsSortMode parameter has been deprecated. Use FindObjectsByType<T>() or FindObjectsByType<T>(FindObjectsInactive) instead. InstanceID will be replaced in the future with EntityId and previous sort order cannot be maintained.'

Assets\_Game\Scripts\Editor\PnbAnalyze.cs(40,55): warning CS0618: 'FindObjectsSortMode' is obsolete: 'FindObjectsSortMode has been deprecated. Use the FindObjectsByType overloads that do not take a FindObjectsSortMode parameter.'

Assets\_Game\Scripts\Editor\PnbAnalyze.cs(39,31): warning CS0618: 'Object.FindObjectsByType<T>(FindObjectsInactive, FindObjectsSortMode)' is obsolete: 'FindObjectsByType with FindObjectsSortMode parameter has been deprecated. Use FindObjectsByType<T>() or FindObjectsByType<T>(FindObjectsInactive) instead. InstanceID will be replaced in the future with EntityId and previous sort order cannot be maintained.'

Assets\_Game\Scripts\Editor\PnbAnalyze.cs(64,55): warning CS0618: 'FindObjectsSortMode' is obsolete: 'FindObjectsSortMode has been deprecated. Use the FindObjectsByType overloads that do not take a FindObjectsSortMode parameter.'

Assets\_Game\Scripts\Editor\PnbAnalyze.cs(63,31): warning CS0618: 'Object.FindObjectsByType<T>(FindObjectsInactive, FindObjectsSortMode)' is obsolete: 'FindObjectsByType with FindObjectsSortMode parameter has been deprecated. Use FindObjectsByType<T>() or FindObjectsByType<T>(FindObjectsInactive) instead. InstanceID will be replaced in the future with EntityId and previous sort order cannot be maintained.'

Assets\_Game\Scripts\Editor\PnbAnalyze.cs(209,55): warning CS0618: 'FindObjectsSortMode' is obsolete: 'FindObjectsSortMode has been deprecated. Use the FindObjectsByType overloads that do not take a FindObjectsSortMode parameter.'

Assets\_Game\Scripts\Editor\PnbAnalyze.cs(208,31): warning CS0618: 'Object.FindObjectsByType<T>(FindObjectsInactive, FindObjectsSortMode)' is obsolete: 'FindObjectsByType with FindObjectsSortMode parameter has been deprecated. Use FindObjectsByType<T>() or FindObjectsByType<T>(FindObjectsInactive) instead. InstanceID will be replaced in the future with EntityId and previous sort order cannot be maintained.'

Assets\_Game\Scripts\Editor\TreeNavFix.cs(46,62): warning CS0618: 'FindObjectsSortMode' is obsolete: 'FindObjectsSortMode has been deprecated. Use the FindObjectsByType overloads that do not take a FindObjectsSortMode parameter.'

Assets\_Game\Scripts\Editor\TreeNavFix.cs(45,25): warning CS0618: 'Object.FindObjectsByType<T>(FindObjectsInactive, FindObjectsSortMode)' is obsolete: 'FindObjectsByType with FindObjectsSortMode parameter has been deprecated. Use FindObjectsByType<T>() or FindObjectsByType<T>(FindObjectsInactive) instead. InstanceID will be replaced in the future with EntityId and previous sort order cannot be maintained.'

Assets\_Game\Scripts\Editor\SceneWeight.cs(32,46): warning CS0618: 'FindObjectsSortMode' is obsolete: 'FindObjectsSortMode has been deprecated. Use the FindObjectsByType overloads that do not take a FindObjectsSortMode parameter.'

Assets\_Game\Scripts\Editor\SceneWeight.cs(31,28): warning CS0618: 'Object.FindObjectsByType<T>(FindObjectsInactive, FindObjectsSortMode)' is obsolete: 'FindObjectsByType with FindObjectsSortMode parameter has been deprecated. Use FindObjectsByType<T>() or FindObjectsByType<T>(FindObjectsInactive) instead. InstanceID will be replaced in the future with EntityId and previous sort order cannot be maintained.'

Assets\_Game\Scripts\Editor\SceneWeight.cs(91,55): warning CS0618: 'FindObjectsSortMode' is obsolete: 'FindObjectsSortMode has been deprecated. Use the FindObjectsByType overloads that do not take a FindObjectsSortMode parameter.'

Assets\_Game\Scripts\Editor\SceneWeight.cs(90,32): warning CS0618: 'Object.FindObjectsByType<T>(FindObjectsInactive, FindObjectsSortMode)' is obsolete: 'FindObjectsByType with FindObjectsSortMode parameter has been deprecated. Use FindObjectsByType<T>() or FindObjectsByType<T>(FindObjectsInactive) instead. InstanceID will be replaced in the future with EntityId and previous sort order cannot be maintained.'

Assets\_Game\Scripts\Editor\SceneEye.cs(150,55): warning CS0618: 'FindObjectsSortMode' is obsolete: 'FindObjectsSortMode has been deprecated. Use the FindObjectsByType overloads that do not take a FindObjectsSortMode parameter.'

Assets\_Game\Scripts\Editor\SceneEye.cs(149,38): warning CS0618: 'Object.FindObjectsByType<T>(FindObjectsInactive, FindObjectsSortMode)' is obsolete: 'FindObjectsByType with FindObjectsSortMode parameter has been deprecated. Use FindObjectsByType<T>() or FindObjectsByType<T>(FindObjectsInactive) instead. InstanceID will be replaced in the future with EntityId and previous sort order cannot be maintained.'

Assets\_Game\Scripts\Editor\SceneProbe.cs(36,64): warning CS0618: 'FindObjectsSortMode' is obsolete: 'FindObjectsSortMode has been deprecated. Use the FindObjectsByType overloads that do not take a FindObjectsSortMode parameter.'

Assets\_Game\Scripts\Editor\SceneProbe.cs(35,29): warning CS0618: 'Object.FindObjectsByType<T>(FindObjectsInactive, FindObjectsSortMode)' is obsolete: 'FindObjectsByType with FindObjectsSortMode parameter has been deprecated. Use FindObjectsByType<T>() or FindObjectsByType<T>(FindObjectsInactive) instead. InstanceID will be replaced in the future with EntityId and previous sort order cannot be maintained.'

Assets\_Game\Scripts\Editor\SceneProbe.cs(79,26): warning CS0618: 'Object.FindFirstObjectByType<T>()' is obsolete: 'FindFirstObjectByType has been deprecated because it relies on instance ID ordering. Use FindAnyObjectByType instead, which does not depend on ordering.'

Assets\_Game\Scripts\Editor\SceneProbe.cs(141,58): warning CS0618: 'FindObjectsSortMode' is obsolete: 'FindObjectsSortMode has been deprecated. Use the FindObjectsByType overloads that do not take a FindObjectsSortMode parameter.'

Assets\_Game\Scripts\Editor\SceneProbe.cs(140,26): warning CS0618: 'Object.FindObjectsByType<T>(FindObjectsInactive, FindObjectsSortMode)' is obsolete: 'FindObjectsByType with FindObjectsSortMode parameter has been deprecated. Use FindObjectsByType<T>() or FindObjectsByType<T>(FindObjectsInactive) instead. InstanceID will be replaced in the future with EntityId and previous sort order cannot be maintained.'

Assets\_Game\Scripts\Editor\SceneProbe.cs(154,60): warning CS0618: 'FindObjectsSortMode' is obsolete: 'FindObjectsSortMode has been deprecated. Use the FindObjectsByType overloads that do not take a FindObjectsSortMode parameter.'

Assets\_Game\Scripts\Editor\SceneProbe.cs(153,27): warning CS0618: 'Object.FindObjectsByType<T>(FindObjectsInactive, FindObjectsSortMode)' is obsolete: 'FindObjectsByType with FindObjectsSortMode parameter has been deprecated. Use FindObjectsByType<T>() or FindObjectsByType<T>(FindObjectsInactive) instead. InstanceID will be replaced in the future with EntityId and previous sort order cannot be maintained.'

Assets\_Game\Scripts\Editor\SceneProbe.cs(168,70): warning CS0618: 'FindObjectsSortMode' is obsolete: 'FindObjectsSortMode has been deprecated. Use the FindObjectsByType overloads that do not take a FindObjectsSortMode parameter.'

Assets\_Game\Scripts\Editor\SceneProbe.cs(168,29): warning CS0618: 'Object.FindObjectsByType<T>(FindObjectsSortMode)' is obsolete: 'FindObjectsByType with FindObjectsSortMode parameter has been deprecated. Use FindObjectsByType<T>() or FindObjectsByType<T>(FindObjectsInactive) instead. InstanceID will be replaced in the future with EntityId and previous sort order cannot be maintained.'

Assets\_Game\Scripts\Editor\SyntyForest.cs(65,46): warning CS0618: 'FindObjectsSortMode' is obsolete: 'FindObjectsSortMode has been deprecated. Use the FindObjectsByType overloads that do not take a FindObjectsSortMode parameter.'

Assets\_Game\Scripts\Editor\SyntyForest.cs(64,27): warning CS0618: 'Object.FindObjectsByType<T>(FindObjectsInactive, FindObjectsSortMode)' is obsolete: 'FindObjectsByType with FindObjectsSortMode parameter has been deprecated. Use FindObjectsByType<T>() or FindObjectsByType<T>(FindObjectsInactive) instead. InstanceID will be replaced in the future with EntityId and previous sort order cannot be maintained.'

Assets\_Game\Scripts\Editor\TerrainRelief.cs(42,46): warning CS0618: 'FindObjectsSortMode' is obsolete: 'FindObjectsSortMode has been deprecated. Use the FindObjectsByType overloads that do not take a FindObjectsSortMode parameter.'

Assets\_Game\Scripts\Editor\TerrainRelief.cs(41,27): warning CS0618: 'Object.FindObjectsByType<T>(FindObjectsInactive, FindObjectsSortMode)' is obsolete: 'FindObjectsByType with FindObjectsSortMode parameter has been deprecated. Use FindObjectsByType<T>() or FindObjectsByType<T>(FindObjectsInactive) instead. InstanceID will be replaced in the future with EntityId and previous sort order cannot be maintained.'

Assets\_Game\Scripts\Editor\PnbAnalyze.cs(287,46): warning CS0618: 'FindObjectsSortMode' is obsolete: 'FindObjectsSortMode has been deprecated. Use the FindObjectsByType overloads that do not take a FindObjectsSortMode parameter.'

Assets\_Game\Scripts\Editor\PnbAnalyze.cs(286,27): warning CS0618: 'Object.FindObjectsByType<T>(FindObjectsInactive, FindObjectsSortMode)' is obsolete: 'FindObjectsByType with FindObjectsSortMode parameter has been deprecated. Use FindObjectsByType<T>() or FindObjectsByType<T>(FindObjectsInactive) instead. InstanceID will be replaced in the future with EntityId and previous sort order cannot be maintained.'

Assets\_Game\Scripts\Editor\PnbAnalyze.cs(310,55): warning CS0618: 'FindObjectsSortMode' is obsolete: 'FindObjectsSortMode has been deprecated. Use the FindObjectsByType overloads that do not take a FindObjectsSortMode parameter.'

Assets\_Game\Scripts\Editor\PnbAnalyze.cs(309,31): warning CS0618: 'Object.FindObjectsByType<T>(FindObjectsInactive, FindObjectsSortMode)' is obsolete: 'FindObjectsByType with FindObjectsSortMode parameter has been deprecated. Use FindObjectsByType<T>() or FindObjectsByType<T>(FindObjectsInactive) instead. InstanceID will be replaced in the future with EntityId and previous sort order cannot be maintained.'

Assets\_Game\Scripts\Editor\SyntyForest.cs(110,46): warning CS0618: 'FindObjectsSortMode' is obsolete: 'FindObjectsSortMode has been deprecated. Use the FindObjectsByType overloads that do not take a FindObjectsSortMode parameter.'

Assets\_Game\Scripts\Editor\SyntyForest.cs(109,27): warning CS0618: 'Object.FindObjectsByType<T>(FindObjectsInactive, FindObjectsSortMode)' is obsolete: 'FindObjectsByType with FindObjectsSortMode parameter has been deprecated. Use FindObjectsByType<T>() or FindObjectsByType<T>(FindObjectsInactive) instead. InstanceID will be replaced in the future with EntityId and previous sort order cannot be maintained.'

Assets\_Game\Scripts\Editor\TerrainRelief.cs(190,46): warning CS0618: 'FindObjectsSortMode' is obsolete: 'FindObjectsSortMode has been deprecated. Use the FindObjectsByType overloads that do not take a FindObjectsSortMode parameter.'

Assets\_Game\Scripts\Editor\TerrainRelief.cs(189,27): warning CS0618: 'Object.FindObjectsByType<T>(FindObjectsInactive, FindObjectsSortMode)' is obsolete: 'FindObjectsByType with FindObjectsSortMode parameter has been deprecated. Use FindObjectsByType<T>() or FindObjectsByType<T>(FindObjectsInactive) instead. InstanceID will be replaced in the future with EntityId and previous sort order cannot be maintained.'

Assets\_Game\Scripts\Editor\SyntyWater.cs(47,46): warning CS0618: 'FindObjectsSortMode' is obsolete: 'FindObjectsSortMode has been deprecated. Use the FindObjectsByType overloads that do not take a FindObjectsSortMode parameter.'

Assets\_Game\Scripts\Editor\SyntyWater.cs(46,27): warning CS0618: 'Object.FindObjectsByType<T>(FindObjectsInactive, FindObjectsSortMode)' is obsolete: 'FindObjectsByType with FindObjectsSortMode parameter has been deprecated. Use FindObjectsByType<T>() or FindObjectsByType<T>(FindObjectsInactive) instead. InstanceID will be replaced in the future with EntityId and previous sort order cannot be maintained.'

Assets\_Game\Scripts\Editor\SyntyRoom.cs(92,29): warning CS0162: Unreachable code detected

Assets\_Game\Scripts\Editor\SyntyMeadow.cs(91,46): warning CS0618: 'FindObjectsSortMode' is obsolete: 'FindObjectsSortMode has been deprecated. Use the FindObjectsByType overloads that do not take a FindObjectsSortMode parameter.'

Assets\_Game\Scripts\Editor\SyntyMeadow.cs(90,27): warning CS0618: 'Object.FindObjectsByType<T>(FindObjectsInactive, FindObjectsSortMode)' is obsolete: 'FindObjectsByType with FindObjectsSortMode parameter has been deprecated. Use FindObjectsByType<T>() or FindObjectsByType<T>(FindObjectsInactive) instead. InstanceID will be replaced in the future with EntityId and previous sort order cannot be maintained.'

Assets\_Game\Scripts\Editor\SyntySky.cs(78,55): warning CS0618: 'FindObjectsSortMode' is obsolete: 'FindObjectsSortMode has been deprecated. Use the FindObjectsByType overloads that do not take a FindObjectsSortMode parameter.'

Assets\_Game\Scripts\Editor\SyntySky.cs(77,33): warning CS0618: 'Object.FindObjectsByType<T>(FindObjectsInactive, FindObjectsSortMode)' is obsolete: 'FindObjectsByType with FindObjectsSortMode parameter has been deprecated. Use FindObjectsByType<T>() or FindObjectsByType<T>(FindObjectsInactive) instead. InstanceID will be replaced in the future with EntityId and previous sort order cannot be maintained.'

Assets\_Game\Scripts\Editor\SyntySky.cs(163,55): warning CS0618: 'FindObjectsSortMode' is obsolete: 'FindObjectsSortMode has been deprecated. Use the FindObjectsByType overloads that do not take a FindObjectsSortMode parameter.'

Assets\_Game\Scripts\Editor\SyntySky.cs(162,33): warning CS0618: 'Object.FindObjectsByType<T>(FindObjectsInactive, FindObjectsSortMode)' is obsolete: 'FindObjectsByType with FindObjectsSortMode parameter has been deprecated. Use FindObjectsByType<T>() or FindObjectsByType<T>(FindObjectsInactive) instead. InstanceID will be replaced in the future with EntityId and previous sort order cannot be maintained.'

Assets\_Game\Scripts\Editor\SyntySky.cs(202,56): warning CS0618: 'FindObjectsSortMode' is obsolete: 'FindObjectsSortMode has been deprecated. Use the FindObjectsByType overloads that do not take a FindObjectsSortMode parameter.'

Assets\_Game\Scripts\Editor\SyntySky.cs(201,23): warning CS0618: 'Object.FindObjectsByType<T>(FindObjectsInactive, FindObjectsSortMode)' is obsolete: 'FindObjectsByType with FindObjectsSortMode parameter has been deprecated. Use FindObjectsByType<T>() or FindObjectsByType<T>(FindObjectsInactive) instead. InstanceID will be replaced in the future with EntityId and previous sort order cannot be maintained.'

Assets\_Game\Scripts\Editor\SyntyRoom.cs(287,26): warning CS0618: 'Object.FindFirstObjectByType<T>()' is obsolete: 'FindFirstObjectByType has been deprecated because it relies on instance ID ordering. Use FindAnyObjectByType instead, which does not depend on ordering.'

Assets\_Game\Scripts\Editor\PendingTasks.cs(260,63): warning CS0618: 'FindObjectsSortMode' is obsolete: 'FindObjectsSortMode has been deprecated. Use the FindObjectsByType overloads that do not take a FindObjectsSortMode parameter.'

Assets\_Game\Scripts\Editor\PendingTasks.cs(259,39): warning CS0618: 'Object.FindObjectsByType<T>(FindObjectsInactive, FindObjectsSortMode)' is obsolete: 'FindObjectsByType with FindObjectsSortMode parameter has been deprecated. Use FindObjectsByType<T>() or FindObjectsByType<T>(FindObjectsInactive) instead. InstanceID will be replaced in the future with EntityId and previous sort order cannot be maintained.'

Assets\_Game\Scripts\Editor\PendingTasks.cs(628,67): warning CS0618: 'FindObjectsSortMode' is obsolete: 'FindObjectsSortMode has been deprecated. Use the FindObjectsByType overloads that do not take a FindObjectsSortMode parameter.'

Assets\_Game\Scripts\Editor\PendingTasks.cs(627,49): warning CS0618: 'Object.FindObjectsByType<T>(FindObjectsInactive, FindObjectsSortMode)' is obsolete: 'FindObjectsByType with FindObjectsSortMode parameter has been deprecated. Use FindObjectsByType<T>() or FindObjectsByType<T>(FindObjectsInactive) instead. InstanceID will be replaced in the future with EntityId and previous sort order cannot be maintained.'

Assets\_Game\Scripts\Editor\PendingTasks.cs(727,67): warning CS0618: 'FindObjectsSortMode' is obsolete: 'FindObjectsSortMode has been deprecated. Use the FindObjectsByType overloads that do not take a FindObjectsSortMode parameter.'

Assets\_Game\Scripts\Editor\PendingTasks.cs(726,43): warning CS0618: 'Object.FindObjectsByType<T>(FindObjectsInactive, FindObjectsSortMode)' is obsolete: 'FindObjectsByType with FindObjectsSortMode parameter has been deprecated. Use FindObjectsByType<T>() or FindObjectsByType<T>(FindObjectsInactive) instead. InstanceID will be replaced in the future with EntityId and previous sort order cannot be maintained.'

Assets\_Game\Scripts\Editor\PendingTasks.cs(796,67): warning CS0618: 'FindObjectsSortMode' is obsolete: 'FindObjectsSortMode has been deprecated. Use the FindObjectsByType overloads that do not take a FindObjectsSortMode parameter.'

Assets\_Game\Scripts\Editor\PendingTasks.cs(795,43): warning CS0618: 'Object.FindObjectsByType<T>(FindObjectsInactive, FindObjectsSortMode)' is obsolete: 'FindObjectsByType with FindObjectsSortMode parameter has been deprecated. Use FindObjectsByType<T>() or FindObjectsByType<T>(FindObjectsInactive) instead. InstanceID will be replaced in the future with EntityId and previous sort order cannot be maintained.'

Assets\_Game\Scripts\Editor\PendingTasks.cs(831,67): warning CS0618: 'FindObjectsSortMode' is obsolete: 'FindObjectsSortMode has been deprecated. Use the FindObjectsByType overloads that do not take a FindObjectsSortMode parameter.'

Assets\_Game\Scripts\Editor\PendingTasks.cs(830,43): warning CS0618: 'Object.FindObjectsByType<T>(FindObjectsInactive, FindObjectsSortMode)' is obsolete: 'FindObjectsByType with FindObjectsSortMode parameter has been deprecated. Use FindObjectsByType<T>() or FindObjectsByType<T>(FindObjectsInactive) instead. InstanceID will be replaced in the future with EntityId and previous sort order cannot be maintained.'

Assets\_Game\Scripts\Editor\SyntyMeadow.cs(268,46): warning CS0618: 'FindObjectsSortMode' is obsolete: 'FindObjectsSortMode has been deprecated. Use the FindObjectsByType overloads that do not take a FindObjectsSortMode parameter.'

Assets\_Game\Scripts\Editor\SyntyMeadow.cs(267,27): warning CS0618: 'Object.FindObjectsByType<T>(FindObjectsInactive, FindObjectsSortMode)' is obsolete: 'FindObjectsByType with FindObjectsSortMode parameter has been deprecated. Use FindObjectsByType<T>() or FindObjectsByType<T>(FindObjectsInactive) instead. InstanceID will be replaced in the future with EntityId and previous sort order cannot be maintained.'

Assets\_Game\Scripts\Editor\SyntySky.cs(301,55): warning CS0618: 'FindObjectsSortMode' is obsolete: 'FindObjectsSortMode has been deprecated. Use the FindObjectsByType overloads that do not take a FindObjectsSortMode parameter.'

Assets\_Game\Scripts\Editor\SyntySky.cs(300,35): warning CS0618: 'Object.FindObjectsByType<T>(FindObjectsInactive, FindObjectsSortMode)' is obsolete: 'FindObjectsByType with FindObjectsSortMode parameter has been deprecated. Use FindObjectsByType<T>() or FindObjectsByType<T>(FindObjectsInactive) instead. InstanceID will be replaced in the future with EntityId and previous sort order cannot be maintained.'

Assets\_Game\Scripts\Editor\SyntySky.cs(409,55): warning CS0618: 'FindObjectsSortMode' is obsolete: 'FindObjectsSortMode has been deprecated. Use the FindObjectsByType overloads that do not take a FindObjectsSortMode parameter.'

Assets\_Game\Scripts\Editor\SyntySky.cs(408,33): warning CS0618: 'Object.FindObjectsByType<T>(FindObjectsInactive, FindObjectsSortMode)' is obsolete: 'FindObjectsByType with FindObjectsSortMode parameter has been deprecated. Use FindObjectsByType<T>() or FindObjectsByType<T>(FindObjectsInactive) instead. InstanceID will be replaced in the future with EntityId and previous sort order cannot be maintained.'
[954/957    1s] ILPostProcess Library/Bee/artifacts/1900b0aE.dag/post-processed/Assembly-CSharp-Editor.dll (+pdb)
Processing assembly Library/Bee/artifacts/1900b0aE.dag/Assembly-CSharp-Editor.dll, with 144 defines and 364 references

processors: Unity.Jobs.CodeGen.JobsILPostProcessor, zzzUnity.Burst.CodeGen.BurstILPostProcessor

running Unity.Jobs.CodeGen.JobsILPostProcessor

running zzzUnity.Burst.CodeGen.BurstILPostProcessor
[955/957    0s] CopyFiles Library/ScriptAssemblies/Assembly-CSharp-Editor.pdb
[956/957    0s] CopyFiles Library/ScriptAssemblies/Assembly-CSharp-Editor.dll
*** Tundra build success (2.47 seconds), 6 items updated, 957 evaluated
[API Updater] Updated Files:
Skipping ScriptUpdater consent dialog. Consent declined based on command line parameters.
Finished running ScriptUpdaters
Assets\Synty\PolygonGeneric\Shaders\InterfaceOverrides\Editor\polygonShader_UI.cs(19,29): warning CS0618: 'GraphicsSettings.renderPipelineAsset' is obsolete: 'renderPipelineAsset has been deprecated. Use defaultRenderPipeline instead (UnityUpgradable) -> defaultRenderPipeline'
Assets\Synty\PolygonGeneric\Shaders\InterfaceOverrides\Editor\polygonShaderTransparent_UI.cs(20,29): warning CS0618: 'GraphicsSettings.renderPipelineAsset' is obsolete: 'renderPipelineAsset has been deprecated. Use defaultRenderPipeline instead (UnityUpgradable) -> defaultRenderPipeline'
Assets\_Game\Scripts\Editor\AvatarFix.cs(58,55): warning CS0618: 'FindObjectsSortMode' is obsolete: 'FindObjectsSortMode has been deprecated. Use the FindObjectsByType overloads that do not take a FindObjectsSortMode parameter.'
Assets\_Game\Scripts\Editor\AvatarFix.cs(57,38): warning CS0618: 'Object.FindObjectsByType<T>(FindObjectsInactive, FindObjectsSortMode)' is obsolete: 'FindObjectsByType with FindObjectsSortMode parameter has been deprecated. Use FindObjectsByType<T>() or FindObjectsByType<T>(FindObjectsInactive) instead. InstanceID will be replaced in the future with EntityId and previous sort order cannot be maintained.'
Assets\_Game\Scripts\Editor\CozySky.cs(79,59): warning CS0618: 'FindObjectsSortMode' is obsolete: 'FindObjectsSortMode has been deprecated. Use the FindObjectsByType overloads that do not take a FindObjectsSortMode parameter.'
Assets\_Game\Scripts\Editor\CozySky.cs(78,39): warning CS0618: 'Object.FindObjectsByType<T>(FindObjectsInactive, FindObjectsSortMode)' is obsolete: 'FindObjectsByType with FindObjectsSortMode parameter has been deprecated. Use FindObjectsByType<T>() or FindObjectsByType<T>(FindObjectsInactive) instead. InstanceID will be replaced in the future with EntityId and previous sort order cannot be maintained.'
Assets\_Game\Scripts\Editor\CozySky.cs(138,55): warning CS0618: 'FindObjectsSortMode' is obsolete: 'FindObjectsSortMode has been deprecated. Use the FindObjectsByType overloads that do not take a FindObjectsSortMode parameter.'
Assets\_Game\Scripts\Editor\CozySky.cs(137,35): warning CS0618: 'Object.FindObjectsByType<T>(FindObjectsInactive, FindObjectsSortMode)' is obsolete: 'FindObjectsByType with FindObjectsSortMode parameter has been deprecated. Use FindObjectsByType<T>() or FindObjectsByType<T>(FindObjectsInactive) instead. InstanceID will be replaced in the future with EntityId and previous sort order cannot be maintained.'
Assets\_Game\Scripts\Editor\DaylightSetup.cs(42,55): warning CS0618: 'FindObjectsSortMode' is obsolete: 'FindObjectsSortMode has been deprecated. Use the FindObjectsByType overloads that do not take a FindObjectsSortMode parameter.'
Assets\_Game\Scripts\Editor\DaylightSetup.cs(41,23): warning CS0618: 'Object.FindObjectsByType<T>(FindObjectsInactive, FindObjectsSortMode)' is obsolete: 'FindObjectsByType with FindObjectsSortMode parameter has been deprecated. Use FindObjectsByType<T>() or FindObjectsByType<T>(FindObjectsInactive) instead. InstanceID will be replaced in the future with EntityId and previous sort order cannot be maintained.'
Assets\_Game\Scripts\Editor\WallProbe.cs(150,46): warning CS0618: 'FindObjectsSortMode' is obsolete: 'FindObjectsSortMode has been deprecated. Use the FindObjectsByType overloads that do not take a FindObjectsSortMode parameter.'
Assets\_Game\Scripts\Editor\WallProbe.cs(149,29): warning CS0618: 'Object.FindObjectsByType<T>(FindObjectsInactive, FindObjectsSortMode)' is obsolete: 'FindObjectsByType with FindObjectsSortMode parameter has been deprecated. Use FindObjectsByType<T>() or FindObjectsByType<T>(FindObjectsInactive) instead. InstanceID will be replaced in the future with EntityId and previous sort order cannot be maintained.'
Assets\_Game\Scripts\Editor\WallProbe.cs(171,46): warning CS0618: 'FindObjectsSortMode' is obsolete: 'FindObjectsSortMode has been deprecated. Use the FindObjectsByType overloads that do not take a FindObjectsSortMode parameter.'
Assets\_Game\Scripts\Editor\WallProbe.cs(170,23): warning CS0618: 'Object.FindObjectsByType<T>(FindObjectsInactive, FindObjectsSortMode)' is obsolete: 'FindObjectsByType with FindObjectsSortMode parameter has been deprecated. Use FindObjectsByType<T>() or FindObjectsByType<T>(FindObjectsInactive) instead. InstanceID will be replaced in the future with EntityId and previous sort order cannot be maintained.'
Assets\_Game\Scripts\Editor\EnviroSetup.cs(94,66): warning CS0618: 'FindObjectsSortMode' is obsolete: 'FindObjectsSortMode has been deprecated. Use the FindObjectsByType overloads that do not take a FindObjectsSortMode parameter.'
Assets\_Game\Scripts\Editor\EnviroSetup.cs(93,35): warning CS0618: 'Object.FindObjectsByType<T>(FindObjectsInactive, FindObjectsSortMode)' is obsolete: 'FindObjectsByType with FindObjectsSortMode parameter has been deprecated. Use FindObjectsByType<T>() or FindObjectsByType<T>(FindObjectsInactive) instead. InstanceID will be replaced in the future with EntityId and previous sort order cannot be maintained.'
Assets\_Game\Scripts\Editor\DungeonProbe.cs(157,26): warning CS0618: 'Object.FindFirstObjectByType<T>()' is obsolete: 'FindFirstObjectByType has been deprecated because it relies on instance ID ordering. Use FindAnyObjectByType instead, which does not depend on ordering.'
Assets\_Game\Scripts\Editor\EnviroSetup.cs(197,66): warning CS0618: 'FindObjectsSortMode' is obsolete: 'FindObjectsSortMode has been deprecated. Use the FindObjectsByType overloads that do not take a FindObjectsSortMode parameter.'
Assets\_Game\Scripts\Editor\EnviroSetup.cs(196,35): warning CS0618: 'Object.FindObjectsByType<T>(FindObjectsInactive, FindObjectsSortMode)' is obsolete: 'FindObjectsByType with FindObjectsSortMode parameter has been deprecated. Use FindObjectsByType<T>() or FindObjectsByType<T>(FindObjectsInactive) instead. InstanceID will be replaced in the future with EntityId and previous sort order cannot be maintained.'
Assets\_Game\Scripts\Editor\HeroParade.cs(72,60): warning CS0618: 'FindObjectsSortMode' is obsolete: 'FindObjectsSortMode has been deprecated. Use the FindObjectsByType overloads that do not take a FindObjectsSortMode parameter.'
Assets\_Game\Scripts\Editor\HeroParade.cs(71,27): warning CS0618: 'Object.FindObjectsByType<T>(FindObjectsInactive, FindObjectsSortMode)' is obsolete: 'FindObjectsByType with FindObjectsSortMode parameter has been deprecated. Use FindObjectsByType<T>() or FindObjectsByType<T>(FindObjectsInactive) instead. InstanceID will be replaced in the future with EntityId and previous sort order cannot be maintained.'
Assets\_Game\Scripts\Editor\NavProbe.cs(64,46): warning CS0618: 'FindObjectsSortMode' is obsolete: 'FindObjectsSortMode has been deprecated. Use the FindObjectsByType overloads that do not take a FindObjectsSortMode parameter.'
Assets\_Game\Scripts\Editor\NavProbe.cs(63,28): warning CS0618: 'Object.FindObjectsByType<T>(FindObjectsInactive, FindObjectsSortMode)' is obsolete: 'FindObjectsByType with FindObjectsSortMode parameter has been deprecated. Use FindObjectsByType<T>() or FindObjectsByType<T>(FindObjectsInactive) instead. InstanceID will be replaced in the future with EntityId and previous sort order cannot be maintained.'
Assets\_Game\Scripts\Editor\NavProbe.cs(67,46): warning CS0618: 'FindObjectsSortMode' is obsolete: 'FindObjectsSortMode has been deprecated. Use the FindObjectsByType overloads that do not take a FindObjectsSortMode parameter.'
Assets\_Game\Scripts\Editor\NavProbe.cs(66,26): warning CS0618: 'Object.FindObjectsByType<T>(FindObjectsInactive, FindObjectsSortMode)' is obsolete: 'FindObjectsByType with FindObjectsSortMode parameter has been deprecated. Use FindObjectsByType<T>() or FindObjectsByType<T>(FindObjectsInactive) instead. InstanceID will be replaced in the future with EntityId and previous sort order cannot be maintained.'
Assets\_Game\Scripts\Editor\OfficialConvert.cs(39,39): warning CS0618: 'ConverterContainerId' is obsolete: 'ConverterContainerId has been deprecated.'
Assets\_Game\Scripts\Editor\OfficialConvert.cs(39,13): warning CS0618: 'Converters.RunInBatchMode(ConverterContainerId)' is obsolete: 'RunInBatchMode(ConverterContainerId) has been deprecated. Please use RunInBatchMode(string) or upgrade using UnityEditor.Rendering.Universal.Converters.RunInBatchModeCmdLine instead.'
Assets\_Game\Scripts\Editor\NavProbe.cs(106,28): warning CS0618: 'Object.FindFirstObjectByType<T>(FindObjectsInactive)' is obsolete: 'FindFirstObjectByType has been deprecated because it relies on instance ID ordering. Use FindAnyObjectByType instead, which does not depend on ordering.'
Assets\_Game\Scripts\Editor\NavBake.cs(50,46): warning CS0618: 'FindObjectsSortMode' is obsolete: 'FindObjectsSortMode has been deprecated. Use the FindObjectsByType overloads that do not take a FindObjectsSortMode parameter.'
Assets\_Game\Scripts\Editor\NavBake.cs(49,27): warning CS0618: 'Object.FindObjectsByType<T>(FindObjectsInactive, FindObjectsSortMode)' is obsolete: 'FindObjectsByType with FindObjectsSortMode parameter has been deprecated. Use FindObjectsByType<T>() or FindObjectsByType<T>(FindObjectsInactive) instead. InstanceID will be replaced in the future with EntityId and previous sort order cannot be maintained.'
Assets\_Game\Scripts\Editor\OldPurge.cs(62,55): warning CS0618: 'FindObjectsSortMode' is obsolete: 'FindObjectsSortMode has been deprecated. Use the FindObjectsByType overloads that do not take a FindObjectsSortMode parameter.'
Assets\_Game\Scripts\Editor\OldPurge.cs(61,38): warning CS0618: 'Object.FindObjectsByType<T>(FindObjectsInactive, FindObjectsSortMode)' is obsolete: 'FindObjectsByType with FindObjectsSortMode parameter has been deprecated. Use FindObjectsByType<T>() or FindObjectsByType<T>(FindObjectsInactive) instead. InstanceID will be replaced in the future with EntityId and previous sort order cannot be maintained.'
Assets\_Game\Scripts\Editor\TreeSwap.cs(70,60): warning CS0618: 'FindObjectsSortMode' is obsolete: 'FindObjectsSortMode has been deprecated. Use the FindObjectsByType overloads that do not take a FindObjectsSortMode parameter.'
Assets\_Game\Scripts\Editor\TreeSwap.cs(69,23): warning CS0618: 'Object.FindObjectsByType<T>(FindObjectsInactive, FindObjectsSortMode)' is obsolete: 'FindObjectsByType with FindObjectsSortMode parameter has been deprecated. Use FindObjectsByType<T>() or FindObjectsByType<T>(FindObjectsInactive) instead. InstanceID will be replaced in the future with EntityId and previous sort order cannot be maintained.'
Assets\_Game\Scripts\Editor\LightProbe.cs(35,46): warning CS0618: 'FindObjectsSortMode' is obsolete: 'FindObjectsSortMode has been deprecated. Use the FindObjectsByType overloads that do not take a FindObjectsSortMode parameter.'
Assets\_Game\Scripts\Editor\LightProbe.cs(34,26): warning CS0618: 'Object.FindObjectsByType<T>(FindObjectsInactive, FindObjectsSortMode)' is obsolete: 'FindObjectsByType with FindObjectsSortMode parameter has been deprecated. Use FindObjectsByType<T>() or FindObjectsByType<T>(FindObjectsInactive) instead. InstanceID will be replaced in the future with EntityId and previous sort order cannot be maintained.'
Assets\_Game\Scripts\Editor\TreeSwap.cs(118,63): warning CS0618: 'FindObjectsSortMode' is obsolete: 'FindObjectsSortMode has been deprecated. Use the FindObjectsByType overloads that do not take a FindObjectsSortMode parameter.'
Assets\_Game\Scripts\Editor\TreeSwap.cs(117,26): warning CS0618: 'Object.FindObjectsByType<T>(FindObjectsInactive, FindObjectsSortMode)' is obsolete: 'FindObjectsByType with FindObjectsSortMode parameter has been deprecated. Use FindObjectsByType<T>() or FindObjectsByType<T>(FindObjectsInactive) instead. InstanceID will be replaced in the future with EntityId and previous sort order cannot be maintained.'
Assets\_Game\Scripts\Editor\PostFxBuilder.cs(75,69): warning CS0618: 'FindObjectsSortMode' is obsolete: 'FindObjectsSortMode has been deprecated. Use the FindObjectsByType overloads that do not take a FindObjectsSortMode parameter.'
Assets\_Game\Scripts\Editor\PostFxBuilder.cs(75,36): warning CS0618: 'Object.FindObjectsByType<T>(FindObjectsSortMode)' is obsolete: 'FindObjectsByType with FindObjectsSortMode parameter has been deprecated. Use FindObjectsByType<T>() or FindObjectsByType<T>(FindObjectsInactive) instead. InstanceID will be replaced in the future with EntityId and previous sort order cannot be maintained.'
Assets\_Game\Scripts\Editor\PostFxBuilder.cs(103,69): warning CS0618: 'FindObjectsSortMode' is obsolete: 'FindObjectsSortMode has been deprecated. Use the FindObjectsByType overloads that do not take a FindObjectsSortMode parameter.'
Assets\_Game\Scripts\Editor\PostFxBuilder.cs(103,36): warning CS0618: 'Object.FindObjectsByType<T>(FindObjectsSortMode)' is obsolete: 'FindObjectsByType with FindObjectsSortMode parameter has been deprecated. Use FindObjectsByType<T>() or FindObjectsByType<T>(FindObjectsInactive) instead. InstanceID will be replaced in the future with EntityId and previous sort order cannot be maintained.'
Assets\_Game\Scripts\Editor\TreeSwap.cs(167,62): warning CS0618: 'FindObjectsSortMode' is obsolete: 'FindObjectsSortMode has been deprecated. Use the FindObjectsByType overloads that do not take a FindObjectsSortMode parameter.'
Assets\_Game\Scripts\Editor\TreeSwap.cs(166,25): warning CS0618: 'Object.FindObjectsByType<T>(FindObjectsInactive, FindObjectsSortMode)' is obsolete: 'FindObjectsByType with FindObjectsSortMode parameter has been deprecated. Use FindObjectsByType<T>() or FindObjectsByType<T>(FindObjectsInactive) instead. InstanceID will be replaced in the future with EntityId and previous sort order cannot be maintained.'
Assets\_Game\Scripts\Editor\PnbAnalyze.cs(40,55): warning CS0618: 'FindObjectsSortMode' is obsolete: 'FindObjectsSortMode has been deprecated. Use the FindObjectsByType overloads that do not take a FindObjectsSortMode parameter.'
Assets\_Game\Scripts\Editor\PnbAnalyze.cs(39,31): warning CS0618: 'Object.FindObjectsByType<T>(FindObjectsInactive, FindObjectsSortMode)' is obsolete: 'FindObjectsByType with FindObjectsSortMode parameter has been deprecated. Use FindObjectsByType<T>() or FindObjectsByType<T>(FindObjectsInactive) instead. InstanceID will be replaced in the future with EntityId and previous sort order cannot be maintained.'
Assets\_Game\Scripts\Editor\PnbAnalyze.cs(64,55): warning CS0618: 'FindObjectsSortMode' is obsolete: 'FindObjectsSortMode has been deprecated. Use the FindObjectsByType overloads that do not take a FindObjectsSortMode parameter.'
Assets\_Game\Scripts\Editor\PnbAnalyze.cs(63,31): warning CS0618: 'Object.FindObjectsByType<T>(FindObjectsInactive, FindObjectsSortMode)' is obsolete: 'FindObjectsByType with FindObjectsSortMode parameter has been deprecated. Use FindObjectsByType<T>() or FindObjectsByType<T>(FindObjectsInactive) instead. InstanceID will be replaced in the future with EntityId and previous sort order cannot be maintained.'
Assets\_Game\Scripts\Editor\PnbAnalyze.cs(209,55): warning CS0618: 'FindObjectsSortMode' is obsolete: 'FindObjectsSortMode has been deprecated. Use the FindObjectsByType overloads that do not take a FindObjectsSortMode parameter.'
Assets\_Game\Scripts\Editor\PnbAnalyze.cs(208,31): warning CS0618: 'Object.FindObjectsByType<T>(FindObjectsInactive, FindObjectsSortMode)' is obsolete: 'FindObjectsByType with FindObjectsSortMode parameter has been deprecated. Use FindObjectsByType<T>() or FindObjectsByType<T>(FindObjectsInactive) instead. InstanceID will be replaced in the future with EntityId and previous sort order cannot be maintained.'
Assets\_Game\Scripts\Editor\TreeNavFix.cs(46,62): warning CS0618: 'FindObjectsSortMode' is obsolete: 'FindObjectsSortMode has been deprecated. Use the FindObjectsByType overloads that do not take a FindObjectsSortMode parameter.'
Assets\_Game\Scripts\Editor\TreeNavFix.cs(45,25): warning CS0618: 'Object.FindObjectsByType<T>(FindObjectsInactive, FindObjectsSortMode)' is obsolete: 'FindObjectsByType with FindObjectsSortMode parameter has been deprecated. Use FindObjectsByType<T>() or FindObjectsByType<T>(FindObjectsInactive) instead. InstanceID will be replaced in the future with EntityId and previous sort order cannot be maintained.'
Assets\_Game\Scripts\Editor\SceneWeight.cs(32,46): warning CS0618: 'FindObjectsSortMode' is obsolete: 'FindObjectsSortMode has been deprecated. Use the FindObjectsByType overloads that do not take a FindObjectsSortMode parameter.'
Assets\_Game\Scripts\Editor\SceneWeight.cs(31,28): warning CS0618: 'Object.FindObjectsByType<T>(FindObjectsInactive, FindObjectsSortMode)' is obsolete: 'FindObjectsByType with FindObjectsSortMode parameter has been deprecated. Use FindObjectsByType<T>() or FindObjectsByType<T>(FindObjectsInactive) instead. InstanceID will be replaced in the future with EntityId and previous sort order cannot be maintained.'
Assets\_Game\Scripts\Editor\SceneWeight.cs(91,55): warning CS0618: 'FindObjectsSortMode' is obsolete: 'FindObjectsSortMode has been deprecated. Use the FindObjectsByType overloads that do not take a FindObjectsSortMode parameter.'
Assets\_Game\Scripts\Editor\SceneWeight.cs(90,32): warning CS0618: 'Object.FindObjectsByType<T>(FindObjectsInactive, FindObjectsSortMode)' is obsolete: 'FindObjectsByType with FindObjectsSortMode parameter has been deprecated. Use FindObjectsByType<T>() or FindObjectsByType<T>(FindObjectsInactive) instead. InstanceID will be replaced in the future with EntityId and previous sort order cannot be maintained.'
Assets\_Game\Scripts\Editor\SceneEye.cs(150,55): warning CS0618: 'FindObjectsSortMode' is obsolete: 'FindObjectsSortMode has been deprecated. Use the FindObjectsByType overloads that do not take a FindObjectsSortMode parameter.'
Assets\_Game\Scripts\Editor\SceneEye.cs(149,38): warning CS0618: 'Object.FindObjectsByType<T>(FindObjectsInactive, FindObjectsSortMode)' is obsolete: 'FindObjectsByType with FindObjectsSortMode parameter has been deprecated. Use FindObjectsByType<T>() or FindObjectsByType<T>(FindObjectsInactive) instead. InstanceID will be replaced in the future with EntityId and previous sort order cannot be maintained.'
Assets\_Game\Scripts\Editor\SceneProbe.cs(36,64): warning CS0618: 'FindObjectsSortMode' is obsolete: 'FindObjectsSortMode has been deprecated. Use the FindObjectsByType overloads that do not take a FindObjectsSortMode parameter.'
Assets\_Game\Scripts\Editor\SceneProbe.cs(35,29): warning CS0618: 'Object.FindObjectsByType<T>(FindObjectsInactive, FindObjectsSortMode)' is obsolete: 'FindObjectsByType with FindObjectsSortMode parameter has been deprecated. Use FindObjectsByType<T>() or FindObjectsByType<T>(FindObjectsInactive) instead. InstanceID will be replaced in the future with EntityId and previous sort order cannot be maintained.'
Assets\_Game\Scripts\Editor\SceneProbe.cs(79,26): warning CS0618: 'Object.FindFirstObjectByType<T>()' is obsolete: 'FindFirstObjectByType has been deprecated because it relies on instance ID ordering. Use FindAnyObjectByType instead, which does not depend on ordering.'
Assets\_Game\Scripts\Editor\SceneProbe.cs(141,58): warning CS0618: 'FindObjectsSortMode' is obsolete: 'FindObjectsSortMode has been deprecated. Use the FindObjectsByType overloads that do not take a FindObjectsSortMode parameter.'
Assets\_Game\Scripts\Editor\SceneProbe.cs(140,26): warning CS0618: 'Object.FindObjectsByType<T>(FindObjectsInactive, FindObjectsSortMode)' is obsolete: 'FindObjectsByType with FindObjectsSortMode parameter has been deprecated. Use FindObjectsByType<T>() or FindObjectsByType<T>(FindObjectsInactive) instead. InstanceID will be replaced in the future with EntityId and previous sort order cannot be maintained.'
Assets\_Game\Scripts\Editor\SceneProbe.cs(154,60): warning CS0618: 'FindObjectsSortMode' is obsolete: 'FindObjectsSortMode has been deprecated. Use the FindObjectsByType overloads that do not take a FindObjectsSortMode parameter.'
Assets\_Game\Scripts\Editor\SceneProbe.cs(153,27): warning CS0618: 'Object.FindObjectsByType<T>(FindObjectsInactive, FindObjectsSortMode)' is obsolete: 'FindObjectsByType with FindObjectsSortMode parameter has been deprecated. Use FindObjectsByType<T>() or FindObjectsByType<T>(FindObjectsInactive) instead. InstanceID will be replaced in the future with EntityId and previous sort order cannot be maintained.'
Assets\_Game\Scripts\Editor\SceneProbe.cs(168,70): warning CS0618: 'FindObjectsSortMode' is obsolete: 'FindObjectsSortMode has been deprecated. Use the FindObjectsByType overloads that do not take a FindObjectsSortMode parameter.'
Assets\_Game\Scripts\Editor\SceneProbe.cs(168,29): warning CS0618: 'Object.FindObjectsByType<T>(FindObjectsSortMode)' is obsolete: 'FindObjectsByType with FindObjectsSortMode parameter has been deprecated. Use FindObjectsByType<T>() or FindObjectsByType<T>(FindObjectsInactive) instead. InstanceID will be replaced in the future with EntityId and previous sort order cannot be maintained.'
Assets\_Game\Scripts\Editor\SyntyForest.cs(65,46): warning CS0618: 'FindObjectsSortMode' is obsolete: 'FindObjectsSortMode has been deprecated. Use the FindObjectsByType overloads that do not take a FindObjectsSortMode parameter.'
Assets\_Game\Scripts\Editor\SyntyForest.cs(64,27): warning CS0618: 'Object.FindObjectsByType<T>(FindObjectsInactive, FindObjectsSortMode)' is obsolete: 'FindObjectsByType with FindObjectsSortMode parameter has been deprecated. Use FindObjectsByType<T>() or FindObjectsByType<T>(FindObjectsInactive) instead. InstanceID will be replaced in the future with EntityId and previous sort order cannot be maintained.'
Assets\_Game\Scripts\Editor\TerrainRelief.cs(42,46): warning CS0618: 'FindObjectsSortMode' is obsolete: 'FindObjectsSortMode has been deprecated. Use the FindObjectsByType overloads that do not take a FindObjectsSortMode parameter.'
Assets\_Game\Scripts\Editor\TerrainRelief.cs(41,27): warning CS0618: 'Object.FindObjectsByType<T>(FindObjectsInactive, FindObjectsSortMode)' is obsolete: 'FindObjectsByType with FindObjectsSortMode parameter has been deprecated. Use FindObjectsByType<T>() or FindObjectsByType<T>(FindObjectsInactive) instead. InstanceID will be replaced in the future with EntityId and previous sort order cannot be maintained.'
Assets\_Game\Scripts\Editor\PnbAnalyze.cs(287,46): warning CS0618: 'FindObjectsSortMode' is obsolete: 'FindObjectsSortMode has been deprecated. Use the FindObjectsByType overloads that do not take a FindObjectsSortMode parameter.'
Assets\_Game\Scripts\Editor\PnbAnalyze.cs(286,27): warning CS0618: 'Object.FindObjectsByType<T>(FindObjectsInactive, FindObjectsSortMode)' is obsolete: 'FindObjectsByType with FindObjectsSortMode parameter has been deprecated. Use FindObjectsByType<T>() or FindObjectsByType<T>(FindObjectsInactive) instead. InstanceID will be replaced in the future with EntityId and previous sort order cannot be maintained.'
Assets\_Game\Scripts\Editor\PnbAnalyze.cs(310,55): warning CS0618: 'FindObjectsSortMode' is obsolete: 'FindObjectsSortMode has been deprecated. Use the FindObjectsByType overloads that do not take a FindObjectsSortMode parameter.'
Assets\_Game\Scripts\Editor\PnbAnalyze.cs(309,31): warning CS0618: 'Object.FindObjectsByType<T>(FindObjectsInactive, FindObjectsSortMode)' is obsolete: 'FindObjectsByType with FindObjectsSortMode parameter has been deprecated. Use FindObjectsByType<T>() or FindObjectsByType<T>(FindObjectsInactive) instead. InstanceID will be replaced in the future with EntityId and previous sort order cannot be maintained.'
Assets\_Game\Scripts\Editor\SyntyForest.cs(110,46): warning CS0618: 'FindObjectsSortMode' is obsolete: 'FindObjectsSortMode has been deprecated. Use the FindObjectsByType overloads that do not take a FindObjectsSortMode parameter.'
Assets\_Game\Scripts\Editor\SyntyForest.cs(109,27): warning CS0618: 'Object.FindObjectsByType<T>(FindObjectsInactive, FindObjectsSortMode)' is obsolete: 'FindObjectsByType with FindObjectsSortMode parameter has been deprecated. Use FindObjectsByType<T>() or FindObjectsByType<T>(FindObjectsInactive) instead. InstanceID will be replaced in the future with EntityId and previous sort order cannot be maintained.'
Assets\_Game\Scripts\Editor\TerrainRelief.cs(190,46): warning CS0618: 'FindObjectsSortMode' is obsolete: 'FindObjectsSortMode has been deprecated. Use the FindObjectsByType overloads that do not take a FindObjectsSortMode parameter.'
Assets\_Game\Scripts\Editor\TerrainRelief.cs(189,27): warning CS0618: 'Object.FindObjectsByType<T>(FindObjectsInactive, FindObjectsSortMode)' is obsolete: 'FindObjectsByType with FindObjectsSortMode parameter has been deprecated. Use FindObjectsByType<T>() or FindObjectsByType<T>(FindObjectsInactive) instead. InstanceID will be replaced in the future with EntityId and previous sort order cannot be maintained.'
Assets\_Game\Scripts\Editor\SyntyWater.cs(47,46): warning CS0618: 'FindObjectsSortMode' is obsolete: 'FindObjectsSortMode has been deprecated. Use the FindObjectsByType overloads that do not take a FindObjectsSortMode parameter.'
Assets\_Game\Scripts\Editor\SyntyWater.cs(46,27): warning CS0618: 'Object.FindObjectsByType<T>(FindObjectsInactive, FindObjectsSortMode)' is obsolete: 'FindObjectsByType with FindObjectsSortMode parameter has been deprecated. Use FindObjectsByType<T>() or FindObjectsByType<T>(FindObjectsInactive) instead. InstanceID will be replaced in the future with EntityId and previous sort order cannot be maintained.'
Assets\_Game\Scripts\Editor\SyntyRoom.cs(92,29): warning CS0162: Unreachable code detected
Assets\_Game\Scripts\Editor\SyntyMeadow.cs(91,46): warning CS0618: 'FindObjectsSortMode' is obsolete: 'FindObjectsSortMode has been deprecated. Use the FindObjectsByType overloads that do not take a FindObjectsSortMode parameter.'
Assets\_Game\Scripts\Editor\SyntyMeadow.cs(90,27): warning CS0618: 'Object.FindObjectsByType<T>(FindObjectsInactive, FindObjectsSortMode)' is obsolete: 'FindObjectsByType with FindObjectsSortMode parameter has been deprecated. Use FindObjectsByType<T>() or FindObjectsByType<T>(FindObjectsInactive) instead. InstanceID will be replaced in the future with EntityId and previous sort order cannot be maintained.'
Assets\_Game\Scripts\Editor\SyntySky.cs(78,55): warning CS0618: 'FindObjectsSortMode' is obsolete: 'FindObjectsSortMode has been deprecated. Use the FindObjectsByType overloads that do not take a FindObjectsSortMode parameter.'
Assets\_Game\Scripts\Editor\SyntySky.cs(77,33): warning CS0618: 'Object.FindObjectsByType<T>(FindObjectsInactive, FindObjectsSortMode)' is obsolete: 'FindObjectsByType with FindObjectsSortMode parameter has been deprecated. Use FindObjectsByType<T>() or FindObjectsByType<T>(FindObjectsInactive) instead. InstanceID will be replaced in the future with EntityId and previous sort order cannot be maintained.'
Assets\_Game\Scripts\Editor\SyntySky.cs(163,55): warning CS0618: 'FindObjectsSortMode' is obsolete: 'FindObjectsSortMode has been deprecated. Use the FindObjectsByType overloads that do not take a FindObjectsSortMode parameter.'
Assets\_Game\Scripts\Editor\SyntySky.cs(162,33): warning CS0618: 'Object.FindObjectsByType<T>(FindObjectsInactive, FindObjectsSortMode)' is obsolete: 'FindObjectsByType with FindObjectsSortMode parameter has been deprecated. Use FindObjectsByType<T>() or FindObjectsByType<T>(FindObjectsInactive) instead. InstanceID will be replaced in the future with EntityId and previous sort order cannot be maintained.'
Assets\_Game\Scripts\Editor\SyntySky.cs(202,56): warning CS0618: 'FindObjectsSortMode' is obsolete: 'FindObjectsSortMode has been deprecated. Use the FindObjectsByType overloads that do not take a FindObjectsSortMode parameter.'
Assets\_Game\Scripts\Editor\SyntySky.cs(201,23): warning CS0618: 'Object.FindObjectsByType<T>(FindObjectsInactive, FindObjectsSortMode)' is obsolete: 'FindObjectsByType with FindObjectsSortMode parameter has been deprecated. Use FindObjectsByType<T>() or FindObjectsByType<T>(FindObjectsInactive) instead. InstanceID will be replaced in the future with EntityId and previous sort order cannot be maintained.'
Assets\_Game\Scripts\Editor\SyntyRoom.cs(287,26): warning CS0618: 'Object.FindFirstObjectByType<T>()' is obsolete: 'FindFirstObjectByType has been deprecated because it relies on instance ID ordering. Use FindAnyObjectByType instead, which does not depend on ordering.'
Assets\_Game\Scripts\Editor\PendingTasks.cs(260,63): warning CS0618: 'FindObjectsSortMode' is obsolete: 'FindObjectsSortMode has been deprecated. Use the FindObjectsByType overloads that do not take a FindObjectsSortMode parameter.'
Assets\_Game\Scripts\Editor\PendingTasks.cs(259,39): warning CS0618: 'Object.FindObjectsByType<T>(FindObjectsInactive, FindObjectsSortMode)' is obsolete: 'FindObjectsByType with FindObjectsSortMode parameter has been deprecated. Use FindObjectsByType<T>() or FindObjectsByType<T>(FindObjectsInactive) instead. InstanceID will be replaced in the future with EntityId and previous sort order cannot be maintained.'
Assets\_Game\Scripts\Editor\PendingTasks.cs(628,67): warning CS0618: 'FindObjectsSortMode' is obsolete: 'FindObjectsSortMode has been deprecated. Use the FindObjectsByType overloads that do not take a FindObjectsSortMode parameter.'
Assets\_Game\Scripts\Editor\PendingTasks.cs(627,49): warning CS0618: 'Object.FindObjectsByType<T>(FindObjectsInactive, FindObjectsSortMode)' is obsolete: 'FindObjectsByType with FindObjectsSortMode parameter has been deprecated. Use FindObjectsByType<T>() or FindObjectsByType<T>(FindObjectsInactive) instead. InstanceID will be replaced in the future with EntityId and previous sort order cannot be maintained.'
Assets\_Game\Scripts\Editor\PendingTasks.cs(727,67): warning CS0618: 'FindObjectsSortMode' is obsolete: 'FindObjectsSortMode has been deprecated. Use the FindObjectsByType overloads that do not take a FindObjectsSortMode parameter.'
Assets\_Game\Scripts\Editor\PendingTasks.cs(726,43): warning CS0618: 'Object.FindObjectsByType<T>(FindObjectsInactive, FindObjectsSortMode)' is obsolete: 'FindObjectsByType with FindObjectsSortMode parameter has been deprecated. Use FindObjectsByType<T>() or FindObjectsByType<T>(FindObjectsInactive) instead. InstanceID will be replaced in the future with EntityId and previous sort order cannot be maintained.'
Assets\_Game\Scripts\Editor\PendingTasks.cs(796,67): warning CS0618: 'FindObjectsSortMode' is obsolete: 'FindObjectsSortMode has been deprecated. Use the FindObjectsByType overloads that do not take a FindObjectsSortMode parameter.'
Assets\_Game\Scripts\Editor\PendingTasks.cs(795,43): warning CS0618: 'Object.FindObjectsByType<T>(FindObjectsInactive, FindObjectsSortMode)' is obsolete: 'FindObjectsByType with FindObjectsSortMode parameter has been deprecated. Use FindObjectsByType<T>() or FindObjectsByType<T>(FindObjectsInactive) instead. InstanceID will be replaced in the future with EntityId and previous sort order cannot be maintained.'
Assets\_Game\Scripts\Editor\PendingTasks.cs(831,67): warning CS0618: 'FindObjectsSortMode' is obsolete: 'FindObjectsSortMode has been deprecated. Use the FindObjectsByType overloads that do not take a FindObjectsSortMode parameter.'
Assets\_Game\Scripts\Editor\PendingTasks.cs(830,43): warning CS0618: 'Object.FindObjectsByType<T>(FindObjectsInactive, FindObjectsSortMode)' is obsolete: 'FindObjectsByType with FindObjectsSortMode parameter has been deprecated. Use FindObjectsByType<T>() or FindObjectsByType<T>(FindObjectsInactive) instead. InstanceID will be replaced in the future with EntityId and previous sort order cannot be maintained.'
Assets\_Game\Scripts\Editor\SyntyMeadow.cs(268,46): warning CS0618: 'FindObjectsSortMode' is obsolete: 'FindObjectsSortMode has been deprecated. Use the FindObjectsByType overloads that do not take a FindObjectsSortMode parameter.'
Assets\_Game\Scripts\Editor\SyntyMeadow.cs(267,27): warning CS0618: 'Object.FindObjectsByType<T>(FindObjectsInactive, FindObjectsSortMode)' is obsolete: 'FindObjectsByType with FindObjectsSortMode parameter has been deprecated. Use FindObjectsByType<T>() or FindObjectsByType<T>(FindObjectsInactive) instead. InstanceID will be replaced in the future with EntityId and previous sort order cannot be maintained.'
Assets\_Game\Scripts\Editor\SyntySky.cs(301,55): warning CS0618: 'FindObjectsSortMode' is obsolete: 'FindObjectsSortMode has been deprecated. Use the FindObjectsByType overloads that do not take a FindObjectsSortMode parameter.'
Assets\_Game\Scripts\Editor\SyntySky.cs(300,35): warning CS0618: 'Object.FindObjectsByType<T>(FindObjectsInactive, FindObjectsSortMode)' is obsolete: 'FindObjectsByType with FindObjectsSortMode parameter has been deprecated. Use FindObjectsByType<T>() or FindObjectsByType<T>(FindObjectsInactive) instead. InstanceID will be replaced in the future with EntityId and previous sort order cannot be maintained.'
Assets\_Game\Scripts\Editor\SyntySky.cs(409,55): warning CS0618: 'FindObjectsSortMode' is obsolete: 'FindObjectsSortMode has been deprecated. Use the FindObjectsByType overloads that do not take a FindObjectsSortMode parameter.'
Assets\_Game\Scripts\Editor\SyntySky.cs(408,33): warning CS0618: 'Object.FindObjectsByType<T>(FindObjectsInactive, FindObjectsSortMode)' is obsolete: 'FindObjectsByType with FindObjectsSortMode parameter has been deprecated. Use FindObjectsByType<T>() or FindObjectsByType<T>(FindObjectsInactive) instead. InstanceID will be replaced in the future with EntityId and previous sort order cannot be maintained.'
AssetDatabase: script compilation time: 7.454884s
Begin MonoManager ReloadAssembly
Total cache size 112306678
Total cache size after purge 112306678, took 00:00:00.1760873
Native extension for WindowsStandalone target not found
Native extension for WebGL target not found
ScheduleIndexationOnStartup MainProcess:True IndexOnStartup:True
Mono: successfully reloaded assembly
- Finished resetting the current domain, in  3.675 seconds
Domain Reload Profiling: 4752ms
	BeginReloadAssembly (271ms)
		DisableScriptedObjects (33ms)
		CreateAndSetChildDomain (48ms)
	RebuildCommonClasses (10ms)
	RebuildNativeTypeToScriptingClass (21ms)
	initialDomainReloadingComplete (63ms)
	LoadAllAssembliesAndSetupDomain (710ms)
		LoadAssemblies (370ms)
		AnalyzeDomain (318ms)
			TypeCache.Refresh (222ms)
				TypeCache.ScanAssembly (208ms)
			BuildScriptInfoCaches (80ms)
			ResolveRequiredComponents (13ms)
	FinalizeReload (3676ms)
		SetupLoadedEditorAssemblies (0ms)
			BeforeProcessingInitializeOnLoad (108ms)
			ProcessInitializeOnLoadAttributes (2804ms)
			ProcessInitializeOnLoadMethodAttributes (307ms)
			AfterProcessingInitializeOnLoad (8ms)
		AwakeInstancesAfterBackupRestoration (34ms)
Starting new worker id: 0 with log in D:/GAME Ai/IsoRPG/Logs/AssetImportWorkerHW0.log
Loaded 1 ExamplePackConfig assets
UnityEngine.Debug:ExtractStackTraceNoAlloc (byte*,int,string)
UnityEngine.StackTraceUtility:ExtractStackTrace ()
UnityEngine.DebugLogHandler:Internal_Log (UnityEngine.LogType,UnityEngine.LogOption,string,UnityEngine.Object)
UnityEngine.DebugLogHandler:LogFormat (UnityEngine.LogType,UnityEngine.Object,string,object[])
UnityEngine.Logger:Log (UnityEngine.LogType,object)
UnityEngine.Debug:Log (object)
SyntyPackageHelper:LoadSyntyPackageHelperConfigs () (at Assets/Synty/SyntyPackageHelper/Editor/SyntyPackageHelper.cs:46)
SyntyPackageHelper:OnProjectChanged () (at Assets/Synty/SyntyPackageHelper/Editor/SyntyPackageHelper.cs:55)
UnityEditor.EditorApplication:Internal_CallProjectHasChanged ()

(Filename: Assets/Synty/SyntyPackageHelper/Editor/SyntyPackageHelper.cs Line: 46)

Importing 'GUID: 00000000000000004000000000000000 - Path: ProjectSettings/ProjectSettings.asset' with importer (LibraryAssetImporter)
Imported 'GUID: 00000000000000004000000000000000' -> (Import Result ID: '702a474f2f7fe9e1744228f7ca14a83e') in 0.007 seconds [static dependencies only]. Details - ImportResultOutputID=276a810dac73e1f29404d5e5f692e214 DependenciesID=e9590249c6f9f8d265009e082151b49d StaticDependenciesID=61f55734f348b8337d9323239d2d26f5 
Worker ready: AssetImportWorkerHW0 0
Launched and connected shader compiler UnityShaderCompiler.exe after 0.01 seconds

Asset Pipeline Refresh (id=18e51830f3a9cc145b66072ac430840f): Total: 16.861 seconds - Initiated by InitialRefreshV2(ForceSynchronousImport)
	(Values over 0.05ms)
	Summary:
		Imports: total=1 (actual=1, local cache=0, cache server=0)
		Asset DB Process Time: managed=1 ms, native=6691 ms
		Asset DB Callback time: managed=1353 ms, native=162 ms
		Scripting: domain reloads=1, domain reload time=1127 ms, compile time=7456 ms, other=67 ms
		Project Asset Count: scripts=2760, non-scripts=43629
		Asset File Changes: new=1, changed=3, moved=0, deleted=0
		Scan Filter Count: 0
	InvokePackagesCallback: 22.620ms
	ApplyChangesToAssetFolders: 1.008ms
	Scan: 257.964ms
	Collect global state as custom dependencies: 19.555ms
	OnSourceAssetsModified: 0.796ms
	CategorizeScriptCompilationAssets: 56.325ms
	ProcessAssetsWithTransientArtifactChanges: 118.793ms
	CategorizeAssets: 995.220ms
	CompileScripts: 7456.259ms
	ImportOutOfDateAssets: 5005.318ms (3749.840ms without children)
		ImportManagerImport: 9.271ms (1.651ms without children)
		ReloadNativeAssets: 0.115ms
		UnloadImportedAssets: 1.022ms
		EnsureUptoDateAssetsAreRegisteredWithGuidPM: 25.320ms
		ImportSchedulerStart: 1219.737ms
	PostProcessAllAssets: 2119.262ms
		VCAutoAddAssetPostprocess 1.833ms
		XRBuildSystem.XRAssetImported 0.683ms
		PostProcessCallbackCreateDeferredMaterials 0.055ms
		MonoPostProcessAllAssets: 1304.091ms
			AssetPostprocessor.OnPostprocessAllAssets 3.638ms
			SyncVS.PostprocessSyncProject 0.905ms
			AssetChangedListener.OnPostprocessAllAssets 0.190ms
			ShaderGraphAssetPostProcessor.OnPostprocessAllAssets 0.066ms
	PostAssetChangesProfiler: 758.574ms
	GatherAllCurrentPrimaryImportResultRevisions: 8.595ms
	UnloadStreamsBegin: 3.763ms
	PersistCurrentRevisions: 9.685ms
	UnloadStreamsEnd: 0.163ms
	GenerateScriptTypeHashes: 5.317ms
	GenerateScriptTypeSerializationHashes: 8.328ms
	Untracked: 1335.052ms

Application.AssetDatabase Initial Refresh End
Shader 'SyntyStudios/SkyboxUnlit': fallback shader 'wiiu' not found
Shader 'SyntyStudios/CloudShader': fallback shader 'wiiu' not found
Shader 'SyntyStudios/TriplanarBasic': fallback shader 'wiiu' not found
Shader 'SyntyStudios/CloudShaderNoFog': fallback shader 'wiiu' not found
Shader 'SyntyStudios/SkyboxUnlitNoFog': fallback shader 'wiiu' not found
Shader 'SyntyStudios/Basic_LOD_Shader': fallback shader 'wiiu' not found
Scanning for USB devices : 2.371ms
Initializing Unity extensions:
[MODES] ModeService[none].Initialize
[MODES] ModeService[none].LoadModes
[MODES] Loading mode Default (0) for mode-current-id-Adventures of Zhenya
Curl error 35: Cert verify failed. Certificate could not be verified (either omitted or unsupported). UnityTls error code: 7
Unloading 89 Unused Serialized files (Serialized files now loaded: 0)
Unloading 7700 unused Assets / (28.1 MB). Loaded Objects now: 8751.
Memory consumption went from 0.77 GB to 0.74 GB.
Total: 24.103700 ms (FindLiveObjects: 0.879800 ms CreateObjectMapping: 3.191900 ms MarkObjects: 6.951500 ms  DeleteObjects: 13.078500 ms)

Curl error 35: Cert verify failed. Certificate could not be verified (either omitted or unsupported). UnityTls error code: 7
[IsoRPG] Пакетный запуск: начинаю.
UnityEngine.Debug:ExtractStackTraceNoAlloc (byte*,int,string)
UnityEngine.StackTraceUtility:ExtractStackTrace ()
UnityEngine.DebugLogHandler:Internal_Log (UnityEngine.LogType,UnityEngine.LogOption,string,UnityEngine.Object)
UnityEngine.DebugLogHandler:LogFormat (UnityEngine.LogType,UnityEngine.Object,string,object[])
UnityEngine.Logger:Log (UnityEngine.LogType,object)
UnityEngine.Debug:Log (object)
IsoRPG.EditorTools.BatchRunner:Run () (at Assets/_Game/Scripts/Editor/BatchRunner.cs:44)

(Filename: Assets/_Game/Scripts/Editor/BatchRunner.cs Line: 44)

Opening scene 'Assets/_Game/Scenes/Arena.unity'
Unloading 3 Unused Serialized files (Serialized files now loaded: 0)
Loaded scene 'Assets/_Game/Scenes/Arena.unity'
	Deserialize:            98.064 ms
	Integration:            605.587 ms
	Integration of assets:  0.051 ms
	Thread Wait Time:       0.028 ms
	Total Operation Time:   703.730 ms
Unloading 2 unused Assets / (2.0 KB). Loaded Objects now: 39829.
Memory consumption went from 0.88 GB to 0.88 GB.
Total: 17.224500 ms (FindLiveObjects: 3.703200 ms CreateObjectMapping: 3.305100 ms MarkObjects: 10.139900 ms  DeleteObjects: 0.075400 ms)

[IsoRPG] Открыта сцена Assets/_Game/Scenes/Arena.unity
UnityEngine.Debug:ExtractStackTraceNoAlloc (byte*,int,string)
UnityEngine.StackTraceUtility:ExtractStackTrace ()
UnityEngine.DebugLogHandler:Internal_Log (UnityEngine.LogType,UnityEngine.LogOption,string,UnityEngine.Object)
UnityEngine.DebugLogHandler:LogFormat (UnityEngine.LogType,UnityEngine.Object,string,object[])
UnityEngine.Logger:Log (UnityEngine.LogType,object)
UnityEngine.Debug:Log (object)
IsoRPG.EditorTools.BatchRunner:Run () (at Assets/_Game/Scripts/Editor/BatchRunner.cs:49)

(Filename: Assets/_Game/Scripts/Editor/BatchRunner.cs Line: 49)

Asset Pipeline Refresh (id=58e04e589ba785d4e9fef6c6b54235bc): Total: 0.020 seconds - Initiated by RefreshV2(NoUpdateAssetOptions)
[IsoRPG] Выполняю задание: pond
UnityEngine.Debug:ExtractStackTraceNoAlloc (byte*,int,string)
UnityEngine.StackTraceUtility:ExtractStackTrace ()
UnityEngine.DebugLogHandler:Internal_Log (UnityEngine.LogType,UnityEngine.LogOption,string,UnityEngine.Object)
UnityEngine.DebugLogHandler:LogFormat (UnityEngine.LogType,UnityEngine.Object,string,object[])
UnityEngine.Logger:Log (UnityEngine.LogType,object)
UnityEngine.Debug:Log (object)
IsoRPG.EditorTools.PendingTasks:Execute (string) (at Assets/_Game/Scripts/Editor/PendingTasks.cs:146)
IsoRPG.EditorTools.PendingTasks:Run () (at Assets/_Game/Scripts/Editor/PendingTasks.cs:125)
IsoRPG.EditorTools.PendingTasks:RunNow () (at Assets/_Game/Scripts/Editor/PendingTasks.cs:72)
IsoRPG.EditorTools.BatchRunner:Run () (at Assets/_Game/Scripts/Editor/BatchRunner.cs:56)

(Filename: Assets/_Game/Scripts/Editor/PendingTasks.cs Line: 146)

[IsoRPG] Чаша выкопана: радиус 22 м, глубина 2,6 м, кромка на 6,56 м.
UnityEngine.Debug:ExtractStackTraceNoAlloc (byte*,int,string)
UnityEngine.StackTraceUtility:ExtractStackTrace ()
UnityEngine.DebugLogHandler:Internal_Log (UnityEngine.LogType,UnityEngine.LogOption,string,UnityEngine.Object)
UnityEngine.DebugLogHandler:LogFormat (UnityEngine.LogType,UnityEngine.Object,string,object[])
UnityEngine.Logger:Log (UnityEngine.LogType,object)
UnityEngine.Debug:Log (object)
IsoRPG.EditorTools.SyntyWater:Carve (UnityEngine.Terrain) (at Assets/_Game/Scripts/Editor/SyntyWater.cs:122)
IsoRPG.EditorTools.SyntyWater:Build () (at Assets/_Game/Scripts/Editor/SyntyWater.cs:57)
IsoRPG.EditorTools.PendingTasks:Execute (string) (at Assets/_Game/Scripts/Editor/PendingTasks.cs:290)
IsoRPG.EditorTools.PendingTasks:Run () (at Assets/_Game/Scripts/Editor/PendingTasks.cs:125)
IsoRPG.EditorTools.PendingTasks:RunNow () (at Assets/_Game/Scripts/Editor/PendingTasks.cs:72)
IsoRPG.EditorTools.BatchRunner:Run () (at Assets/_Game/Scripts/Editor/BatchRunner.cs:56)

(Filename: Assets/_Game/Scripts/Editor/SyntyWater.cs Line: 122)

[IsoRPG] Кувшинок положено: 26, по кольцу у берега.
UnityEngine.Debug:ExtractStackTraceNoAlloc (byte*,int,string)
UnityEngine.StackTraceUtility:ExtractStackTrace ()
UnityEngine.DebugLogHandler:Internal_Log (UnityEngine.LogType,UnityEngine.LogOption,string,UnityEngine.Object)
UnityEngine.DebugLogHandler:LogFormat (UnityEngine.LogType,UnityEngine.Object,string,object[])
UnityEngine.Logger:Log (UnityEngine.LogType,object)
UnityEngine.Debug:Log (object)
IsoRPG.EditorTools.SyntyWater:Lilies (UnityEngine.Transform,single) (at Assets/_Game/Scripts/Editor/SyntyWater.cs:227)
IsoRPG.EditorTools.SyntyWater:Build () (at Assets/_Game/Scripts/Editor/SyntyWater.cs:64)
IsoRPG.EditorTools.PendingTasks:Execute (string) (at Assets/_Game/Scripts/Editor/PendingTasks.cs:290)
IsoRPG.EditorTools.PendingTasks:Run () (at Assets/_Game/Scripts/Editor/PendingTasks.cs:125)
IsoRPG.EditorTools.PendingTasks:RunNow () (at Assets/_Game/Scripts/Editor/PendingTasks.cs:72)
IsoRPG.EditorTools.BatchRunner:Run () (at Assets/_Game/Scripts/Editor/BatchRunner.cs:56)

(Filename: Assets/_Game/Scripts/Editor/SyntyWater.cs Line: 227)

[IsoRPG] Пруд готов: центр (38, -30), гладь радиусом 13 м, уровень 5,46 м, чаша глубиной 2,6 м.
UnityEngine.Debug:ExtractStackTraceNoAlloc (byte*,int,string)
UnityEngine.StackTraceUtility:ExtractStackTrace ()
UnityEngine.DebugLogHandler:Internal_Log (UnityEngine.LogType,UnityEngine.LogOption,string,UnityEngine.Object)
UnityEngine.DebugLogHandler:LogFormat (UnityEngine.LogType,UnityEngine.Object,string,object[])
UnityEngine.Logger:Log (UnityEngine.LogType,object)
UnityEngine.Debug:Log (object)
IsoRPG.EditorTools.SyntyWater:Build () (at Assets/_Game/Scripts/Editor/SyntyWater.cs:66)
IsoRPG.EditorTools.PendingTasks:Execute (string) (at Assets/_Game/Scripts/Editor/PendingTasks.cs:290)
IsoRPG.EditorTools.PendingTasks:Run () (at Assets/_Game/Scripts/Editor/PendingTasks.cs:125)
IsoRPG.EditorTools.PendingTasks:RunNow () (at Assets/_Game/Scripts/Editor/PendingTasks.cs:72)
IsoRPG.EditorTools.BatchRunner:Run () (at Assets/_Game/Scripts/Editor/BatchRunner.cs:56)

(Filename: Assets/_Game/Scripts/Editor/SyntyWater.cs Line: 66)

[IsoRPG] Прежний луг снят, сцена помечена грязной.
UnityEngine.Debug:ExtractStackTraceNoAlloc (byte*,int,string)
UnityEngine.StackTraceUtility:ExtractStackTrace ()
UnityEngine.DebugLogHandler:Internal_Log (UnityEngine.LogType,UnityEngine.LogOption,string,UnityEngine.Object)
UnityEngine.DebugLogHandler:LogFormat (UnityEngine.LogType,UnityEngine.Object,string,object[])
UnityEngine.Logger:Log (UnityEngine.LogType,object)
UnityEngine.Debug:Log (object)
IsoRPG.EditorTools.SyntyMeadow:Clear () (at Assets/_Game/Scripts/Editor/SyntyMeadow.cs:352)
IsoRPG.EditorTools.SyntyMeadow:Sow () (at Assets/_Game/Scripts/Editor/SyntyMeadow.cs:265)
IsoRPG.EditorTools.PendingTasks:Execute (string) (at Assets/_Game/Scripts/Editor/PendingTasks.cs:291)
IsoRPG.EditorTools.PendingTasks:Run () (at Assets/_Game/Scripts/Editor/PendingTasks.cs:125)
IsoRPG.EditorTools.PendingTasks:RunNow () (at Assets/_Game/Scripts/Editor/PendingTasks.cs:72)
IsoRPG.EditorTools.BatchRunner:Run () (at Assets/_Game/Scripts/Editor/BatchRunner.cs:56)

(Filename: Assets/_Game/Scripts/Editor/SyntyMeadow.cs Line: 352)

[IsoRPG] Луг: SM_Env_Grass_Tall_Clump_04 — 310 шт.
UnityEngine.Debug:ExtractStackTraceNoAlloc (byte*,int,string)
UnityEngine.StackTraceUtility:ExtractStackTrace ()
UnityEngine.DebugLogHandler:Internal_Log (UnityEngine.LogType,UnityEngine.LogOption,string,UnityEngine.Object)
UnityEngine.DebugLogHandler:LogFormat (UnityEngine.LogType,UnityEngine.Object,string,object[])
UnityEngine.Logger:Log (UnityEngine.LogType,object)
UnityEngine.Debug:Log (object)
IsoRPG.EditorTools.SyntyMeadow:Sow () (at Assets/_Game/Scripts/Editor/SyntyMeadow.cs:329)
IsoRPG.EditorTools.PendingTasks:Execute (string) (at Assets/_Game/Scripts/Editor/PendingTasks.cs:291)
IsoRPG.EditorTools.PendingTasks:Run () (at Assets/_Game/Scripts/Editor/PendingTasks.cs:125)
IsoRPG.EditorTools.PendingTasks:RunNow () (at Assets/_Game/Scripts/Editor/PendingTasks.cs:72)
IsoRPG.EditorTools.BatchRunner:Run () (at Assets/_Game/Scripts/Editor/BatchRunner.cs:56)

(Filename: Assets/_Game/Scripts/Editor/SyntyMeadow.cs Line: 329)

[IsoRPG] Луг: SM_Env_Grass_Tall_Clump_05 — 282 шт.
UnityEngine.Debug:ExtractStackTraceNoAlloc (byte*,int,string)
UnityEngine.StackTraceUtility:ExtractStackTrace ()
UnityEngine.DebugLogHandler:Internal_Log (UnityEngine.LogType,UnityEngine.LogOption,string,UnityEngine.Object)
UnityEngine.DebugLogHandler:LogFormat (UnityEngine.LogType,UnityEngine.Object,string,object[])
UnityEngine.Logger:Log (UnityEngine.LogType,object)
UnityEngine.Debug:Log (object)
IsoRPG.EditorTools.SyntyMeadow:Sow () (at Assets/_Game/Scripts/Editor/SyntyMeadow.cs:329)
IsoRPG.EditorTools.PendingTasks:Execute (string) (at Assets/_Game/Scripts/Editor/PendingTasks.cs:291)
IsoRPG.EditorTools.PendingTasks:Run () (at Assets/_Game/Scripts/Editor/PendingTasks.cs:125)
IsoRPG.EditorTools.PendingTasks:RunNow () (at Assets/_Game/Scripts/Editor/PendingTasks.cs:72)
IsoRPG.EditorTools.BatchRunner:Run () (at Assets/_Game/Scripts/Editor/BatchRunner.cs:56)

(Filename: Assets/_Game/Scripts/Editor/SyntyMeadow.cs Line: 329)

[IsoRPG] Луг: SM_Env_Grass_Med_Clump_02 — 189 шт.
UnityEngine.Debug:ExtractStackTraceNoAlloc (byte*,int,string)
UnityEngine.StackTraceUtility:ExtractStackTrace ()
UnityEngine.DebugLogHandler:Internal_Log (UnityEngine.LogType,UnityEngine.LogOption,string,UnityEngine.Object)
UnityEngine.DebugLogHandler:LogFormat (UnityEngine.LogType,UnityEngine.Object,string,object[])
UnityEngine.Logger:Log (UnityEngine.LogType,object)
UnityEngine.Debug:Log (object)
IsoRPG.EditorTools.SyntyMeadow:Sow () (at Assets/_Game/Scripts/Editor/SyntyMeadow.cs:329)
IsoRPG.EditorTools.PendingTasks:Execute (string) (at Assets/_Game/Scripts/Editor/PendingTasks.cs:291)
IsoRPG.EditorTools.PendingTasks:Run () (at Assets/_Game/Scripts/Editor/PendingTasks.cs:125)
IsoRPG.EditorTools.PendingTasks:RunNow () (at Assets/_Game/Scripts/Editor/PendingTasks.cs:72)
IsoRPG.EditorTools.BatchRunner:Run () (at Assets/_Game/Scripts/Editor/BatchRunner.cs:56)

(Filename: Assets/_Game/Scripts/Editor/SyntyMeadow.cs Line: 329)

[IsoRPG] Луг: SM_Env_Grass_Med_Clump_03 — 187 шт.
UnityEngine.Debug:ExtractStackTraceNoAlloc (byte*,int,string)
UnityEngine.StackTraceUtility:ExtractStackTrace ()
UnityEngine.DebugLogHandler:Internal_Log (UnityEngine.LogType,UnityEngine.LogOption,string,UnityEngine.Object)
UnityEngine.DebugLogHandler:LogFormat (UnityEngine.LogType,UnityEngine.Object,string,object[])
UnityEngine.Logger:Log (UnityEngine.LogType,object)
UnityEngine.Debug:Log (object)
IsoRPG.EditorTools.SyntyMeadow:Sow () (at Assets/_Game/Scripts/Editor/SyntyMeadow.cs:329)
IsoRPG.EditorTools.PendingTasks:Execute (string) (at Assets/_Game/Scripts/Editor/PendingTasks.cs:291)
IsoRPG.EditorTools.PendingTasks:Run () (at Assets/_Game/Scripts/Editor/PendingTasks.cs:125)
IsoRPG.EditorTools.PendingTasks:RunNow () (at Assets/_Game/Scripts/Editor/PendingTasks.cs:72)
IsoRPG.EditorTools.BatchRunner:Run () (at Assets/_Game/Scripts/Editor/BatchRunner.cs:56)

(Filename: Assets/_Game/Scripts/Editor/SyntyMeadow.cs Line: 329)

[IsoRPG] Луг: SM_Env_Grass_Short_Clump_03 — 166 шт.
UnityEngine.Debug:ExtractStackTraceNoAlloc (byte*,int,string)
UnityEngine.StackTraceUtility:ExtractStackTrace ()
UnityEngine.DebugLogHandler:Internal_Log (UnityEngine.LogType,UnityEngine.LogOption,string,UnityEngine.Object)
UnityEngine.DebugLogHandler:LogFormat (UnityEngine.LogType,UnityEngine.Object,string,object[])
UnityEngine.Logger:Log (UnityEngine.LogType,object)
UnityEngine.Debug:Log (object)
IsoRPG.EditorTools.SyntyMeadow:Sow () (at Assets/_Game/Scripts/Editor/SyntyMeadow.cs:329)
IsoRPG.EditorTools.PendingTasks:Execute (string) (at Assets/_Game/Scripts/Editor/PendingTasks.cs:291)
IsoRPG.EditorTools.PendingTasks:Run () (at Assets/_Game/Scripts/Editor/PendingTasks.cs:125)
IsoRPG.EditorTools.PendingTasks:RunNow () (at Assets/_Game/Scripts/Editor/PendingTasks.cs:72)
IsoRPG.EditorTools.BatchRunner:Run () (at Assets/_Game/Scripts/Editor/BatchRunner.cs:56)

(Filename: Assets/_Game/Scripts/Editor/SyntyMeadow.cs Line: 329)

[IsoRPG] Луг: SM_Env_Grass_Tall_Clump_03 — 84 шт.
UnityEngine.Debug:ExtractStackTraceNoAlloc (byte*,int,string)
UnityEngine.StackTraceUtility:ExtractStackTrace ()
UnityEngine.DebugLogHandler:Internal_Log (UnityEngine.LogType,UnityEngine.LogOption,string,UnityEngine.Object)
UnityEngine.DebugLogHandler:LogFormat (UnityEngine.LogType,UnityEngine.Object,string,object[])
UnityEngine.Logger:Log (UnityEngine.LogType,object)
UnityEngine.Debug:Log (object)
IsoRPG.EditorTools.SyntyMeadow:Sow () (at Assets/_Game/Scripts/Editor/SyntyMeadow.cs:329)
IsoRPG.EditorTools.PendingTasks:Execute (string) (at Assets/_Game/Scripts/Editor/PendingTasks.cs:291)
IsoRPG.EditorTools.PendingTasks:Run () (at Assets/_Game/Scripts/Editor/PendingTasks.cs:125)
IsoRPG.EditorTools.PendingTasks:RunNow () (at Assets/_Game/Scripts/Editor/PendingTasks.cs:72)
IsoRPG.EditorTools.BatchRunner:Run () (at Assets/_Game/Scripts/Editor/BatchRunner.cs:56)

(Filename: Assets/_Game/Scripts/Editor/SyntyMeadow.cs Line: 329)

[IsoRPG] Луг: SM_Env_Grass_Tall_Clump_02 — 64 шт.
UnityEngine.Debug:ExtractStackTraceNoAlloc (byte*,int,string)
UnityEngine.StackTraceUtility:ExtractStackTrace ()
UnityEngine.DebugLogHandler:Internal_Log (UnityEngine.LogType,UnityEngine.LogOption,string,UnityEngine.Object)
UnityEngine.DebugLogHandler:LogFormat (UnityEngine.LogType,UnityEngine.Object,string,object[])
UnityEngine.Logger:Log (UnityEngine.LogType,object)
UnityEngine.Debug:Log (object)
IsoRPG.EditorTools.SyntyMeadow:Sow () (at Assets/_Game/Scripts/Editor/SyntyMeadow.cs:329)
IsoRPG.EditorTools.PendingTasks:Execute (string) (at Assets/_Game/Scripts/Editor/PendingTasks.cs:291)
IsoRPG.EditorTools.PendingTasks:Run () (at Assets/_Game/Scripts/Editor/PendingTasks.cs:125)
IsoRPG.EditorTools.PendingTasks:RunNow () (at Assets/_Game/Scripts/Editor/PendingTasks.cs:72)
IsoRPG.EditorTools.BatchRunner:Run () (at Assets/_Game/Scripts/Editor/BatchRunner.cs:56)

(Filename: Assets/_Game/Scripts/Editor/SyntyMeadow.cs Line: 329)

[IsoRPG] Луг: SM_Env_Wildflowers_03 — 56 шт.
UnityEngine.Debug:ExtractStackTraceNoAlloc (byte*,int,string)
UnityEngine.StackTraceUtility:ExtractStackTrace ()
UnityEngine.DebugLogHandler:Internal_Log (UnityEngine.LogType,UnityEngine.LogOption,string,UnityEngine.Object)
UnityEngine.DebugLogHandler:LogFormat (UnityEngine.LogType,UnityEngine.Object,string,object[])
UnityEngine.Logger:Log (UnityEngine.LogType,object)
UnityEngine.Debug:Log (object)
IsoRPG.EditorTools.SyntyMeadow:Sow () (at Assets/_Game/Scripts/Editor/SyntyMeadow.cs:329)
IsoRPG.EditorTools.PendingTasks:Execute (string) (at Assets/_Game/Scripts/Editor/PendingTasks.cs:291)
IsoRPG.EditorTools.PendingTasks:Run () (at Assets/_Game/Scripts/Editor/PendingTasks.cs:125)
IsoRPG.EditorTools.PendingTasks:RunNow () (at Assets/_Game/Scripts/Editor/PendingTasks.cs:72)
IsoRPG.EditorTools.BatchRunner:Run () (at Assets/_Game/Scripts/Editor/BatchRunner.cs:56)

(Filename: Assets/_Game/Scripts/Editor/SyntyMeadow.cs Line: 329)

[IsoRPG] Луг: SM_Env_Wildflowers_02 — 49 шт.
UnityEngine.Debug:ExtractStackTraceNoAlloc (byte*,int,string)
UnityEngine.StackTraceUtility:ExtractStackTrace ()
UnityEngine.DebugLogHandler:Internal_Log (UnityEngine.LogType,UnityEngine.LogOption,string,UnityEngine.Object)
UnityEngine.DebugLogHandler:LogFormat (UnityEngine.LogType,UnityEngine.Object,string,object[])
UnityEngine.Logger:Log (UnityEngine.LogType,object)
UnityEngine.Debug:Log (object)
IsoRPG.EditorTools.SyntyMeadow:Sow () (at Assets/_Game/Scripts/Editor/SyntyMeadow.cs:329)
IsoRPG.EditorTools.PendingTasks:Execute (string) (at Assets/_Game/Scripts/Editor/PendingTasks.cs:291)
IsoRPG.EditorTools.PendingTasks:Run () (at Assets/_Game/Scripts/Editor/PendingTasks.cs:125)
IsoRPG.EditorTools.PendingTasks:RunNow () (at Assets/_Game/Scripts/Editor/PendingTasks.cs:72)
IsoRPG.EditorTools.BatchRunner:Run () (at Assets/_Game/Scripts/Editor/BatchRunner.cs:56)

(Filename: Assets/_Game/Scripts/Editor/SyntyMeadow.cs Line: 329)

[IsoRPG] Луг: SM_Env_Tree_Fruit_01 — 61 шт.
UnityEngine.Debug:ExtractStackTraceNoAlloc (byte*,int,string)
UnityEngine.StackTraceUtility:ExtractStackTrace ()
UnityEngine.DebugLogHandler:Internal_Log (UnityEngine.LogType,UnityEngine.LogOption,string,UnityEngine.Object)
UnityEngine.DebugLogHandler:LogFormat (UnityEngine.LogType,UnityEngine.Object,string,object[])
UnityEngine.Logger:Log (UnityEngine.LogType,object)
UnityEngine.Debug:Log (object)
IsoRPG.EditorTools.SyntyMeadow:Sow () (at Assets/_Game/Scripts/Editor/SyntyMeadow.cs:329)
IsoRPG.EditorTools.PendingTasks:Execute (string) (at Assets/_Game/Scripts/Editor/PendingTasks.cs:291)
IsoRPG.EditorTools.PendingTasks:Run () (at Assets/_Game/Scripts/Editor/PendingTasks.cs:125)
IsoRPG.EditorTools.PendingTasks:RunNow () (at Assets/_Game/Scripts/Editor/PendingTasks.cs:72)
IsoRPG.EditorTools.BatchRunner:Run () (at Assets/_Game/Scripts/Editor/BatchRunner.cs:56)

(Filename: Assets/_Game/Scripts/Editor/SyntyMeadow.cs Line: 329)

[IsoRPG] Луг: SM_Env_Tree_Fruit_02 — 36 шт.
UnityEngine.Debug:ExtractStackTraceNoAlloc (byte*,int,string)
UnityEngine.StackTraceUtility:ExtractStackTrace ()
UnityEngine.DebugLogHandler:Internal_Log (UnityEngine.LogType,UnityEngine.LogOption,string,UnityEngine.Object)
UnityEngine.DebugLogHandler:LogFormat (UnityEngine.LogType,UnityEngine.Object,string,object[])
UnityEngine.Logger:Log (UnityEngine.LogType,object)
UnityEngine.Debug:Log (object)
IsoRPG.EditorTools.SyntyMeadow:Sow () (at Assets/_Game/Scripts/Editor/SyntyMeadow.cs:329)
IsoRPG.EditorTools.PendingTasks:Execute (string) (at Assets/_Game/Scripts/Editor/PendingTasks.cs:291)
IsoRPG.EditorTools.PendingTasks:Run () (at Assets/_Game/Scripts/Editor/PendingTasks.cs:125)
IsoRPG.EditorTools.PendingTasks:RunNow () (at Assets/_Game/Scripts/Editor/PendingTasks.cs:72)
IsoRPG.EditorTools.BatchRunner:Run () (at Assets/_Game/Scripts/Editor/BatchRunner.cs:56)

(Filename: Assets/_Game/Scripts/Editor/SyntyMeadow.cs Line: 329)

[IsoRPG] Луг: SM_Env_Tree_Fruit_03 — 33 шт.
UnityEngine.Debug:ExtractStackTraceNoAlloc (byte*,int,string)
UnityEngine.StackTraceUtility:ExtractStackTrace ()
UnityEngine.DebugLogHandler:Internal_Log (UnityEngine.LogType,UnityEngine.LogOption,string,UnityEngine.Object)
UnityEngine.DebugLogHandler:LogFormat (UnityEngine.LogType,UnityEngine.Object,string,object[])
UnityEngine.Logger:Log (UnityEngine.LogType,object)
UnityEngine.Debug:Log (object)
IsoRPG.EditorTools.SyntyMeadow:Sow () (at Assets/_Game/Scripts/Editor/SyntyMeadow.cs:329)
IsoRPG.EditorTools.PendingTasks:Execute (string) (at Assets/_Game/Scripts/Editor/PendingTasks.cs:291)
IsoRPG.EditorTools.PendingTasks:Run () (at Assets/_Game/Scripts/Editor/PendingTasks.cs:125)
IsoRPG.EditorTools.PendingTasks:RunNow () (at Assets/_Game/Scripts/Editor/PendingTasks.cs:72)
IsoRPG.EditorTools.BatchRunner:Run () (at Assets/_Game/Scripts/Editor/BatchRunner.cs:56)

(Filename: Assets/_Game/Scripts/Editor/SyntyMeadow.cs Line: 329)

[IsoRPG] Луг: SM_Env_Sunflower_01 — 23 шт.
UnityEngine.Debug:ExtractStackTraceNoAlloc (byte*,int,string)
UnityEngine.StackTraceUtility:ExtractStackTrace ()
UnityEngine.DebugLogHandler:Internal_Log (UnityEngine.LogType,UnityEngine.LogOption,string,UnityEngine.Object)
UnityEngine.DebugLogHandler:LogFormat (UnityEngine.LogType,UnityEngine.Object,string,object[])
UnityEngine.Logger:Log (UnityEngine.LogType,object)
UnityEngine.Debug:Log (object)
IsoRPG.EditorTools.SyntyMeadow:Sow () (at Assets/_Game/Scripts/Editor/SyntyMeadow.cs:329)
IsoRPG.EditorTools.PendingTasks:Execute (string) (at Assets/_Game/Scripts/Editor/PendingTasks.cs:291)
IsoRPG.EditorTools.PendingTasks:Run () (at Assets/_Game/Scripts/Editor/PendingTasks.cs:125)
IsoRPG.EditorTools.PendingTasks:RunNow () (at Assets/_Game/Scripts/Editor/PendingTasks.cs:72)
IsoRPG.EditorTools.BatchRunner:Run () (at Assets/_Game/Scripts/Editor/BatchRunner.cs:56)

(Filename: Assets/_Game/Scripts/Editor/SyntyMeadow.cs Line: 329)

[IsoRPG] Луг: SM_Env_Wildflowers_01 — 20 шт.
UnityEngine.Debug:ExtractStackTraceNoAlloc (byte*,int,string)
UnityEngine.StackTraceUtility:ExtractStackTrace ()
UnityEngine.DebugLogHandler:Internal_Log (UnityEngine.LogType,UnityEngine.LogOption,string,UnityEngine.Object)
UnityEngine.DebugLogHandler:LogFormat (UnityEngine.LogType,UnityEngine.Object,string,object[])
UnityEngine.Logger:Log (UnityEngine.LogType,object)
UnityEngine.Debug:Log (object)
IsoRPG.EditorTools.SyntyMeadow:Sow () (at Assets/_Game/Scripts/Editor/SyntyMeadow.cs:329)
IsoRPG.EditorTools.PendingTasks:Execute (string) (at Assets/_Game/Scripts/Editor/PendingTasks.cs:291)
IsoRPG.EditorTools.PendingTasks:Run () (at Assets/_Game/Scripts/Editor/PendingTasks.cs:125)
IsoRPG.EditorTools.PendingTasks:RunNow () (at Assets/_Game/Scripts/Editor/PendingTasks.cs:72)
IsoRPG.EditorTools.BatchRunner:Run () (at Assets/_Game/Scripts/Editor/BatchRunner.cs:56)

(Filename: Assets/_Game/Scripts/Editor/SyntyMeadow.cs Line: 329)

[IsoRPG] Луг: SM_Env_Grass_Bush_01 — 20 шт.
UnityEngine.Debug:ExtractStackTraceNoAlloc (byte*,int,string)
UnityEngine.StackTraceUtility:ExtractStackTrace ()
UnityEngine.DebugLogHandler:Internal_Log (UnityEngine.LogType,UnityEngine.LogOption,string,UnityEngine.Object)
UnityEngine.DebugLogHandler:LogFormat (UnityEngine.LogType,UnityEngine.Object,string,object[])
UnityEngine.Logger:Log (UnityEngine.LogType,object)
UnityEngine.Debug:Log (object)
IsoRPG.EditorTools.SyntyMeadow:Sow () (at Assets/_Game/Scripts/Editor/SyntyMeadow.cs:329)
IsoRPG.EditorTools.PendingTasks:Execute (string) (at Assets/_Game/Scripts/Editor/PendingTasks.cs:291)
IsoRPG.EditorTools.PendingTasks:Run () (at Assets/_Game/Scripts/Editor/PendingTasks.cs:125)
IsoRPG.EditorTools.PendingTasks:RunNow () (at Assets/_Game/Scripts/Editor/PendingTasks.cs:72)
IsoRPG.EditorTools.BatchRunner:Run () (at Assets/_Game/Scripts/Editor/BatchRunner.cs:56)

(Filename: Assets/_Game/Scripts/Editor/SyntyMeadow.cs Line: 329)

[IsoRPG] Луг: SM_Env_Rock_02 — 18 шт.
UnityEngine.Debug:ExtractStackTraceNoAlloc (byte*,int,string)
UnityEngine.StackTraceUtility:ExtractStackTrace ()
UnityEngine.DebugLogHandler:Internal_Log (UnityEngine.LogType,UnityEngine.LogOption,string,UnityEngine.Object)
UnityEngine.DebugLogHandler:LogFormat (UnityEngine.LogType,UnityEngine.Object,string,object[])
UnityEngine.Logger:Log (UnityEngine.LogType,object)
UnityEngine.Debug:Log (object)
IsoRPG.EditorTools.SyntyMeadow:Sow () (at Assets/_Game/Scripts/Editor/SyntyMeadow.cs:329)
IsoRPG.EditorTools.PendingTasks:Execute (string) (at Assets/_Game/Scripts/Editor/PendingTasks.cs:291)
IsoRPG.EditorTools.PendingTasks:Run () (at Assets/_Game/Scripts/Editor/PendingTasks.cs:125)
IsoRPG.EditorTools.PendingTasks:RunNow () (at Assets/_Game/Scripts/Editor/PendingTasks.cs:72)
IsoRPG.EditorTools.BatchRunner:Run () (at Assets/_Game/Scripts/Editor/BatchRunner.cs:56)

(Filename: Assets/_Game/Scripts/Editor/SyntyMeadow.cs Line: 329)

[IsoRPG] Луг: SM_Env_Rock_01 — 15 шт.
UnityEngine.Debug:ExtractStackTraceNoAlloc (byte*,int,string)
UnityEngine.StackTraceUtility:ExtractStackTrace ()
UnityEngine.DebugLogHandler:Internal_Log (UnityEngine.LogType,UnityEngine.LogOption,string,UnityEngine.Object)
UnityEngine.DebugLogHandler:LogFormat (UnityEngine.LogType,UnityEngine.Object,string,object[])
UnityEngine.Logger:Log (UnityEngine.LogType,object)
UnityEngine.Debug:Log (object)
IsoRPG.EditorTools.SyntyMeadow:Sow () (at Assets/_Game/Scripts/Editor/SyntyMeadow.cs:329)
IsoRPG.EditorTools.PendingTasks:Execute (string) (at Assets/_Game/Scripts/Editor/PendingTasks.cs:291)
IsoRPG.EditorTools.PendingTasks:Run () (at Assets/_Game/Scripts/Editor/PendingTasks.cs:125)
IsoRPG.EditorTools.PendingTasks:RunNow () (at Assets/_Game/Scripts/Editor/PendingTasks.cs:72)
IsoRPG.EditorTools.BatchRunner:Run () (at Assets/_Game/Scripts/Editor/BatchRunner.cs:56)

(Filename: Assets/_Game/Scripts/Editor/SyntyMeadow.cs Line: 329)

[IsoRPG] Луг: SM_Env_Rock_03 — 15 шт.
UnityEngine.Debug:ExtractStackTraceNoAlloc (byte*,int,string)
UnityEngine.StackTraceUtility:ExtractStackTrace ()
UnityEngine.DebugLogHandler:Internal_Log (UnityEngine.LogType,UnityEngine.LogOption,string,UnityEngine.Object)
UnityEngine.DebugLogHandler:LogFormat (UnityEngine.LogType,UnityEngine.Object,string,object[])
UnityEngine.Logger:Log (UnityEngine.LogType,object)
UnityEngine.Debug:Log (object)
IsoRPG.EditorTools.SyntyMeadow:Sow () (at Assets/_Game/Scripts/Editor/SyntyMeadow.cs:329)
IsoRPG.EditorTools.PendingTasks:Execute (string) (at Assets/_Game/Scripts/Editor/PendingTasks.cs:291)
IsoRPG.EditorTools.PendingTasks:Run () (at Assets/_Game/Scripts/Editor/PendingTasks.cs:125)
IsoRPG.EditorTools.PendingTasks:RunNow () (at Assets/_Game/Scripts/Editor/PendingTasks.cs:72)
IsoRPG.EditorTools.BatchRunner:Run () (at Assets/_Game/Scripts/Editor/BatchRunner.cs:56)

(Filename: Assets/_Game/Scripts/Editor/SyntyMeadow.cs Line: 329)

[IsoRPG] Луг Synty посеян: видов 18, растений 1628, объектов в сцене 6116 (у префабов свои LOD-узлы).
UnityEngine.Debug:ExtractStackTraceNoAlloc (byte*,int,string)
UnityEngine.StackTraceUtility:ExtractStackTrace ()
UnityEngine.DebugLogHandler:Internal_Log (UnityEngine.LogType,UnityEngine.LogOption,string,UnityEngine.Object)
UnityEngine.DebugLogHandler:LogFormat (UnityEngine.LogType,UnityEngine.Object,string,object[])
UnityEngine.Logger:Log (UnityEngine.LogType,object)
UnityEngine.Debug:Log (object)
IsoRPG.EditorTools.SyntyMeadow:Sow () (at Assets/_Game/Scripts/Editor/SyntyMeadow.cs:334)
IsoRPG.EditorTools.PendingTasks:Execute (string) (at Assets/_Game/Scripts/Editor/PendingTasks.cs:291)
IsoRPG.EditorTools.PendingTasks:Run () (at Assets/_Game/Scripts/Editor/PendingTasks.cs:125)
IsoRPG.EditorTools.PendingTasks:RunNow () (at Assets/_Game/Scripts/Editor/PendingTasks.cs:72)
IsoRPG.EditorTools.BatchRunner:Run () (at Assets/_Game/Scripts/Editor/BatchRunner.cs:56)

(Filename: Assets/_Game/Scripts/Editor/SyntyMeadow.cs Line: 334)

[IsoRPG] Навигация перепечена по коллайдерам. Охват 600 x 600 м, центр (300.00, 20.00, 300.00).
UnityEngine.Debug:ExtractStackTraceNoAlloc (byte*,int,string)
UnityEngine.StackTraceUtility:ExtractStackTrace ()
UnityEngine.DebugLogHandler:Internal_Log (UnityEngine.LogType,UnityEngine.LogOption,string,UnityEngine.Object)
UnityEngine.DebugLogHandler:LogFormat (UnityEngine.LogType,UnityEngine.Object,string,object[])
UnityEngine.Logger:Log (UnityEngine.LogType,object)
UnityEngine.Debug:Log (object)
IsoRPG.EditorTools.NavBake:Rebake () (at Assets/_Game/Scripts/Editor/NavBake.cs:105)
IsoRPG.EditorTools.PendingTasks:Execute (string) (at Assets/_Game/Scripts/Editor/PendingTasks.cs:292)
IsoRPG.EditorTools.PendingTasks:Run () (at Assets/_Game/Scripts/Editor/PendingTasks.cs:125)
IsoRPG.EditorTools.PendingTasks:RunNow () (at Assets/_Game/Scripts/Editor/PendingTasks.cs:72)
IsoRPG.EditorTools.BatchRunner:Run () (at Assets/_Game/Scripts/Editor/BatchRunner.cs:56)

(Filename: Assets/_Game/Scripts/Editor/NavBake.cs Line: 105)


Asset Pipeline Refresh (id=bf007a87c954748489d3906a63fe9ad6): Total: 0.557 seconds - Initiated by StopAssetImportingV2(NoUpdateAssetOptions)
	(Values over 0.05ms)
	Summary:
		Imports: total=0 (actual=0, local cache=0, cache server=0)
		Asset DB Process Time: managed=0 ms, native=484 ms
		Asset DB Callback time: managed=2 ms, native=68 ms
		Scripting: domain reloads=0, domain reload time=0 ms, compile time=0 ms, other=0 ms
		Project Asset Count: scripts=2760, non-scripts=43628
		Asset File Changes: new=0, changed=0, moved=0, deleted=1
		Scan Filter Count: 5
	ApplyChangesToAssetFolders: 0.097ms
	Scan: 6.809ms
	Collect global state as custom dependencies: 0.262ms
	OnSourceAssetsModified: 0.654ms
	ProcessAssetsWithTransientArtifactChanges: 0.113ms
	CategorizeAssets: 69.114ms
	ImportOutOfDateAssets: 378.337ms (23.649ms without children)
		ReloadNativeAssets: 0.105ms
		UnloadImportedAssets: 0.211ms
		EnsureUptoDateAssetsAreRegisteredWithGuidPM: 9.125ms
		ImportSchedulerStart: 345.241ms
	PostProcessAllAssets: 4.025ms
		XRBuildSystem.XRAssetImported 2.075ms
		MonoPostProcessAllAssets: 1.858ms
			SyncVS.PostprocessSyncProject 0.958ms
			ShaderGraphAssetPostProcessor.OnPostprocessAllAssets 0.349ms
			RetainedModeAssetPostprocessor.OnPostprocessAllAssets 0.106ms
			StyleCatalogPostProcessor.OnPostprocessAllAssets 0.093ms
	PostAssetChangesProfiler: 66.888ms
	GatherAllCurrentPrimaryImportResultRevisions: 3.200ms
	PersistCurrentRevisions: 2.751ms
	Untracked: 24.244ms

Importing 'GUID: a3a594e6faa07164dbbaafc5f517246e - Path: Assets/_Game/Scenes/Arena/NavMesh-ArenaTerrain.asset' with importer (NativeFormatImporter)
Imported 'GUID: a3a594e6faa07164dbbaafc5f517246e' -> (Import Result ID: 'a9d192614fea44b7b45cd2087229a500') in 0.001 seconds [static dependencies only]. Details - ImportResultOutputID=4dce4c3be81c486b55786983ed72ad63 DependenciesID=3b86fe7003c0cbe9a454f2ba1bc9cebe StaticDependenciesID=37a4b3b1275cfcfd96bccd74835cc035 

Asset Pipeline Refresh (id=ccb9aeb01811ec643a67d6a73f0aae2e): Total: 0.519 seconds - Initiated by StopAssetImportingV2(NoUpdateAssetOptions)
	(Values over 0.05ms)
	Summary:
		Imports: total=1 (actual=1, local cache=0, cache server=0)
		Asset DB Process Time: managed=0 ms, native=514 ms
		Asset DB Callback time: managed=1 ms, native=3 ms
		Scripting: domain reloads=0, domain reload time=0 ms, compile time=0 ms, other=0 ms
		Project Asset Count: scripts=2760, non-scripts=43629
		Asset File Changes: new=1, changed=1, moved=0, deleted=0
		Scan Filter Count: 5
	ApplyChangesToAssetFolders: 0.143ms
	Scan: 10.968ms
	Collect global state as custom dependencies: 0.470ms
	ProcessAssetsWithTransientArtifactChanges: 0.174ms
	CategorizeAssets: 87.777ms
	ImportOutOfDateAssets: 374.175ms (20.620ms without children)
		ImportManagerImport: 4.923ms (3.609ms without children)
		ReloadNativeAssets: 0.057ms
		UnloadImportedAssets: 0.135ms
		EnsureUptoDateAssetsAreRegisteredWithGuidPM: 9.060ms
		ImportSchedulerStart: 339.371ms
	PostProcessAllAssets: 1.944ms
		XRBuildSystem.XRAssetImported 0.359ms
		MonoPostProcessAllAssets: 1.467ms
			SyncVS.PostprocessSyncProject 0.830ms
			AssetChangedListener.OnPostprocessAllAssets 0.180ms
			ShaderGraphAssetPostProcessor.OnPostprocessAllAssets 0.060ms
			AssetPostprocessor.OnPostprocessAllAssets 0.058ms
	PostAssetChangesProfiler: 2.899ms
	GatherAllCurrentPrimaryImportResultRevisions: 2.568ms
	PersistCurrentRevisions: 3.006ms
	Untracked: 32.886ms

Importing 'GUID: 036682092434c264889e3dec5e2060aa - Path: Assets/_Game/Art/Materials/ArenaTerrain.asset' with importer (NativeFormatImporter)
Imported 'GUID: 036682092434c264889e3dec5e2060aa' -> (Import Result ID: '1c5f1a7b8882db7764cd98f98b86edbc') in 0.004 seconds [static dependencies only]. Details - ImportResultOutputID=682dce64306c00b514a573a13b1cd285 DependenciesID=5e24b3392407fc60a3a51de28fa17405 StaticDependenciesID=115dfeb0004c31fbda027a97f6743428 

Asset Pipeline Refresh (id=f244ea45025f21c46a76cd690af5cea1): Total: 0.495 seconds - Initiated by StopAssetImportingV2(NoUpdateAssetOptions)
	(Values over 0.05ms)
	Summary:
		Imports: total=1 (actual=1, local cache=0, cache server=0)
		Asset DB Process Time: managed=0 ms, native=488 ms
		Asset DB Callback time: managed=1 ms, native=4 ms
		Scripting: domain reloads=0, domain reload time=0 ms, compile time=0 ms, other=0 ms
		Project Asset Count: scripts=2760, non-scripts=43629
		Asset File Changes: new=0, changed=1, moved=0, deleted=0
		Scan Filter Count: 5
	ApplyChangesToAssetFolders: 0.088ms
	Scan: 9.654ms
	Collect global state as custom dependencies: 0.232ms
	ProcessAssetsWithTransientArtifactChanges: 0.080ms
	CategorizeAssets: 71.001ms
	ImportOutOfDateAssets: 383.844ms (20.894ms without children)
		ImportManagerImport: 21.917ms (17.767ms without children)
		ReloadNativeAssets: 0.052ms
		UnloadImportedAssets: 0.193ms
		EnsureUptoDateAssetsAreRegisteredWithGuidPM: 9.188ms
		ImportSchedulerStart: 331.588ms
	PostProcessAllAssets: 1.671ms
		XRBuildSystem.XRAssetImported 0.340ms
		MonoPostProcessAllAssets: 1.242ms
			SyncVS.PostprocessSyncProject 0.811ms
			AssetPostprocessor.OnPostprocessAllAssets 0.056ms
	PostAssetChangesProfiler: 4.245ms
	GatherAllCurrentPrimaryImportResultRevisions: 2.239ms
	PersistCurrentRevisions: 2.336ms
	Untracked: 19.476ms

[IsoRPG] Навигационная сетка сохранена файлом: Assets/_Game/Scenes/Arena/NavMesh-ArenaTerrain.asset
UnityEngine.Debug:ExtractStackTraceNoAlloc (byte*,int,string)
UnityEngine.StackTraceUtility:ExtractStackTrace ()
UnityEngine.DebugLogHandler:Internal_Log (UnityEngine.LogType,UnityEngine.LogOption,string,UnityEngine.Object)
UnityEngine.DebugLogHandler:LogFormat (UnityEngine.LogType,UnityEngine.Object,string,object[])
UnityEngine.Logger:Log (UnityEngine.LogType,object)
UnityEngine.Debug:Log (object)
IsoRPG.EditorTools.NavBake:Persist (Unity.AI.Navigation.NavMeshSurface,string) (at Assets/_Game/Scripts/Editor/NavBake.cs:168)
IsoRPG.EditorTools.NavBake:Rebake () (at Assets/_Game/Scripts/Editor/NavBake.cs:109)
IsoRPG.EditorTools.PendingTasks:Execute (string) (at Assets/_Game/Scripts/Editor/PendingTasks.cs:292)
IsoRPG.EditorTools.PendingTasks:Run () (at Assets/_Game/Scripts/Editor/PendingTasks.cs:125)
IsoRPG.EditorTools.PendingTasks:RunNow () (at Assets/_Game/Scripts/Editor/PendingTasks.cs:72)
IsoRPG.EditorTools.BatchRunner:Run () (at Assets/_Game/Scripts/Editor/BatchRunner.cs:56)

(Filename: Assets/_Game/Scripts/Editor/NavBake.cs Line: 168)

Importing 'GUID: 1db5328198c19b0498cd0b8070257b84 - Path: Assets/_Game/Scenes/Arena.unity' with importer (DefaultImporter)
Imported 'GUID: 1db5328198c19b0498cd0b8070257b84' -> (Import Result ID: '4d0bf1967197e12f3547b2f6b3e38e7b') in 0.003 seconds [static dependencies only]. Details - ImportResultOutputID=e4fba7802ff6df5867da0246ee067480 DependenciesID=ebf5c72d1178fb91b71c84bdfd641cb0 StaticDependenciesID=25855f5d975a0fba682b6bd33aabd463 

Asset Pipeline Refresh (id=01c9c62dbf9a4b14f9027b1a25ed201c): Total: 0.466 seconds - Initiated by StopAssetImportingV2(NoUpdateAssetOptions)
	(Values over 0.05ms)
	Summary:
		Imports: total=1 (actual=1, local cache=0, cache server=0)
		Asset DB Process Time: managed=0 ms, native=462 ms
		Asset DB Callback time: managed=1 ms, native=2 ms
		Scripting: domain reloads=0, domain reload time=0 ms, compile time=0 ms, other=0 ms
		Project Asset Count: scripts=2760, non-scripts=43629
		Asset File Changes: new=0, changed=1, moved=0, deleted=0
		Scan Filter Count: 4
	ApplyChangesToAssetFolders: 0.106ms
	Scan: 7.543ms
	Collect global state as custom dependencies: 0.223ms
	ProcessAssetsWithTransientArtifactChanges: 0.081ms
	CategorizeAssets: 65.022ms
	ImportOutOfDateAssets: 363.717ms (20.780ms without children)
		ImportManagerImport: 6.582ms (3.716ms without children)
		ReloadNativeAssets: 0.061ms
		UnloadImportedAssets: 0.219ms
		EnsureUptoDateAssetsAreRegisteredWithGuidPM: 8.358ms
		ImportSchedulerStart: 327.705ms
	PostProcessAllAssets: 1.681ms
		XRBuildSystem.XRAssetImported 0.345ms
		MonoPostProcessAllAssets: 1.246ms
			SyncVS.PostprocessSyncProject 0.820ms
			AssetPostprocessor.OnPostprocessAllAssets 0.054ms
	PostAssetChangesProfiler: 2.519ms
	GatherAllCurrentPrimaryImportResultRevisions: 2.296ms
	UnloadStreamsBegin: 0.097ms
	PersistCurrentRevisions: 2.364ms
	Untracked: 20.646ms

[IsoRPG] Сцена и ассеты сохранены.
UnityEngine.Debug:ExtractStackTraceNoAlloc (byte*,int,string)
UnityEngine.StackTraceUtility:ExtractStackTrace ()
UnityEngine.DebugLogHandler:Internal_Log (UnityEngine.LogType,UnityEngine.LogOption,string,UnityEngine.Object)
UnityEngine.DebugLogHandler:LogFormat (UnityEngine.LogType,UnityEngine.Object,string,object[])
UnityEngine.Logger:Log (UnityEngine.LogType,object)
UnityEngine.Debug:Log (object)
IsoRPG.EditorTools.BatchRunner:Run () (at Assets/_Game/Scripts/Editor/BatchRunner.cs:65)

(Filename: Assets/_Game/Scripts/Editor/BatchRunner.cs Line: 65)

[IsoRPG] Пакетный запуск: готово.
UnityEngine.Debug:ExtractStackTraceNoAlloc (byte*,int,string)
UnityEngine.StackTraceUtility:ExtractStackTrace ()
UnityEngine.DebugLogHandler:Internal_Log (UnityEngine.LogType,UnityEngine.LogOption,string,UnityEngine.Object)
UnityEngine.DebugLogHandler:LogFormat (UnityEngine.LogType,UnityEngine.Object,string,object[])
UnityEngine.Logger:Log (UnityEngine.LogType,object)
UnityEngine.Debug:Log (object)
IsoRPG.EditorTools.BatchRunner:Run () (at Assets/_Game/Scripts/Editor/BatchRunner.cs:72)

(Filename: Assets/_Game/Scripts/Editor/BatchRunner.cs Line: 72)

Batchmode quit successfully invoked - shutting down!
[Physics::Module] Cleanup current backend.
[Physics::Module] Id: 0xf2b8ea05
Input System module state changed to: ShutdownInProgress.
Input Polling Thread exited.
Input System module state changed to: Shutdown.
[Licensing::IpcConnector] LicenseClient-OXBOX-notifications channel disconnected successfully.
[Licensing::IpcConnector] LicenseClient-OXBOX channel disconnected successfully.
Shut down.
Lingering sessions upon destruction of worker manager
AcceleratorClientConnectionCallback - disconnected - :0
Cleanup mono
CodeReloadManager destroyed
abort_threads: Failed aborting id: 0000000000002AB4, mono_thread_manage will ignore it

abort_threads: Failed aborting id: 0000000000002794, mono_thread_manage will ignore it

abort_threads: Failed aborting id: 0000000000002AB4, mono_thread_manage will ignore it

abort_threads: Failed aborting id: 0000000000002794, mono_thread_manage will ignore it

debugger-agent: Unable to listen on 3560
Exiting batchmode successfully now!
Exiting without the bug reporter. Application will terminate with return code 0