[Licensing::Module] Trying to connect to existing licensing client channel...
Built from '6000.5/staging' branch; Version is '6000.5.9f1 (b57deb96f08d) revision 11894251'; Using compiler version '194234433'; Build Type 'Release'
[Licensing::IpcConnector] Channel LicenseClient-OXBOX doesn't exist
OS: 'Windows 10  (10.0.19045) 64bit Professional' Language: 'ru' Physical Memory: 32633 MB
BatchMode: 1, IsHumanControllingUs: 0, StartBugReporterOnCrash: 0, Is64bit: 1
System  architecture: x64
Process architecture: x64
Date: 2026-08-28T22:03:04Z
[Licensing::Module] Successfully launched the LicensingClient (PId: 16496)

COMMAND LINE ARGUMENTS:
C:\Program Files\Unity\Hub\Editor\6000.5.9f1\Editor\Unity.exe
-batchmode
-quit
-projectPath
D:/GAME Ai/IsoRPG
-executeMethod
IsoRPG.EditorTools.BatchRunner.Run
-logFile
D:/GAME Ai/unity-build.log
Successfully changed project path to: D:/GAME Ai/IsoRPG
D:/GAME Ai/IsoRPG
[UnityMemory] Configuration Parameters - Can be set up in boot.config
    "memorysetup-temp-allocator-size-gi-baking-worker=262144"
    "memorysetup-temp-allocator-size-gi-baking-worker=262144"
    "memorysetup-temp-allocator-size-gi-baking-worker=262144"
    "memorysetup-temp-allocator-size-gi-baking-worker=262144"
    "memorysetup-temp-allocator-size-gi-baking-worker=262144"
    "memorysetup-temp-allocator-size-nav-mesh-worker=65536"
    "memorysetup-temp-allocator-size-audio-worker=65536"
    "memorysetup-temp-allocator-size-cloud-worker=32768"
    "memorysetup-temp-allocator-size-gfx=262144"
    "memorysetup-remapper-allocator-initial-capacity=32768"
    "memorysetup-temp-allocator-size-preload-manager=33554432"
    "memorysetup-allocator-temp-initial-block-size-main=262144"
    "memorysetup-allocator-temp-initial-block-size-worker=262144"
    "memorysetup-temp-allocator-size-job-worker=262144"
    "memorysetup-temp-allocator-size-background-worker=32768"
    "memorysetup-bucket-allocator-granularity=16"
    "memorysetup-bucket-allocator-bucket-count=8"
    "memorysetup-bucket-allocator-block-size=33554432"
    "memorysetup-bucket-allocator-block-count=8"
    "memorysetup-main-allocator-block-size=16777216"
    "memorysetup-thread-allocator-block-size=16777216"
    "memorysetup-main-allocator-mimalloc-enabled=0"
    "memorysetup-gfx-main-allocator-block-size=16777216"
    "memorysetup-gfx-thread-allocator-block-size=16777216"
    "memorysetup-cache-allocator-block-size=4194304"
    "memorysetup-typetree-allocator-block-size=2097152"
    "memorysetup-profiler-bucket-allocator-granularity=16"
    "memorysetup-profiler-bucket-allocator-bucket-count=8"
    "memorysetup-profiler-bucket-allocator-block-size=33554432"
    "memorysetup-profiler-bucket-allocator-block-count=8"
    "memorysetup-profiler-allocator-block-size=16777216"
    "memorysetup-profiler-editor-allocator-block-size=1048576"
    "memorysetup-temp-allocator-size-main=16777216"
    "memorysetup-job-temp-allocator-block-size=2097152"
    "memorysetup-job-temp-allocator-block-size-background=1048576"
    "memorysetup-job-temp-allocator-reduction-small-platforms=262144"
Logging is directed to a specific file, skipping project log.Player connection [15772]  Target information:

Player connection [15772]  * "[IP] 192.168.50.79 [Port] 55504 [Flags] 2 [Guid] 2047113847 [EditorId] 2047113847 [Version] 1048832 [Id] WindowsEditor(7,HOME-PC) [Debug] 1 [PackageName] WindowsEditor [ProjectName] Editor" 

Player connection [15772] Host joined multi-casting on [225.0.0.222:54997]...
Player connection [15772] Host joined alternative multi-casting on [225.0.0.222:34997]...
Input System module state changed to: Initialized.
[Physics::Module] Initialized fallback backend.
[Physics::Module] Id: 0xdecafbad
Starting IPC server.
Waiting for clients to connect on \\.\pipe\Unity-LicenseClient-OXBOX, press Ctrl-C to exit.
[Licensing::IpcConnector] Successfully connected to: "LicenseClient-OXBOX" at "2026-08-28T22:03:04.3855843Z"
[Package Manager] Connected to IPC stream "Upm-14880" after 0.3 seconds.
[Licensing::Module] Licensing is not yet initialized.
[Licensing::Client] Code 10 while verifying Licensing Client signature (process Id: 16496, path: "C:/Program Files/Unity/Hub/Editor/6000.5.9f1/Editor/Data/Resources/Licensing/Client/Unity.Licensing.Client.exe")
[Licensing::Module] LicensingClient has failed validation; ignoring
[Licensing::Client] Handshaking with LicensingClient:
  Version:                 1.18.3+d7ffd15
  Session Id:              29d0de6c454c44fc99b9c4ecd2e368df
  Correlation Id:          105440ca4b92e3915457e4ddb9ae9dae
  External correlation Id: 8803922653164222917
  Machine Id:              19RmDKYJv1/zK4N+lW1e75F5Dx4=
[Licensing::Module] Successfully connected to LicensingClient on channel: "LicenseClient-OXBOX" (connect: 0.38s, validation: 0.04s, handshake: 0.06s)
[Licensing::IpcConnector] Successfully connected to: "LicenseClient-OXBOX-notifications" at "2026-08-28T22:03:04.4842718Z"
[Licensing::Module] Connected to LicensingClient (PId: 16496, launch time: 0.00, total connection time: 0.47s)
[Licensing::Module] Error: Access token is unavailable; failed to update
[Licensing::Client] Successfully resolved entitlement details
[Licensing::Module] License group:
  Id: 18968486056853-UnityPersXXXX
  Product: Unity Personal
  Type: Assigned
  Expiration: Unlimited
[Licensing::Client] Successfully updated license, isAsync: True, time: 0.01
[Licensing::Client] Successfully resolved entitlement details
[Licensing::Module] Licensing Background thread has ended after 0.50s
[Licensing::Module] Licensing is initialized (took 0.12s).
[Licensing::Client] Successfully resolved entitlement details
Library Redirect Path: Library/
[Physics::Module] Selected backend.
[Physics::Module] Name: PhysX
[Physics::Module] Id: 0xf2b8ea05
[Physics::Module] SDK Version: 4.1.2
[Physics::Module] Integration Version: 1.0.0
[Physics::Module] Threading Mode: Multi-Threaded
Initialize engine version: 6000.5.9f1 (b57deb96f08d)
[Subsystems] Discovering subsystems at path C:/Program Files/Unity/Hub/Editor/6000.5.9f1/Editor/Data/Resources/UnitySubsystems
[Subsystems] Discovering subsystems at path D:/GAME Ai/IsoRPG/Assets
GfxDevice: creating device client; kGfxThreadingModeNonThreaded
d3d12: failed to query info queue interface (0x80004002).
Direct3D:
    Version:         Direct3D 12 [level 12.2]
    Renderer:        AMD Radeon RX 6800 (ID=0x73bf)
    Vendor:          ATI
    VRAM:            16338 MB
    App VRAM Budget: 15570 MB
    Driver:          32.0.21045.5002
Initialize mono
Mono path[0] = 'C:/Program Files/Unity/Hub/Editor/6000.5.9f1/Editor/Data/Managed'
Mono path[1] = 'C:/Program Files/Unity/Hub/Editor/6000.5.9f1/Editor/Data/BCLExtensions/runtime/netstandard2.1'
Mono path[2] = 'C:/Program Files/Unity/Hub/Editor/6000.5.9f1/Editor/Data/MonoBleedingEdge/lib/mono/unityjit-win32'
Mono config path = 'C:/Program Files/Unity/Hub/Editor/6000.5.9f1/Editor/Data/MonoBleedingEdge/etc'
Using monoOptions --debugger-agent=transport=dt_socket,embedding=1,server=y,suspend=n,address=127.0.0.1:56880
CodeReloadManager initialized
ImportWorker Server TCP listen port: 0
AcceleratorClientConnectionCallback - disconnected - :0
Begin MonoManager ReloadAssembly
Registering precompiled unity dll's ...
Register platform support module: C:/Program Files/Unity/Hub/Editor/6000.5.9f1/Editor/Data/PlaybackEngines/WebGLSupport/UnityEditor.WebGL.Extensions.dll
Register platform support module: C:/Program Files/Unity/Hub/Editor/6000.5.9f1/Editor/Data/PlaybackEngines/WindowsStandaloneSupport/UnityEditor.WindowsStandalone.Extensions.dll
Registered in 0.002465 seconds.
Native extension for WindowsStandalone target not found
Native extension for WebGL target not found
Package Manager log level set to [2]
ScheduleIndexationOnStartup MainProcess:False IndexOnStartup:True
Mono: successfully reloaded assembly
- Finished resetting the current domain, in  0.571 seconds
Domain Reload Profiling: 1196ms
	BeginReloadAssembly (175ms)
		CreateAndSetChildDomain (14ms)
	RebuildCommonClasses (5ms)
	RebuildNativeTypeToScriptingClass (21ms)
	initialDomainReloadingComplete (74ms)
	LoadAllAssembliesAndSetupDomain (349ms)
		LoadAssemblies (157ms)
		AnalyzeDomain (259ms)
			TypeCache.Refresh (257ms)
				TypeCache.ScanAssembly (235ms)
	FinalizeReload (572ms)
		SetupLoadedEditorAssemblies (0ms)
			InitializePlatformSupportModulesInManaged (3ms)
			BeforeProcessingInitializeOnLoad (108ms)
			ProcessInitializeOnLoadAttributes (110ms)
			ProcessInitializeOnLoadMethodAttributes (265ms)
[Licensing::Client] Successfully resolved entitlement details
Application.AssetDatabase Initial Refresh Start
[Package Manager] Restoring resolved packages state from cache
[Licensing::Client] Successfully resolved entitlement details
[Package Manager] Registered 58 packages:
  Packages from [https://packages.unity.com]:
    com.unity.ai.navigation@2.0.14 (location: D:\GAME Ai\IsoRPG\Library\PackageCache\com.unity.ai.navigation@134dd6a3b97b)
    com.unity.collab-proxy@2.13.6 (location: D:\GAME Ai\IsoRPG\Library\PackageCache\com.unity.collab-proxy@4628d2ba6ea4)
    com.unity.ide.rider@3.0.38 (location: D:\GAME Ai\IsoRPG\Library\PackageCache\com.unity.ide.rider@1f60b3138684)
    com.unity.ide.visualstudio@2.0.26 (location: D:\GAME Ai\IsoRPG\Library\PackageCache\com.unity.ide.visualstudio@a99d56dec63f)
    com.unity.inputsystem@1.20.0 (location: D:\GAME Ai\IsoRPG\Library\PackageCache\com.unity.inputsystem@7a4e1a2a8194)
    com.unity.timeline@1.8.12 (location: D:\GAME Ai\IsoRPG\Library\PackageCache\com.unity.timeline@8cd8509afae5)
    com.unity.visualscripting@1.9.12 (location: D:\GAME Ai\IsoRPG\Library\PackageCache\com.unity.visualscripting@4edfcc09512f)
    com.unity.searcher@4.9.5 (location: D:\GAME Ai\IsoRPG\Library\PackageCache\com.unity.searcher@a463122f2c00)
    com.unity.burst@1.8.30 (location: D:\GAME Ai\IsoRPG\Library\PackageCache\com.unity.burst@2f3d916873ea)
    com.unity.nuget.mono-cecil@1.11.6 (location: D:\GAME Ai\IsoRPG\Library\PackageCache\com.unity.nuget.mono-cecil@ecb9724e46ff)
    com.unity.test-framework.performance@3.5.0 (location: D:\GAME Ai\IsoRPG\Library\PackageCache\com.unity.test-framework.performance@8b56083ec0f0)
  Built-in packages:
    com.unity.multiplayer.center@1.0.1 (location: D:\GAME Ai\IsoRPG\Library\PackageCache\com.unity.multiplayer.center@b860850997d0)
    com.unity.render-pipelines.universal@17.5.0 (location: D:\GAME Ai\IsoRPG\Library\PackageCache\com.unity.render-pipelines.universal@d7774c218bdf)
    com.unity.shadergraph@17.5.0 (location: D:\GAME Ai\IsoRPG\Library\PackageCache\com.unity.shadergraph@8d7376ec43ee)
    com.unity.test-framework@1.7.0 (location: D:\GAME Ai\IsoRPG\Library\PackageCache\com.unity.test-framework@1405238725ab)
    com.unity.ugui@2.5.0 (location: D:\GAME Ai\IsoRPG\Library\PackageCache\com.unity.ugui@1c4864518158)
    com.unity.modules.accessibility@1.0.0 (location: D:\GAME Ai\IsoRPG\Library\PackageCache\com.unity.modules.accessibility)
    com.unity.modules.adaptiveperformance@1.0.0 (location: D:\GAME Ai\IsoRPG\Library\PackageCache\com.unity.modules.adaptiveperformance)
    com.unity.modules.ai@1.0.0 (location: D:\GAME Ai\IsoRPG\Library\PackageCache\com.unity.modules.ai)
    com.unity.modules.androidjni@1.0.0 (location: D:\GAME Ai\IsoRPG\Library\PackageCache\com.unity.modules.androidjni)
    com.unity.modules.animation@1.0.0 (location: D:\GAME Ai\IsoRPG\Library\PackageCache\com.unity.modules.animation)
    com.unity.modules.assetbundle@1.0.0 (location: D:\GAME Ai\IsoRPG\Library\PackageCache\com.unity.modules.assetbundle)
    com.unity.modules.audio@1.0.0 (location: D:\GAME Ai\IsoRPG\Library\PackageCache\com.unity.modules.audio)
    com.unity.modules.cloth@1.0.0 (location: D:\GAME Ai\IsoRPG\Library\PackageCache\com.unity.modules.cloth)
    com.unity.modules.director@1.0.0 (location: D:\GAME Ai\IsoRPG\Library\PackageCache\com.unity.modules.director)
    com.unity.modules.imageconversion@1.0.0 (location: D:\GAME Ai\IsoRPG\Library\PackageCache\com.unity.modules.imageconversion)
    com.unity.modules.imgui@1.0.0 (location: D:\GAME Ai\IsoRPG\Library\PackageCache\com.unity.modules.imgui)
    com.unity.modules.jsonserialize@1.0.0 (location: D:\GAME Ai\IsoRPG\Library\PackageCache\com.unity.modules.jsonserialize)
    com.unity.modules.particlesystem@1.0.0 (location: D:\GAME Ai\IsoRPG\Library\PackageCache\com.unity.modules.particlesystem)
    com.unity.modules.physics@1.0.0 (location: D:\GAME Ai\IsoRPG\Library\PackageCache\com.unity.modules.physics)
    com.unity.modules.physics2d@1.0.0 (location: D:\GAME Ai\IsoRPG\Library\PackageCache\com.unity.modules.physics2d)
    com.unity.modules.physicscore2d@1.0.0 (location: D:\GAME Ai\IsoRPG\Library\PackageCache\com.unity.modules.physicscore2d)
    com.unity.modules.screencapture@1.0.0 (location: D:\GAME Ai\IsoRPG\Library\PackageCache\com.unity.modules.screencapture)
    com.unity.modules.terrain@1.0.0 (location: D:\GAME Ai\IsoRPG\Library\PackageCache\com.unity.modules.terrain)
    com.unity.modules.terrainphysics@1.0.0 (location: D:\GAME Ai\IsoRPG\Library\PackageCache\com.unity.modules.terrainphysics)
    com.unity.modules.tilemap@1.0.0 (location: D:\GAME Ai\IsoRPG\Library\PackageCache\com.unity.modules.tilemap)
    com.unity.modules.ui@1.0.0 (location: D:\GAME Ai\IsoRPG\Library\PackageCache\com.unity.modules.ui)
    com.unity.modules.uielements@1.0.0 (location: D:\GAME Ai\IsoRPG\Library\PackageCache\com.unity.modules.uielements)
    com.unity.modules.umbra@1.0.0 (location: D:\GAME Ai\IsoRPG\Library\PackageCache\com.unity.modules.umbra)
    com.unity.modules.unityanalytics@1.0.0 (location: D:\GAME Ai\IsoRPG\Library\PackageCache\com.unity.modules.unityanalytics)
    com.unity.modules.unitywebrequest@1.0.0 (location: D:\GAME Ai\IsoRPG\Library\PackageCache\com.unity.modules.unitywebrequest)
    com.unity.modules.unitywebrequestassetbundle@1.0.0 (location: D:\GAME Ai\IsoRPG\Library\PackageCache\com.unity.modules.unitywebrequestassetbundle)
    com.unity.modules.unitywebrequestaudio@1.0.0 (location: D:\GAME Ai\IsoRPG\Library\PackageCache\com.unity.modules.unitywebrequestaudio)
    com.unity.modules.unitywebrequesttexture@1.0.0 (location: D:\GAME Ai\IsoRPG\Library\PackageCache\com.unity.modules.unitywebrequesttexture)
    com.unity.modules.unitywebrequestwww@1.0.0 (location: D:\GAME Ai\IsoRPG\Library\PackageCache\com.unity.modules.unitywebrequestwww)
    com.unity.modules.vectorgraphics@1.0.0 (location: D:\GAME Ai\IsoRPG\Library\PackageCache\com.unity.modules.vectorgraphics)
    com.unity.modules.vehicles@1.0.0 (location: D:\GAME Ai\IsoRPG\Library\PackageCache\com.unity.modules.vehicles)
    com.unity.modules.video@1.0.0 (location: D:\GAME Ai\IsoRPG\Library\PackageCache\com.unity.modules.video)
    com.unity.modules.wind@1.0.0 (location: D:\GAME Ai\IsoRPG\Library\PackageCache\com.unity.modules.wind)
    com.unity.modules.xr@1.0.0 (location: D:\GAME Ai\IsoRPG\Library\PackageCache\com.unity.modules.xr)
    com.unity.modules.subsystems@1.0.0 (location: D:\GAME Ai\IsoRPG\Library\PackageCache\com.unity.modules.subsystems)
    com.unity.modules.hierarchycore@1.0.0 (location: D:\GAME Ai\IsoRPG\Library\PackageCache\com.unity.modules.hierarchycore)
    com.unity.ext.nunit@2.1.0 (location: D:\GAME Ai\IsoRPG\Library\PackageCache\com.unity.ext.nunit@44f7d31723bd)
    com.unity.render-pipelines.core@17.5.0 (location: D:\GAME Ai\IsoRPG\Library\PackageCache\com.unity.render-pipelines.core@a4c9a9793789)
    com.unity.render-pipelines.universal-config@17.5.0 (location: D:\GAME Ai\IsoRPG\Library\PackageCache\com.unity.render-pipelines.universal-config@fdda01c80fe3)
    com.unity.collections@6.5.0 (location: D:\GAME Ai\IsoRPG\Library\PackageCache\com.unity.collections@ec2c217e4cb2)
    com.unity.mathematics@1.4.0 (location: D:\GAME Ai\IsoRPG\Library\PackageCache\com.unity.mathematics@981956d94fb6)
  Embedded packages:
    com.distantlands.cozy.core@file:D:\GAME Ai\IsoRPG\Packages\com.distantlands.cozy.core (location: D:\GAME Ai\IsoRPG\Packages\com.distantlands.cozy.core)
[Subsystems] No new subsystems found in resolved package list.
[Package Manager] Done registering packages in 0.02 seconds
info: Microsoft.Hosting.Lifetime[14]
      Now listening on: http://localhost:80
info: Microsoft.Hosting.Lifetime[0]
      Application started. Press Ctrl+C to shut down.
info: Microsoft.Hosting.Lifetime[0]
      Hosting environment: Production
info: Microsoft.Hosting.Lifetime[0]
      Content root path: D:\GAME Ai\IsoRPG
info: Microsoft.AspNetCore.Hosting.Diagnostics[1]
      Request starting HTTP/2 POST http://ilpp/UnityILPP.PostProcessing/Ping - application/grpc -
info: Microsoft.AspNetCore.Routing.EndpointMiddleware[0]
      Executing endpoint 'gRPC - /UnityILPP.PostProcessing/Ping'
info: Microsoft.AspNetCore.Routing.EndpointMiddleware[1]
      Executed endpoint 'gRPC - /UnityILPP.PostProcessing/Ping'
info: Microsoft.AspNetCore.Hosting.Diagnostics[2]
      Request finished HTTP/2 POST http://ilpp/UnityILPP.PostProcessing/Ping - 200 - application/grpc 31.9725ms
Starting: C:\Program Files\Unity\Hub\Editor\6000.5.9f1\Editor\Data\Tools\BuildPipeline\bee_backend.exe --ipc --defer-dag-verification --dagfile="Library/Bee/1900b0aE.dag" --continue-on-failure --profile="Library/Bee/backend1.traceevents" ScriptAssemblies
WorkingDir: D:/GAME Ai/IsoRPG
info: Microsoft.AspNetCore.Hosting.Diagnostics[1]
      Request starting HTTP/2 POST http://ilpp/UnityILPP.PostProcessing/ConfigurePostProcessors - application/grpc -
info: Microsoft.AspNetCore.Routing.EndpointMiddleware[0]
      Executing endpoint 'gRPC - /UnityILPP.PostProcessing/ConfigurePostProcessors'
warn: Unity.ILPP.Runner.PostProcessingAssemblyLoadContext[0]
      Assembly system.runtime.interopservices.windowsruntime has duplicate hint path. Ignoring "C:\Program Files\Unity\Hub\Editor\6000.5.9f1\Editor\Data\UnityReferenceAssemblies\unity-4.8-api\Facades\System.Runtime.InteropServices.WindowsRuntime.dll" in favor of "C:\Program Files\Unity\Hub\Editor\6000.5.9f1\Editor\Data\NetStandard\Extensions\2.0.0\System.Runtime.InteropServices.WindowsRuntime.dll"
warn: Unity.ILPP.Runner.PostProcessingAssemblyLoadContext[0]
      Assembly system.componentmodel.composition has duplicate hint path. Ignoring "C:\Program Files\Unity\Hub\Editor\6000.5.9f1\Editor\Data\UnityReferenceAssemblies\unity-4.8-api\System.ComponentModel.Composition.dll" in favor of "C:\Program Files\Unity\Hub\Editor\6000.5.9f1\Editor\Data\NetStandard\compat\2.1.0\shims\netfx\System.ComponentModel.Composition.dll"
DisplayProgressbar: Compiling Scripts
info: Unity.ILPP.Runner.PostProcessingAssemblyLoadContext[0]
      Resolved Unity.Burst.Cecil, Version=0.11.6.0, Culture=neutral, PublicKeyToken=50cebf1cceb9d05e with Library\PackageCache\com.unity.burst@2f3d916873ea\Unity.Burst.CodeGen\Unity.Burst.Cecil.dll
info: Unity.ILPP.Runner.PostProcessingAssemblyLoadContext[0]
      Resolved Mono.Cecil, Version=0.11.5.0, Culture=neutral, PublicKeyToken=50cebf1cceb9d05e with Library\PackageCache\com.unity.nuget.mono-cecil@ecb9724e46ff\Mono.Cecil.dll
info: Microsoft.AspNetCore.Routing.EndpointMiddleware[1]
      Executed endpoint 'gRPC - /UnityILPP.PostProcessing/ConfigurePostProcessors'
info: Microsoft.AspNetCore.Hosting.Diagnostics[2]
      Request finished HTTP/2 POST http://ilpp/UnityILPP.PostProcessing/ConfigurePostProcessors - 200 - application/grpc 120.1129ms
ExitCode: 0 Duration: 0s337ms
[752/957    0s] ILPP-Configuration Library/ilpp-configuration.nevergeneratedoutput
*** Tundra build success (0.30 seconds), 1 items updated, 957 evaluated
AssetDatabase: script compilation time: 0.793016s
Begin MonoManager ReloadAssembly
Total cache size 112306678
Total cache size after purge 112306678, took 00:00:00.1778752
Native extension for WindowsStandalone target not found
Native extension for WebGL target not found
ScheduleIndexationOnStartup MainProcess:True IndexOnStartup:True
Mono: successfully reloaded assembly
- Finished resetting the current domain, in  3.592 seconds
Domain Reload Profiling: 4687ms
	BeginReloadAssembly (290ms)
		DisableScriptedObjects (33ms)
		CreateAndSetChildDomain (56ms)
	RebuildCommonClasses (10ms)
	RebuildNativeTypeToScriptingClass (21ms)
	initialDomainReloadingComplete (70ms)
	LoadAllAssembliesAndSetupDomain (703ms)
		LoadAssemblies (391ms)
		AnalyzeDomain (308ms)
			TypeCache.Refresh (222ms)
				TypeCache.ScanAssembly (209ms)
			BuildScriptInfoCaches (72ms)
			ResolveRequiredComponents (10ms)
	FinalizeReload (3593ms)
		SetupLoadedEditorAssemblies (0ms)
			BeforeProcessingInitializeOnLoad (104ms)
			ProcessInitializeOnLoadAttributes (2869ms)
			ProcessInitializeOnLoadMethodAttributes (166ms)
			AfterProcessingInitializeOnLoad (8ms)
		AwakeInstancesAfterBackupRestoration (32ms)
Starting new worker id: 0 with log in D:/GAME Ai/IsoRPG/Logs/AssetImportWorkerHW0.log

Asset Pipeline Refresh (id=300255ef354fa414b94606fb9ea45b37): Total: 7.656 seconds - Initiated by InitialRefreshV2(ForceSynchronousImport)
	(Values over 0.05ms)
	Summary:
		Imports: total=0 (actual=0, local cache=0, cache server=0)
		Asset DB Process Time: managed=0 ms, native=5515 ms
		Asset DB Callback time: managed=104 ms, native=18 ms
		Scripting: domain reloads=1, domain reload time=1157 ms, compile time=795 ms, other=66 ms
		Project Asset Count: scripts=2760, non-scripts=43628
		Asset File Changes: new=0, changed=0, moved=0, deleted=0
		Scan Filter Count: 0
	InvokePackagesCallback: 20.303ms
	ApplyChangesToAssetFolders: 0.851ms
	Scan: 264.839ms
	Collect global state as custom dependencies: 19.507ms
	CategorizeScriptCompilationAssets: 56.499ms
	ProcessAssetsWithTransientArtifactChanges: 110.862ms
	CategorizeAssets: 488.657ms
	CompileScripts: 794.523ms
	ImportOutOfDateAssets: 4395.611ms (3641.192ms without children)
		UnloadImportedAssets: 0.865ms
		EnsureUptoDateAssetsAreRegisteredWithGuidPM: 11.290ms
		ImportSchedulerStart: 742.216ms
	PostProcessAllAssets: 104.147ms
		MonoPostProcessAllAssets: 104.064ms
			SyncVS.PostprocessSyncProject 26.041ms
			UniversalRenderPipelineGlobalSettingsPostprocessor.OnPostprocessAllAssets 25.888ms
			SpeedTree9Postprocessor.OnPostprocessAllAssets 12.816ms
			WindowAssetPostprocessingWatcher.OnPostprocessAllAssets 3.667ms
			RenderPipelineGlobalSettingsPostprocessor.OnPostprocessAllAssets 3.201ms
			EditModeScopePostprocessor.OnPostprocessAllAssets 1.283ms
			TerrainToolbarOverlayPostProcessor.OnPostprocessAllAssets 0.948ms
			PluginAssetPostProcessor.OnPostprocessAllAssets 0.886ms
			InputActionAssetPostprocessor.OnPostprocessAllAssets 0.675ms
			ShaderReflectionAssetPostProcessor.OnPostprocessAllAssets 0.607ms
			ProjectSettingsPostprocessor.OnPostprocessAllAssets 0.429ms
			ReferencedClipsPostProcessor.OnPostprocessAllAssets 0.404ms
			AssetDatabaseCallbacks.OnPostprocessAllAssets 0.250ms
	UnloadStreamsBegin: 4.029ms
	PersistCurrentRevisions: 4.101ms
	GenerateScriptTypeHashes: 6.324ms
	GenerateScriptTypeSerializationHashes: 10.252ms
	Untracked: 1380.597ms

Application.AssetDatabase Initial Refresh End
Shader 'SyntyStudios/SkyboxUnlit': fallback shader 'wiiu' not found
Shader 'SyntyStudios/CloudShader': fallback shader 'wiiu' not found
Shader 'SyntyStudios/TriplanarBasic': fallback shader 'wiiu' not found
Shader 'SyntyStudios/CloudShaderNoFog': fallback shader 'wiiu' not found
Shader 'SyntyStudios/SkyboxUnlitNoFog': fallback shader 'wiiu' not found
Shader 'SyntyStudios/Basic_LOD_Shader': fallback shader 'wiiu' not found
Launched and connected shader compiler UnityShaderCompiler.exe after 0.01 seconds
Shader 'SyntyStudios/CloudShader': fallback shader 'wiiu' not found
Shader 'SyntyStudios/TriplanarBasic': fallback shader 'wiiu' not found
Shader 'SyntyStudios/SkyboxUnlitNoFog': fallback shader 'wiiu' not found
Shader 'SyntyStudios/SkyboxUnlit': fallback shader 'wiiu' not found
Shader 'SyntyStudios/CloudShaderNoFog': fallback shader 'wiiu' not found
Shader 'SyntyStudios/Basic_LOD_Shader': fallback shader 'wiiu' not found
Scanning for USB devices : 2.526ms
Initializing Unity extensions:
[MODES] ModeService[none].Initialize
[MODES] ModeService[none].LoadModes
[MODES] Loading mode Default (0) for mode-current-id-Adventures of Zhenya
Curl error 35: Cert verify failed. Certificate could not be verified (either omitted or unsupported). UnityTls error code: 7
Unloading 89 Unused Serialized files (Serialized files now loaded: 0)
Curl error 35: Cert verify failed. Certificate could not be verified (either omitted or unsupported). UnityTls error code: 7
Unloading 7693 unused Assets / (30.0 MB). Loaded Objects now: 8743.
Memory consumption went from 0.74 GB to 0.71 GB.
Total: 49.452400 ms (FindLiveObjects: 1.168200 ms CreateObjectMapping: 3.953900 ms MarkObjects: 8.604000 ms  DeleteObjects: 35.723600 ms)

[IsoRPG] Пакетный запуск: начинаю.
UnityEngine.Debug:ExtractStackTraceNoAlloc (byte*,int,string)
UnityEngine.StackTraceUtility:ExtractStackTrace ()
UnityEngine.DebugLogHandler:Internal_Log (UnityEngine.LogType,UnityEngine.LogOption,string,UnityEngine.Object)
UnityEngine.DebugLogHandler:LogFormat (UnityEngine.LogType,UnityEngine.Object,string,object[])
UnityEngine.Logger:Log (UnityEngine.LogType,object)
UnityEngine.Debug:Log (object)
IsoRPG.EditorTools.BatchRunner:Run () (at Assets/_Game/Scripts/Editor/BatchRunner.cs:44)

(Filename: Assets/_Game/Scripts/Editor/BatchRunner.cs Line: 44)

Opening scene 'Assets/_Game/Scenes/Arena.unity'
Unloading 4 Unused Serialized files (Serialized files now loaded: 0)
Loaded scene 'Assets/_Game/Scenes/Arena.unity'
	Deserialize:            6.594 ms
	Integration:            593.414 ms
	Integration of assets:  0.025 ms
	Thread Wait Time:       0.011 ms
	Total Operation Time:   600.044 ms
Unloading 3 unused Assets / (2.8 KB). Loaded Objects now: 14783.
Memory consumption went from 0.77 GB to 0.77 GB.
Total: 19.165600 ms (FindLiveObjects: 2.855400 ms CreateObjectMapping: 4.167800 ms MarkObjects: 12.029700 ms  DeleteObjects: 0.110800 ms)

[IsoRPG] Открыта сцена Assets/_Game/Scenes/Arena.unity
UnityEngine.Debug:ExtractStackTraceNoAlloc (byte*,int,string)
UnityEngine.StackTraceUtility:ExtractStackTrace ()
UnityEngine.DebugLogHandler:Internal_Log (UnityEngine.LogType,UnityEngine.LogOption,string,UnityEngine.Object)
UnityEngine.DebugLogHandler:LogFormat (UnityEngine.LogType,UnityEngine.Object,string,object[])
UnityEngine.Logger:Log (UnityEngine.LogType,object)
UnityEngine.Debug:Log (object)
IsoRPG.EditorTools.BatchRunner:Run () (at Assets/_Game/Scripts/Editor/BatchRunner.cs:49)

(Filename: Assets/_Game/Scripts/Editor/BatchRunner.cs Line: 49)

Worker ready: AssetImportWorkerHW0 0

Asset Pipeline Refresh (id=7a7f520068f08d843974a631b5a21bdb): Total: 0.915 seconds - Initiated by RefreshV2(NoUpdateAssetOptions)
	(Values over 0.05ms)
	Summary:
		Imports: total=0 (actual=0, local cache=0, cache server=0)
		Asset DB Process Time: managed=0 ms, native=915 ms
		Asset DB Callback time: managed=0 ms, native=0 ms
		Scripting: domain reloads=0, domain reload time=0 ms, compile time=0 ms, other=0 ms
		Project Asset Count: scripts=2760, non-scripts=43628
		Asset File Changes: new=0, changed=0, moved=0, deleted=0
		Scan Filter Count: 0
	ApplyChangesToAssetFolders: 0.260ms
	Scan: 3.696ms
	Collect global state as custom dependencies: 0.689ms
	ProcessAssetsWithTransientArtifactChanges: 0.424ms
	CategorizeAssets: 383.999ms
	ImportOutOfDateAssets: 435.651ms (27.539ms without children)
		ReloadNativeAssets: 0.072ms
		UnloadImportedAssets: 0.223ms
		EnsureUptoDateAssetsAreRegisteredWithGuidPM: 12.783ms
		ImportSchedulerStart: 395.026ms
	GatherAllCurrentPrimaryImportResultRevisions: 7.841ms
	UnloadStreamsBegin: 1.805ms
	PersistCurrentRevisions: 3.127ms
	Untracked: 69.130ms

[IsoRPG] Выполняю задание: build
UnityEngine.Debug:ExtractStackTraceNoAlloc (byte*,int,string)
UnityEngine.StackTraceUtility:ExtractStackTrace ()
UnityEngine.DebugLogHandler:Internal_Log (UnityEngine.LogType,UnityEngine.LogOption,string,UnityEngine.Object)
UnityEngine.DebugLogHandler:LogFormat (UnityEngine.LogType,UnityEngine.Object,string,object[])
UnityEngine.Logger:Log (UnityEngine.LogType,object)
UnityEngine.Debug:Log (object)
IsoRPG.EditorTools.PendingTasks:Execute (string) (at Assets/_Game/Scripts/Editor/PendingTasks.cs:146)
IsoRPG.EditorTools.PendingTasks:Run () (at Assets/_Game/Scripts/Editor/PendingTasks.cs:125)
IsoRPG.EditorTools.PendingTasks:RunNow () (at Assets/_Game/Scripts/Editor/PendingTasks.cs:72)
IsoRPG.EditorTools.BatchRunner:Run () (at Assets/_Game/Scripts/Editor/BatchRunner.cs:56)

(Filename: Assets/_Game/Scripts/Editor/PendingTasks.cs Line: 146)

Importing 'GUID: 4b83569d67af61e458304325a23e5dfd - Path: Assets/Settings/PC_RPAsset.asset' with importer (NativeFormatImporter)
Imported 'GUID: 4b83569d67af61e458304325a23e5dfd' -> (Import Result ID: 'daf9879240ec6feb99278cab62d55aee') in 0.004 seconds [static dependencies only]. Details - ImportResultOutputID=a2c380b05c0806a1719dc81ec2d5e1d7 DependenciesID=810b98459990c20cc61b901448fc53b9 StaticDependenciesID=95bb8a416c8bbf976437da25be5380aa 
Refreshing native plugins compatible for Editor in 2.04 ms, found 4 plugins.

Asset Pipeline Refresh (id=020190ad233c7d84d8f1891a5761dbcc): Total: 0.763 seconds - Initiated by StopAssetImportingV2(NoUpdateAssetOptions)
	(Values over 0.05ms)
	Summary:
		Imports: total=1 (actual=1, local cache=0, cache server=0)
		Asset DB Process Time: managed=1 ms, native=477 ms
		Asset DB Callback time: managed=277 ms, native=6 ms
		Scripting: domain reloads=0, domain reload time=0 ms, compile time=0 ms, other=0 ms
		Project Asset Count: scripts=2760, non-scripts=43628
		Asset File Changes: new=0, changed=0, moved=0, deleted=0
		Scan Filter Count: 3
	ApplyChangesToAssetFolders: 0.137ms
	Scan: 6.903ms
	Collect global state as custom dependencies: 0.224ms
	ProcessAssetsWithTransientArtifactChanges: 0.129ms
	CategorizeAssets: 23.406ms
	ImportOutOfDateAssets: 420.890ms (22.395ms without children)
		ImportManagerImport: 10.891ms (6.294ms without children)
		ReloadNativeAssets: 0.139ms
		UnloadImportedAssets: 0.316ms
		EnsureUptoDateAssetsAreRegisteredWithGuidPM: 11.005ms
		ImportSchedulerStart: 376.132ms
	PostProcessAllAssets: 281.102ms
		XRBuildSystem.XRAssetImported 3.108ms
		MonoPostProcessAllAssets: 277.406ms
			AssetPostprocessor.OnPostprocessAllAssets 211.198ms
			StyleCatalogPostProcessor.OnPostprocessAllAssets 41.407ms
			BuilderAssetPostprocessor.OnPostprocessAllAssets 7.682ms
			AssetChangedListener.OnPostprocessAllAssets 2.209ms
			RetainedModeAssetPostprocessor.OnPostprocessAllAssets 1.974ms
			SyncVS.PostprocessSyncProject 1.706ms
			ShaderGraphAssetPostProcessor.OnPostprocessAllAssets 1.599ms
			MaterialPostprocessor.OnPostprocessAllAssets 1.184ms
			SampleDependencyImporterPostProcessor.OnPostprocessAllAssets 0.566ms
			UVCSAssetPostprocessor.OnPostprocessAllAssets 0.548ms
			ArtifactBrowserPostProcessor.OnPostprocessAllAssets 0.508ms
			CozyShaderPostProcessor.OnPostprocessAllAssets 0.497ms
			TextAssetPostProcessor.OnPostprocessAllAssets 0.445ms
			InputActionJsonNameModifierAssetProcessor.OnPostprocessAllAssets 0.421ms
			TMPro_TexturePostProcessor.OnPostprocessAllAssets 0.384ms
			AudioMixerPostprocessor.OnPostprocessAllAssets 0.364ms
			PostProcessor.OnPostprocessAllAssets 0.360ms
			AssetEvents.OnPostprocessAllAssets 0.347ms
			ConfigAssetsTracker.OnPostprocessAllAssets 0.264ms
			ScenarioDriftAssetsTracker.OnPostprocessAllAssets 0.210ms
			SamplePostprocessor.OnPostprocessAllAssets 0.210ms
			AssetReloadNotifier.OnPostprocessAllAssets 0.172ms
			SpeedTreePostProcessor.OnPostprocessAllAssets 0.160ms
			InputActionAssetPostprocessor.OnPostprocessAllAssets 0.149ms
			RenderPipelineGlobalSettingsPostprocessor.OnPostprocessAllAssets 0.127ms
			AudioContainerPostProcessor.OnPostprocessAllAssets 0.080ms
	PostAssetChangesProfiler: 2.876ms
	GatherAllCurrentPrimaryImportResultRevisions: 2.894ms
	UnloadStreamsBegin: 0.197ms
	PersistCurrentRevisions: 2.892ms
	Untracked: 21.085ms

1 URP assets included in build
- PC_RPAsset - Assets/Settings/PC_RPAsset.asset
	 - PC_Renderer - Assets/Settings/PC_Renderer.asset - UnityEngine.Rendering.Universal.UniversalRendererData
UnityEngine.Debug:ExtractStackTraceNoAlloc (byte*,int,string)
UnityEngine.StackTraceUtility:ExtractStackTrace ()
UnityEngine.DebugLogHandler:Internal_Log (UnityEngine.LogType,UnityEngine.LogOption,string,UnityEngine.Object)
UnityEngine.DebugLogHandler:LogFormat (UnityEngine.LogType,UnityEngine.Object,string,object[])
UnityEngine.Logger:Log (UnityEngine.LogType,object)
UnityEngine.Debug:Log (object)
UnityEditor.Rendering.Universal.URPPreprocessBuild:LogIncludedAssets (System.Collections.Generic.List`1<UnityEngine.Rendering.Universal.UniversalRenderPipelineAsset>) (at ./Library/PackageCache/com.unity.render-pipelines.universal@d7774c218bdf/Editor/BuildProcessors/URPPreprocessBuild.cs:73)
UnityEditor.Rendering.Universal.URPPreprocessBuild:OnPreprocessBuild (UnityEditor.Build.Reporting.BuildReport) (at ./Library/PackageCache/com.unity.render-pipelines.universal@d7774c218bdf/Editor/BuildProcessors/URPPreprocessBuild.cs:32)
UnityEditor.Build.BuildPipelineInterfaces/<>c__DisplayClass17_0:<OnBuildPreProcess>b__1 (UnityEditor.Build.IPreprocessBuildWithReport)
UnityEditor.Build.BuildPipelineInterfaces:InvokeCallbackInterfacesPair<UnityEditor.Build.IPreprocessBuild, UnityEditor.Build.IPreprocessBuildWithReport> (System.Collections.Generic.List`1<UnityEditor.Build.IPreprocessBuild>,System.Action`1<UnityEditor.Build.IPreprocessBuild>,System.Collections.Generic.List`1<UnityEditor.Build.IPreprocessBuildWithReport>,System.Action`1<UnityEditor.Build.IPreprocessBuildWithReport>,bool)
UnityEditor.Build.BuildPipelineInterfaces:OnBuildPreProcess (UnityEditor.Build.Reporting.BuildReport)
UnityEditor.BuildPipeline:BuildPlayerInternal (string[],string,string,UnityEditor.BuildTargetGroup,UnityEditor.BuildTarget,int,UnityEditor.BuildOptions,string[],string[],bool)
UnityEditor.BuildPipeline:BuildPlayer (UnityEditor.BuildPlayerOptions)
IsoRPG.EditorTools.GameBuilder:BuildGame () (at Assets/_Game/Scripts/Editor/GameBuilder.cs:108)
IsoRPG.EditorTools.PendingTasks:Execute (string) (at Assets/_Game/Scripts/Editor/PendingTasks.cs:366)
IsoRPG.EditorTools.PendingTasks:Run () (at Assets/_Game/Scripts/Editor/PendingTasks.cs:125)
IsoRPG.EditorTools.PendingTasks:RunNow () (at Assets/_Game/Scripts/Editor/PendingTasks.cs:72)
IsoRPG.EditorTools.BatchRunner:Run () (at Assets/_Game/Scripts/Editor/BatchRunner.cs:56)

(Filename: ./Library/PackageCache/com.unity.render-pipelines.universal@d7774c218bdf/Editor/BuildProcessors/URPPreprocessBuild.cs Line: 73)

[TestRunBuilder] Creating new file 'Assets/Resources/PerformanceTestRunInfo.json' (2923 bytes)
UnityEngine.Debug:ExtractStackTraceNoAlloc (byte*,int,string)
UnityEngine.StackTraceUtility:ExtractStackTrace ()
UnityEngine.DebugLogHandler:Internal_Log (UnityEngine.LogType,UnityEngine.LogOption,string,UnityEngine.Object)
UnityEngine.DebugLogHandler:LogFormat (UnityEngine.LogType,UnityEngine.Object,string,object[])
UnityEngine.Logger:Log (UnityEngine.LogType,object)
UnityEngine.Debug:Log (object)
Unity.PerformanceTesting.Editor.TestRunBuilder:SaveToStorage (object,string) (at ./Library/PackageCache/com.unity.test-framework.performance@8b56083ec0f0/Editor/TestRunBuilder.cs:242)
Unity.PerformanceTesting.Editor.TestRunBuilder:OnPreprocessBuild (UnityEditor.Build.Reporting.BuildReport) (at ./Library/PackageCache/com.unity.test-framework.performance@8b56083ec0f0/Editor/TestRunBuilder.cs:35)
UnityEditor.Build.BuildPipelineInterfaces/<>c__DisplayClass17_0:<OnBuildPreProcess>b__1 (UnityEditor.Build.IPreprocessBuildWithReport)
UnityEditor.Build.BuildPipelineInterfaces:InvokeCallbackInterfacesPair<UnityEditor.Build.IPreprocessBuild, UnityEditor.Build.IPreprocessBuildWithReport> (System.Collections.Generic.List`1<UnityEditor.Build.IPreprocessBuild>,System.Action`1<UnityEditor.Build.IPreprocessBuild>,System.Collections.Generic.List`1<UnityEditor.Build.IPreprocessBuildWithReport>,System.Action`1<UnityEditor.Build.IPreprocessBuildWithReport>,bool)
UnityEditor.Build.BuildPipelineInterfaces:OnBuildPreProcess (UnityEditor.Build.Reporting.BuildReport)
UnityEditor.BuildPipeline:BuildPlayerInternal (string[],string,string,UnityEditor.BuildTargetGroup,UnityEditor.BuildTarget,int,UnityEditor.BuildOptions,string[],string[],bool)
UnityEditor.BuildPipeline:BuildPlayer (UnityEditor.BuildPlayerOptions)
IsoRPG.EditorTools.GameBuilder:BuildGame () (at Assets/_Game/Scripts/Editor/GameBuilder.cs:108)
IsoRPG.EditorTools.PendingTasks:Execute (string) (at Assets/_Game/Scripts/Editor/PendingTasks.cs:366)
IsoRPG.EditorTools.PendingTasks:Run () (at Assets/_Game/Scripts/Editor/PendingTasks.cs:125)
IsoRPG.EditorTools.PendingTasks:RunNow () (at Assets/_Game/Scripts/Editor/PendingTasks.cs:72)
IsoRPG.EditorTools.BatchRunner:Run () (at Assets/_Game/Scripts/Editor/BatchRunner.cs:56)

(Filename: ./Library/PackageCache/com.unity.test-framework.performance@8b56083ec0f0/Editor/TestRunBuilder.cs Line: 242)

[TestRunBuilder] Creating new file 'Assets/Resources/PerformanceTestRunSettings.json' (23 bytes)
UnityEngine.Debug:ExtractStackTraceNoAlloc (byte*,int,string)
UnityEngine.StackTraceUtility:ExtractStackTrace ()
UnityEngine.DebugLogHandler:Internal_Log (UnityEngine.LogType,UnityEngine.LogOption,string,UnityEngine.Object)
UnityEngine.DebugLogHandler:LogFormat (UnityEngine.LogType,UnityEngine.Object,string,object[])
UnityEngine.Logger:Log (UnityEngine.LogType,object)
UnityEngine.Debug:Log (object)
Unity.PerformanceTesting.Editor.TestRunBuilder:SaveToStorage (object,string) (at ./Library/PackageCache/com.unity.test-framework.performance@8b56083ec0f0/Editor/TestRunBuilder.cs:242)
Unity.PerformanceTesting.Editor.TestRunBuilder:OnPreprocessBuild (UnityEditor.Build.Reporting.BuildReport) (at ./Library/PackageCache/com.unity.test-framework.performance@8b56083ec0f0/Editor/TestRunBuilder.cs:38)
UnityEditor.Build.BuildPipelineInterfaces/<>c__DisplayClass17_0:<OnBuildPreProcess>b__1 (UnityEditor.Build.IPreprocessBuildWithReport)
UnityEditor.Build.BuildPipelineInterfaces:InvokeCallbackInterfacesPair<UnityEditor.Build.IPreprocessBuild, UnityEditor.Build.IPreprocessBuildWithReport> (System.Collections.Generic.List`1<UnityEditor.Build.IPreprocessBuild>,System.Action`1<UnityEditor.Build.IPreprocessBuild>,System.Collections.Generic.List`1<UnityEditor.Build.IPreprocessBuildWithReport>,System.Action`1<UnityEditor.Build.IPreprocessBuildWithReport>,bool)
UnityEditor.Build.BuildPipelineInterfaces:OnBuildPreProcess (UnityEditor.Build.Reporting.BuildReport)
UnityEditor.BuildPipeline:BuildPlayerInternal (string[],string,string,UnityEditor.BuildTargetGroup,UnityEditor.BuildTarget,int,UnityEditor.BuildOptions,string[],string[],bool)
UnityEditor.BuildPipeline:BuildPlayer (UnityEditor.BuildPlayerOptions)
IsoRPG.EditorTools.GameBuilder:BuildGame () (at Assets/_Game/Scripts/Editor/GameBuilder.cs:108)
IsoRPG.EditorTools.PendingTasks:Execute (string) (at Assets/_Game/Scripts/Editor/PendingTasks.cs:366)
IsoRPG.EditorTools.PendingTasks:Run () (at Assets/_Game/Scripts/Editor/PendingTasks.cs:125)
IsoRPG.EditorTools.PendingTasks:RunNow () (at Assets/_Game/Scripts/Editor/PendingTasks.cs:72)
IsoRPG.EditorTools.BatchRunner:Run () (at Assets/_Game/Scripts/Editor/BatchRunner.cs:56)

(Filename: ./Library/PackageCache/com.unity.test-framework.performance@8b56083ec0f0/Editor/TestRunBuilder.cs Line: 242)

Importing 'GUID: 4b83569d67af61e458304325a23e5dfd - Path: Assets/Settings/PC_RPAsset.asset' with importer (NativeFormatImporter)
Imported 'GUID: 4b83569d67af61e458304325a23e5dfd' -> (Import Result ID: 'daf9879240ec6feb99278cab62d55aee') in 0.001 seconds [static dependencies only]. Details - ImportResultOutputID=a2c380b05c0806a1719dc81ec2d5e1d7 DependenciesID=810b98459990c20cc61b901448fc53b9 StaticDependenciesID=95bb8a416c8bbf976437da25be5380aa 

Asset Pipeline Refresh (id=ccaabf6ac5f1c954281a3de553906faa): Total: 0.440 seconds - Initiated by StopAssetImportingV2(NoUpdateAssetOptions)
	(Values over 0.05ms)
	Summary:
		Imports: total=1 (actual=1, local cache=0, cache server=0)
		Asset DB Process Time: managed=0 ms, native=434 ms
		Asset DB Callback time: managed=3 ms, native=2 ms
		Scripting: domain reloads=0, domain reload time=0 ms, compile time=0 ms, other=0 ms
		Project Asset Count: scripts=2760, non-scripts=43628
		Asset File Changes: new=0, changed=0, moved=0, deleted=0
		Scan Filter Count: 3
	ApplyChangesToAssetFolders: 0.095ms
	Scan: 6.306ms
	Collect global state as custom dependencies: 0.209ms
	ProcessAssetsWithTransientArtifactChanges: 0.114ms
	CategorizeAssets: 23.104ms
	ImportOutOfDateAssets: 380.541ms (21.711ms without children)
		ImportManagerImport: 5.280ms (4.008ms without children)
		ReloadNativeAssets: 0.108ms
		UnloadImportedAssets: 0.199ms
		EnsureUptoDateAssetsAreRegisteredWithGuidPM: 8.404ms
		ImportSchedulerStart: 344.828ms
	PostProcessAllAssets: 4.057ms
		XRBuildSystem.XRAssetImported 0.350ms
		MonoPostProcessAllAssets: 3.619ms
			AssetPostprocessor.OnPostprocessAllAssets 2.279ms
			SyncVS.PostprocessSyncProject 0.852ms
			AssetChangedListener.OnPostprocessAllAssets 0.096ms
			ShaderGraphAssetPostProcessor.OnPostprocessAllAssets 0.059ms
	PostAssetChangesProfiler: 1.592ms
	GatherAllCurrentPrimaryImportResultRevisions: 3.165ms
	PersistCurrentRevisions: 2.324ms
	Untracked: 18.350ms

Importing 'GUID: 00000000000000004000000000000000 - Path: ProjectSettings/ProjectSettings.asset' with importer (LibraryAssetImporter)
Imported 'GUID: 00000000000000004000000000000000' -> (Import Result ID: '702a474f2f7fe9e1744228f7ca14a83e') in 0.001 seconds [static dependencies only]. Details - ImportResultOutputID=276a810dac73e1f29404d5e5f692e214 DependenciesID=e9590249c6f9f8d265009e082151b49d StaticDependenciesID=61f55734f348b8337d9323239d2d26f5 
Importing 'GUID: 00000000000000006100000000000000 - Path: ProjectSettings/GraphicsSettings.asset' with importer (LibraryAssetImporter)
Imported 'GUID: 00000000000000006100000000000000' -> (Import Result ID: '940f8a2b5e9075061933ad9aebd7f0cb') in 0.001 seconds [static dependencies only]. Details - ImportResultOutputID=f9600466f06a676b7a4f639f6629ea48 DependenciesID=3391b8364871f13dde71e7aa5cedd2ba StaticDependenciesID=866ad8cf0b9ce3f8c1ea0c3e4f36b46c 
Importing 'GUID: 18dc0cd2c080841dea60987a38ce93fa - Path: Assets/Settings/UniversalRenderPipelineGlobalSettings.asset' with importer (NativeFormatImporter)
Imported 'GUID: 18dc0cd2c080841dea60987a38ce93fa' -> (Import Result ID: 'f93e5e808365ac25efafb6bde5e3f195') in 0.001 seconds [static dependencies only]. Details - ImportResultOutputID=c084f644ca43aee71ac43dc9da64fcf5 DependenciesID=875d31d98fb65f61560722e1af61c784 StaticDependenciesID=a8c9545b4876c5084a5807daf72b62e3 

Asset Pipeline Refresh (id=3f2d10fae82550840a230c6b7b32e58e): Total: 0.438 seconds - Initiated by StopAssetImportingV2(NoUpdateAssetOptions)
	(Values over 0.05ms)
	Summary:
		Imports: total=3 (actual=3, local cache=0, cache server=0)
		Asset DB Process Time: managed=0 ms, native=430 ms
		Asset DB Callback time: managed=5 ms, native=2 ms
		Scripting: domain reloads=0, domain reload time=0 ms, compile time=0 ms, other=0 ms
		Project Asset Count: scripts=2760, non-scripts=43628
		Asset File Changes: new=0, changed=0, moved=0, deleted=0
		Scan Filter Count: 5
	ApplyChangesToAssetFolders: 0.103ms
	Scan: 6.618ms
	Collect global state as custom dependencies: 0.206ms
	ProcessAssetsWithTransientArtifactChanges: 0.085ms
	CategorizeAssets: 22.410ms
	ImportOutOfDateAssets: 377.949ms (21.253ms without children)
		ImportManagerImport: 8.465ms (4.536ms without children)
		ReloadNativeAssets: 0.111ms
		UnloadImportedAssets: 0.214ms
		EnsureUptoDateAssetsAreRegisteredWithGuidPM: 9.251ms
		ImportSchedulerStart: 338.645ms
	PostProcessAllAssets: 5.925ms
		XRBuildSystem.XRAssetImported 0.365ms
		MonoPostProcessAllAssets: 5.297ms
			UniversalRenderPipelineGlobalSettingsPostprocessor.OnPostprocessAllAssets 3.595ms
			SyncVS.PostprocessSyncProject 0.783ms
			AssetChangedListener.OnPostprocessAllAssets 0.275ms
			ShaderGraphAssetPostProcessor.OnPostprocessAllAssets 0.177ms
			AssetPostprocessor.OnPostprocessAllAssets 0.074ms
	PostAssetChangesProfiler: 1.713ms
	GatherAllCurrentPrimaryImportResultRevisions: 2.454ms
	UnloadStreamsBegin: 0.104ms
	PersistCurrentRevisions: 2.652ms
	Untracked: 18.149ms

info: Microsoft.AspNetCore.Hosting.Diagnostics[1]
      Request starting HTTP/2 POST http://ilpp/UnityILPP.PostProcessing/Ping - application/grpc -
info: Microsoft.AspNetCore.Routing.EndpointMiddleware[0]
      Executing endpoint 'gRPC - /UnityILPP.PostProcessing/Ping'
info: Microsoft.AspNetCore.Routing.EndpointMiddleware[1]
      Executed endpoint 'gRPC - /UnityILPP.PostProcessing/Ping'
info: Microsoft.AspNetCore.Hosting.Diagnostics[2]
      Request finished HTTP/2 POST http://ilpp/UnityILPP.PostProcessing/Ping - 200 - application/grpc 0.4079ms
Starting: C:\Program Files\Unity\Hub\Editor\6000.5.9f1\Editor\Data\Tools\BuildPipeline\bee_backend.exe --ipc --defer-dag-verification --dagfile="Library/Bee/1900b0aESkipCompile.dag" --continue-on-failure --profile="Library/Bee/backend1.traceevents" ScriptAssembliesAndTypeDB
WorkingDir: D:/GAME Ai/IsoRPG
ExitCode: 0 Duration: 0s135ms
*** Tundra build success (0.11 seconds), 0 items updated, 3 evaluated
Total cache size 112306678
Total cache size after purge 112306678, took 00:00:00.1626157
Importing 'GUID: 697ecf3ff273e6540b92a3921b114b43 - Path: Assets/Resources/PerformanceTestRunSettings.json' with importer (TextScriptImporter)
Imported 'GUID: 697ecf3ff273e6540b92a3921b114b43' -> (Import Result ID: 'e4cb88738d51def82e74d48a190f4655') in 0.004 seconds [static dependencies only]. Details - ImportResultOutputID=e4826dcafbf27965ee40d6864b08ee91 DependenciesID=006e37ddb293a7180b41c8f0fd6a9e8a StaticDependenciesID=f9d62381d4283e49a71dc7a0d53c8fcc 
Importing 'GUID: 5d67672701c703a498af7bfdcb13f803 - Path: Assets/Resources/PerformanceTestRunInfo.json' with importer (TextScriptImporter)
Imported 'GUID: 5d67672701c703a498af7bfdcb13f803' -> (Import Result ID: '8dff20e61f3b927462ac83778c2f4cbe') in 0.005 seconds [static dependencies only]. Details - ImportResultOutputID=c43d213b28863b7266e7bd4787548478 DependenciesID=f265e7503fec0ecd0c289da11f67d101 StaticDependenciesID=c2545936c98e494b9d04b760cd7a35f4 
Loaded 1 ExamplePackConfig assets
UnityEngine.Debug:ExtractStackTraceNoAlloc (byte*,int,string)
UnityEngine.StackTraceUtility:ExtractStackTrace ()
UnityEngine.DebugLogHandler:Internal_Log (UnityEngine.LogType,UnityEngine.LogOption,string,UnityEngine.Object)
UnityEngine.DebugLogHandler:LogFormat (UnityEngine.LogType,UnityEngine.Object,string,object[])
UnityEngine.Logger:Log (UnityEngine.LogType,object)
UnityEngine.Debug:Log (object)
SyntyPackageHelper:LoadSyntyPackageHelperConfigs () (at Assets/Synty/SyntyPackageHelper/Editor/SyntyPackageHelper.cs:46)
SyntyPackageHelper:OnProjectChanged () (at Assets/Synty/SyntyPackageHelper/Editor/SyntyPackageHelper.cs:55)
UnityEditor.EditorApplication:Internal_CallProjectHasChanged ()
UnityEditor.BuildPipeline:BuildPlayerInternal (string[],string,string,UnityEditor.BuildTargetGroup,UnityEditor.BuildTarget,int,UnityEditor.BuildOptions,string[],string[],bool)
UnityEditor.BuildPipeline:BuildPlayer (UnityEditor.BuildPlayerOptions)
IsoRPG.EditorTools.GameBuilder:BuildGame () (at Assets/_Game/Scripts/Editor/GameBuilder.cs:108)
IsoRPG.EditorTools.PendingTasks:Execute (string) (at Assets/_Game/Scripts/Editor/PendingTasks.cs:366)
IsoRPG.EditorTools.PendingTasks:Run () (at Assets/_Game/Scripts/Editor/PendingTasks.cs:125)
IsoRPG.EditorTools.PendingTasks:RunNow () (at Assets/_Game/Scripts/Editor/PendingTasks.cs:72)
IsoRPG.EditorTools.BatchRunner:Run () (at Assets/_Game/Scripts/Editor/BatchRunner.cs:56)

(Filename: Assets/Synty/SyntyPackageHelper/Editor/SyntyPackageHelper.cs Line: 46)


Asset Pipeline Refresh (id=6a7f2db56e7f76c4ca7e34fa69d57c70): Total: 0.617 seconds - Initiated by RefreshV2(NoUpdateAssetOptions)
	(Values over 0.05ms)
	Summary:
		Imports: total=2 (actual=2, local cache=0, cache server=0)
		Asset DB Process Time: managed=0 ms, native=495 ms
		Asset DB Callback time: managed=118 ms, native=2 ms
		Scripting: domain reloads=0, domain reload time=0 ms, compile time=0 ms, other=0 ms
		Project Asset Count: scripts=2760, non-scripts=43630
		Asset File Changes: new=2, changed=2, moved=0, deleted=0
		Scan Filter Count: 0
	ApplyChangesToAssetFolders: 0.205ms
	Scan: 16.839ms
	Collect global state as custom dependencies: 0.489ms
	OnSourceAssetsModified: 0.761ms
	ProcessAssetsWithTransientArtifactChanges: 0.086ms
	CategorizeAssets: 67.528ms
	ImportOutOfDateAssets: 374.545ms (20.693ms without children)
		ImportManagerImport: 13.868ms (3.993ms without children)
		ReloadNativeAssets: 0.124ms
		UnloadImportedAssets: 0.233ms
		EnsureUptoDateAssetsAreRegisteredWithGuidPM: 8.594ms
		ImportSchedulerStart: 331.021ms
	PostProcessAllAssets: 1.851ms
		XRBuildSystem.XRAssetImported 0.336ms
		MonoPostProcessAllAssets: 1.369ms
			SyncVS.PostprocessSyncProject 0.820ms
			ShaderGraphAssetPostProcessor.OnPostprocessAllAssets 0.088ms
			AssetPostprocessor.OnPostprocessAllAssets 0.069ms
	PostAssetChangesProfiler: 129.708ms
	GatherAllCurrentPrimaryImportResultRevisions: 6.031ms
	PersistCurrentRevisions: 2.775ms
	UnloadStreamsEnd: 0.167ms
	Untracked: 25.410ms

[ScriptCompilation] Requested script compilation because: Recompiling scripts for player build.
BuildPlayer: start building target 19
info: Microsoft.AspNetCore.Hosting.Diagnostics[1]
      Request starting HTTP/2 POST http://ilpp/UnityILPP.PostProcessing/Ping - application/grpc -
info: Microsoft.AspNetCore.Routing.EndpointMiddleware[0]
      Executing endpoint 'gRPC - /UnityILPP.PostProcessing/Ping'
info: Microsoft.AspNetCore.Routing.EndpointMiddleware[1]
      Executed endpoint 'gRPC - /UnityILPP.PostProcessing/Ping'
info: Microsoft.AspNetCore.Hosting.Diagnostics[2]
      Request finished HTTP/2 POST http://ilpp/UnityILPP.PostProcessing/Ping - 200 - application/grpc 0.1715ms
Starting: C:\Program Files\Unity\Hub\Editor\6000.5.9f1\Editor\Data\Tools\BuildPipeline\bee_backend.exe --ipc --defer-dag-verification --dagfile="Library/Bee/1900b0aP.dag" --continue-on-failure --profile="Library/Bee/backend1.traceevents" ScriptAssembliesAndTypeDB
WorkingDir: D:/GAME Ai/IsoRPG
info: Microsoft.AspNetCore.Hosting.Diagnostics[1]
      Request starting HTTP/2 POST http://ilpp/UnityILPP.PostProcessing/ConfigurePostProcessors - application/grpc -
info: Microsoft.AspNetCore.Routing.EndpointMiddleware[0]
      Executing endpoint 'gRPC - /UnityILPP.PostProcessing/ConfigurePostProcessors'
info: Unity.ILPP.Runner.PostProcessingAssemblyLoadContext[0]
      ALC ILPP context 1 is unloading
warn: Unity.ILPP.Runner.PostProcessingAssemblyLoadContext[0]
      Assembly system.runtime.interopservices.windowsruntime has duplicate hint path. Ignoring "C:\Program Files\Unity\Hub\Editor\6000.5.9f1\Editor\Data\UnityReferenceAssemblies\unity-4.8-api\Facades\System.Runtime.InteropServices.WindowsRuntime.dll" in favor of "C:\Program Files\Unity\Hub\Editor\6000.5.9f1\Editor\Data\NetStandard\Extensions\2.0.0\System.Runtime.InteropServices.WindowsRuntime.dll"
warn: Unity.ILPP.Runner.PostProcessingAssemblyLoadContext[0]
      Assembly system.componentmodel.composition has duplicate hint path. Ignoring "C:\Program Files\Unity\Hub\Editor\6000.5.9f1\Editor\Data\UnityReferenceAssemblies\unity-4.8-api\System.ComponentModel.Composition.dll" in favor of "C:\Program Files\Unity\Hub\Editor\6000.5.9f1\Editor\Data\NetStandard\compat\2.1.0\shims\netfx\System.ComponentModel.Composition.dll"
info: Unity.ILPP.Runner.PostProcessingAssemblyLoadContext[0]
      Resolved Unity.Burst.Cecil, Version=0.11.6.0, Culture=neutral, PublicKeyToken=50cebf1cceb9d05e with Library\PackageCache\com.unity.burst@2f3d916873ea\Unity.Burst.CodeGen\Unity.Burst.Cecil.dll
info: Unity.ILPP.Runner.PostProcessingAssemblyLoadContext[0]
      Resolved Mono.Cecil, Version=0.11.5.0, Culture=neutral, PublicKeyToken=50cebf1cceb9d05e with Library\PackageCache\com.unity.nuget.mono-cecil@ecb9724e46ff\Mono.Cecil.dll
info: Microsoft.AspNetCore.Routing.EndpointMiddleware[1]
      Executed endpoint 'gRPC - /UnityILPP.PostProcessing/ConfigurePostProcessors'
info: Microsoft.AspNetCore.Hosting.Diagnostics[2]
      Request finished HTTP/2 POST http://ilpp/UnityILPP.PostProcessing/ConfigurePostProcessors - 200 - application/grpc 80.1020ms
ExitCode: 0 Duration: 0s328ms
[441/650    0s] WriteResponseFile Library/Bee/artifacts/rsp/4747638433968585886.rsp
[554/650    0s] ILPP-Configuration Library/ilpp-configuration.nevergeneratedoutput
[586/650    0s] CopyFiles Library/Bee/PlayerScriptAssemblies/Unity.VisualScripting.DocCodeExamples.dll
[587/650    0s] CopyFiles Library/Bee/PlayerScriptAssemblies/Unity.RenderPipelines.Universal.Shaders.dll
[588/650    0s] CopyFiles Library/Bee/PlayerScriptAssemblies/Unity.InternalAPIEngineBridge.RenderPipelines.Core.Runtime.Shared.dll
[589/650    0s] CopyFiles Library/Bee/PlayerScriptAssemblies/Unity.AI.Navigation.dll
[590/650    0s] CopyFiles Library/Bee/PlayerScriptAssemblies/Unity.SurfaceCache.Runtime.dll
[591/650    0s] CopyFiles Library/Bee/PlayerScriptAssemblies/Unity.RenderPipelines.Universal.Config.Runtime.dll
[592/650    0s] CopyFiles Library/Bee/PlayerScriptAssemblies/Unity.InternalAPIEngineBridge.004.dll
[593/650    0s] CopyFiles Library/Bee/PlayerScriptAssemblies/Unity.RenderPipelines.ShaderGraph.ShaderGraphLibrary.dll
[594/650    0s] CopyFiles Library/Bee/PlayerScriptAssemblies/Unity.RenderPipelines.GPUDriven.Runtime.dll
[595/650    0s] CopyFiles Library/Bee/PlayerScriptAssemblies/Unity.VisualScripting.State.dll
[596/650    0s] CopyFiles Library/Bee/PlayerScriptAssemblies/Unity.Multiplayer.Center.Common.dll
[597/650    0s] CopyFiles Library/Bee/PlayerScriptAssemblies/Unity.RenderPipelines.Core.Runtime.Shared.dll
[598/650    0s] CopyFiles Library/Bee/PlayerScriptAssemblies/Unity.RenderPipeline.Universal.ShaderLibrary.dll
[599/650    0s] CopyFiles Library/Bee/PlayerScriptAssemblies/Unity.Mathematics.dll
[600/650    0s] CopyFiles Library/Bee/PlayerScriptAssemblies/Unity.RenderPipelines.Core.ShaderLibrary.dll
[601/650    0s] CopyFiles Library/Bee/PlayerScriptAssemblies/Unity.InputSystem.ForUI.dll
[602/650    0s] CopyFiles Library/Bee/PlayerScriptAssemblies/DistantLands.Cozy.Runtime.dll
[603/650    0s] CopyFiles Library/Bee/PlayerScriptAssemblies/Unity.UnifiedRayTracing.Runtime.dll
[604/650    0s] CopyFiles Library/Bee/PlayerScriptAssemblies/Unity.VisualScripting.Flow.dll
[605/650    0s] CopyFiles Library/Bee/PlayerScriptAssemblies/Unity.TextMeshPro.dll
[606/650    0s] CopyFiles Library/Bee/PlayerScriptAssemblies/UnityEngine.UI.dll
[607/650    0s] CopyFiles Library/Bee/PlayerScriptAssemblies/Unity.Collections.pdb
[608/650    0s] CopyFiles Library/Bee/PlayerScriptAssemblies/Assembly-CSharp.dll
[609/650    0s] CopyFiles Library/Bee/PlayerScriptAssemblies/Unity.Collections.dll
[610/650    0s] CopyFiles Library/Bee/PlayerScriptAssemblies/Unity.InternalAPIEngineBridge.004.pdb
[611/650    0s] CopyFiles Library/Bee/PlayerScriptAssemblies/Unity.Timeline.dll
[612/650    0s] CopyFiles Library/Bee/PlayerScriptAssemblies/Unity.InternalAPIEngineBridge.RenderPipelines.Core.Runtime.Shared.pdb
[613/650    0s] CopyFiles Library/Bee/PlayerScriptAssemblies/Unity.PathTracing.Runtime.dll
[614/650    0s] CopyFiles Library/Bee/PlayerScriptAssemblies/Unity.InputSystem.pdb
[615/650    0s] CopyFiles Library/Bee/PlayerScriptAssemblies/Unity.VisualScripting.Flow.pdb
[616/650    0s] CopyFiles Library/Bee/PlayerScriptAssemblies/Unity.RenderPipelines.Core.Runtime.Shared.pdb
[617/650    0s] CopyFiles Library/Bee/PlayerScriptAssemblies/Unity.Burst.dll
[618/650    0s] CopyFiles Library/Bee/PlayerScriptAssemblies/Unity.RenderPipelines.Universal.Shaders.pdb
[619/650    0s] CopyFiles Library/Bee/PlayerScriptAssemblies/DistantLands.Cozy.Runtime.pdb
[620/650    0s] CopyFiles Library/Bee/PlayerScriptAssemblies/Unity.SurfaceCache.Runtime.pdb
[621/650    0s] CopyFiles Library/Bee/PlayerScriptAssemblies/Unity.RenderPipelines.Universal.Runtime.pdb
[622/650    0s] CopyFiles Library/Bee/PlayerScriptAssemblies/Unity.RenderPipelines.Universal.Runtime.dll
[623/650    0s] CopyFiles Library/Bee/PlayerScriptAssemblies/Unity.AI.Navigation.pdb
[624/650    0s] CopyFiles Library/Bee/PlayerScriptAssemblies/Unity.RenderPipelines.Universal.2D.Runtime.dll
[625/650    0s] CopyFiles Library/Bee/PlayerScriptAssemblies/Unity.RenderPipelines.GPUDriven.Runtime.pdb
[626/650    0s] CopyFiles Library/Bee/PlayerScriptAssemblies/Assembly-CSharp.pdb
[627/650    0s] CopyFiles Library/Bee/PlayerScriptAssemblies/Unity.InputSystem.ForUI.pdb
[628/650    0s] CopyFiles Library/Bee/PlayerScriptAssemblies/Unity.InputSystem.dll
[629/650    0s] CopyFiles Library/Bee/PlayerScriptAssemblies/Unity.VisualScripting.Core.dll
[630/650    0s] CopyFiles Library/Bee/PlayerScriptAssemblies/Unity.Multiplayer.Center.Common.pdb
[631/650    0s] CopyFiles Library/Bee/PlayerScriptAssemblies/Unity.RenderPipelines.Universal.2D.Runtime.pdb
[632/650    0s] CopyFiles Library/Bee/PlayerScriptAssemblies/Unity.RenderPipelines.Core.ShaderLibrary.pdb
[633/650    0s] CopyFiles Library/Bee/PlayerScriptAssemblies/Unity.Burst.pdb
[634/650    0s] CopyFiles Library/Bee/PlayerScriptAssemblies/Unity.Mathematics.pdb
[635/650    0s] CopyFiles Library/Bee/PlayerScriptAssemblies/Unity.Timeline.pdb
[636/650    0s] CopyFiles Library/Bee/PlayerScriptAssemblies/Unity.PathTracing.Runtime.pdb
[637/650    0s] CopyFiles Library/Bee/PlayerScriptAssemblies/Unity.RenderPipelines.ShaderGraph.ShaderGraphLibrary.pdb
[638/650    0s] CopyFiles Library/Bee/PlayerScriptAssemblies/Unity.UnifiedRayTracing.Runtime.pdb
[639/650    0s] CopyFiles Library/Bee/PlayerScriptAssemblies/Unity.RenderPipelines.Universal.Config.Runtime.pdb
[640/650    0s] CopyFiles Library/Bee/PlayerScriptAssemblies/Unity.VisualScripting.DocCodeExamples.pdb
[641/650    0s] CopyFiles Library/Bee/PlayerScriptAssemblies/Unity.RenderPipelines.Core.Runtime.pdb
[642/650    0s] CopyFiles Library/Bee/PlayerScriptAssemblies/UnityEngine.UI.pdb
[643/650    0s] CopyFiles Library/Bee/PlayerScriptAssemblies/Unity.RenderPipelines.Core.Runtime.dll
[644/650    0s] CopyFiles Library/Bee/PlayerScriptAssemblies/Unity.VisualScripting.State.pdb
[645/650    0s] CopyFiles Library/Bee/PlayerScriptAssemblies/Unity.RenderPipeline.Universal.ShaderLibrary.pdb
[646/650    0s] CopyFiles Library/Bee/PlayerScriptAssemblies/Unity.TextMeshPro.pdb
[647/650    0s] CopyFiles Library/Bee/PlayerScriptAssemblies/Unity.VisualScripting.Core.pdb
*** Tundra build success (0.31 seconds), 64 items updated, 650 evaluated
Total cache size 112306678
Total cache size after purge 112306678, took 00:00:00.1631148
Rebuilding Data files because Assets/Resources/PerformanceTestRunSettings.json is dirty (hash)


Mono dependencies included in the build
Dependency assembly - System.Data.DataSetExtensions.dll
Dependency assembly - I18N.Rare.dll
Dependency assembly - System.Runtime.InteropServices.dll
Dependency assembly - System.Collections.Specialized.dll
Dependency assembly - Mono.Btls.Interface.dll
Dependency assembly - System.Net.AuthenticationManager.dll
Dependency assembly - System.Windows.Forms.dll
Dependency assembly - System.Core.dll
Dependency assembly - System.ServiceModel.Discovery.dll
Dependency assembly - Unity.InternalAPIEngineBridge.004.dll
Dependency assembly - Unity.RenderPipelines.Core.ShaderLibrary.dll
Dependency assembly - System.Diagnostics.Tools.dll
Dependency assembly - Unity.RenderPipeline.Universal.ShaderLibrary.dll
Dependency assembly - Unity.Timeline.dll
Dependency assembly - System.Security.Cryptography.X509Certificates.dll
Dependency assembly - System.Diagnostics.Process.dll
Dependency assembly - System.IO.UnmanagedMemoryStream.dll
Dependency assembly - I18N.CJK.dll
Dependency assembly - System.Web.DynamicData.dll
Dependency assembly - System.EnterpriseServices.dll
Dependency assembly - System.Xml.Linq.dll
Dependency assembly - System.ComponentModel.dll
Dependency assembly - System.ServiceModel.Http.dll
Dependency assembly - Unity.RenderPipelines.GPUDriven.Runtime.dll
Dependency assembly - System.Globalization.Extensions.dll
Dependency assembly - Microsoft.CSharp.dll
Dependency assembly - SMDiagnostics.dll
Dependency assembly - System.Data.Entity.dll
Dependency assembly - Mono.Data.Tds.dll
Dependency assembly - Mono.Security.Win32.dll
Dependency assembly - System.Numerics.dll
Dependency assembly - Mono.CSharp.dll
Dependency assembly - System.Dynamic.dll
Dependency assembly - System.Reactive.Core.dll
Dependency assembly - Mono.Data.Sqlite.dll
Dependency assembly - System.Xml.dll
Dependency assembly - System.Runtime.Extensions.dll
Dependency assembly - System.Web.Extensions.Design.dll
Dependency assembly - Microsoft.Win32.Registry.AccessControl.dll
Dependency assembly - System.Diagnostics.TraceEvent.dll
Dependency assembly - System.Resources.Writer.dll
Dependency assembly - System.Net.Mail.dll
Dependency assembly - System.Security.Cryptography.Cng.dll
Dependency assembly - System.Web.Routing.dll
Dependency assembly - System.ServiceModel.Web.dll
Dependency assembly - System.Management.dll
Dependency assembly - System.Net.Cache.dll
Dependency assembly - System.Data.SqlClient.dll
Dependency assembly - Assembly-CSharp.dll
Dependency assembly - System.ComponentModel.DataAnnotations.dll
Dependency assembly - System.Transactions.dll
Dependency assembly - System.Runtime.Handles.dll
Dependency assembly - System.Security.AccessControl.dll
Dependency assembly - System.Collections.Immutable.dll
Dependency assembly - System.Web.Http.dll
Dependency assembly - System.Security.Claims.dll
Dependency assembly - System.ObjectModel.dll
Dependency assembly - System.Reflection.TypeExtensions.dll
Dependency assembly - System.Diagnostics.Debug.dll
Dependency assembly - System.Reflection.Emit.Lightweight.dll
Dependency assembly - System.Web.Http.WebHost.dll
Dependency assembly - System.Reflection.dll
Dependency assembly - System.ComponentModel.EventBasedAsync.dll
Dependency assembly - System.ComponentModel.Primitives.dll
Dependency assembly - System.IO.FileSystem.dll
Dependency assembly - Microsoft.Web.Infrastructure.dll
Dependency assembly - System.Json.Microsoft.dll
Dependency assembly - System.ServiceModel.Activation.dll
Dependency assembly - System.Net.Security.dll
Dependency assembly - Mono.Messaging.dll
Dependency assembly - System.Data.OracleClient.dll
Dependency assembly - System.dll
Dependency assembly - Commons.Xml.Relaxng.dll
Dependency assembly - System.Net.WebSockets.Client.dll
Dependency assembly - System.AppContext.dll
Dependency assembly - System.Net.Http.WebRequest.dll
Dependency assembly - System.ComponentModel.TypeConverter.dll
Dependency assembly - System.Reflection.Metadata.dll
Dependency assembly - System.Runtime.CompilerServices.VisualC.dll
Dependency assembly - Unity.VisualScripting.DocCodeExamples.dll
Dependency assembly - Microsoft.Win32.Primitives.dll
Dependency assembly - System.Net.Http.Rtc.dll
Dependency assembly - System.Runtime.InteropServices.WindowsRuntime.dll
Dependency assembly - System.Runtime.dll
Dependency assembly - System.Memory.dll
Dependency assembly - System.IdentityModel.dll
Dependency assembly - Mono.Management.dll
Dependency assembly - System.Reflection.Primitives.dll
Dependency assembly - Microsoft.Build.Tasks.v4.0.dll
Dependency assembly - System.Reactive.PlatformServices.dll
Dependency assembly - System.Security.Cryptography.OpenSsl.dll
Dependency assembly - System.ServiceProcess.ServiceController.dll
Dependency assembly - System.Xml.Xsl.Primitives.dll
Dependency assembly - System.Threading.AccessControl.dll
Dependency assembly - System.Net.NetworkInformation.dll
Dependency assembly - System.Reflection.Extensions.dll
Dependency assembly - Unity.UnifiedRayTracing.Runtime.dll
Dependency assembly - SystemWebTestShim.dll
Dependency assembly - System.Collections.Concurrent.dll
Dependency assembly - System.Web.RegularExpressions.dll
Dependency assembly - System.Windows.Forms.DataVisualization.dll
Dependency assembly - System.Net.WebHeaderCollection.dll
Dependency assembly - System.Net.ServicePoint.dll
Dependency assembly - Unity.RenderPipelines.Core.Runtime.Shared.dll
Dependency assembly - System.ComponentModel.Composition.dll
Dependency assembly - System.IO.FileSystem.Watcher.dll
Dependency assembly - Unity.InternalAPIEngineBridge.RenderPipelines.Core.Runtime.Shared.dll
Dependency assembly - Unity.RenderPipelines.Universal.Runtime.dll
Dependency assembly - System.Security.Cryptography.Csp.dll
Dependency assembly - System.Numerics.Vectors.dll
Dependency assembly - System.Collections.NonGeneric.dll
Dependency assembly - System.Reflection.Emit.ILGeneration.dll
Dependency assembly - System.Reactive.Windows.Forms.dll
Dependency assembly - Unity.RenderPipelines.Universal.Shaders.dll
Dependency assembly - System.Security.Cryptography.Encryption.ECDsa.dll
Dependency assembly - System.IO.Compression.ZipFile.dll
Dependency assembly - System.Runtime.InteropServices.RuntimeInformation.dll
Dependency assembly - System.Text.Encoding.dll
Dependency assembly - System.Xml.XDocument.dll
Dependency assembly - Unity.RenderPipelines.ShaderGraph.ShaderGraphLibrary.dll
Dependency assembly - Unity.Burst.Unsafe.dll
Dependency assembly - System.Net.NameResolution.dll
Dependency assembly - System.Net.Http.dll
Dependency assembly - System.Reactive.Experimental.dll
Dependency assembly - System.Reactive.Interfaces.dll
Dependency assembly - System.Web.Extensions.dll
Dependency assembly - System.Web.Services.dll
Dependency assembly - System.Text.Encoding.Extensions.dll
Dependency assembly - WebMatrix.Data.dll
Dependency assembly - System.IO.Pipes.dll
Dependency assembly - System.Security.Principal.Windows.dll
Dependency assembly - System.Runtime.Serialization.Json.dll
Dependency assembly - System.Threading.Timer.dll
Dependency assembly - Mono.Parallel.dll
Dependency assembly - System.Globalization.Calendars.dll
Dependency assembly - System.Net.dll
Dependency assembly - System.Web.Razor.dll
Dependency assembly - System.Threading.Overlapped.dll
Dependency assembly - System.Globalization.dll
Dependency assembly - System.IO.Compression.dll
Dependency assembly - System.Resources.Reader.dll
Dependency assembly - System.Web.ApplicationServices.dll
Dependency assembly - System.Reflection.Emit.dll
Dependency assembly - System.Reactive.Debugger.dll
Dependency assembly - Microsoft.Build.dll
Dependency assembly - System.Messaging.dll
Dependency assembly - System.Reactive.Windows.Threading.dll
Dependency assembly - System.Security.Cryptography.Hashing.Algorithms.dll
Dependency assembly - System.Json.dll
Dependency assembly - System.Web.dll
Dependency assembly - System.Runtime.Loader.dll
Dependency assembly - System.ServiceModel.Duplex.dll
Dependency assembly - System.Threading.Tasks.Parallel.dll
Dependency assembly - Mono.Http.dll
Dependency assembly - Unity.PathTracing.Runtime.dll
Dependency assembly - Unity.SurfaceCache.Runtime.dll
Dependency assembly - cscompmgd.dll
Dependency assembly - System.Data.dll
Dependency assembly - System.Runtime.Serialization.dll
Dependency assembly - System.ServiceModel.NetTcp.dll
Dependency assembly - System.DirectoryServices.Protocols.dll
Dependency assembly - System.Security.Cryptography.Hashing.dll
Dependency assembly - System.Diagnostics.TraceSource.dll
Dependency assembly - System.Web.WebPages.Deployment.dll
Dependency assembly - System.Threading.Tasks.dll
Dependency assembly - System.Design.dll
Dependency assembly - mscorlib.dll
Dependency assembly - netstandard.dll
Dependency assembly - System.ServiceModel.dll
Dependency assembly - System.ServiceModel.Internals.dll
Dependency assembly - System.Data.Common.dll
Dependency assembly - System.Drawing.dll
Dependency assembly - Microsoft.Build.Engine.dll
Dependency assembly - Microsoft.Build.Utilities.v4.0.dll
Dependency assembly - System.Deployment.dll
Dependency assembly - Unity.Multiplayer.Center.Common.dll
Dependency assembly - Mono.Posix.dll
Dependency assembly - System.Runtime.Serialization.Primitives.dll
Dependency assembly - System.Reflection.Context.dll
Dependency assembly - System.Data.Services.Client.dll
Dependency assembly - UnityEngine.UI.dll
Dependency assembly - Mono.Security.dll
Dependency assembly - System.IO.MemoryMappedFiles.dll
Dependency assembly - Microsoft.Extensions.DependencyInjection.Abstractions.dll
Dependency assembly - System.Net.Sockets.dll
Dependency assembly - WindowsBase.dll
Dependency assembly - Microsoft.Extensions.Logging.Abstractions.dll
Dependency assembly - System.Text.Json.dll
Dependency assembly - System.Xaml.dll
Dependency assembly - RabbitMQ.Client.dll
Dependency assembly - System.Runtime.Serialization.Formatters.Soap.dll
Dependency assembly - System.Security.Cryptography.Encryption.ECDiffieHellman.dll
Dependency assembly - System.Runtime.Serialization.Formatters.dll
Dependency assembly - System.Xml.XmlDocument.dll
Dependency assembly - System.Security.Cryptography.Pkcs.dll
Dependency assembly - System.Threading.dll
Dependency assembly - System.Reactive.Observable.Aliases.dll
Dependency assembly - System.Runtime.DurableInstancing.dll
Dependency assembly - System.Web.WebPages.dll
Dependency assembly - System.Windows.dll
Dependency assembly - Unity.Collections.dll
Dependency assembly - System.Xml.XmlSerializer.dll
Dependency assembly - Unity.VisualScripting.State.dll
Dependency assembly - Unity.RenderPipelines.Universal.Config.Runtime.dll
Dependency assembly - System.Diagnostics.Contracts.dll
Dependency assembly - Unity.TextMeshPro.dll
Dependency assembly - System.Web.Http.SelfHost.dll
Dependency assembly - System.Text.RegularExpressions.dll
Dependency assembly - System.Runtime.CompilerServices.Unsafe.dll
Dependency assembly - Mono.Messaging.RabbitMQ.dll
Dependency assembly - System.Configuration.dll
Dependency assembly - System.Reactive.Linq.dll
Dependency assembly - System.Resources.ResourceManager.dll
Dependency assembly - System.Net.Utilities.dll
Dependency assembly - System.ComponentModel.Annotations.dll
Dependency assembly - System.ServiceModel.Security.dll
Dependency assembly - Unity.InputSystem.ForUI.dll
Dependency assembly - System.Data.Linq.dll
Dependency assembly - I18N.dll
Dependency assembly - System.Diagnostics.StackTrace.dll
Dependency assembly - System.Net.Ping.dll
Dependency assembly - System.Reactive.Providers.dll
Dependency assembly - Mono.Cairo.dll
Dependency assembly - System.IdentityModel.Selectors.dll
Dependency assembly - System.Runtime.Serialization.Xml.dll
Dependency assembly - Mono.Simd.dll
Dependency assembly - System.Security.dll
Dependency assembly - System.ServiceProcess.dll
Dependency assembly - System.IO.IsolatedStorage.dll
Dependency assembly - System.IO.dll
Dependency assembly - Microsoft.VisualC.dll
Dependency assembly - System.Diagnostics.FileVersionInfo.dll
Dependency assembly - System.Buffers.dll
Dependency assembly - System.Linq.Queryable.dll
Dependency assembly - System.ServiceModel.Primitives.dll
Dependency assembly - System.Web.WebPages.Razor.dll
Dependency assembly - System.Security.Cryptography.Encoding.dll
Dependency assembly - System.Security.Principal.dll
Dependency assembly - Mono.XBuild.Tasks.dll
Dependency assembly - System.Runtime.Caching.dll
Dependency assembly - System.Runtime.Numerics.dll
Dependency assembly - System.Workflow.ComponentModel.dll
Dependency assembly - System.Xml.XPath.dll
Dependency assembly - System.IO.Compression.FileSystem.dll
Dependency assembly - I18N.Other.dll
Dependency assembly - Unity.Burst.dll
Dependency assembly - System.Xml.Serialization.dll
Dependency assembly - CustomMarshalers.dll
Dependency assembly - System.Configuration.Install.dll
Dependency assembly - System.Net.Http.Formatting.dll
Dependency assembly - System.Diagnostics.Tracing.dll
Dependency assembly - System.IO.FileSystem.Primitives.dll
Dependency assembly - System.Security.Cryptography.ProtectedData.dll
Dependency assembly - ICSharpCode.SharpZipLib.dll
Dependency assembly - System.Workflow.Activities.dll
Dependency assembly - System.Net.Requests.dll
Dependency assembly - System.Xml.XPath.XDocument.dll
Dependency assembly - System.Security.Cryptography.Encryption.Aes.dll
Dependency assembly - I18N.West.dll
Dependency assembly - Mono.WebBrowser.dll
Dependency assembly - System.Threading.Tasks.Dataflow.dll
Dependency assembly - Microsoft.Win32.Registry.dll
Dependency assembly - System.Net.HttpListener.dll
Dependency assembly - System.Diagnostics.TextWriterTraceListener.dll
Dependency assembly - Microsoft.Build.Framework.dll
Dependency assembly - System.IO.FileSystem.AccessControl.dll
Dependency assembly - Mono.Options.dll
Dependency assembly - System.Linq.Parallel.dll
Dependency assembly - Accessibility.dll
Dependency assembly - monodoc.dll
Dependency assembly - System.Text.Encoding.CodePages.dll
Dependency assembly - System.Security.SecureString.dll
Dependency assembly - System.Xml.ReaderWriter.dll
Dependency assembly - System.Threading.Thread.dll
Dependency assembly - Unity.VisualScripting.Flow.dll
Dependency assembly - IBM.Data.DB2.dll
Dependency assembly - Novell.Directory.Ldap.dll
Dependency assembly - System.Security.Cryptography.Algorithms.dll
Dependency assembly - System.ServiceModel.Routing.dll
Dependency assembly - System.Drawing.Primitives.dll
Dependency assembly - System.Data.Services.dll
Dependency assembly - Unity.Collections.LowLevel.ILSupport.dll
Dependency assembly - System.Console.dll
Dependency assembly - System.Linq.Expressions.dll
Dependency assembly - Mono.Profiler.Log.dll
Dependency assembly - System.Net.WebSockets.dll
Dependency assembly - I18N.MidEast.dll
Dependency assembly - System.Reactive.Runtime.Remoting.dll
Dependency assembly - System.Collections.dll
Dependency assembly - System.IO.FileSystem.DriveInfo.dll
Dependency assembly - System.Resources.ReaderWriter.dll
Dependency assembly - System.Security.Cryptography.RSA.dll
Dependency assembly - System.Security.Cryptography.Primitives.dll
Dependency assembly - System.Threading.ThreadPool.dll
Dependency assembly - System.Diagnostics.DiagnosticSource.dll
Dependency assembly - Unity.Mathematics.dll
Dependency assembly - Unity.RenderPipelines.Core.Runtime.dll
Dependency assembly - System.Dynamic.Runtime.dll
Dependency assembly - System.Xml.XPath.XmlDocument.dll
Dependency assembly - Unity.AI.Navigation.dll
Dependency assembly - Unity.RenderPipelines.Universal.2D.Runtime.dll
Dependency assembly - System.DirectoryServices.dll
Dependency assembly - System.Web.Abstractions.dll
Dependency assembly - Mono.C5.dll
Dependency assembly - Mono.Tasklets.dll
Dependency assembly - System.Workflow.Runtime.dll
Dependency assembly - System.Reflection.DispatchProxy.dll
Dependency assembly - Unity.VisualScripting.Core.dll
Dependency assembly - System.Drawing.Design.dll
Dependency assembly - System.Runtime.Remoting.dll
Dependency assembly - Mono.CompilerServices.SymbolWriter.dll
Dependency assembly - DistantLands.Cozy.Runtime.dll
Dependency assembly - System.IO.Hashing.dll
Dependency assembly - System.Security.Cryptography.DeriveBytes.dll
Dependency assembly - System.Security.Cryptography.RandomNumberGenerator.dll
Dependency assembly - System.Net.Primitives.dll
Dependency assembly - Microsoft.Bcl.AsyncInterfaces.dll
Dependency assembly - System.Text.Encodings.Web.dll
Dependency assembly - System.Web.Mobile.dll
Dependency assembly - Unity.VisualScripting.Antlr3.Runtime.dll
Dependency assembly - System.ValueTuple.dll
Dependency assembly - Unity.InputSystem.dll
Dependency assembly - System.Threading.Tasks.Extensions.dll
Dependency assembly - System.Linq.dll
Dependency assembly - System.Security.Cryptography.Encryption.dll
Dependency assembly - System.Web.Mvc.dll
Dependency assembly - PEAPI.dll

Opening scene 'Assets/_Game/Scenes/MainMenu.unity'
Unloading 7 Unused Serialized files (Serialized files now loaded: 0)
Loaded scene 'Assets/_Game/Scenes/MainMenu.unity'
	Deserialize:            9.317 ms
	Integration:            255.654 ms
	Integration of assets:  0.345 ms
	Thread Wait Time:       0.046 ms
	Total Operation Time:   265.362 ms
Unloading 3580 unused Assets / (133.9 MB). Loaded Objects now: 8973.
Memory consumption went from 0.92 GB to 0.79 GB.
Total: 19.153100 ms (FindLiveObjects: 0.786700 ms CreateObjectMapping: 2.041100 ms MarkObjects: 8.478300 ms  DeleteObjects: 7.845900 ms)

Opening scene 'Assets/_Game/Scenes/Arena.unity'
Unloading 486 Unused Serialized files (Serialized files now loaded: 0)
Loaded scene 'Assets/_Game/Scenes/Arena.unity'
	Deserialize:            1.627 ms
	Integration:            421.149 ms
	Integration of assets:  0.008 ms
	Thread Wait Time:       0.034 ms
	Total Operation Time:   422.818 ms
Unloading 1046 unused Assets / (274.8 MB). Loaded Objects now: 14903.
Memory consumption went from 1.20 GB to 0.93 GB.
Total: 20.330400 ms (FindLiveObjects: 1.159500 ms CreateObjectMapping: 2.329000 ms MarkObjects: 7.441300 ms  DeleteObjects: 9.399200 ms)

Unloading 52 Unused Serialized files (Serialized files now loaded: 0)
Unloading 3462 unused Assets / (80.9 MB). Loaded Objects now: 8869.
Memory consumption went from 0.86 GB to 0.79 GB.
Total: 18.715800 ms (FindLiveObjects: 0.713600 ms CreateObjectMapping: 1.918900 ms MarkObjects: 7.213000 ms  DeleteObjects: 8.869200 ms)

Unloading 0 Unused Serialized files (Serialized files now loaded: 0)
Unloading 0 unused Assets / (Unknown). Loaded Objects now: 8869.
Memory consumption went from 0.79 GB to 0.79 GB.
Total: 8.919700 ms (FindLiveObjects: 0.488400 ms CreateObjectMapping: 1.193300 ms MarkObjects: 7.220000 ms  DeleteObjects: 0.017500 ms)

Unloading 1 Unused Serialized files (Serialized files now loaded: 0)
Unloading 160 unused Assets / (77.4 MB). Loaded Objects now: 8869.
Memory consumption went from 0.85 GB to 0.78 GB.
Total: 27.653900 ms (FindLiveObjects: 0.504600 ms CreateObjectMapping: 1.224500 ms MarkObjects: 7.216800 ms  DeleteObjects: 18.707100 ms)

Compiling shader "Hidden/Universal Render Pipeline/Sampling"
  Pass "BoxDownsample" (vp)
    Target graphics API: d3d11
    Full variant space:         1
    After settings filtering:   1
    After built-in stripping:   1
    After scriptable stripping: 1
    Processed in 0.65 seconds
  Pass "BoxDownsample" (fp)
    Target graphics API: d3d11
    Full variant space:         1
    After settings filtering:   1
    After built-in stripping:   1
    After scriptable stripping: 1
    Processed in 0.00 seconds
  Pass BoxDownsample (vp, d3d11) finished in 0.00 seconds. Local cache hits 1 (0.00s CPU time), remote cache hits 0 (0.00s CPU time), compiled 0 variants (0.00s CPU time), skipped 0 variants.
    Prepared data for serialisation in 0.00s
  Pass BoxDownsample (fp, d3d11) finished in 0.00 seconds. Local cache hits 1 (0.00s CPU time), remote cache hits 0 (0.00s CPU time), compiled 0 variants (0.00s CPU time), skipped 0 variants.
    Prepared data for serialisation in 0.00s
Serialized binary data for shader Hidden/Universal Render Pipeline/Sampling in 0.00s
    d3d11 (total internal programs: 2, unique: 2)
Compiling shader "Hidden/Universal Render Pipeline/ScreenSpaceAmbientOcclusion"
  Pass "SSAO_Occlusion" (vp)
    Target graphics API: d3d11
    Full variant space:         1
    After settings filtering:   1
    After built-in stripping:   1
    After scriptable stripping: 1
    Processed in 0.00 seconds
  Pass "SSAO_Occlusion" (fp)
    Target graphics API: d3d11
    Full variant space:         96
    After settings filtering:   2
    After built-in stripping:   2
    After scriptable stripping: 2
    Processed in 0.00 seconds
  Pass "SSAO_Bilateral_HorizontalBlur" (vp)
    Target graphics API: d3d11
    Full variant space:         1
    After settings filtering:   1
    After built-in stripping:   1
    After scriptable stripping: 1
    Processed in 0.00 seconds
  Pass "SSAO_Bilateral_HorizontalBlur" (fp)
    Target graphics API: d3d11
    Full variant space:         1
    After settings filtering:   1
    After built-in stripping:   1
    After scriptable stripping: 1
    Processed in 0.00 seconds
  Pass "SSAO_Bilateral_VerticalBlur" (vp)
    Target graphics API: d3d11
    Full variant space:         1
    After settings filtering:   1
    After built-in stripping:   1
    After scriptable stripping: 1
    Processed in 0.00 seconds
  Pass "SSAO_Bilateral_VerticalBlur" (fp)
    Target graphics API: d3d11
    Full variant space:         1
    After settings filtering:   1
    After built-in stripping:   1
    After scriptable stripping: 1
    Processed in 0.00 seconds
  Pass "SSAO_Bilateral_FinalBlur" (vp)
    Target graphics API: d3d11
    Full variant space:         1
    After settings filtering:   1
    After built-in stripping:   1
    After scriptable stripping: 1
    Processed in 0.00 seconds
  Pass "SSAO_Bilateral_FinalBlur" (fp)
    Target graphics API: d3d11
    Full variant space:         1
    After settings filtering:   1
    After built-in stripping:   1
    After scriptable stripping: 1
    Processed in 0.00 seconds
  Pass "SSAO_Bilateral_FinalBlur_AfterOpaque" (vp)
    Target graphics API: d3d11
    Full variant space:         1
    After settings filtering:   1
    After built-in stripping:   1
    After scriptable stripping: 1
    Processed in 0.03 seconds
  Pass "SSAO_Bilateral_FinalBlur_AfterOpaque" (fp)
    Target graphics API: d3d11
    Full variant space:         1
    After settings filtering:   1
    After built-in stripping:   1
    After scriptable stripping: 1
    Processed in 0.00 seconds
  Pass "SSAO_Gaussian_HorizontalBlur" (vp)
    Target graphics API: d3d11
    Full variant space:         1
    After settings filtering:   1
    After built-in stripping:   1
    After scriptable stripping: 1
    Processed in 0.00 seconds
  Pass "SSAO_Gaussian_HorizontalBlur" (fp)
    Target graphics API: d3d11
    Full variant space:         1
    After settings filtering:   1
    After built-in stripping:   1
    After scriptable stripping: 1
    Processed in 0.00 seconds
  Pass "SSAO_Gaussian_VerticalBlur" (vp)
    Target graphics API: d3d11
    Full variant space:         1
    After settings filtering:   1
    After built-in stripping:   1
    After scriptable stripping: 1
    Processed in 0.00 seconds
  Pass "SSAO_Gaussian_VerticalBlur" (fp)
    Target graphics API: d3d11
    Full variant space:         1
    After settings filtering:   1
    After built-in stripping:   1
    After scriptable stripping: 1
    Processed in 0.00 seconds
  Pass "SSAO_Gaussian_VerticalBlur_AfterOpaque" (vp)
    Target graphics API: d3d11
    Full variant space:         1
    After settings filtering:   1
    After built-in stripping:   1
    After scriptable stripping: 1
    Processed in 0.00 seconds
  Pass "SSAO_Gaussian_VerticalBlur_AfterOpaque" (fp)
    Target graphics API: d3d11
    Full variant space:         1
    After settings filtering:   1
    After built-in stripping:   1
    After scriptable stripping: 1
    Processed in 0.00 seconds
  Pass "SSAO_Kawase" (vp)
    Target graphics API: d3d11
    Full variant space:         1
    After settings filtering:   1
    After built-in stripping:   1
    After scriptable stripping: 1
    Processed in 0.00 seconds
  Pass "SSAO_Kawase" (fp)
    Target graphics API: d3d11
    Full variant space:         1
    After settings filtering:   1
    After built-in stripping:   1
    After scriptable stripping: 1
    Processed in 0.00 seconds
  Pass "SSAO_Kawase_AfterOpaque" (vp)
    Target graphics API: d3d11
    Full variant space:         1
    After settings filtering:   1
    After built-in stripping:   1
    After scriptable stripping: 1
    Processed in 0.00 seconds
  Pass "SSAO_Kawase_AfterOpaque" (fp)
    Target graphics API: d3d11
    Full variant space:         1
    After settings filtering:   1
    After built-in stripping:   1
    After scriptable stripping: 1
    Processed in 0.00 seconds
  Pass SSAO_Occlusion (vp, d3d11) finished in 0.04 seconds. Local cache hits 1 (0.00s CPU time), remote cache hits 0 (0.00s CPU time), compiled 0 variants (0.00s CPU time), skipped 0 variants.
    Prepared data for serialisation in 0.00s
  Pass SSAO_Occlusion (fp, d3d11) finished in 0.04 seconds. Local cache hits 2 (0.00s CPU time), remote cache hits 0 (0.00s CPU time), compiled 0 variants (0.00s CPU time), skipped 0 variants.
    Prepared data for serialisation in 0.00s
  Pass SSAO_Bilateral_HorizontalBlur (vp, d3d11) finished in 0.04 seconds. Local cache hits 1 (0.00s CPU time), remote cache hits 0 (0.00s CPU time), compiled 0 variants (0.00s CPU time), skipped 0 variants.
    Prepared data for serialisation in 0.00s
  Pass SSAO_Bilateral_HorizontalBlur (fp, d3d11) finished in 0.04 seconds. Local cache hits 1 (0.00s CPU time), remote cache hits 0 (0.00s CPU time), compiled 0 variants (0.00s CPU time), skipped 0 variants.
    Prepared data for serialisation in 0.00s
  Pass SSAO_Bilateral_VerticalBlur (vp, d3d11) finished in 0.04 seconds. Local cache hits 1 (0.00s CPU time), remote cache hits 0 (0.00s CPU time), compiled 0 variants (0.00s CPU time), skipped 0 variants.
    Prepared data for serialisation in 0.00s
  Pass SSAO_Bilateral_VerticalBlur (fp, d3d11) finished in 0.04 seconds. Local cache hits 1 (0.00s CPU time), remote cache hits 0 (0.00s CPU time), compiled 0 variants (0.00s CPU time), skipped 0 variants.
    Prepared data for serialisation in 0.00s
  Pass SSAO_Bilateral_FinalBlur (vp, d3d11) finished in 0.04 seconds. Local cache hits 1 (0.00s CPU time), remote cache hits 0 (0.00s CPU time), compiled 0 variants (0.00s CPU time), skipped 0 variants.
    Prepared data for serialisation in 0.00s
  Pass SSAO_Bilateral_FinalBlur (fp, d3d11) finished in 0.04 seconds. Local cache hits 1 (0.00s CPU time), remote cache hits 0 (0.00s CPU time), compiled 0 variants (0.00s CPU time), skipped 0 variants.
    Prepared data for serialisation in 0.00s
  Pass SSAO_Bilateral_FinalBlur_AfterOpaque (vp, d3d11) finished in 0.01 seconds. Local cache hits 1 (0.00s CPU time), remote cache hits 0 (0.00s CPU time), compiled 0 variants (0.00s CPU time), skipped 0 variants.
    Prepared data for serialisation in 0.00s
  Pass SSAO_Bilateral_FinalBlur_AfterOpaque (fp, d3d11) finished in 0.00 seconds. Local cache hits 1 (0.00s CPU time), remote cache hits 0 (0.00s CPU time), compiled 0 variants (0.00s CPU time), skipped 0 variants.
    Prepared data for serialisation in 0.00s
  Pass SSAO_Gaussian_HorizontalBlur (vp, d3d11) finished in 0.00 seconds. Local cache hits 1 (0.00s CPU time), remote cache hits 0 (0.00s CPU time), compiled 0 variants (0.00s CPU time), skipped 0 variants.
    Prepared data for serialisation in 0.00s
  Pass SSAO_Gaussian_HorizontalBlur (fp, d3d11) finished in 0.00 seconds. Local cache hits 1 (0.00s CPU time), remote cache hits 0 (0.00s CPU time), compiled 0 variants (0.00s CPU time), skipped 0 variants.
    Prepared data for serialisation in 0.00s
  Pass SSAO_Gaussian_VerticalBlur (vp, d3d11) finished in 0.00 seconds. Local cache hits 1 (0.00s CPU time), remote cache hits 0 (0.00s CPU time), compiled 0 variants (0.00s CPU time), skipped 0 variants.
    Prepared data for serialisation in 0.00s
  Pass SSAO_Gaussian_VerticalBlur (fp, d3d11) finished in 0.00 seconds. Local cache hits 1 (0.00s CPU time), remote cache hits 0 (0.00s CPU time), compiled 0 variants (0.00s CPU time), skipped 0 variants.
    Prepared data for serialisation in 0.00s
  Pass SSAO_Gaussian_VerticalBlur_AfterOpaque (vp, d3d11) finished in 0.00 seconds. Local cache hits 1 (0.00s CPU time), remote cache hits 0 (0.00s CPU time), compiled 0 variants (0.00s CPU time), skipped 0 variants.
    Prepared data for serialisation in 0.00s
  Pass SSAO_Gaussian_VerticalBlur_AfterOpaque (fp, d3d11) finished in 0.00 seconds. Local cache hits 1 (0.00s CPU time), remote cache hits 0 (0.00s CPU time), compiled 0 variants (0.00s CPU time), skipped 0 variants.
    Prepared data for serialisation in 0.00s
  Pass SSAO_Kawase (vp, d3d11) finished in 0.00 seconds. Local cache hits 1 (0.00s CPU time), remote cache hits 0 (0.00s CPU time), compiled 0 variants (0.00s CPU time), skipped 0 variants.
    Prepared data for serialisation in 0.00s
  Pass SSAO_Kawase (fp, d3d11) finished in 0.00 seconds. Local cache hits 1 (0.00s CPU time), remote cache hits 0 (0.00s CPU time), compiled 0 variants (0.00s CPU time), skipped 0 variants.
    Prepared data for serialisation in 0.00s
  Pass SSAO_Kawase_AfterOpaque (vp, d3d11) finished in 0.00 seconds. Local cache hits 1 (0.00s CPU time), remote cache hits 0 (0.00s CPU time), compiled 0 variants (0.00s CPU time), skipped 0 variants.
    Prepared data for serialisation in 0.00s
  Pass SSAO_Kawase_AfterOpaque (fp, d3d11) finished in 0.00 seconds. Local cache hits 1 (0.00s CPU time), remote cache hits 0 (0.00s CPU time), compiled 0 variants (0.00s CPU time), skipped 0 variants.
    Prepared data for serialisation in 0.00s
Serialized binary data for shader Hidden/Universal Render Pipeline/ScreenSpaceAmbientOcclusion in 0.00s
    d3d11 (total internal programs: 21, unique: 12)
Compiling shader "Hidden/Universal Render Pipeline/Stop NaN"
  Pass "Stop NaN" (vp)
    Target graphics API: d3d11
    Full variant space:         1
    After settings filtering:   1
    After built-in stripping:   1
    After scriptable stripping: 1
    Processed in 0.00 seconds
  Pass "Stop NaN" (fp)
    Target graphics API: d3d11
    Full variant space:         1
    After settings filtering:   1
    After built-in stripping:   1
    After scriptable stripping: 1
    Processed in 0.00 seconds
  Pass Stop NaN (vp, d3d11) finished in 0.00 seconds. Local cache hits 1 (0.00s CPU time), remote cache hits 0 (0.00s CPU time), compiled 0 variants (0.00s CPU time), skipped 0 variants.
    Prepared data for serialisation in 0.00s
  Pass Stop NaN (fp, d3d11) finished in 0.00 seconds. Local cache hits 1 (0.00s CPU time), remote cache hits 0 (0.00s CPU time), compiled 0 variants (0.00s CPU time), skipped 0 variants.
    Prepared data for serialisation in 0.00s
Serialized binary data for shader Hidden/Universal Render Pipeline/Stop NaN in 0.00s
    d3d11 (total internal programs: 2, unique: 2)
Compiling shader "Hidden/CoreSRP/CoreCopy"
  Pass "Copy" (vp)
    Target graphics API: d3d11
    Full variant space:         1
    After settings filtering:   1
    After built-in stripping:   1
    After scriptable stripping: 1
    Processed in 0.00 seconds
  Pass "Copy" (fp)
    Target graphics API: d3d11
    Full variant space:         2
    After settings filtering:   2
    After built-in stripping:   2
    After scriptable stripping: 2
    Processed in 0.00 seconds
  Pass "CopyMS" (vp)
    Target graphics API: d3d11
    Full variant space:         1
    After settings filtering:   1
    After built-in stripping:   1
    After scriptable stripping: 1
    Processed in 0.00 seconds
  Pass "CopyMS" (fp)
    Target graphics API: d3d11
    Full variant space:         2
    After settings filtering:   2
    After built-in stripping:   2
    After scriptable stripping: 2
    Processed in 0.00 seconds
  Pass "Copy" (vp)
    Target graphics API: d3d11
    Full variant space:         1
    After settings filtering:   1
    After built-in stripping:   1
    After scriptable stripping: 1
    Processed in 0.00 seconds
  Pass "Copy" (fp)
    Target graphics API: d3d11
    Full variant space:         2
    After settings filtering:   2
    After built-in stripping:   2
    After scriptable stripping: 2
    Processed in 0.00 seconds
  Pass Copy (vp, d3d11) finished in 0.00 seconds. Local cache hits 1 (0.00s CPU time), remote cache hits 0 (0.00s CPU time), compiled 0 variants (0.00s CPU time), skipped 0 variants.
    Prepared data for serialisation in 0.00s
  Pass Copy (fp, d3d11) finished in 0.00 seconds. Local cache hits 2 (0.00s CPU time), remote cache hits 0 (0.00s CPU time), compiled 0 variants (0.00s CPU time), skipped 0 variants.
    Prepared data for serialisation in 0.00s
  Pass CopyMS (vp, d3d11) finished in 0.00 seconds. Local cache hits 1 (0.00s CPU time), remote cache hits 0 (0.00s CPU time), compiled 0 variants (0.00s CPU time), skipped 0 variants.
    Prepared data for serialisation in 0.00s
  Pass CopyMS (fp, d3d11) finished in 0.00 seconds. Local cache hits 2 (0.00s CPU time), remote cache hits 0 (0.00s CPU time), compiled 0 variants (0.00s CPU time), skipped 0 variants.
    Prepared data for serialisation in 0.00s
  Pass Copy (vp, d3d11) finished in 0.00 seconds. Local cache hits 1 (0.00s CPU time), remote cache hits 0 (0.00s CPU time), compiled 0 variants (0.00s CPU time), skipped 0 variants.
    Prepared data for serialisation in 0.00s
  Pass Copy (fp, d3d11) finished in 0.00 seconds. Local cache hits 2 (0.00s CPU time), remote cache hits 0 (0.00s CPU time), compiled 0 variants (0.00s CPU time), skipped 0 variants.
    Prepared data for serialisation in 0.00s
Serialized binary data for shader Hidden/CoreSRP/CoreCopy in 0.00s
    d3d11 (total internal programs: 9, unique: 6)
Compiling shader "Hidden/Universal Render Pipeline/CameraMotionBlur"
  Pass "Camera Motion Blur - Low Quality" (vp)
    Target graphics API: d3d11
    Full variant space:         1
    After settings filtering:   1
    After built-in stripping:   1
    After scriptable stripping: 1
    Processed in 0.00 seconds
  Pass "Camera Motion Blur - Low Quality" (fp)
    Target graphics API: d3d11
    Full variant space:         2
    After settings filtering:   1
    After built-in stripping:   1
    After scriptable stripping: 1
    Processed in 0.00 seconds
  Pass "Camera Motion Blur - Medium Quality" (vp)
    Target graphics API: d3d11
    Full variant space:         1
    After settings filtering:   1
    After built-in stripping:   1
    After scriptable stripping: 1
    Processed in 0.00 seconds
  Pass "Camera Motion Blur - Medium Quality" (fp)
    Target graphics API: d3d11
    Full variant space:         2
    After settings filtering:   1
    After built-in stripping:   1
    After scriptable stripping: 1
    Processed in 0.00 seconds
  Pass "Camera Motion Blur - High Quality" (vp)
    Target graphics API: d3d11
    Full variant space:         1
    After settings filtering:   1
    After built-in stripping:   1
    After scriptable stripping: 1
    Processed in 0.00 seconds
  Pass "Camera Motion Blur - High Quality" (fp)
    Target graphics API: d3d11
    Full variant space:         2
    After settings filtering:   1
    After built-in stripping:   1
    After scriptable stripping: 1
    Processed in 0.00 seconds
  Pass "Camera And Object Motion Blur - Low Quality" (vp)
    Target graphics API: d3d11
    Full variant space:         1
    After settings filtering:   1
    After built-in stripping:   1
    After scriptable stripping: 1
    Processed in 0.00 seconds
  Pass "Camera And Object Motion Blur - Low Quality" (fp)
    Target graphics API: d3d11
    Full variant space:         2
    After settings filtering:   1
    After built-in stripping:   1
    After scriptable stripping: 1
    Processed in 0.00 seconds
  Pass "Camera And Object Motion Blur - Medium Quality" (vp)
    Target graphics API: d3d11
    Full variant space:         1
    After settings filtering:   1
    After built-in stripping:   1
    After scriptable stripping: 1
    Processed in 0.00 seconds
  Pass "Camera And Object Motion Blur - Medium Quality" (fp)
    Target graphics API: d3d11
    Full variant space:         2
    After settings filtering:   1
    After built-in stripping:   1
    After scriptable stripping: 1
    Processed in 0.00 seconds
  Pass "Camera And Object Motion Blur - High Quality" (vp)
    Target graphics API: d3d11
    Full variant space:         1
    After settings filtering:   1
    After built-in stripping:   1
    After scriptable stripping: 1
    Processed in 0.00 seconds
  Pass "Camera And Object Motion Blur - High Quality" (fp)
    Target graphics API: d3d11
    Full variant space:         2
    After settings filtering:   1
    After built-in stripping:   1
    After scriptable stripping: 1
    Processed in 0.00 seconds
  Pass Camera Motion Blur - Low Quality (vp, d3d11) finished in 0.00 seconds. Local cache hits 1 (0.00s CPU time), remote cache hits 0 (0.00s CPU time), compiled 0 variants (0.00s CPU time), skipped 0 variants.
    Prepared data for serialisation in 0.00s
  Pass Camera Motion Blur - Low Quality (fp, d3d11) finished in 0.00 seconds. Local cache hits 1 (0.00s CPU time), remote cache hits 0 (0.00s CPU time), compiled 0 variants (0.00s CPU time), skipped 0 variants.
    Prepared data for serialisation in 0.00s
  Pass Camera Motion Blur - Medium Quality (vp, d3d11) finished in 0.00 seconds. Local cache hits 1 (0.00s CPU time), remote cache hits 0 (0.00s CPU time), compiled 0 variants (0.00s CPU time), skipped 0 variants.
    Prepared data for serialisation in 0.00s
  Pass Camera Motion Blur - Medium Quality (fp, d3d11) finished in 0.00 seconds. Local cache hits 1 (0.00s CPU time), remote cache hits 0 (0.00s CPU time), compiled 0 variants (0.00s CPU time), skipped 0 variants.
    Prepared data for serialisation in 0.00s
  Pass Camera Motion Blur - High Quality (vp, d3d11) finished in 0.00 seconds. Local cache hits 1 (0.00s CPU time), remote cache hits 0 (0.00s CPU time), compiled 0 variants (0.00s CPU time), skipped 0 variants.
    Prepared data for serialisation in 0.00s
  Pass Camera Motion Blur - High Quality (fp, d3d11) finished in 0.00 seconds. Local cache hits 1 (0.00s CPU time), remote cache hits 0 (0.00s CPU time), compiled 0 variants (0.00s CPU time), skipped 0 variants.
    Prepared data for serialisation in 0.00s
  Pass Camera And Object Motion Blur - Low Quality (vp, d3d11) finished in 0.00 seconds. Local cache hits 1 (0.00s CPU time), remote cache hits 0 (0.00s CPU time), compiled 0 variants (0.00s CPU time), skipped 0 variants.
    Prepared data for serialisation in 0.00s
  Pass Camera And Object Motion Blur - Low Quality (fp, d3d11) finished in 0.00 seconds. Local cache hits 1 (0.00s CPU time), remote cache hits 0 (0.00s CPU time), compiled 0 variants (0.00s CPU time), skipped 0 variants.
    Prepared data for serialisation in 0.00s
  Pass Camera And Object Motion Blur - Medium Quality (vp, d3d11) finished in 0.00 seconds. Local cache hits 1 (0.00s CPU time), remote cache hits 0 (0.00s CPU time), compiled 0 variants (0.00s CPU time), skipped 0 variants.
    Prepared data for serialisation in 0.00s
  Pass Camera And Object Motion Blur - Medium Quality (fp, d3d11) finished in 0.00 seconds. Local cache hits 1 (0.00s CPU time), remote cache hits 0 (0.00s CPU time), compiled 0 variants (0.00s CPU time), skipped 0 variants.
    Prepared data for serialisation in 0.00s
  Pass Camera And Object Motion Blur - High Quality (vp, d3d11) finished in 0.00 seconds. Local cache hits 1 (0.00s CPU time), remote cache hits 0 (0.00s CPU time), compiled 0 variants (0.00s CPU time), skipped 0 variants.
    Prepared data for serialisation in 0.00s
  Pass Camera And Object Motion Blur - High Quality (fp, d3d11) finished in 0.00 seconds. Local cache hits 1 (0.00s CPU time), remote cache hits 0 (0.00s CPU time), compiled 0 variants (0.00s CPU time), skipped 0 variants.
    Prepared data for serialisation in 0.00s
Serialized binary data for shader Hidden/Universal Render Pipeline/CameraMotionBlur in 0.00s
    d3d11 (total internal programs: 12, unique: 7)
Compiling shader "Hidden/Universal Render Pipeline/ClusterDeferred"
  Pass "Deferred Clustered Lights (Lit)" (vp)
    Target graphics API: d3d11
    Full variant space:         2
    After settings filtering:   1
    After built-in stripping:   1
    After scriptable stripping: 0
    Processed in 0.00 seconds
  Pass "Deferred Clustered Lights (Lit)" (fp)
    Target graphics API: d3d11
    Full variant space:         10.240
    After settings filtering:   32
    After built-in stripping:   8
    After scriptable stripping: 0
    Processed in 0.00 seconds
  Pass "Deferred Clustered Lights (SimpleLit)" (vp)
    Target graphics API: d3d11
    Full variant space:         2
    After settings filtering:   1
    After built-in stripping:   1
    After scriptable stripping: 0
    Processed in 0.00 seconds
  Pass "Deferred Clustered Lights (SimpleLit)" (fp)
    Target graphics API: d3d11
    Full variant space:         10.240
    After settings filtering:   32
    After built-in stripping:   8
    After scriptable stripping: 0
    Processed in 0.00 seconds
  Pass "Fog" (vp)
    Target graphics API: d3d11
    Full variant space:         4
    After settings filtering:   4
    After built-in stripping:   1
    After scriptable stripping: 0
    Processed in 0.00 seconds
  Pass "Fog" (fp)
    Target graphics API: d3d11
    Full variant space:         8
    After settings filtering:   4
    After built-in stripping:   1
    After scriptable stripping: 0
    Processed in 0.00 seconds
Serialized binary data for shader Hidden/Universal Render Pipeline/ClusterDeferred in 0.00s
    d3d11 (total internal programs: 0, unique: 0)
Compiling shader "Hidden/TerrainEngine/Details/UniversalPipeline/BillboardWavingDoublePass"
  Pass "ForwardLit" (vp)
    Target graphics API: d3d11
    Full variant space:         3.072
    After settings filtering:   256
    After built-in stripping:   2
    After scriptable stripping: 2
    Processed in 0.00 seconds
  Pass "ForwardLit" (fp)
    Target graphics API: d3d11
    Full variant space:         491.520
    After settings filtering:   512
    After built-in stripping:   4
    After scriptable stripping: 4
    Processed in 0.00 seconds
  Pass "GBuffer" (vp)
    Target graphics API: d3d11
    Full variant space:         32
    After settings filtering:   16
    After built-in stripping:   2
    After scriptable stripping: 0
    Processed in 0.00 seconds
  Pass "GBuffer" (fp)
    Target graphics API: d3d11
    Full variant space:         1.280
    After settings filtering:   32
    After built-in stripping:   4
    After scriptable stripping: 0
    Processed in 0.00 seconds
  Pass "DepthOnly" (vp)
    Target graphics API: d3d11
    Full variant space:         2
    After settings filtering:   2
    After built-in stripping:   1
    After scriptable stripping: 1
    Processed in 0.00 seconds
  Pass "DepthOnly" (fp)
    Target graphics API: d3d11
    Full variant space:         2
    After settings filtering:   2
    After built-in stripping:   1
    After scriptable stripping: 1
    Processed in 0.00 seconds
  Pass "DepthNormals" (vp)
    Target graphics API: d3d11
    Full variant space:         2
    After settings filtering:   2
    After built-in stripping:   1
    After scriptable stripping: 1
    Processed in 0.00 seconds
  Pass "DepthNormals" (fp)
    Target graphics API: d3d11
    Full variant space:         2
    After settings filtering:   2
    After built-in stripping:   1
    After scriptable stripping: 1
    Processed in 0.00 seconds
  Pass ForwardLit (vp, d3d11) finished in 0.00 seconds. Local cache hits 2 (0.00s CPU time), remote cache hits 0 (0.00s CPU time), compiled 0 variants (0.00s CPU time), skipped 0 variants.
    Prepared data for serialisation in 0.00s
  Pass ForwardLit (fp, d3d11) finished in 0.00 seconds. Local cache hits 4 (0.00s CPU time), remote cache hits 0 (0.00s CPU time), compiled 0 variants (0.00s CPU time), skipped 0 variants.
    Prepared data for serialisation in 0.00s
  Pass DepthOnly (vp, d3d11) finished in 0.00 seconds. Local cache hits 1 (0.00s CPU time), remote cache hits 0 (0.00s CPU time), compiled 0 variants (0.00s CPU time), skipped 0 variants.
    Prepared data for serialisation in 0.00s
  Pass DepthOnly (fp, d3d11) finished in 0.00 seconds. Local cache hits 1 (0.00s CPU time), remote cache hits 0 (0.00s CPU time), compiled 0 variants (0.00s CPU time), skipped 0 variants.
    Prepared data for serialisation in 0.00s
  Pass DepthNormals (vp, d3d11) finished in 0.00 seconds. Local cache hits 1 (0.00s CPU time), remote cache hits 0 (0.00s CPU time), compiled 0 variants (0.00s CPU time), skipped 0 variants.
    Prepared data for serialisation in 0.00s
  Pass DepthNormals (fp, d3d11) finished in 0.00 seconds. Local cache hits 1 (0.00s CPU time), remote cache hits 0 (0.00s CPU time), compiled 0 variants (0.00s CPU time), skipped 0 variants.
    Prepared data for serialisation in 0.00s
Serialized binary data for shader Hidden/TerrainEngine/Details/UniversalPipeline/BillboardWavingDoublePass in 0.00s
    d3d11 (total internal programs: 10, unique: 10)
Compiling shader "Hidden/Universal Render Pipeline/BokehDepthOfField"
  Pass "Bokeh Depth Of Field CoC" (vp)
    Target graphics API: d3d11
    Full variant space:         1
    After settings filtering:   1
    After built-in stripping:   1
    After scriptable stripping: 1
    Processed in 0.00 seconds
  Pass "Bokeh Depth Of Field CoC" (fp)
    Target graphics API: d3d11
    Full variant space:         2
    After settings filtering:   1
    After built-in stripping:   1
    After scriptable stripping: 1
    Processed in 0.00 seconds
  Pass "Bokeh Depth Of Field Prefilter" (vp)
    Target graphics API: d3d11
    Full variant space:         1
    After settings filtering:   1
    After built-in stripping:   1
    After scriptable stripping: 1
    Processed in 0.00 seconds
  Pass "Bokeh Depth Of Field Prefilter" (fp)
    Target graphics API: d3d11
    Full variant space:         2
    After settings filtering:   1
    After built-in stripping:   1
    After scriptable stripping: 1
    Processed in 0.00 seconds
  Pass "Bokeh Depth Of Field Blur" (vp)
    Target graphics API: d3d11
    Full variant space:         1
    After settings filtering:   1
    After built-in stripping:   1
    After scriptable stripping: 1
    Processed in 0.00 seconds
  Pass "Bokeh Depth Of Field Blur" (fp)
    Target graphics API: d3d11
    Full variant space:         2
    After settings filtering:   1
    After built-in stripping:   1
    After scriptable stripping: 1
    Processed in 0.00 seconds
  Pass "Bokeh Depth Of Field Post Blur" (vp)
    Target graphics API: d3d11
    Full variant space:         1
    After settings filtering:   1
    After built-in stripping:   1
    After scriptable stripping: 1
    Processed in 0.00 seconds
  Pass "Bokeh Depth Of Field Post Blur" (fp)
    Target graphics API: d3d11
    Full variant space:         2
    After settings filtering:   1
    After built-in stripping:   1
    After scriptable stripping: 1
    Processed in 0.00 seconds
  Pass "Bokeh Depth Of Field Composite" (vp)
    Target graphics API: d3d11
    Full variant space:         1
    After settings filtering:   1
    After built-in stripping:   1
    After scriptable stripping: 1
    Processed in 0.00 seconds
  Pass "Bokeh Depth Of Field Composite" (fp)
    Target graphics API: d3d11
    Full variant space:         4
    After settings filtering:   1
    After built-in stripping:   1
    After scriptable stripping: 1
    Processed in 0.00 seconds
  Pass "Bokeh Depth Of Field CoC" (vp)
    Target graphics API: d3d11
    Full variant space:         1
    After settings filtering:   1
    After built-in stripping:   1
    After scriptable stripping: 1
    Processed in 0.00 seconds
  Pass "Bokeh Depth Of Field CoC" (fp)
    Target graphics API: d3d11
    Full variant space:         2
    After settings filtering:   1
    After built-in stripping:   1
    After scriptable stripping: 1
    Processed in 0.00 seconds
  Pass "Bokeh Depth Of Field Prefilter" (vp)
    Target graphics API: d3d11
    Full variant space:         1
    After settings filtering:   1
    After built-in stripping:   1
    After scriptable stripping: 1
    Processed in 0.00 seconds
  Pass "Bokeh Depth Of Field Prefilter" (fp)
    Target graphics API: d3d11
    Full variant space:         2
    After settings filtering:   1
    After built-in stripping:   1
    After scriptable stripping: 1
    Processed in 0.00 seconds
  Pass "Bokeh Depth Of Field Blur" (vp)
    Target graphics API: d3d11
    Full variant space:         1
    After settings filtering:   1
    After built-in stripping:   1
    After scriptable stripping: 1
    Processed in 0.00 seconds
  Pass "Bokeh Depth Of Field Blur" (fp)
    Target graphics API: d3d11
    Full variant space:         2
    After settings filtering:   1
    After built-in stripping:   1
    After scriptable stripping: 1
    Processed in 0.00 seconds
  Pass "Bokeh Depth Of Field Post Blur" (vp)
    Target graphics API: d3d11
    Full variant space:         1
    After settings filtering:   1
    After built-in stripping:   1
    After scriptable stripping: 1
    Processed in 0.00 seconds
  Pass "Bokeh Depth Of Field Post Blur" (fp)
    Target graphics API: d3d11
    Full variant space:         2
    After settings filtering:   1
    After built-in stripping:   1
    After scriptable stripping: 1
    Processed in 0.00 seconds
  Pass "Bokeh Depth Of Field Composite" (vp)
    Target graphics API: d3d11
    Full variant space:         1
    After settings filtering:   1
    After built-in stripping:   1
    After scriptable stripping: 1
    Processed in 0.00 seconds
  Pass "Bokeh Depth Of Field Composite" (fp)
    Target graphics API: d3d11
    Full variant space:         4
    After settings filtering:   1
    After built-in stripping:   1
    After scriptable stripping: 1
    Processed in 0.00 seconds
  Pass Bokeh Depth Of Field CoC (vp, d3d11) finished in 0.01 seconds. Local cache hits 1 (0.00s CPU time), remote cache hits 0 (0.00s CPU time), compiled 0 variants (0.00s CPU time), skipped 0 variants.
    Prepared data for serialisation in 0.00s
  Pass Bokeh Depth Of Field CoC (fp, d3d11) finished in 0.01 seconds. Local cache hits 1 (0.00s CPU time), remote cache hits 0 (0.00s CPU time), compiled 0 variants (0.00s CPU time), skipped 0 variants.
    Prepared data for serialisation in 0.00s
  Pass Bokeh Depth Of Field Prefilter (vp, d3d11) finished in 0.01 seconds. Local cache hits 1 (0.00s CPU time), remote cache hits 0 (0.00s CPU time), compiled 0 variants (0.00s CPU time), skipped 0 variants.
    Prepared data for serialisation in 0.00s
  Pass Bokeh Depth Of Field Prefilter (fp, d3d11) finished in 0.01 seconds. Local cache hits 1 (0.00s CPU time), remote cache hits 0 (0.00s CPU time), compiled 0 variants (0.00s CPU time), skipped 0 variants.
    Prepared data for serialisation in 0.00s
  Pass Bokeh Depth Of Field Blur (vp, d3d11) finished in 0.01 seconds. Local cache hits 1 (0.00s CPU time), remote cache hits 0 (0.00s CPU time), compiled 0 variants (0.00s CPU time), skipped 0 variants.
    Prepared data for serialisation in 0.00s
  Pass Bokeh Depth Of Field Blur (fp, d3d11) finished in 0.01 seconds. Local cache hits 1 (0.00s CPU time), remote cache hits 0 (0.00s CPU time), compiled 0 variants (0.00s CPU time), skipped 0 variants.
    Prepared data for serialisation in 0.00s
  Pass Bokeh Depth Of Field Post Blur (vp, d3d11) finished in 0.01 seconds. Local cache hits 1 (0.00s CPU time), remote cache hits 0 (0.00s CPU time), compiled 0 variants (0.00s CPU time), skipped 0 variants.
    Prepared data for serialisation in 0.00s
  Pass Bokeh Depth Of Field Post Blur (fp, d3d11) finished in 0.01 seconds. Local cache hits 1 (0.00s CPU time), remote cache hits 0 (0.00s CPU time), compiled 0 variants (0.00s CPU time), skipped 0 variants.
    Prepared data for serialisation in 0.00s
  Pass Bokeh Depth Of Field Composite (vp, d3d11) finished in 0.01 seconds. Local cache hits 1 (0.00s CPU time), remote cache hits 0 (0.00s CPU time), compiled 0 variants (0.00s CPU time), skipped 0 variants.
    Prepared data for serialisation in 0.00s
  Pass Bokeh Depth Of Field Composite (fp, d3d11) finished in 0.00 seconds. Local cache hits 1 (0.00s CPU time), remote cache hits 0 (0.00s CPU time), compiled 0 variants (0.00s CPU time), skipped 0 variants.
    Prepared data for serialisation in 0.00s
  Pass Bokeh Depth Of Field CoC (vp, d3d11) finished in 0.00 seconds. Local cache hits 1 (0.00s CPU time), remote cache hits 0 (0.00s CPU time), compiled 0 variants (0.00s CPU time), skipped 0 variants.
    Prepared data for serialisation in 0.00s
  Pass Bokeh Depth Of Field CoC (fp, d3d11) finished in 0.00 seconds. Local cache hits 1 (0.00s CPU time), remote cache hits 0 (0.00s CPU time), compiled 0 variants (0.00s CPU time), skipped 0 variants.
    Prepared data for serialisation in 0.00s
  Pass Bokeh Depth Of Field Prefilter (vp, d3d11) finished in 0.00 seconds. Local cache hits 1 (0.00s CPU time), remote cache hits 0 (0.00s CPU time), compiled 0 variants (0.00s CPU time), skipped 0 variants.
    Prepared data for serialisation in 0.00s
  Pass Bokeh Depth Of Field Prefilter (fp, d3d11) finished in 0.00 seconds. Local cache hits 1 (0.00s CPU time), remote cache hits 0 (0.00s CPU time), compiled 0 variants (0.00s CPU time), skipped 0 variants.
    Prepared data for serialisation in 0.00s
  Pass Bokeh Depth Of Field Blur (vp, d3d11) finished in 0.00 seconds. Local cache hits 1 (0.00s CPU time), remote cache hits 0 (0.00s CPU time), compiled 0 variants (0.00s CPU time), skipped 0 variants.
    Prepared data for serialisation in 0.00s
  Pass Bokeh Depth Of Field Blur (fp, d3d11) finished in 0.00 seconds. Local cache hits 1 (0.00s CPU time), remote cache hits 0 (0.00s CPU time), compiled 0 variants (0.00s CPU time), skipped 0 variants.
    Prepared data for serialisation in 0.00s
  Pass Bokeh Depth Of Field Post Blur (vp, d3d11) finished in 0.00 seconds. Local cache hits 1 (0.00s CPU time), remote cache hits 0 (0.00s CPU time), compiled 0 variants (0.00s CPU time), skipped 0 variants.
    Prepared data for serialisation in 0.00s
  Pass Bokeh Depth Of Field Post Blur (fp, d3d11) finished in 0.00 seconds. Local cache hits 1 (0.00s CPU time), remote cache hits 0 (0.00s CPU time), compiled 0 variants (0.00s CPU time), skipped 0 variants.
    Prepared data for serialisation in 0.00s
  Pass Bokeh Depth Of Field Composite (vp, d3d11) finished in 0.00 seconds. Local cache hits 1 (0.00s CPU time), remote cache hits 0 (0.00s CPU time), compiled 0 variants (0.00s CPU time), skipped 0 variants.
    Prepared data for serialisation in 0.00s
  Pass Bokeh Depth Of Field Composite (fp, d3d11) finished in 0.00 seconds. Local cache hits 1 (0.00s CPU time), remote cache hits 0 (0.00s CPU time), compiled 0 variants (0.00s CPU time), skipped 0 variants.
    Prepared data for serialisation in 0.00s
Serialized binary data for shader Hidden/Universal Render Pipeline/BokehDepthOfField in 0.00s
    d3d11 (total internal programs: 20, unique: 12)
Compiling shader "Hidden/Core/FallbackError"
  Pass "" (vp)
    Target graphics API: d3d11
    Full variant space:         3
    After settings filtering:   3
    After built-in stripping:   1
    After scriptable stripping: 1
    Processed in 0.00 seconds
  Pass "" (fp)
    Target graphics API: d3d11
    Full variant space:         3
    After settings filtering:   3
    After built-in stripping:   1
    After scriptable stripping: 1
    Processed in 0.00 seconds
  Pass  (vp, d3d11) finished in 0.00 seconds. Local cache hits 1 (0.00s CPU time), remote cache hits 0 (0.00s CPU time), compiled 0 variants (0.00s CPU time), skipped 0 variants.
    Prepared data for serialisation in 0.00s
  Pass  (fp, d3d11) finished in 0.00 seconds. Local cache hits 1 (0.00s CPU time), remote cache hits 0 (0.00s CPU time), compiled 0 variants (0.00s CPU time), skipped 0 variants.
    Prepared data for serialisation in 0.00s
Serialized binary data for shader Hidden/Core/FallbackError in 0.00s
    d3d11 (total internal programs: 2, unique: 2)
Compiling shader "Hidden/Universal Render Pipeline/XR/XROcclusionMesh"
  Pass "" (vp)
    Target graphics API: d3d11
    Full variant space:         2
    After settings filtering:   1
    After built-in stripping:   1
    After scriptable stripping: 0
    Processed in 0.00 seconds
  Pass "" (fp)
    Target graphics API: d3d11
    Full variant space:         2
    After settings filtering:   1
    After built-in stripping:   1
    After scriptable stripping: 0
    Processed in 0.00 seconds
Serialized binary data for shader Hidden/Universal Render Pipeline/XR/XROcclusionMesh in 0.00s
    d3d11 (total internal programs: 0, unique: 0)
Compiling shader "Hidden/Universal Render Pipeline/Edge Adaptive Spatial Upsampling"
  Pass "EASU" (vp)
    Target graphics API: d3d11
    Full variant space:         1
    After settings filtering:   1
    After built-in stripping:   1
    After scriptable stripping: 1
    Processed in 0.00 seconds
  Pass "EASU" (fp)
    Target graphics API: d3d11
    Full variant space:         2
    After settings filtering:   1
    After built-in stripping:   1
    After scriptable stripping: 1
    Processed in 0.00 seconds
  Pass EASU (vp, d3d11) finished in 0.00 seconds. Local cache hits 1 (0.00s CPU time), remote cache hits 0 (0.00s CPU time), compiled 0 variants (0.00s CPU time), skipped 0 variants.
    Prepared data for serialisation in 0.00s
  Pass EASU (fp, d3d11) finished in 0.00 seconds. Local cache hits 1 (0.00s CPU time), remote cache hits 0 (0.00s CPU time), compiled 0 variants (0.00s CPU time), skipped 0 variants.
    Prepared data for serialisation in 0.00s
Serialized binary data for shader Hidden/Universal Render Pipeline/Edge Adaptive Spatial Upsampling in 0.00s
    d3d11 (total internal programs: 2, unique: 2)
Compiling shader "Hidden/Universal/HDRDebugView"
  Pass "" (vp)
    Target graphics API: d3d11
    Full variant space:         1
    After settings filtering:   1
    After built-in stripping:   1
    After scriptable stripping: 1
    Processed in 0.00 seconds
  Pass "" (fp)
    Target graphics API: d3d11
    Full variant space:         4
    After settings filtering:   1
    After built-in stripping:   1
    After scriptable stripping: 1
    Processed in 0.00 seconds
  Pass "" (vp)
    Target graphics API: d3d11
    Full variant space:         1
    After settings filtering:   1
    After built-in stripping:   1
    After scriptable stripping: 1
    Processed in 0.00 seconds
  Pass "" (fp)
    Target graphics API: d3d11
    Full variant space:         4
    After settings filtering:   1
    After built-in stripping:   1
    After scriptable stripping: 1
    Processed in 0.00 seconds
  Pass  (vp, d3d11) finished in 0.00 seconds. Local cache hits 1 (0.00s CPU time), remote cache hits 0 (0.00s CPU time), compiled 0 variants (0.00s CPU time), skipped 0 variants.
    Prepared data for serialisation in 0.00s
  Pass  (fp, d3d11) finished in 0.00 seconds. Local cache hits 1 (0.00s CPU time), remote cache hits 0 (0.00s CPU time), compiled 0 variants (0.00s CPU time), skipped 0 variants.
    Prepared data for serialisation in 0.00s
  Pass  (vp, d3d11) finished in 0.00 seconds. Local cache hits 1 (0.00s CPU time), remote cache hits 0 (0.00s CPU time), compiled 0 variants (0.00s CPU time), skipped 0 variants.
    Prepared data for serialisation in 0.00s
  Pass  (fp, d3d11) finished in 0.00 seconds. Local cache hits 1 (0.00s CPU time), remote cache hits 0 (0.00s CPU time), compiled 0 variants (0.00s CPU time), skipped 0 variants.
    Prepared data for serialisation in 0.00s
Serialized binary data for shader Hidden/Universal/HDRDebugView in 0.00s
    d3d11 (total internal programs: 4, unique: 3)
Compiling shader "Hidden/Universal Render Pipeline/GaussianDepthOfField"
  Pass "Gaussian Depth Of Field CoC" (vp)
    Target graphics API: d3d11
    Full variant space:         1
    After settings filtering:   1
    After built-in stripping:   1
    After scriptable stripping: 1
    Processed in 0.00 seconds
  Pass "Gaussian Depth Of Field CoC" (fp)
    Target graphics API: d3d11
    Full variant space:         1
    After settings filtering:   1
    After built-in stripping:   1
    After scriptable stripping: 1
    Processed in 0.00 seconds
  Pass "Gaussian Depth Of Field Prefilter" (vp)
    Target graphics API: d3d11
    Full variant space:         1
    After settings filtering:   1
    After built-in stripping:   1
    After scriptable stripping: 1
    Processed in 0.00 seconds
  Pass "Gaussian Depth Of Field Prefilter" (fp)
    Target graphics API: d3d11
    Full variant space:         4
    After settings filtering:   2
    After built-in stripping:   2
    After scriptable stripping: 2
    Processed in 0.00 seconds
  Pass "Gaussian Depth Of Field Blur Horizontal" (vp)
    Target graphics API: d3d11
    Full variant space:         1
    After settings filtering:   1
    After built-in stripping:   1
    After scriptable stripping: 1
    Processed in 0.00 seconds
  Pass "Gaussian Depth Of Field Blur Horizontal" (fp)
    Target graphics API: d3d11
    Full variant space:         2
    After settings filtering:   1
    After built-in stripping:   1
    After scriptable stripping: 1
    Processed in 0.00 seconds
  Pass "Gaussian Depth Of Field Blur Vertical" (vp)
    Target graphics API: d3d11
    Full variant space:         1
    After settings filtering:   1
    After built-in stripping:   1
    After scriptable stripping: 1
    Processed in 0.00 seconds
  Pass "Gaussian Depth Of Field Blur Vertical" (fp)
    Target graphics API: d3d11
    Full variant space:         2
    After settings filtering:   1
    After built-in stripping:   1
    After scriptable stripping: 1
    Processed in 0.00 seconds
  Pass "Gaussian Depth Of Field Composite" (vp)
    Target graphics API: d3d11
    Full variant space:         1
    After settings filtering:   1
    After built-in stripping:   1
    After scriptable stripping: 1
    Processed in 0.00 seconds
  Pass "Gaussian Depth Of Field Composite" (fp)
    Target graphics API: d3d11
    Full variant space:         4
    After settings filtering:   2
    After built-in stripping:   2
    After scriptable stripping: 2
    Processed in 0.00 seconds
  Pass Gaussian Depth Of Field CoC (vp, d3d11) finished in 0.00 seconds. Local cache hits 1 (0.00s CPU time), remote cache hits 0 (0.00s CPU time), compiled 0 variants (0.00s CPU time), skipped 0 variants.
    Prepared data for serialisation in 0.00s
  Pass Gaussian Depth Of Field CoC (fp, d3d11) finished in 0.00 seconds. Local cache hits 1 (0.00s CPU time), remote cache hits 0 (0.00s CPU time), compiled 0 variants (0.00s CPU time), skipped 0 variants.
    Prepared data for serialisation in 0.00s
  Pass Gaussian Depth Of Field Prefilter (vp, d3d11) finished in 0.00 seconds. Local cache hits 1 (0.00s CPU time), remote cache hits 0 (0.00s CPU time), compiled 0 variants (0.00s CPU time), skipped 0 variants.
    Prepared data for serialisation in 0.00s
  Pass Gaussian Depth Of Field Prefilter (fp, d3d11) finished in 0.00 seconds. Local cache hits 2 (0.00s CPU time), remote cache hits 0 (0.00s CPU time), compiled 0 variants (0.00s CPU time), skipped 0 variants.
    Prepared data for serialisation in 0.00s
  Pass Gaussian Depth Of Field Blur Horizontal (vp, d3d11) finished in 0.00 seconds. Local cache hits 1 (0.00s CPU time), remote cache hits 0 (0.00s CPU time), compiled 0 variants (0.00s CPU time), skipped 0 variants.
    Prepared data for serialisation in 0.00s
  Pass Gaussian Depth Of Field Blur Horizontal (fp, d3d11) finished in 0.00 seconds. Local cache hits 1 (0.00s CPU time), remote cache hits 0 (0.00s CPU time), compiled 0 variants (0.00s CPU time), skipped 0 variants.
    Prepared data for serialisation in 0.00s
  Pass Gaussian Depth Of Field Blur Vertical (vp, d3d11) finished in 0.00 seconds. Local cache hits 1 (0.00s CPU time), remote cache hits 0 (0.00s CPU time), compiled 0 variants (0.00s CPU time), skipped 0 variants.
    Prepared data for serialisation in 0.00s
  Pass Gaussian Depth Of Field Blur Vertical (fp, d3d11) finished in 0.00 seconds. Local cache hits 1 (0.00s CPU time), remote cache hits 0 (0.00s CPU time), compiled 0 variants (0.00s CPU time), skipped 0 variants.
    Prepared data for serialisation in 0.00s
  Pass Gaussian Depth Of Field Composite (vp, d3d11) finished in 0.00 seconds. Local cache hits 1 (0.00s CPU time), remote cache hits 0 (0.00s CPU time), compiled 0 variants (0.00s CPU time), skipped 0 variants.
    Prepared data for serialisation in 0.00s
  Pass Gaussian Depth Of Field Composite (fp, d3d11) finished in 0.00 seconds. Local cache hits 2 (0.00s CPU time), remote cache hits 0 (0.00s CPU time), compiled 0 variants (0.00s CPU time), skipped 0 variants.
    Prepared data for serialisation in 0.00s
Serialized binary data for shader Hidden/Universal Render Pipeline/GaussianDepthOfField in 0.00s
    d3d11 (total internal programs: 12, unique: 8)
Compiling shader "Hidden/Universal Render Pipeline/Bloom"
  Pass "Bloom Prefilter" (vp)
    Target graphics API: d3d11
    Full variant space:         1
    After settings filtering:   1
    After built-in stripping:   1
    After scriptable stripping: 1
    Processed in 0.00 seconds
  Pass "Bloom Prefilter" (fp)
    Target graphics API: d3d11
    Full variant space:         4
    After settings filtering:   2
    After built-in stripping:   2
    After scriptable stripping: 2
    Processed in 0.00 seconds
  Pass "Bloom Blur Horizontal" (vp)
    Target graphics API: d3d11
    Full variant space:         1
    After settings filtering:   1
    After built-in stripping:   1
    After scriptable stripping: 1
    Processed in 0.00 seconds
  Pass "Bloom Blur Horizontal" (fp)
    Target graphics API: d3d11
    Full variant space:         1
    After settings filtering:   1
    After built-in stripping:   1
    After scriptable stripping: 1
    Processed in 0.00 seconds
  Pass "Bloom Blur Vertical" (vp)
    Target graphics API: d3d11
    Full variant space:         1
    After settings filtering:   1
    After built-in stripping:   1
    After scriptable stripping: 1
    Processed in 0.00 seconds
  Pass "Bloom Blur Vertical" (fp)
    Target graphics API: d3d11
    Full variant space:         1
    After settings filtering:   1
    After built-in stripping:   1
    After scriptable stripping: 1
    Processed in 0.00 seconds
  Pass "Bloom Upsample" (vp)
    Target graphics API: d3d11
    Full variant space:         1
    After settings filtering:   1
    After built-in stripping:   1
    After scriptable stripping: 1
    Processed in 0.00 seconds
  Pass "Bloom Upsample" (fp)
    Target graphics API: d3d11
    Full variant space:         2
    After settings filtering:   2
    After built-in stripping:   2
    After scriptable stripping: 2
    Processed in 0.00 seconds
  Pass "Bloom Kawase" (vp)
    Target graphics API: d3d11
    Full variant space:         1
    After settings filtering:   1
    After built-in stripping:   1
    After scriptable stripping: 1
    Processed in 0.00 seconds
  Pass "Bloom Kawase" (fp)
    Target graphics API: d3d11
    Full variant space:         1
    After settings filtering:   1
    After built-in stripping:   1
    After scriptable stripping: 1
    Processed in 0.00 seconds
  Pass "Bloom Dual Downsample" (vp)
    Target graphics API: d3d11
    Full variant space:         1
    After settings filtering:   1
    After built-in stripping:   1
    After scriptable stripping: 1
    Processed in 0.00 seconds
  Pass "Bloom Dual Downsample" (fp)
    Target graphics API: d3d11
    Full variant space:         1
    After settings filtering:   1
    After built-in stripping:   1
    After scriptable stripping: 1
    Processed in 0.00 seconds
  Pass "Bloom Dual Upsample" (vp)
    Target graphics API: d3d11
    Full variant space:         1
    After settings filtering:   1
    After built-in stripping:   1
    After scriptable stripping: 1
    Processed in 0.00 seconds
  Pass "Bloom Dual Upsample" (fp)
    Target graphics API: d3d11
    Full variant space:         1
    After settings filtering:   1
    After built-in stripping:   1
    After scriptable stripping: 1
    Processed in 0.00 seconds
  Pass Bloom Prefilter (vp, d3d11) finished in 0.01 seconds. Local cache hits 1 (0.00s CPU time), remote cache hits 0 (0.00s CPU time), compiled 0 variants (0.00s CPU time), skipped 0 variants.
    Prepared data for serialisation in 0.00s
  Pass Bloom Prefilter (fp, d3d11) finished in 0.01 seconds. Local cache hits 2 (0.00s CPU time), remote cache hits 0 (0.00s CPU time), compiled 0 variants (0.00s CPU time), skipped 0 variants.
    Prepared data for serialisation in 0.00s
  Pass Bloom Blur Horizontal (vp, d3d11) finished in 0.00 seconds. Local cache hits 1 (0.00s CPU time), remote cache hits 0 (0.00s CPU time), compiled 0 variants (0.00s CPU time), skipped 0 variants.
    Prepared data for serialisation in 0.00s
  Pass Bloom Blur Horizontal (fp, d3d11) finished in 0.00 seconds. Local cache hits 1 (0.00s CPU time), remote cache hits 0 (0.00s CPU time), compiled 0 variants (0.00s CPU time), skipped 0 variants.
    Prepared data for serialisation in 0.00s
  Pass Bloom Blur Vertical (vp, d3d11) finished in 0.00 seconds. Local cache hits 1 (0.00s CPU time), remote cache hits 0 (0.00s CPU time), compiled 0 variants (0.00s CPU time), skipped 0 variants.
    Prepared data for serialisation in 0.00s
  Pass Bloom Blur Vertical (fp, d3d11) finished in 0.00 seconds. Local cache hits 1 (0.00s CPU time), remote cache hits 0 (0.00s CPU time), compiled 0 variants (0.00s CPU time), skipped 0 variants.
    Prepared data for serialisation in 0.00s
  Pass Bloom Upsample (vp, d3d11) finished in 0.00 seconds. Local cache hits 1 (0.00s CPU time), remote cache hits 0 (0.00s CPU time), compiled 0 variants (0.00s CPU time), skipped 0 variants.
    Prepared data for serialisation in 0.00s
  Pass Bloom Upsample (fp, d3d11) finished in 0.00 seconds. Local cache hits 2 (0.00s CPU time), remote cache hits 0 (0.00s CPU time), compiled 0 variants (0.00s CPU time), skipped 0 variants.
    Prepared data for serialisation in 0.00s
  Pass Bloom Kawase (vp, d3d11) finished in 0.00 seconds. Local cache hits 1 (0.00s CPU time), remote cache hits 0 (0.00s CPU time), compiled 0 variants (0.00s CPU time), skipped 0 variants.
    Prepared data for serialisation in 0.00s
  Pass Bloom Kawase (fp, d3d11) finished in 0.00 seconds. Local cache hits 1 (0.00s CPU time), remote cache hits 0 (0.00s CPU time), compiled 0 variants (0.00s CPU time), skipped 0 variants.
    Prepared data for serialisation in 0.00s
  Pass Bloom Dual Downsample (vp, d3d11) finished in 0.00 seconds. Local cache hits 1 (0.00s CPU time), remote cache hits 0 (0.00s CPU time), compiled 0 variants (0.00s CPU time), skipped 0 variants.
    Prepared data for serialisation in 0.00s
  Pass Bloom Dual Downsample (fp, d3d11) finished in 0.00 seconds. Local cache hits 1 (0.00s CPU time), remote cache hits 0 (0.00s CPU time), compiled 0 variants (0.00s CPU time), skipped 0 variants.
    Prepared data for serialisation in 0.00s
  Pass Bloom Dual Upsample (vp, d3d11) finished in 0.00 seconds. Local cache hits 1 (0.00s CPU time), remote cache hits 0 (0.00s CPU time), compiled 0 variants (0.00s CPU time), skipped 0 variants.
    Prepared data for serialisation in 0.00s
  Pass Bloom Dual Upsample (fp, d3d11) finished in 0.00 seconds. Local cache hits 1 (0.00s CPU time), remote cache hits 0 (0.00s CPU time), compiled 0 variants (0.00s CPU time), skipped 0 variants.
    Prepared data for serialisation in 0.00s
Serialized binary data for shader Hidden/Universal Render Pipeline/Bloom in 0.00s
    d3d11 (total internal programs: 16, unique: 10)
Compiling shader "Hidden/Core/VrsVisualization"
  Pass "VrsVisualization" (vp)
    Target graphics API: d3d11
    Full variant space:         1
    After settings filtering:   1
    After built-in stripping:   1
    After scriptable stripping: 1
    Processed in 0.00 seconds
  Pass "VrsVisualization" (fp)
    Target graphics API: d3d11
    Full variant space:         1
    After settings filtering:   1
    After built-in stripping:   1
    After scriptable stripping: 1
    Processed in 0.00 seconds
  Pass VrsVisualization (vp, d3d11) finished in 0.00 seconds. Local cache hits 1 (0.00s CPU time), remote cache hits 0 (0.00s CPU time), compiled 0 variants (0.00s CPU time), skipped 0 variants.
    Prepared data for serialisation in 0.00s
  Pass VrsVisualization (fp, d3d11) finished in 0.00 seconds. Local cache hits 1 (0.00s CPU time), remote cache hits 0 (0.00s CPU time), compiled 0 variants (0.00s CPU time), skipped 0 variants.
    Prepared data for serialisation in 0.00s
Serialized binary data for shader Hidden/Core/VrsVisualization in 0.00s
    d3d11 (total internal programs: 2, unique: 2)
Compiling shader "Hidden/Universal Render Pipeline/SubpixelMorphologicalAntialiasing"
  Pass "" (vp)
    Target graphics API: d3d11
    Full variant space:         3
    After settings filtering:   3
    After built-in stripping:   3
    After scriptable stripping: 3
    Processed in 0.00 seconds
  Pass "" (fp)
    Target graphics API: d3d11
    Full variant space:         3
    After settings filtering:   3
    After built-in stripping:   3
    After scriptable stripping: 3
    Processed in 0.00 seconds
  Pass "" (vp)
    Target graphics API: d3d11
    Full variant space:         3
    After settings filtering:   3
    After built-in stripping:   3
    After scriptable stripping: 3
    Processed in 0.00 seconds
  Pass "" (fp)
    Target graphics API: d3d11
    Full variant space:         3
    After settings filtering:   3
    After built-in stripping:   3
    After scriptable stripping: 3
    Processed in 0.00 seconds
  Pass "" (vp)
    Target graphics API: d3d11
    Full variant space:         3
    After settings filtering:   3
    After built-in stripping:   3
    After scriptable stripping: 3
    Processed in 0.00 seconds
  Pass "" (fp)
    Target graphics API: d3d11
    Full variant space:         3
    After settings filtering:   3
    After built-in stripping:   3
    After scriptable stripping: 3
    Processed in 0.00 seconds
  Pass  (vp, d3d11) finished in 0.00 seconds. Local cache hits 3 (0.00s CPU time), remote cache hits 0 (0.00s CPU time), compiled 0 variants (0.00s CPU time), skipped 0 variants.
    Prepared data for serialisation in 0.00s
  Pass  (fp, d3d11) finished in 0.00 seconds. Local cache hits 3 (0.00s CPU time), remote cache hits 0 (0.00s CPU time), compiled 0 variants (0.00s CPU time), skipped 0 variants.
    Prepared data for serialisation in 0.00s
  Pass  (vp, d3d11) finished in 0.00 seconds. Local cache hits 3 (0.00s CPU time), remote cache hits 0 (0.00s CPU time), compiled 0 variants (0.00s CPU time), skipped 0 variants.
    Prepared data for serialisation in 0.00s
  Pass  (fp, d3d11) finished in 0.00 seconds. Local cache hits 3 (0.00s CPU time), remote cache hits 0 (0.00s CPU time), compiled 0 variants (0.00s CPU time), skipped 0 variants.
    Prepared data for serialisation in 0.00s
  Pass  (vp, d3d11) finished in 0.00 seconds. Local cache hits 3 (0.00s CPU time), remote cache hits 0 (0.00s CPU time), compiled 0 variants (0.00s CPU time), skipped 0 variants.
    Prepared data for serialisation in 0.00s
  Pass  (fp, d3d11) finished in 0.00 seconds. Local cache hits 3 (0.00s CPU time), remote cache hits 0 (0.00s CPU time), compiled 0 variants (0.00s CPU time), skipped 0 variants.
    Prepared data for serialisation in 0.00s
Serialized binary data for shader Hidden/Universal Render Pipeline/SubpixelMorphologicalAntialiasing in 0.00s
    d3d11 (total internal programs: 18, unique: 18)
Compiling shader "Hidden/Universal Render Pipeline/LutBuilderLdr"
  Pass "LutBuilderLdr" (vp)
    Target graphics API: d3d11
    Full variant space:         1
    After settings filtering:   1
    After built-in stripping:   1
    After scriptable stripping: 1
    Processed in 0.00 seconds
  Pass "LutBuilderLdr" (fp)
    Target graphics API: d3d11
    Full variant space:         1
    After settings filtering:   1
    After built-in stripping:   1
    After scriptable stripping: 1
    Processed in 0.00 seconds
  Pass LutBuilderLdr (vp, d3d11) finished in 0.00 seconds. Local cache hits 1 (0.00s CPU time), remote cache hits 0 (0.00s CPU time), compiled 0 variants (0.00s CPU time), skipped 0 variants.
    Prepared data for serialisation in 0.00s
  Pass LutBuilderLdr (fp, d3d11) finished in 0.00 seconds. Local cache hits 1 (0.00s CPU time), remote cache hits 0 (0.00s CPU time), compiled 0 variants (0.00s CPU time), skipped 0 variants.
    Prepared data for serialisation in 0.00s
Serialized binary data for shader Hidden/Universal Render Pipeline/LutBuilderLdr in 0.00s
    d3d11 (total internal programs: 2, unique: 2)
Compiling shader "Hidden/Universal Render Pipeline/LensFlareDataDriven"
  Pass "LensFlareAdditive" (vp)
    Target graphics API: d3d11
    Full variant space:         4
    After settings filtering:   4
    After built-in stripping:   4
    After scriptable stripping: 4
    Processed in 0.00 seconds
  Pass "LensFlareAdditive" (fp)
    Target graphics API: d3d11
    Full variant space:         4
    After settings filtering:   4
    After built-in stripping:   4
    After scriptable stripping: 4
    Processed in 0.00 seconds
  Pass "LensFlareScreen" (vp)
    Target graphics API: d3d11
    Full variant space:         4
    After settings filtering:   4
    After built-in stripping:   4
    After scriptable stripping: 4
    Processed in 0.00 seconds
  Pass "LensFlareScreen" (fp)
    Target graphics API: d3d11
    Full variant space:         4
    After settings filtering:   4
    After built-in stripping:   4
    After scriptable stripping: 4
    Processed in 0.00 seconds
  Pass "LensFlarePremultiply" (vp)
    Target graphics API: d3d11
    Full variant space:         4
    After settings filtering:   4
    After built-in stripping:   4
    After scriptable stripping: 4
    Processed in 0.00 seconds
  Pass "LensFlarePremultiply" (fp)
    Target graphics API: d3d11
    Full variant space:         4
    After settings filtering:   4
    After built-in stripping:   4
    After scriptable stripping: 4
    Processed in 0.00 seconds
  Pass "LensFlareLerp" (vp)
    Target graphics API: d3d11
    Full variant space:         4
    After settings filtering:   4
    After built-in stripping:   4
    After scriptable stripping: 4
    Processed in 0.00 seconds
  Pass "LensFlareLerp" (fp)
    Target graphics API: d3d11
    Full variant space:         4
    After settings filtering:   4
    After built-in stripping:   4
    After scriptable stripping: 4
    Processed in 0.00 seconds
  Pass "LensFlareOcclusion" (vp)
    Target graphics API: d3d11
    Full variant space:         1
    After settings filtering:   1
    After built-in stripping:   1
    After scriptable stripping: 1
    Processed in 0.00 seconds
  Pass "LensFlareOcclusion" (fp)
    Target graphics API: d3d11
    Full variant space:         1
    After settings filtering:   1
    After built-in stripping:   1
    After scriptable stripping: 1
    Processed in 0.00 seconds
  Pass LensFlareAdditive (vp, d3d11) finished in 0.00 seconds. Local cache hits 4 (0.00s CPU time), remote cache hits 0 (0.00s CPU time), compiled 0 variants (0.00s CPU time), skipped 0 variants.
    Prepared data for serialisation in 0.00s
  Pass LensFlareAdditive (fp, d3d11) finished in 0.00 seconds. Local cache hits 4 (0.00s CPU time), remote cache hits 0 (0.00s CPU time), compiled 0 variants (0.00s CPU time), skipped 0 variants.
    Prepared data for serialisation in 0.00s
  Pass LensFlareScreen (vp, d3d11) finished in 0.00 seconds. Local cache hits 4 (0.00s CPU time), remote cache hits 0 (0.00s CPU time), compiled 0 variants (0.00s CPU time), skipped 0 variants.
    Prepared data for serialisation in 0.00s
  Pass LensFlareScreen (fp, d3d11) finished in 0.00 seconds. Local cache hits 4 (0.00s CPU time), remote cache hits 0 (0.00s CPU time), compiled 0 variants (0.00s CPU time), skipped 0 variants.
    Prepared data for serialisation in 0.00s
  Pass LensFlarePremultiply (vp, d3d11) finished in 0.00 seconds. Local cache hits 4 (0.00s CPU time), remote cache hits 0 (0.00s CPU time), compiled 0 variants (0.00s CPU time), skipped 0 variants.
    Prepared data for serialisation in 0.00s
  Pass LensFlarePremultiply (fp, d3d11) finished in 0.00 seconds. Local cache hits 4 (0.00s CPU time), remote cache hits 0 (0.00s CPU time), compiled 0 variants (0.00s CPU time), skipped 0 variants.
    Prepared data for serialisation in 0.00s
  Pass LensFlareLerp (vp, d3d11) finished in 0.00 seconds. Local cache hits 4 (0.00s CPU time), remote cache hits 0 (0.00s CPU time), compiled 0 variants (0.00s CPU time), skipped 0 variants.
    Prepared data for serialisation in 0.00s
  Pass LensFlareLerp (fp, d3d11) finished in 0.00 seconds. Local cache hits 4 (0.00s CPU time), remote cache hits 0 (0.00s CPU time), compiled 0 variants (0.00s CPU time), skipped 0 variants.
    Prepared data for serialisation in 0.00s
  Pass LensFlareOcclusion (vp, d3d11) finished in 0.00 seconds. Local cache hits 1 (0.00s CPU time), remote cache hits 0 (0.00s CPU time), compiled 0 variants (0.00s CPU time), skipped 0 variants.
    Prepared data for serialisation in 0.00s
  Pass LensFlareOcclusion (fp, d3d11) finished in 0.00 seconds. Local cache hits 1 (0.00s CPU time), remote cache hits 0 (0.00s CPU time), compiled 0 variants (0.00s CPU time), skipped 0 variants.
    Prepared data for serialisation in 0.00s
Serialized binary data for shader Hidden/Universal Render Pipeline/LensFlareDataDriven in 0.00s
    d3d11 (total internal programs: 34, unique: 14)
Compiling shader "Hidden/Universal Render Pipeline/LensFlareScreenSpace"
  Pass "LensFlareScreenSpac Prefilter" (vp)
    Target graphics API: d3d11
    Full variant space:         1
    After settings filtering:   1
    After built-in stripping:   1
    After scriptable stripping: 1
    Processed in 0.00 seconds
  Pass "LensFlareScreenSpac Prefilter" (fp)
    Target graphics API: d3d11
    Full variant space:         1
    After settings filtering:   1
    After built-in stripping:   1
    After scriptable stripping: 1
    Processed in 0.00 seconds
  Pass "LensFlareScreenSpace Downsample" (vp)
    Target graphics API: d3d11
    Full variant space:         1
    After settings filtering:   1
    After built-in stripping:   1
    After scriptable stripping: 1
    Processed in 0.00 seconds
  Pass "LensFlareScreenSpace Downsample" (fp)
    Target graphics API: d3d11
    Full variant space:         1
    After settings filtering:   1
    After built-in stripping:   1
    After scriptable stripping: 1
    Processed in 0.00 seconds
  Pass "LensFlareScreenSpace Upsample" (vp)
    Target graphics API: d3d11
    Full variant space:         1
    After settings filtering:   1
    After built-in stripping:   1
    After scriptable stripping: 1
    Processed in 0.00 seconds
  Pass "LensFlareScreenSpace Upsample" (fp)
    Target graphics API: d3d11
    Full variant space:         1
    After settings filtering:   1
    After built-in stripping:   1
    After scriptable stripping: 1
    Processed in 0.00 seconds
  Pass "LensFlareScreenSpace Composition" (vp)
    Target graphics API: d3d11
    Full variant space:         1
    After settings filtering:   1
    After built-in stripping:   1
    After scriptable stripping: 1
    Processed in 0.00 seconds
  Pass "LensFlareScreenSpace Composition" (fp)
    Target graphics API: d3d11
    Full variant space:         1
    After settings filtering:   1
    After built-in stripping:   1
    After scriptable stripping: 1
    Processed in 0.00 seconds
  Pass "LensFlareScreenSpace Write to BloomTexture" (vp)
    Target graphics API: d3d11
    Full variant space:         1
    After settings filtering:   1
    After built-in stripping:   1
    After scriptable stripping: 1
    Processed in 0.00 seconds
  Pass "LensFlareScreenSpace Write to BloomTexture" (fp)
    Target graphics API: d3d11
    Full variant space:         1
    After settings filtering:   1
    After built-in stripping:   1
    After scriptable stripping: 1
    Processed in 0.00 seconds
  Pass LensFlareScreenSpac Prefilter (vp, d3d11) finished in 0.00 seconds. Local cache hits 1 (0.00s CPU time), remote cache hits 0 (0.00s CPU time), compiled 0 variants (0.00s CPU time), skipped 0 variants.
    Prepared data for serialisation in 0.00s
  Pass LensFlareScreenSpac Prefilter (fp, d3d11) finished in 0.00 seconds. Local cache hits 1 (0.00s CPU time), remote cache hits 0 (0.00s CPU time), compiled 0 variants (0.00s CPU time), skipped 0 variants.
    Prepared data for serialisation in 0.00s
  Pass LensFlareScreenSpace Downsample (vp, d3d11) finished in 0.00 seconds. Local cache hits 1 (0.00s CPU time), remote cache hits 0 (0.00s CPU time), compiled 0 variants (0.00s CPU time), skipped 0 variants.
    Prepared data for serialisation in 0.00s
  Pass LensFlareScreenSpace Downsample (fp, d3d11) finished in 0.00 seconds. Local cache hits 1 (0.00s CPU time), remote cache hits 0 (0.00s CPU time), compiled 0 variants (0.00s CPU time), skipped 0 variants.
    Prepared data for serialisation in 0.00s
  Pass LensFlareScreenSpace Upsample (vp, d3d11) finished in 0.00 seconds. Local cache hits 1 (0.00s CPU time), remote cache hits 0 (0.00s CPU time), compiled 0 variants (0.00s CPU time), skipped 0 variants.
    Prepared data for serialisation in 0.00s
  Pass LensFlareScreenSpace Upsample (fp, d3d11) finished in 0.00 seconds. Local cache hits 1 (0.00s CPU time), remote cache hits 0 (0.00s CPU time), compiled 0 variants (0.00s CPU time), skipped 0 variants.
    Prepared data for serialisation in 0.00s
  Pass LensFlareScreenSpace Composition (vp, d3d11) finished in 0.00 seconds. Local cache hits 1 (0.00s CPU time), remote cache hits 0 (0.00s CPU time), compiled 0 variants (0.00s CPU time), skipped 0 variants.
    Prepared data for serialisation in 0.00s
  Pass LensFlareScreenSpace Composition (fp, d3d11) finished in 0.00 seconds. Local cache hits 1 (0.00s CPU time), remote cache hits 0 (0.00s CPU time), compiled 0 variants (0.00s CPU time), skipped 0 variants.
    Prepared data for serialisation in 0.00s
  Pass LensFlareScreenSpace Write to BloomTexture (vp, d3d11) finished in 0.00 seconds. Local cache hits 1 (0.00s CPU time), remote cache hits 0 (0.00s CPU time), compiled 0 variants (0.00s CPU time), skipped 0 variants.
    Prepared data for serialisation in 0.00s
  Pass LensFlareScreenSpace Write to BloomTexture (fp, d3d11) finished in 0.00 seconds. Local cache hits 1 (0.00s CPU time), remote cache hits 0 (0.00s CPU time), compiled 0 variants (0.00s CPU time), skipped 0 variants.
    Prepared data for serialisation in 0.00s
Serialized binary data for shader Hidden/Universal Render Pipeline/LensFlareScreenSpace in 0.00s
    d3d11 (total internal programs: 10, unique: 6)
Compiling shader "Hidden/Universal Render Pipeline/StencilDitherMaskSeed"
  Pass "StencilDitherMaskSeed" (vp)
    Target graphics API: d3d11
    Full variant space:         1
    After settings filtering:   1
    After built-in stripping:   1
    After scriptable stripping: 1
    Processed in 0.00 seconds
  Pass "StencilDitherMaskSeed" (fp)
    Target graphics API: d3d11
    Full variant space:         1
    After settings filtering:   1
    After built-in stripping:   1
    After scriptable stripping: 1
    Processed in 0.00 seconds
  Pass StencilDitherMaskSeed (vp, d3d11) finished in 0.00 seconds. Local cache hits 1 (0.00s CPU time), remote cache hits 0 (0.00s CPU time), compiled 0 variants (0.00s CPU time), skipped 0 variants.
    Prepared data for serialisation in 0.00s
  Pass StencilDitherMaskSeed (fp, d3d11) finished in 0.00 seconds. Local cache hits 1 (0.00s CPU time), remote cache hits 0 (0.00s CPU time), compiled 0 variants (0.00s CPU time), skipped 0 variants.
    Prepared data for serialisation in 0.00s
Serialized binary data for shader Hidden/Universal Render Pipeline/StencilDitherMaskSeed in 0.00s
    d3d11 (total internal programs: 2, unique: 2)
Compiling shader "Hidden/Universal/CoreBlit"
  Pass "Nearest" (vp)
    Target graphics API: d3d11
    Full variant space:         1
    After settings filtering:   1
    After built-in stripping:   1
    After scriptable stripping: 1
    Processed in 0.00 seconds
  Pass "Nearest" (fp)
    Target graphics API: d3d11
    Full variant space:         1
    After settings filtering:   1
    After built-in stripping:   1
    After scriptable stripping: 1
    Processed in 0.00 seconds
  Pass "Bilinear" (vp)
    Target graphics API: d3d11
    Full variant space:         1
    After settings filtering:   1
    After built-in stripping:   1
    After scriptable stripping: 1
    Processed in 0.00 seconds
  Pass "Bilinear" (fp)
    Target graphics API: d3d11
    Full variant space:         1
    After settings filtering:   1
    After built-in stripping:   1
    After scriptable stripping: 1
    Processed in 0.00 seconds
  Pass "NearestQuad" (vp)
    Target graphics API: d3d11
    Full variant space:         1
    After settings filtering:   1
    After built-in stripping:   1
    After scriptable stripping: 1
    Processed in 0.00 seconds
  Pass "NearestQuad" (fp)
    Target graphics API: d3d11
    Full variant space:         1
    After settings filtering:   1
    After built-in stripping:   1
    After scriptable stripping: 1
    Processed in 0.00 seconds
  Pass "BilinearQuad" (vp)
    Target graphics API: d3d11
    Full variant space:         1
    After settings filtering:   1
    After built-in stripping:   1
    After scriptable stripping: 1
    Processed in 0.00 seconds
  Pass "BilinearQuad" (fp)
    Target graphics API: d3d11
    Full variant space:         1
    After settings filtering:   1
    After built-in stripping:   1
    After scriptable stripping: 1
    Processed in 0.00 seconds
  Pass "NearestQuadPadding" (vp)
    Target graphics API: d3d11
    Full variant space:         1
    After settings filtering:   1
    After built-in stripping:   1
    After scriptable stripping: 1
    Processed in 0.00 seconds
  Pass "NearestQuadPadding" (fp)
    Target graphics API: d3d11
    Full variant space:         1
    After settings filtering:   1
    After built-in stripping:   1
    After scriptable stripping: 1
    Processed in 0.00 seconds
  Pass "BilinearQuadPadding" (vp)
    Target graphics API: d3d11
    Full variant space:         1
    After settings filtering:   1
    After built-in stripping:   1
    After scriptable stripping: 1
    Processed in 0.00 seconds
  Pass "BilinearQuadPadding" (fp)
    Target graphics API: d3d11
    Full variant space:         1
    After settings filtering:   1
    After built-in stripping:   1
    After scriptable stripping: 1
    Processed in 0.00 seconds
  Pass "NearestQuadPaddingRepeat" (vp)
    Target graphics API: d3d11
    Full variant space:         1
    After settings filtering:   1
    After built-in stripping:   1
    After scriptable stripping: 1
    Processed in 0.00 seconds
  Pass "NearestQuadPaddingRepeat" (fp)
    Target graphics API: d3d11
    Full variant space:         1
    After settings filtering:   1
    After built-in stripping:   1
    After scriptable stripping: 1
    Processed in 0.00 seconds
  Pass "BilinearQuadPaddingRepeat" (vp)
    Target graphics API: d3d11
    Full variant space:         1
    After settings filtering:   1
    After built-in stripping:   1
    After scriptable stripping: 1
    Processed in 0.00 seconds
  Pass "BilinearQuadPaddingRepeat" (fp)
    Target graphics API: d3d11
    Full variant space:         1
    After settings filtering:   1
    After built-in stripping:   1
    After scriptable stripping: 1
    Processed in 0.00 seconds
  Pass "BilinearQuadPaddingOctahedral" (vp)
    Target graphics API: d3d11
    Full variant space:         1
    After settings filtering:   1
    After built-in stripping:   1
    After scriptable stripping: 1
    Processed in 0.00 seconds
  Pass "BilinearQuadPaddingOctahedral" (fp)
    Target graphics API: d3d11
    Full variant space:         1
    After settings filtering:   1
    After built-in stripping:   1
    After scriptable stripping: 1
    Processed in 0.00 seconds
  Pass "NearestQuadPaddingAlphaBlend" (vp)
    Target graphics API: d3d11
    Full variant space:         1
    After settings filtering:   1
    After built-in stripping:   1
    After scriptable stripping: 1
    Processed in 0.00 seconds
  Pass "NearestQuadPaddingAlphaBlend" (fp)
    Target graphics API: d3d11
    Full variant space:         1
    After settings filtering:   1
    After built-in stripping:   1
    After scriptable stripping: 1
    Processed in 0.00 seconds
  Pass "BilinearQuadPaddingAlphaBlend" (vp)
    Target graphics API: d3d11
    Full variant space:         1
    After settings filtering:   1
    After built-in stripping:   1
    After scriptable stripping: 1
    Processed in 0.00 seconds
  Pass "BilinearQuadPaddingAlphaBlend" (fp)
    Target graphics API: d3d11
    Full variant space:         1
    After settings filtering:   1
    After built-in stripping:   1
    After scriptable stripping: 1
    Processed in 0.00 seconds
  Pass "NearestQuadPaddingAlphaBlendRepeat" (vp)
    Target graphics API: d3d11
    Full variant space:         1
    After settings filtering:   1
    After built-in stripping:   1
    After scriptable stripping: 1
    Processed in 0.00 seconds
  Pass "NearestQuadPaddingAlphaBlendRepeat" (fp)
    Target graphics API: d3d11
    Full variant space:         1
    After settings filtering:   1
    After built-in stripping:   1
    After scriptable stripping: 1
    Processed in 0.00 seconds
  Pass "BilinearQuadPaddingAlphaBlendRepeat" (vp)
    Target graphics API: d3d11
    Full variant space:         1
    After settings filtering:   1
    After built-in stripping:   1
    After scriptable stripping: 1
    Processed in 0.00 seconds
  Pass "BilinearQuadPaddingAlphaBlendRepeat" (fp)
    Target graphics API: d3d11
    Full variant space:         1
    After settings filtering:   1
    After built-in stripping:   1
    After scriptable stripping: 1
    Processed in 0.00 seconds
  Pass "BilinearQuadPaddingAlphaBlendOctahedral" (vp)
    Target graphics API: d3d11
    Full variant space:         1
    After settings filtering:   1
    After built-in stripping:   1
    After scriptable stripping: 1
    Processed in 0.00 seconds
  Pass "BilinearQuadPaddingAlphaBlendOctahedral" (fp)
    Target graphics API: d3d11
    Full variant space:         1
    After settings filtering:   1
    After built-in stripping:   1
    After scriptable stripping: 1
    Processed in 0.00 seconds
  Pass "CubeToOctahedral" (vp)
    Target graphics API: d3d11
    Full variant space:         1
    After settings filtering:   1
    After built-in stripping:   1
    After scriptable stripping: 1
    Processed in 0.00 seconds
  Pass "CubeToOctahedral" (fp)
    Target graphics API: d3d11
    Full variant space:         1
    After settings filtering:   1
    After built-in stripping:   1
    After scriptable stripping: 1
    Processed in 0.00 seconds
  Pass "CubeToOctahedralLuminance" (vp)
    Target graphics API: d3d11
    Full variant space:         1
    After settings filtering:   1
    After built-in stripping:   1
    After scriptable stripping: 1
    Processed in 0.00 seconds
  Pass "CubeToOctahedralLuminance" (fp)
    Target graphics API: d3d11
    Full variant space:         1
    After settings filtering:   1
    After built-in stripping:   1
    After scriptable stripping: 1
    Processed in 0.00 seconds
  Pass "CubeToOctahedralAlpha" (vp)
    Target graphics API: d3d11
    Full variant space:         1
    After settings filtering:   1
    After built-in stripping:   1
    After scriptable stripping: 1
    Processed in 0.00 seconds
  Pass "CubeToOctahedralAlpha" (fp)
    Target graphics API: d3d11
    Full variant space:         1
    After settings filtering:   1
    After built-in stripping:   1
    After scriptable stripping: 1
    Processed in 0.00 seconds
  Pass "CubeToOctahedralRed" (vp)
    Target graphics API: d3d11
    Full variant space:         1
    After settings filtering:   1
    After built-in stripping:   1
    After scriptable stripping: 1
    Processed in 0.00 seconds
  Pass "CubeToOctahedralRed" (fp)
    Target graphics API: d3d11
    Full variant space:         1
    After settings filtering:   1
    After built-in stripping:   1
    After scriptable stripping: 1
    Processed in 0.00 seconds
  Pass "BilinearQuadLuminance" (vp)
    Target graphics API: d3d11
    Full variant space:         1
    After settings filtering:   1
    After built-in stripping:   1
    After scriptable stripping: 1
    Processed in 0.00 seconds
  Pass "BilinearQuadLuminance" (fp)
    Target graphics API: d3d11
    Full variant space:         1
    After settings filtering:   1
    After built-in stripping:   1
    After scriptable stripping: 1
    Processed in 0.00 seconds
  Pass "BilinearQuadAlpha" (vp)
    Target graphics API: d3d11
    Full variant space:         1
    After settings filtering:   1
    After built-in stripping:   1
    After scriptable stripping: 1
    Processed in 0.00 seconds
  Pass "BilinearQuadAlpha" (fp)
    Target graphics API: d3d11
    Full variant space:         1
    After settings filtering:   1
    After built-in stripping:   1
    After scriptable stripping: 1
    Processed in 0.00 seconds
  Pass "BilinearQuadRed" (vp)
    Target graphics API: d3d11
    Full variant space:         1
    After settings filtering:   1
    After built-in stripping:   1
    After scriptable stripping: 1
    Processed in 0.00 seconds
  Pass "BilinearQuadRed" (fp)
    Target graphics API: d3d11
    Full variant space:         1
    After settings filtering:   1
    After built-in stripping:   1
    After scriptable stripping: 1
    Processed in 0.00 seconds
  Pass "NearestCubeToOctahedralPadding" (vp)
    Target graphics API: d3d11
    Full variant space:         2
    After settings filtering:   2
    After built-in stripping:   2
    After scriptable stripping: 2
    Processed in 0.00 seconds
  Pass "NearestCubeToOctahedralPadding" (fp)
    Target graphics API: d3d11
    Full variant space:         2
    After settings filtering:   2
    After built-in stripping:   2
    After scriptable stripping: 2
    Processed in 0.00 seconds
  Pass "BilinearCubeToOctahedralPadding" (vp)
    Target graphics API: d3d11
    Full variant space:         2
    After settings filtering:   2
    After built-in stripping:   2
    After scriptable stripping: 2
    Processed in 0.00 seconds
  Pass "BilinearCubeToOctahedralPadding" (fp)
    Target graphics API: d3d11
    Full variant space:         2
    After settings filtering:   2
    After built-in stripping:   2
    After scriptable stripping: 2
    Processed in 0.00 seconds
  Pass "BilinearDebugDraw" (vp)
    Target graphics API: d3d11
    Full variant space:         1
    After settings filtering:   1
    After built-in stripping:   1
    After scriptable stripping: 1
    Processed in 0.00 seconds
  Pass "BilinearDebugDraw" (fp)
    Target graphics API: d3d11
    Full variant space:         4
    After settings filtering:   2
    After built-in stripping:   2
    After scriptable stripping: 2
    Processed in 0.00 seconds
  Pass "NearestDebugDraw" (vp)
    Target graphics API: d3d11
    Full variant space:         1
    After settings filtering:   1
    After built-in stripping:   1
    After scriptable stripping: 1
    Processed in 0.00 seconds
  Pass "NearestDebugDraw" (fp)
    Target graphics API: d3d11
    Full variant space:         4
    After settings filtering:   2
    After built-in stripping:   2
    After scriptable stripping: 2
    Processed in 0.00 seconds
  Pass Nearest (vp, d3d11) finished in 0.02 seconds. Local cache hits 1 (0.00s CPU time), remote cache hits 0 (0.00s CPU time), compiled 0 variants (0.00s CPU time), skipped 0 variants.
    Prepared data for serialisation in 0.00s
  Pass Nearest (fp, d3d11) finished in 0.02 seconds. Local cache hits 1 (0.00s CPU time), remote cache hits 0 (0.00s CPU time), compiled 0 variants (0.00s CPU time), skipped 0 variants.
    Prepared data for serialisation in 0.00s
  Pass Bilinear (vp, d3d11) finished in 0.02 seconds. Local cache hits 1 (0.00s CPU time), remote cache hits 0 (0.00s CPU time), compiled 0 variants (0.00s CPU time), skipped 0 variants.
    Prepared data for serialisation in 0.00s
  Pass Bilinear (fp, d3d11) finished in 0.02 seconds. Local cache hits 1 (0.00s CPU time), remote cache hits 0 (0.00s CPU time), compiled 0 variants (0.00s CPU time), skipped 0 variants.
    Prepared data for serialisation in 0.00s
  Pass NearestQuad (vp, d3d11) finished in 0.02 seconds. Local cache hits 1 (0.00s CPU time), remote cache hits 0 (0.00s CPU time), compiled 0 variants (0.00s CPU time), skipped 0 variants.
    Prepared data for serialisation in 0.00s
  Pass NearestQuad (fp, d3d11) finished in 0.02 seconds. Local cache hits 1 (0.00s CPU time), remote cache hits 0 (0.00s CPU time), compiled 0 variants (0.00s CPU time), skipped 0 variants.
    Prepared data for serialisation in 0.00s
  Pass BilinearQuad (vp, d3d11) finished in 0.02 seconds. Local cache hits 1 (0.00s CPU time), remote cache hits 0 (0.00s CPU time), compiled 0 variants (0.00s CPU time), skipped 0 variants.
    Prepared data for serialisation in 0.00s
  Pass BilinearQuad (fp, d3d11) finished in 0.02 seconds. Local cache hits 1 (0.00s CPU time), remote cache hits 0 (0.00s CPU time), compiled 0 variants (0.00s CPU time), skipped 0 variants.
    Prepared data for serialisation in 0.00s
  Pass NearestQuadPadding (vp, d3d11) finished in 0.02 seconds. Local cache hits 1 (0.00s CPU time), remote cache hits 0 (0.00s CPU time), compiled 0 variants (0.00s CPU time), skipped 0 variants.
    Prepared data for serialisation in 0.00s
  Pass NearestQuadPadding (fp, d3d11) finished in 0.02 seconds. Local cache hits 1 (0.00s CPU time), remote cache hits 0 (0.00s CPU time), compiled 0 variants (0.00s CPU time), skipped 0 variants.
    Prepared data for serialisation in 0.00s
  Pass BilinearQuadPadding (vp, d3d11) finished in 0.02 seconds. Local cache hits 1 (0.00s CPU time), remote cache hits 0 (0.00s CPU time), compiled 0 variants (0.00s CPU time), skipped 0 variants.
    Prepared data for serialisation in 0.00s
  Pass BilinearQuadPadding (fp, d3d11) finished in 0.02 seconds. Local cache hits 1 (0.00s CPU time), remote cache hits 0 (0.00s CPU time), compiled 0 variants (0.00s CPU time), skipped 0 variants.
    Prepared data for serialisation in 0.00s
  Pass NearestQuadPaddingRepeat (vp, d3d11) finished in 0.02 seconds. Local cache hits 1 (0.00s CPU time), remote cache hits 0 (0.00s CPU time), compiled 0 variants (0.00s CPU time), skipped 0 variants.
    Prepared data for serialisation in 0.00s
  Pass NearestQuadPaddingRepeat (fp, d3d11) finished in 0.02 seconds. Local cache hits 1 (0.00s CPU time), remote cache hits 0 (0.00s CPU time), compiled 0 variants (0.00s CPU time), skipped 0 variants.
    Prepared data for serialisation in 0.00s
  Pass BilinearQuadPaddingRepeat (vp, d3d11) finished in 0.02 seconds. Local cache hits 1 (0.00s CPU time), remote cache hits 0 (0.00s CPU time), compiled 0 variants (0.00s CPU time), skipped 0 variants.
    Prepared data for serialisation in 0.00s
  Pass BilinearQuadPaddingRepeat (fp, d3d11) finished in 0.02 seconds. Local cache hits 1 (0.00s CPU time), remote cache hits 0 (0.00s CPU time), compiled 0 variants (0.00s CPU time), skipped 0 variants.
    Prepared data for serialisation in 0.00s
  Pass BilinearQuadPaddingOctahedral (vp, d3d11) finished in 0.02 seconds. Local cache hits 1 (0.00s CPU time), remote cache hits 0 (0.00s CPU time), compiled 0 variants (0.00s CPU time), skipped 0 variants.
    Prepared data for serialisation in 0.00s
  Pass BilinearQuadPaddingOctahedral (fp, d3d11) finished in 0.01 seconds. Local cache hits 1 (0.00s CPU time), remote cache hits 0 (0.00s CPU time), compiled 0 variants (0.00s CPU time), skipped 0 variants.
    Prepared data for serialisation in 0.00s
  Pass NearestQuadPaddingAlphaBlend (vp, d3d11) finished in 0.01 seconds. Local cache hits 1 (0.00s CPU time), remote cache hits 0 (0.00s CPU time), compiled 0 variants (0.00s CPU time), skipped 0 variants.
    Prepared data for serialisation in 0.00s
  Pass NearestQuadPaddingAlphaBlend (fp, d3d11) finished in 0.01 seconds. Local cache hits 1 (0.00s CPU time), remote cache hits 0 (0.00s CPU time), compiled 0 variants (0.00s CPU time), skipped 0 variants.
    Prepared data for serialisation in 0.00s
  Pass BilinearQuadPaddingAlphaBlend (vp, d3d11) finished in 0.01 seconds. Local cache hits 1 (0.00s CPU time), remote cache hits 0 (0.00s CPU time), compiled 0 variants (0.00s CPU time), skipped 0 variants.
    Prepared data for serialisation in 0.00s
  Pass BilinearQuadPaddingAlphaBlend (fp, d3d11) finished in 0.01 seconds. Local cache hits 1 (0.00s CPU time), remote cache hits 0 (0.00s CPU time), compiled 0 variants (0.00s CPU time), skipped 0 variants.
    Prepared data for serialisation in 0.00s
  Pass NearestQuadPaddingAlphaBlendRepeat (vp, d3d11) finished in 0.01 seconds. Local cache hits 1 (0.00s CPU time), remote cache hits 0 (0.00s CPU time), compiled 0 variants (0.00s CPU time), skipped 0 variants.
    Prepared data for serialisation in 0.00s
  Pass NearestQuadPaddingAlphaBlendRepeat (fp, d3d11) finished in 0.01 seconds. Local cache hits 1 (0.00s CPU time), remote cache hits 0 (0.00s CPU time), compiled 0 variants (0.00s CPU time), skipped 0 variants.
    Prepared data for serialisation in 0.00s
  Pass BilinearQuadPaddingAlphaBlendRepeat (vp, d3d11) finished in 0.01 seconds. Local cache hits 1 (0.00s CPU time), remote cache hits 0 (0.00s CPU time), compiled 0 variants (0.00s CPU time), skipped 0 variants.
    Prepared data for serialisation in 0.00s
  Pass BilinearQuadPaddingAlphaBlendRepeat (fp, d3d11) finished in 0.01 seconds. Local cache hits 1 (0.00s CPU time), remote cache hits 0 (0.00s CPU time), compiled 0 variants (0.00s CPU time), skipped 0 variants.
    Prepared data for serialisation in 0.00s
  Pass BilinearQuadPaddingAlphaBlendOctahedral (vp, d3d11) finished in 0.01 seconds. Local cache hits 1 (0.00s CPU time), remote cache hits 0 (0.00s CPU time), compiled 0 variants (0.00s CPU time), skipped 0 variants.
    Prepared data for serialisation in 0.00s
  Pass BilinearQuadPaddingAlphaBlendOctahedral (fp, d3d11) finished in 0.01 seconds. Local cache hits 1 (0.00s CPU time), remote cache hits 0 (0.00s CPU time), compiled 0 variants (0.00s CPU time), skipped 0 variants.
    Prepared data for serialisation in 0.00s
  Pass CubeToOctahedral (vp, d3d11) finished in 0.01 seconds. Local cache hits 1 (0.00s CPU time), remote cache hits 0 (0.00s CPU time), compiled 0 variants (0.00s CPU time), skipped 0 variants.
    Prepared data for serialisation in 0.00s
  Pass CubeToOctahedral (fp, d3d11) finished in 0.01 seconds. Local cache hits 1 (0.00s CPU time), remote cache hits 0 (0.00s CPU time), compiled 0 variants (0.00s CPU time), skipped 0 variants.
    Prepared data for serialisation in 0.00s
  Pass CubeToOctahedralLuminance (vp, d3d11) finished in 0.01 seconds. Local cache hits 1 (0.00s CPU time), remote cache hits 0 (0.00s CPU time), compiled 0 variants (0.00s CPU time), skipped 0 variants.
    Prepared data for serialisation in 0.00s
  Pass CubeToOctahedralLuminance (fp, d3d11) finished in 0.01 seconds. Local cache hits 1 (0.00s CPU time), remote cache hits 0 (0.00s CPU time), compiled 0 variants (0.00s CPU time), skipped 0 variants.
    Prepared data for serialisation in 0.00s
  Pass CubeToOctahedralAlpha (vp, d3d11) finished in 0.01 seconds. Local cache hits 1 (0.00s CPU time), remote cache hits 0 (0.00s CPU time), compiled 0 variants (0.00s CPU time), skipped 0 variants.
    Prepared data for serialisation in 0.00s
  Pass CubeToOctahedralAlpha (fp, d3d11) finished in 0.01 seconds. Local cache hits 1 (0.00s CPU time), remote cache hits 0 (0.00s CPU time), compiled 0 variants (0.00s CPU time), skipped 0 variants.
    Prepared data for serialisation in 0.00s
  Pass CubeToOctahedralRed (vp, d3d11) finished in 0.01 seconds. Local cache hits 1 (0.00s CPU time), remote cache hits 0 (0.00s CPU time), compiled 0 variants (0.00s CPU time), skipped 0 variants.
    Prepared data for serialisation in 0.00s
  Pass CubeToOctahedralRed (fp, d3d11) finished in 0.01 seconds. Local cache hits 1 (0.00s CPU time), remote cache hits 0 (0.00s CPU time), compiled 0 variants (0.00s CPU time), skipped 0 variants.
    Prepared data for serialisation in 0.00s
  Pass BilinearQuadLuminance (vp, d3d11) finished in 0.01 seconds. Local cache hits 1 (0.00s CPU time), remote cache hits 0 (0.00s CPU time), compiled 0 variants (0.00s CPU time), skipped 0 variants.
    Prepared data for serialisation in 0.00s
  Pass BilinearQuadLuminance (fp, d3d11) finished in 0.01 seconds. Local cache hits 1 (0.00s CPU time), remote cache hits 0 (0.00s CPU time), compiled 0 variants (0.00s CPU time), skipped 0 variants.
    Prepared data for serialisation in 0.00s
  Pass BilinearQuadAlpha (vp, d3d11) finished in 0.01 seconds. Local cache hits 1 (0.00s CPU time), remote cache hits 0 (0.00s CPU time), compiled 0 variants (0.00s CPU time), skipped 0 variants.
    Prepared data for serialisation in 0.00s
  Pass BilinearQuadAlpha (fp, d3d11) finished in 0.01 seconds. Local cache hits 1 (0.00s CPU time), remote cache hits 0 (0.00s CPU time), compiled 0 variants (0.00s CPU time), skipped 0 variants.
    Prepared data for serialisation in 0.00s
  Pass BilinearQuadRed (vp, d3d11) finished in 0.01 seconds. Local cache hits 1 (0.00s CPU time), remote cache hits 0 (0.00s CPU time), compiled 0 variants (0.00s CPU time), skipped 0 variants.
    Prepared data for serialisation in 0.00s
  Pass BilinearQuadRed (fp, d3d11) finished in 0.01 seconds. Local cache hits 1 (0.00s CPU time), remote cache hits 0 (0.00s CPU time), compiled 0 variants (0.00s CPU time), skipped 0 variants.
    Prepared data for serialisation in 0.00s
  Pass NearestCubeToOctahedralPadding (vp, d3d11) finished in 0.00 seconds. Local cache hits 2 (0.00s CPU time), remote cache hits 0 (0.00s CPU time), compiled 0 variants (0.00s CPU time), skipped 0 variants.
    Prepared data for serialisation in 0.00s
  Pass NearestCubeToOctahedralPadding (fp, d3d11) finished in 0.00 seconds. Local cache hits 2 (0.00s CPU time), remote cache hits 0 (0.00s CPU time), compiled 0 variants (0.00s CPU time), skipped 0 variants.
    Prepared data for serialisation in 0.00s
  Pass BilinearCubeToOctahedralPadding (vp, d3d11) finished in 0.00 seconds. Local cache hits 2 (0.00s CPU time), remote cache hits 0 (0.00s CPU time), compiled 0 variants (0.00s CPU time), skipped 0 variants.
    Prepared data for serialisation in 0.00s
  Pass BilinearCubeToOctahedralPadding (fp, d3d11) finished in 0.00 seconds. Local cache hits 2 (0.00s CPU time), remote cache hits 0 (0.00s CPU time), compiled 0 variants (0.00s CPU time), skipped 0 variants.
    Prepared data for serialisation in 0.00s
  Pass BilinearDebugDraw (vp, d3d11) finished in 0.00 seconds. Local cache hits 1 (0.00s CPU time), remote cache hits 0 (0.00s CPU time), compiled 0 variants (0.00s CPU time), skipped 0 variants.
    Prepared data for serialisation in 0.00s
  Pass BilinearDebugDraw (fp, d3d11) finished in 0.00 seconds. Local cache hits 2 (0.00s CPU time), remote cache hits 0 (0.00s CPU time), compiled 0 variants (0.00s CPU time), skipped 0 variants.
    Prepared data for serialisation in 0.00s
  Pass NearestDebugDraw (vp, d3d11) finished in 0.00 seconds. Local cache hits 1 (0.00s CPU time), remote cache hits 0 (0.00s CPU time), compiled 0 variants (0.00s CPU time), skipped 0 variants.
    Prepared data for serialisation in 0.00s
  Pass NearestDebugDraw (fp, d3d11) finished in 0.00 seconds. Local cache hits 2 (0.00s CPU time), remote cache hits 0 (0.00s CPU time), compiled 0 variants (0.00s CPU time), skipped 0 variants.
    Prepared data for serialisation in 0.00s
Serialized binary data for shader Hidden/Universal/CoreBlit in 0.00s
    d3d11 (total internal programs: 56, unique: 16)
Compiling shader "Hidden/Universal Render Pipeline/TemporalAA"
  Pass "TemporalAA - Accumulate - Quality Very Low" (vp)
    Target graphics API: d3d11
    Full variant space:         1
    After settings filtering:   1
    After built-in stripping:   1
    After scriptable stripping: 1
    Processed in 0.00 seconds
  Pass "TemporalAA - Accumulate - Quality Very Low" (fp)
    Target graphics API: d3d11
    Full variant space:         2
    After settings filtering:   1
    After built-in stripping:   1
    After scriptable stripping: 1
    Processed in 0.00 seconds
  Pass "TemporalAA - Accumulate - Quality Low" (vp)
    Target graphics API: d3d11
    Full variant space:         1
    After settings filtering:   1
    After built-in stripping:   1
    After scriptable stripping: 1
    Processed in 0.00 seconds
  Pass "TemporalAA - Accumulate - Quality Low" (fp)
    Target graphics API: d3d11
    Full variant space:         2
    After settings filtering:   1
    After built-in stripping:   1
    After scriptable stripping: 1
    Processed in 0.00 seconds
  Pass "TemporalAA - Accumulate - Quality Medium" (vp)
    Target graphics API: d3d11
    Full variant space:         1
    After settings filtering:   1
    After built-in stripping:   1
    After scriptable stripping: 1
    Processed in 0.00 seconds
  Pass "TemporalAA - Accumulate - Quality Medium" (fp)
    Target graphics API: d3d11
    Full variant space:         2
    After settings filtering:   1
    After built-in stripping:   1
    After scriptable stripping: 1
    Processed in 0.00 seconds
  Pass "TemporalAA - Accumulate - Quality High" (vp)
    Target graphics API: d3d11
    Full variant space:         1
    After settings filtering:   1
    After built-in stripping:   1
    After scriptable stripping: 1
    Processed in 0.00 seconds
  Pass "TemporalAA - Accumulate - Quality High" (fp)
    Target graphics API: d3d11
    Full variant space:         2
    After settings filtering:   1
    After built-in stripping:   1
    After scriptable stripping: 1
    Processed in 0.00 seconds
  Pass "TemporalAA - Accumulate - Quality Very High" (vp)
    Target graphics API: d3d11
    Full variant space:         1
    After settings filtering:   1
    After built-in stripping:   1
    After scriptable stripping: 1
    Processed in 0.00 seconds
  Pass "TemporalAA - Accumulate - Quality Very High" (fp)
    Target graphics API: d3d11
    Full variant space:         4
    After settings filtering:   2
    After built-in stripping:   2
    After scriptable stripping: 2
    Processed in 0.00 seconds
  Pass "TemporalAA - Copy History" (vp)
    Target graphics API: d3d11
    Full variant space:         1
    After settings filtering:   1
    After built-in stripping:   1
    After scriptable stripping: 1
    Processed in 0.00 seconds
  Pass "TemporalAA - Copy History" (fp)
    Target graphics API: d3d11
    Full variant space:         2
    After settings filtering:   1
    After built-in stripping:   1
    After scriptable stripping: 1
    Processed in 0.00 seconds
  Pass TemporalAA - Accumulate - Quality Very Low (vp, d3d11) finished in 0.00 seconds. Local cache hits 1 (0.00s CPU time), remote cache hits 0 (0.00s CPU time), compiled 0 variants (0.00s CPU time), skipped 0 variants.
    Prepared data for serialisation in 0.00s
  Pass TemporalAA - Accumulate - Quality Very Low (fp, d3d11) finished in 0.00 seconds. Local cache hits 1 (0.00s CPU time), remote cache hits 0 (0.00s CPU time), compiled 0 variants (0.00s CPU time), skipped 0 variants.
    Prepared data for serialisation in 0.00s
  Pass TemporalAA - Accumulate - Quality Low (vp, d3d11) finished in 0.00 seconds. Local cache hits 1 (0.00s CPU time), remote cache hits 0 (0.00s CPU time), compiled 0 variants (0.00s CPU time), skipped 0 variants.
    Prepared data for serialisation in 0.00s
  Pass TemporalAA - Accumulate - Quality Low (fp, d3d11) finished in 0.00 seconds. Local cache hits 1 (0.00s CPU time), remote cache hits 0 (0.00s CPU time), compiled 0 variants (0.00s CPU time), skipped 0 variants.
    Prepared data for serialisation in 0.00s
  Pass TemporalAA - Accumulate - Quality Medium (vp, d3d11) finished in 0.00 seconds. Local cache hits 1 (0.00s CPU time), remote cache hits 0 (0.00s CPU time), compiled 0 variants (0.00s CPU time), skipped 0 variants.
    Prepared data for serialisation in 0.00s
  Pass TemporalAA - Accumulate - Quality Medium (fp, d3d11) finished in 0.00 seconds. Local cache hits 1 (0.00s CPU time), remote cache hits 0 (0.00s CPU time), compiled 0 variants (0.00s CPU time), skipped 0 variants.
    Prepared data for serialisation in 0.00s
  Pass TemporalAA - Accumulate - Quality High (vp, d3d11) finished in 0.00 seconds. Local cache hits 1 (0.00s CPU time), remote cache hits 0 (0.00s CPU time), compiled 0 variants (0.00s CPU time), skipped 0 variants.
    Prepared data for serialisation in 0.00s
  Pass TemporalAA - Accumulate - Quality High (fp, d3d11) finished in 0.00 seconds. Local cache hits 1 (0.00s CPU time), remote cache hits 0 (0.00s CPU time), compiled 0 variants (0.00s CPU time), skipped 0 variants.
    Prepared data for serialisation in 0.00s
  Pass TemporalAA - Accumulate - Quality Very High (vp, d3d11) finished in 0.00 seconds. Local cache hits 1 (0.00s CPU time), remote cache hits 0 (0.00s CPU time), compiled 0 variants (0.00s CPU time), skipped 0 variants.
    Prepared data for serialisation in 0.00s
  Pass TemporalAA - Accumulate - Quality Very High (fp, d3d11) finished in 0.00 seconds. Local cache hits 2 (0.00s CPU time), remote cache hits 0 (0.00s CPU time), compiled 0 variants (0.00s CPU time), skipped 0 variants.
    Prepared data for serialisation in 0.00s
  Pass TemporalAA - Copy History (vp, d3d11) finished in 0.00 seconds. Local cache hits 1 (0.00s CPU time), remote cache hits 0 (0.00s CPU time), compiled 0 variants (0.00s CPU time), skipped 0 variants.
    Prepared data for serialisation in 0.00s
  Pass TemporalAA - Copy History (fp, d3d11) finished in 0.00 seconds. Local cache hits 1 (0.00s CPU time), remote cache hits 0 (0.00s CPU time), compiled 0 variants (0.00s CPU time), skipped 0 variants.
    Prepared data for serialisation in 0.00s
Serialized binary data for shader Hidden/Universal Render Pipeline/TemporalAA in 0.00s
    d3d11 (total internal programs: 13, unique: 8)
Compiling shader "Hidden/Universal Render Pipeline/PaniniProjection"
  Pass "Panini Projection" (vp)
    Target graphics API: d3d11
    Full variant space:         2
    After settings filtering:   2
    After built-in stripping:   2
    After scriptable stripping: 2
    Processed in 0.00 seconds
  Pass "Panini Projection" (fp)
    Target graphics API: d3d11
    Full variant space:         2
    After settings filtering:   2
    After built-in stripping:   2
    After scriptable stripping: 2
    Processed in 0.00 seconds
  Pass Panini Projection (vp, d3d11) finished in 0.00 seconds. Local cache hits 2 (0.00s CPU time), remote cache hits 0 (0.00s CPU time), compiled 0 variants (0.00s CPU time), skipped 0 variants.
    Prepared data for serialisation in 0.00s
  Pass Panini Projection (fp, d3d11) finished in 0.00 seconds. Local cache hits 2 (0.00s CPU time), remote cache hits 0 (0.00s CPU time), compiled 0 variants (0.00s CPU time), skipped 0 variants.
    Prepared data for serialisation in 0.00s
Serialized binary data for shader Hidden/Universal Render Pipeline/PaniniProjection in 0.00s
    d3d11 (total internal programs: 4, unique: 4)
Compiling shader "Hidden/Universal/BlitHDROverlay"
  Pass "BilinearDebugDraw" (vp)
    Target graphics API: d3d11
    Full variant space:         1
    After settings filtering:   1
    After built-in stripping:   1
    After scriptable stripping: 0
    Processed in 0.00 seconds
  Pass "BilinearDebugDraw" (fp)
    Target graphics API: d3d11
    Full variant space:         8
    After settings filtering:   1
    After built-in stripping:   1
    After scriptable stripping: 0
    Processed in 0.00 seconds
  Pass "NearestDebugDraw" (vp)
    Target graphics API: d3d11
    Full variant space:         1
    After settings filtering:   1
    After built-in stripping:   1
    After scriptable stripping: 0
    Processed in 0.00 seconds
  Pass "NearestDebugDraw" (fp)
    Target graphics API: d3d11
    Full variant space:         8
    After settings filtering:   1
    After built-in stripping:   1
    After scriptable stripping: 0
    Processed in 0.00 seconds
Serialized binary data for shader Hidden/Universal/BlitHDROverlay in 0.00s
    d3d11 (total internal programs: 0, unique: 0)
Compiling shader "SyntyStudios/SkyboxUnlit"
  Pass "Forward" (vp)
    Target graphics API: d3d11
    Full variant space:         6.144
    After settings filtering:   1.024
    After built-in stripping:   4
    After scriptable stripping: 4
    Processed in 0.00 seconds
  Pass "Forward" (fp)
    Target graphics API: d3d11
    Full variant space:         12.582.912
    After settings filtering:   4.096
    After built-in stripping:   16
    After scriptable stripping: 16
    Processed in 0.00 seconds
  Pass "ShadowCaster" (vp)
    Target graphics API: d3d11
    Full variant space:         4
    After settings filtering:   4
    After built-in stripping:   2
    After scriptable stripping: 2
    Processed in 0.00 seconds
  Pass "ShadowCaster" (fp)
    Target graphics API: d3d11
    Full variant space:         2
    After settings filtering:   2
    After built-in stripping:   1
    After scriptable stripping: 1
    Processed in 0.00 seconds
  Pass "DepthOnly" (vp)
    Target graphics API: d3d11
    Full variant space:         2
    After settings filtering:   2
    After built-in stripping:   1
    After scriptable stripping: 1
    Processed in 0.00 seconds
  Pass "DepthOnly" (fp)
    Target graphics API: d3d11
    Full variant space:         2
    After settings filtering:   2
    After built-in stripping:   1
    After scriptable stripping: 1
    Processed in 0.00 seconds
  Pass "Universal2D" (vp)
    Target graphics API: d3d11
    Full variant space:         1
    After settings filtering:   1
    After built-in stripping:   1
    After scriptable stripping: 0
    Processed in 0.00 seconds
  Pass "Universal2D" (fp)
    Target graphics API: d3d11
    Full variant space:         1
    After settings filtering:   1
    After built-in stripping:   1
    After scriptable stripping: 0
    Processed in 0.00 seconds
  Pass "DepthNormals" (vp)
    Target graphics API: d3d11
    Full variant space:         2
    After settings filtering:   2
    After built-in stripping:   1
    After scriptable stripping: 1
    Processed in 0.00 seconds
  Pass "DepthNormals" (fp)
    Target graphics API: d3d11
    Full variant space:         4
    After settings filtering:   2
    After built-in stripping:   1
    After scriptable stripping: 1
    Processed in 0.00 seconds
  Pass "GBuffer" (vp)
    Target graphics API: d3d11
    Full variant space:         1.024
    After settings filtering:   512
    After built-in stripping:   2
    After scriptable stripping: 0
    Processed in 0.00 seconds
  Pass "GBuffer" (fp)
    Target graphics API: d3d11
    Full variant space:         262.144
    After settings filtering:   1.024
    After built-in stripping:   4
    After scriptable stripping: 0
    Processed in 0.00 seconds
  Pass Forward (vp, d3d11) finished in 0.01 seconds. Local cache hits 4 (0.00s CPU time), remote cache hits 0 (0.00s CPU time), compiled 0 variants (0.00s CPU time), skipped 0 variants.
    Prepared data for serialisation in 0.00s
  Pass Forward (fp, d3d11) finished in 0.01 seconds. Local cache hits 16 (0.00s CPU time), remote cache hits 0 (0.00s CPU time), compiled 0 variants (0.00s CPU time), skipped 0 variants.
    Prepared data for serialisation in 0.00s
  Pass ShadowCaster (vp, d3d11) finished in 0.01 seconds. Local cache hits 2 (0.00s CPU time), remote cache hits 0 (0.00s CPU time), compiled 0 variants (0.00s CPU time), skipped 0 variants.
    Prepared data for serialisation in 0.00s
  Pass ShadowCaster (fp, d3d11) finished in 0.01 seconds. Local cache hits 1 (0.00s CPU time), remote cache hits 0 (0.00s CPU time), compiled 0 variants (0.00s CPU time), skipped 0 variants.
    Prepared data for serialisation in 0.00s
  Pass DepthOnly (vp, d3d11) finished in 0.01 seconds. Local cache hits 1 (0.00s CPU time), remote cache hits 0 (0.00s CPU time), compiled 0 variants (0.00s CPU time), skipped 0 variants.
    Prepared data for serialisation in 0.00s
  Pass DepthOnly (fp, d3d11) finished in 0.01 seconds. Local cache hits 1 (0.00s CPU time), remote cache hits 0 (0.00s CPU time), compiled 0 variants (0.00s CPU time), skipped 0 variants.
    Prepared data for serialisation in 0.00s
  Pass DepthNormals (vp, d3d11) finished in 0.01 seconds. Local cache hits 1 (0.00s CPU time), remote cache hits 0 (0.00s CPU time), compiled 0 variants (0.00s CPU time), skipped 0 variants.
    Prepared data for serialisation in 0.00s
  Pass DepthNormals (fp, d3d11) finished in 0.01 seconds. Local cache hits 1 (0.00s CPU time), remote cache hits 0 (0.00s CPU time), compiled 0 variants (0.00s CPU time), skipped 0 variants.
    Prepared data for serialisation in 0.00s
Serialized binary data for shader SyntyStudios/SkyboxUnlit in 0.00s
    d3d11 (total internal programs: 27, unique: 26)
Shader warning in 'SyntyStudios/SkyboxUnlit': _FORWARD_PLUS shader keyword has been deprecated. Please update your shaders to use _CLUSTER_LIGHT_LOOP shader keyword instead, otherwise shader compilation times may be negatively affected. at /GAME Ai/IsoRPG/Library/PackageCache/com.unity.render-pipelines.universal@d7774c218bdf/ShaderLibrary/ForwardPlusKeyword.deprecated.hlsl(12)
Shader warning in 'SyntyStudios/SkyboxUnlit': "UnityGBuffer.hlsl" is deprecated in 6.1! Please upgrade your shaders to include "GBufferOutput.hlsl" or "GBufferInput.hlsl" instead!
Compiling shader "Hidden/Universal Render Pipeline/FinalPost"
  Pass "FinalPost" (vp)
    Target graphics API: d3d11
    Full variant space:         1
    After settings filtering:   1
    After built-in stripping:   1
    After scriptable stripping: 1
    Processed in 0.00 seconds
  Pass "FinalPost" (fp)
    Target graphics API: d3d11
    Full variant space:         2.560
    After settings filtering:   48
    After built-in stripping:   48
    After scriptable stripping: 32
    Processed in 0.00 seconds
  Pass "FinalPostXR" (vp)
    Target graphics API: d3d11
    Full variant space:         1
    After settings filtering:   1
    After built-in stripping:   1
    After scriptable stripping: 0
    Processed in 0.00 seconds
  Pass "FinalPostXR" (fp)
    Target graphics API: d3d11
    Full variant space:         2.560
    After settings filtering:   48
    After built-in stripping:   48
    After scriptable stripping: 0
    Processed in 0.00 seconds
  Pass "FinalPost" (vp)
    Target graphics API: d3d11
    Full variant space:         1
    After settings filtering:   1
    After built-in stripping:   1
    After scriptable stripping: 1
    Processed in 0.00 seconds
  Pass "FinalPost" (fp)
    Target graphics API: d3d11
    Full variant space:         2.560
    After settings filtering:   48
    After built-in stripping:   48
    After scriptable stripping: 32
    Processed in 0.00 seconds
  Pass "FinalPostXR" (vp)
    Target graphics API: d3d11
    Full variant space:         1
    After settings filtering:   1
    After built-in stripping:   1
    After scriptable stripping: 0
    Processed in 0.00 seconds
  Pass "FinalPostXR" (fp)
    Target graphics API: d3d11
    Full variant space:         2.560
    After settings filtering:   48
    After built-in stripping:   48
    After scriptable stripping: 0
    Processed in 0.00 seconds
  Pass FinalPost (vp, d3d11) finished in 0.01 seconds. Local cache hits 1 (0.00s CPU time), remote cache hits 0 (0.00s CPU time), compiled 0 variants (0.00s CPU time), skipped 0 variants.
    Prepared data for serialisation in 0.00s
  Pass FinalPost (fp, d3d11) finished in 0.00 seconds. Local cache hits 32 (0.00s CPU time), remote cache hits 0 (0.00s CPU time), compiled 0 variants (0.00s CPU time), skipped 0 variants.
    Prepared data for serialisation in 0.00s
  Pass FinalPost (vp, d3d11) finished in 0.00 seconds. Local cache hits 1 (0.00s CPU time), remote cache hits 0 (0.00s CPU time), compiled 0 variants (0.00s CPU time), skipped 0 variants.
    Prepared data for serialisation in 0.00s
  Pass FinalPost (fp, d3d11) finished in 0.00 seconds. Local cache hits 32 (0.00s CPU time), remote cache hits 0 (0.00s CPU time), compiled 0 variants (0.00s CPU time), skipped 0 variants.
    Prepared data for serialisation in 0.00s
Serialized binary data for shader Hidden/Universal Render Pipeline/FinalPost in 0.00s
    d3d11 (total internal programs: 66, unique: 66)
Compiling shader "Hidden/Universal Render Pipeline/CameraMotionVectors"
  Pass "Camera Motion Vectors" (vp)
    Target graphics API: d3d11
    Full variant space:         1
    After settings filtering:   1
    After built-in stripping:   1
    After scriptable stripping: 1
    Processed in 0.00 seconds
  Pass "Camera Motion Vectors" (fp)
    Target graphics API: d3d11
    Full variant space:         1
    After settings filtering:   1
    After built-in stripping:   1
    After scriptable stripping: 1
    Processed in 0.00 seconds
  Pass Camera Motion Vectors (vp, d3d11) finished in 0.00 seconds. Local cache hits 1 (0.00s CPU time), remote cache hits 0 (0.00s CPU time), compiled 0 variants (0.00s CPU time), skipped 0 variants.
    Prepared data for serialisation in 0.00s
  Pass Camera Motion Vectors (fp, d3d11) finished in 0.00 seconds. Local cache hits 1 (0.00s CPU time), remote cache hits 0 (0.00s CPU time), compiled 0 variants (0.00s CPU time), skipped 0 variants.
    Prepared data for serialisation in 0.00s
Serialized binary data for shader Hidden/Universal Render Pipeline/CameraMotionVectors in 0.00s
    d3d11 (total internal programs: 2, unique: 2)
Compiling shader "Hidden/Universal Render Pipeline/Debug/DebugReplacement"
  Pass "Vertex Attributes" (vp)
    Target graphics API: d3d11
    Full variant space:         2
    After settings filtering:   2
    After built-in stripping:   1
    After scriptable stripping: 1
    Processed in 0.00 seconds
  Pass "Vertex Attributes" (fp)
    Target graphics API: d3d11
    Full variant space:         2
    After settings filtering:   2
    After built-in stripping:   1
    After scriptable stripping: 1
    Processed in 0.00 seconds
  Pass Vertex Attributes (vp, d3d11) finished in 0.00 seconds. Local cache hits 1 (0.00s CPU time), remote cache hits 0 (0.00s CPU time), compiled 0 variants (0.00s CPU time), skipped 0 variants.
    Prepared data for serialisation in 0.00s
  Pass Vertex Attributes (fp, d3d11) finished in 0.00 seconds. Local cache hits 1 (0.00s CPU time), remote cache hits 0 (0.00s CPU time), compiled 0 variants (0.00s CPU time), skipped 0 variants.
    Prepared data for serialisation in 0.00s
Serialized binary data for shader Hidden/Universal Render Pipeline/Debug/DebugReplacement in 0.00s
    d3d11 (total internal programs: 2, unique: 2)
Compiling shader "Hidden/Universal/CoreBlitColorAndDepth"
  Pass "ColorOnly" (vp)
    Target graphics API: d3d11
    Full variant space:         4
    After settings filtering:   4
    After built-in stripping:   4
    After scriptable stripping: 4
    Processed in 0.00 seconds
  Pass "ColorOnly" (fp)
    Target graphics API: d3d11
    Full variant space:         4
    After settings filtering:   4
    After built-in stripping:   4
    After scriptable stripping: 4
    Processed in 0.00 seconds
  Pass "ColorAndDepth" (vp)
    Target graphics API: d3d11
    Full variant space:         4
    After settings filtering:   4
    After built-in stripping:   4
    After scriptable stripping: 4
    Processed in 0.00 seconds
  Pass "ColorAndDepth" (fp)
    Target graphics API: d3d11
    Full variant space:         4
    After settings filtering:   4
    After built-in stripping:   4
    After scriptable stripping: 4
    Processed in 0.00 seconds
  Pass "DepthOnly" (vp)
    Target graphics API: d3d11
    Full variant space:         4
    After settings filtering:   4
    After built-in stripping:   4
    After scriptable stripping: 4
    Processed in 0.00 seconds
  Pass "DepthOnly" (fp)
    Target graphics API: d3d11
    Full variant space:         4
    After settings filtering:   4
    After built-in stripping:   4
    After scriptable stripping: 4
    Processed in 0.00 seconds
  Pass ColorOnly (vp, d3d11) finished in 0.00 seconds. Local cache hits 4 (0.00s CPU time), remote cache hits 0 (0.00s CPU time), compiled 0 variants (0.00s CPU time), skipped 0 variants.
    Prepared data for serialisation in 0.00s
  Pass ColorOnly (fp, d3d11) finished in 0.00 seconds. Local cache hits 4 (0.00s CPU time), remote cache hits 0 (0.00s CPU time), compiled 0 variants (0.00s CPU time), skipped 0 variants.
    Prepared data for serialisation in 0.00s
  Pass ColorAndDepth (vp, d3d11) finished in 0.00 seconds. Local cache hits 4 (0.00s CPU time), remote cache hits 0 (0.00s CPU time), compiled 0 variants (0.00s CPU time), skipped 0 variants.
    Prepared data for serialisation in 0.00s
  Pass ColorAndDepth (fp, d3d11) finished in 0.00 seconds. Local cache hits 4 (0.00s CPU time), remote cache hits 0 (0.00s CPU time), compiled 0 variants (0.00s CPU time), skipped 0 variants.
    Prepared data for serialisation in 0.00s
  Pass DepthOnly (vp, d3d11) finished in 0.00 seconds. Local cache hits 4 (0.00s CPU time), remote cache hits 0 (0.00s CPU time), compiled 0 variants (0.00s CPU time), skipped 0 variants.
    Prepared data for serialisation in 0.00s
  Pass DepthOnly (fp, d3d11) finished in 0.00 seconds. Local cache hits 4 (0.00s CPU time), remote cache hits 0 (0.00s CPU time), compiled 0 variants (0.00s CPU time), skipped 0 variants.
    Prepared data for serialisation in 0.00s
Serialized binary data for shader Hidden/Universal/CoreBlitColorAndDepth in 0.00s
    d3d11 (total internal programs: 24, unique: 16)
Compiling shader "Hidden/Universal Render Pipeline/XR/XRMirrorView"
  Pass "" (vp)
    Target graphics API: d3d11
    Full variant space:         1
    After settings filtering:   1
    After built-in stripping:   1
    After scriptable stripping: 0
    Processed in 0.00 seconds
  Pass "" (fp)
    Target graphics API: d3d11
    Full variant space:         4
    After settings filtering:   2
    After built-in stripping:   2
    After scriptable stripping: 0
    Processed in 0.00 seconds
Serialized binary data for shader Hidden/Universal Render Pipeline/XR/XRMirrorView in 0.00s
    d3d11 (total internal programs: 0, unique: 0)
Compiling shader "Hidden/Universal Render Pipeline/CopyDepth"
  Pass "CopyDepth" (vp)
    Target graphics API: d3d11
    Full variant space:         8
    After settings filtering:   8
    After built-in stripping:   8
    After scriptable stripping: 8
    Processed in 0.00 seconds
  Pass "CopyDepth" (fp)
    Target graphics API: d3d11
    Full variant space:         8
    After settings filtering:   8
    After built-in stripping:   8
    After scriptable stripping: 8
    Processed in 0.00 seconds
  Pass CopyDepth (vp, d3d11) finished in 0.00 seconds. Local cache hits 8 (0.00s CPU time), remote cache hits 0 (0.00s CPU time), compiled 0 variants (0.00s CPU time), skipped 0 variants.
    Prepared data for serialisation in 0.00s
  Pass CopyDepth (fp, d3d11) finished in 0.00 seconds. Local cache hits 8 (0.00s CPU time), remote cache hits 0 (0.00s CPU time), compiled 0 variants (0.00s CPU time), skipped 0 variants.
    Prepared data for serialisation in 0.00s
Serialized binary data for shader Hidden/Universal Render Pipeline/CopyDepth in 0.00s
    d3d11 (total internal programs: 16, unique: 16)
Compiling shader "Hidden/TerrainEngine/Details/UniversalPipeline/WavingDoublePass"
  Pass "ForwardLit" (vp)
    Target graphics API: d3d11
    Full variant space:         55.296
    After settings filtering:   768
    After built-in stripping:   6
    After scriptable stripping: 2
    Processed in 0.00 seconds
  Pass "ForwardLit" (fp)
    Target graphics API: d3d11
    Full variant space:         35.389.440
    After settings filtering:   3.072
    After built-in stripping:   24
    After scriptable stripping: 8
    Processed in 0.00 seconds
  Pass "GBuffer" (vp)
    Target graphics API: d3d11
    Full variant space:         1.152
    After settings filtering:   192
    After built-in stripping:   6
    After scriptable stripping: 0
    Processed in 0.00 seconds
  Pass "GBuffer" (fp)
    Target graphics API: d3d11
    Full variant space:         737.280
    After settings filtering:   768
    After built-in stripping:   24
    After scriptable stripping: 0
    Processed in 0.00 seconds
  Pass "DepthOnly" (vp)
    Target graphics API: d3d11
    Full variant space:         2
    After settings filtering:   2
    After built-in stripping:   1
    After scriptable stripping: 1
    Processed in 0.00 seconds
  Pass "DepthOnly" (fp)
    Target graphics API: d3d11
    Full variant space:         2
    After settings filtering:   2
    After built-in stripping:   1
    After scriptable stripping: 1
    Processed in 0.00 seconds
  Pass "DepthNormalsOnly" (vp)
    Target graphics API: d3d11
    Full variant space:         2
    After settings filtering:   2
    After built-in stripping:   1
    After scriptable stripping: 1
    Processed in 0.00 seconds
  Pass "DepthNormalsOnly" (fp)
    Target graphics API: d3d11
    Full variant space:         8
    After settings filtering:   2
    After built-in stripping:   1
    After scriptable stripping: 1
    Processed in 0.00 seconds
  Pass ForwardLit (vp, d3d11) finished in 0.00 seconds. Local cache hits 2 (0.00s CPU time), remote cache hits 0 (0.00s CPU time), compiled 0 variants (0.00s CPU time), skipped 0 variants.
    Prepared data for serialisation in 0.00s
  Pass ForwardLit (fp, d3d11) finished in 0.00 seconds. Local cache hits 8 (0.00s CPU time), remote cache hits 0 (0.00s CPU time), compiled 0 variants (0.00s CPU time), skipped 0 variants.
    Prepared data for serialisation in 0.00s
  Pass DepthOnly (vp, d3d11) finished in 0.00 seconds. Local cache hits 1 (0.00s CPU time), remote cache hits 0 (0.00s CPU time), compiled 0 variants (0.00s CPU time), skipped 0 variants.
    Prepared data for serialisation in 0.00s
  Pass DepthOnly (fp, d3d11) finished in 0.00 seconds. Local cache hits 1 (0.00s CPU time), remote cache hits 0 (0.00s CPU time), compiled 0 variants (0.00s CPU time), skipped 0 variants.
    Prepared data for serialisation in 0.00s
  Pass DepthNormalsOnly (vp, d3d11) finished in 0.00 seconds. Local cache hits 1 (0.00s CPU time), remote cache hits 0 (0.00s CPU time), compiled 0 variants (0.00s CPU time), skipped 0 variants.
    Prepared data for serialisation in 0.00s
  Pass DepthNormalsOnly (fp, d3d11) finished in 0.00 seconds. Local cache hits 1 (0.00s CPU time), remote cache hits 0 (0.00s CPU time), compiled 0 variants (0.00s CPU time), skipped 0 variants.
    Prepared data for serialisation in 0.00s
Serialized binary data for shader Hidden/TerrainEngine/Details/UniversalPipeline/WavingDoublePass in 0.00s
    d3d11 (total internal programs: 14, unique: 14)
Compiling shader "Hidden/Universal Render Pipeline/FallbackError"
  Pass "" (vp)
    Target graphics API: d3d11
    Full variant space:         6
    After settings filtering:   6
    After built-in stripping:   1
    After scriptable stripping: 1
    Processed in 0.00 seconds
  Pass "" (fp)
    Target graphics API: d3d11
    Full variant space:         6
    After settings filtering:   6
    After built-in stripping:   1
    After scriptable stripping: 1
    Processed in 0.00 seconds
  Pass  (vp, d3d11) finished in 0.00 seconds. Local cache hits 1 (0.00s CPU time), remote cache hits 0 (0.00s CPU time), compiled 0 variants (0.00s CPU time), skipped 0 variants.
    Prepared data for serialisation in 0.00s
  Pass  (fp, d3d11) finished in 0.00 seconds. Local cache hits 1 (0.00s CPU time), remote cache hits 0 (0.00s CPU time), compiled 0 variants (0.00s CPU time), skipped 0 variants.
    Prepared data for serialisation in 0.00s
Serialized binary data for shader Hidden/Universal Render Pipeline/FallbackError in 0.00s
    d3d11 (total internal programs: 2, unique: 2)
Compiling shader "Hidden/Universal Render Pipeline/UberPost"
  Pass "UberPost" (vp)
    Target graphics API: d3d11
    Full variant space:         1
    After settings filtering:   1
    After built-in stripping:   1
    After scriptable stripping: 1
    Processed in 0.00 seconds
  Pass "UberPost" (fp)
    Target graphics API: d3d11
    Full variant space:         92.160
    After settings filtering:   960
    After built-in stripping:   960
    After scriptable stripping: 576
    Processed in 0.03 seconds
  Pass "UberPostXR" (vp)
    Target graphics API: d3d11
    Full variant space:         1
    After settings filtering:   1
    After built-in stripping:   1
    After scriptable stripping: 0
    Processed in 0.00 seconds
  Pass "UberPostXR" (fp)
    Target graphics API: d3d11
    Full variant space:         92.160
    After settings filtering:   960
    After built-in stripping:   960
    After scriptable stripping: 0
    Processed in 0.00 seconds
  Pass UberPost (vp, d3d11) finished in 0.03 seconds. Local cache hits 1 (0.00s CPU time), remote cache hits 0 (0.00s CPU time), compiled 0 variants (0.00s CPU time), skipped 0 variants.
    Prepared data for serialisation in 0.00s
  Pass UberPost (fp, d3d11) finished in 0.01 seconds. Local cache hits 576 (0.06s CPU time), remote cache hits 0 (0.00s CPU time), compiled 0 variants (0.00s CPU time), skipped 0 variants.
    Prepared data for serialisation in 0.00s
Serialized binary data for shader Hidden/Universal Render Pipeline/UberPost in 0.00s
    d3d11 (total internal programs: 577, unique: 577)
Compressed shader 'Hidden/Universal Render Pipeline/UberPost' on d3d11 from 3.84MB to 0.09MB
Compressed shader 'Hidden/Universal Render Pipeline/UberPost' in 0.03s
Compiling shader "Hidden/Universal Render Pipeline/Scaling Setup"
  Pass "ScalingSetup" (vp)
    Target graphics API: d3d11
    Full variant space:         1
    After settings filtering:   1
    After built-in stripping:   1
    After scriptable stripping: 1
    Processed in 0.00 seconds
  Pass "ScalingSetup" (fp)
    Target graphics API: d3d11
    Full variant space:         12
    After settings filtering:   6
    After built-in stripping:   6
    After scriptable stripping: 4
    Processed in 0.00 seconds
  Pass ScalingSetup (vp, d3d11) finished in 0.00 seconds. Local cache hits 1 (0.00s CPU time), remote cache hits 0 (0.00s CPU time), compiled 0 variants (0.00s CPU time), skipped 0 variants.
    Prepared data for serialisation in 0.00s
  Pass ScalingSetup (fp, d3d11) finished in 0.00 seconds. Local cache hits 4 (0.00s CPU time), remote cache hits 0 (0.00s CPU time), compiled 0 variants (0.00s CPU time), skipped 0 variants.
    Prepared data for serialisation in 0.00s
Serialized binary data for shader Hidden/Universal Render Pipeline/Scaling Setup in 0.00s
    d3d11 (total internal programs: 5, unique: 5)
Compiling shader "Hidden/Universal Render Pipeline/StencilDeferred"
  Pass "Stencil Volume" (vp)
    Target graphics API: d3d11
    Full variant space:         2
    After settings filtering:   2
    After built-in stripping:   2
    After scriptable stripping: 0
    Processed in 0.00 seconds
  Pass "Stencil Volume" (fp)
    Target graphics API: d3d11
    Full variant space:         1
    After settings filtering:   1
    After built-in stripping:   1
    After scriptable stripping: 0
    Processed in 0.00 seconds
  Pass "Deferred Punctual Light (Lit)" (vp)
    Target graphics API: d3d11
    Full variant space:         4
    After settings filtering:   2
    After built-in stripping:   2
    After scriptable stripping: 0
    Processed in 0.00 seconds
  Pass "Deferred Punctual Light (Lit)" (fp)
    Target graphics API: d3d11
    Full variant space:         5.120
    After settings filtering:   32
    After built-in stripping:   8
    After scriptable stripping: 0
    Processed in 0.00 seconds
  Pass "Deferred Punctual Light (SimpleLit)" (vp)
    Target graphics API: d3d11
    Full variant space:         4
    After settings filtering:   2
    After built-in stripping:   2
    After scriptable stripping: 0
    Processed in 0.00 seconds
  Pass "Deferred Punctual Light (SimpleLit)" (fp)
    Target graphics API: d3d11
    Full variant space:         5.120
    After settings filtering:   32
    After built-in stripping:   8
    After scriptable stripping: 0
    Processed in 0.00 seconds
  Pass "Deferred Directional Light (Lit)" (vp)
    Target graphics API: d3d11
    Full variant space:         2
    After settings filtering:   1
    After built-in stripping:   1
    After scriptable stripping: 0
    Processed in 0.00 seconds
  Pass "Deferred Directional Light (Lit)" (fp)
    Target graphics API: d3d11
    Full variant space:         40.960
    After settings filtering:   32
    After built-in stripping:   8
    After scriptable stripping: 0
    Processed in 0.00 seconds
  Pass "Deferred Directional Light (SimpleLit)" (vp)
    Target graphics API: d3d11
    Full variant space:         2
    After settings filtering:   1
    After built-in stripping:   1
    After scriptable stripping: 0
    Processed in 0.00 seconds
  Pass "Deferred Directional Light (SimpleLit)" (fp)
    Target graphics API: d3d11
    Full variant space:         40.960
    After settings filtering:   32
    After built-in stripping:   8
    After scriptable stripping: 0
    Processed in 0.00 seconds
  Pass "Fog" (vp)
    Target graphics API: d3d11
    Full variant space:         4
    After settings filtering:   4
    After built-in stripping:   1
    After scriptable stripping: 0
    Processed in 0.00 seconds
  Pass "Fog" (fp)
    Target graphics API: d3d11
    Full variant space:         8
    After settings filtering:   4
    After built-in stripping:   1
    After scriptable stripping: 0
    Processed in 0.00 seconds
  Pass "SSAOOnly" (vp)
    Target graphics API: d3d11
    Full variant space:         2
    After settings filtering:   1
    After built-in stripping:   1
    After scriptable stripping: 0
    Processed in 0.00 seconds
  Pass "SSAOOnly" (fp)
    Target graphics API: d3d11
    Full variant space:         4
    After settings filtering:   1
    After built-in stripping:   1
    After scriptable stripping: 0
    Processed in 0.00 seconds
Serialized binary data for shader Hidden/Universal Render Pipeline/StencilDeferred in 0.00s
    d3d11 (total internal programs: 0, unique: 0)
Compiling shader "Hidden/Universal Render Pipeline/LutBuilderHdr"
  Pass "LutBuilderHdr" (vp)
    Target graphics API: d3d11
    Full variant space:         3
    After settings filtering:   3
    After built-in stripping:   3
    After scriptable stripping: 3
    Processed in 0.00 seconds
  Pass "LutBuilderHdr" (fp)
    Target graphics API: d3d11
    Full variant space:         6
    After settings filtering:   3
    After built-in stripping:   3
    After scriptable stripping: 3
    Processed in 0.00 seconds
  Pass LutBuilderHdr (vp, d3d11) finished in 0.00 seconds. Local cache hits 3 (0.00s CPU time), remote cache hits 0 (0.00s CPU time), compiled 0 variants (0.00s CPU time), skipped 0 variants.
    Prepared data for serialisation in 0.00s
  Pass LutBuilderHdr (fp, d3d11) finished in 0.00 seconds. Local cache hits 3 (0.00s CPU time), remote cache hits 0 (0.00s CPU time), compiled 0 variants (0.00s CPU time), skipped 0 variants.
    Prepared data for serialisation in 0.00s
Serialized binary data for shader Hidden/Universal Render Pipeline/LutBuilderHdr in 0.00s
    d3d11 (total internal programs: 6, unique: 6)
Compiling shader "Hidden/Universal Render Pipeline/DBufferClear"
  Pass "DBufferClear" (vp)
    Target graphics API: d3d11
    Full variant space:         1
    After settings filtering:   1
    After built-in stripping:   1
    After scriptable stripping: 1
    Processed in 0.00 seconds
  Pass "DBufferClear" (fp)
    Target graphics API: d3d11
    Full variant space:         3
    After settings filtering:   1
    After built-in stripping:   1
    After scriptable stripping: 0
    Processed in 0.00 seconds
Serialized binary data for shader Hidden/Universal Render Pipeline/DBufferClear in 0.00s
    d3d11 (total internal programs: 0, unique: 0)
Compiling shader "Hidden/TerrainEngine/Details/UniversalPipeline/Vertexlit"
  Pass "TerrainDetailVertex" (vp)
    Target graphics API: d3d11
    Full variant space:         9.216
    After settings filtering:   128
    After built-in stripping:   2
    After scriptable stripping: 2
    Processed in 0.00 seconds
  Pass "TerrainDetailVertex" (fp)
    Target graphics API: d3d11
    Full variant space:         1.474.560
    After settings filtering:   512
    After built-in stripping:   8
    After scriptable stripping: 8
    Processed in 0.00 seconds
  Pass "TerrainDetailVertex - GBuffer" (vp)
    Target graphics API: d3d11
    Full variant space:         192
    After settings filtering:   16
    After built-in stripping:   4
    After scriptable stripping: 4
    Processed in 0.00 seconds
  Pass "TerrainDetailVertex - GBuffer" (fp)
    Target graphics API: d3d11
    Full variant space:         15.360
    After settings filtering:   32
    After built-in stripping:   8
    After scriptable stripping: 8
    Processed in 0.00 seconds
  Pass "DepthOnly" (vp)
    Target graphics API: d3d11
    Full variant space:         2
    After settings filtering:   2
    After built-in stripping:   1
    After scriptable stripping: 1
    Processed in 0.00 seconds
  Pass "DepthOnly" (fp)
    Target graphics API: d3d11
    Full variant space:         2
    After settings filtering:   2
    After built-in stripping:   1
    After scriptable stripping: 1
    Processed in 0.00 seconds
  Pass "DepthNormals" (vp)
    Target graphics API: d3d11
    Full variant space:         2
    After settings filtering:   2
    After built-in stripping:   1
    After scriptable stripping: 1
    Processed in 0.00 seconds
  Pass "DepthNormals" (fp)
    Target graphics API: d3d11
    Full variant space:         2
    After settings filtering:   2
    After built-in stripping:   1
    After scriptable stripping: 1
    Processed in 0.00 seconds
  Pass TerrainDetailVertex (vp, d3d11) finished in 0.00 seconds. Local cache hits 2 (0.00s CPU time), remote cache hits 0 (0.00s CPU time), compiled 0 variants (0.00s CPU time), skipped 0 variants.
    Prepared data for serialisation in 0.00s
  Pass TerrainDetailVertex (fp, d3d11) finished in 0.00 seconds. Local cache hits 8 (0.00s CPU time), remote cache hits 0 (0.00s CPU time), compiled 0 variants (0.00s CPU time), skipped 0 variants.
    Prepared data for serialisation in 0.00s
  Pass TerrainDetailVertex - GBuffer (vp, d3d11) finished in 0.00 seconds. Local cache hits 4 (0.00s CPU time), remote cache hits 0 (0.00s CPU time), compiled 0 variants (0.00s CPU time), skipped 0 variants.
    Prepared data for serialisation in 0.00s
  Pass TerrainDetailVertex - GBuffer (fp, d3d11) finished in 0.00 seconds. Local cache hits 8 (0.00s CPU time), remote cache hits 0 (0.00s CPU time), compiled 0 variants (0.00s CPU time), skipped 0 variants.
    Prepared data for serialisation in 0.00s
  Pass DepthOnly (vp, d3d11) finished in 0.00 seconds. Local cache hits 1 (0.00s CPU time), remote cache hits 0 (0.00s CPU time), compiled 0 variants (0.00s CPU time), skipped 0 variants.
    Prepared data for serialisation in 0.00s
  Pass DepthOnly (fp, d3d11) finished in 0.00 seconds. Local cache hits 1 (0.00s CPU time), remote cache hits 0 (0.00s CPU time), compiled 0 variants (0.00s CPU time), skipped 0 variants.
    Prepared data for serialisation in 0.00s
  Pass DepthNormals (vp, d3d11) finished in 0.00 seconds. Local cache hits 1 (0.00s CPU time), remote cache hits 0 (0.00s CPU time), compiled 0 variants (0.00s CPU time), skipped 0 variants.
    Prepared data for serialisation in 0.00s
  Pass DepthNormals (fp, d3d11) finished in 0.00 seconds. Local cache hits 1 (0.00s CPU time), remote cache hits 0 (0.00s CPU time), compiled 0 variants (0.00s CPU time), skipped 0 variants.
    Prepared data for serialisation in 0.00s
Serialized binary data for shader Hidden/TerrainEngine/Details/UniversalPipeline/Vertexlit in 0.00s
    d3d11 (total internal programs: 26, unique: 26)
Compiling shader "Hidden/Universal Render Pipeline/XR/XRMotionVector"
  Pass "XR Camera MotionVectors" (vp)
    Target graphics API: d3d11
    Full variant space:         1
    After settings filtering:   1
    After built-in stripping:   1
    After scriptable stripping: 0
    Processed in 0.00 seconds
  Pass "XR Camera MotionVectors" (fp)
    Target graphics API: d3d11
    Full variant space:         1
    After settings filtering:   1
    After built-in stripping:   1
    After scriptable stripping: 0
    Processed in 0.00 seconds
Serialized binary data for shader Hidden/Universal Render Pipeline/XR/XRMotionVector in 0.00s
    d3d11 (total internal programs: 0, unique: 0)
Compiling compute shader "ProbeVolumeSamplingDebugPositionNormal"
    starting stripping...
    finished in 0.01 seconds. 2 of 2 variants left
    2 variants, starting compilation...
    finished in 0.00 seconds. Local cache hits 2, remote cache hits 0, compiled 0 variants
Compiling compute shader "VrsTexture"
    starting stripping...
    finished in 0.00 seconds. 48 of 48 variants left
    48 variants, starting compilation...
    finished in 0.00 seconds. Local cache hits 48, remote cache hits 0, compiled 0 variants
Compiling shader "Synty/Generic_Basic"
  Pass "ForwardLit" (vp)
    Target graphics API: d3d11
    Full variant space:         884.736
    After settings filtering:   3.072
    After built-in stripping:   6
    After scriptable stripping: 2
    Processed in 0.00 seconds
  Pass "ForwardLit" (fp)
    Target graphics API: d3d11
    Full variant space:         36.238.786.560
    After settings filtering:   49.152
    After built-in stripping:   96
    After scriptable stripping: 16
    Processed in 0.00 seconds
  Pass "GBuffer" (vp)
    Target graphics API: d3d11
    Full variant space:         196.608
    After settings filtering:   2.048
    After built-in stripping:   4
    After scriptable stripping: 0
    Processed in 0.00 seconds
  Pass "GBuffer" (fp)
    Target graphics API: d3d11
    Full variant space:         1.006.632.960
    After settings filtering:   8.192
    After built-in stripping:   16
    After scriptable stripping: 0
    Processed in 0.00 seconds
  Pass "ShadowCaster" (vp)
    Target graphics API: d3d11
    Full variant space:         8
    After settings filtering:   8
    After built-in stripping:   2
    After scriptable stripping: 2
    Processed in 0.00 seconds
  Pass "ShadowCaster" (fp)
    Target graphics API: d3d11
    Full variant space:         8
    After settings filtering:   8
    After built-in stripping:   2
    After scriptable stripping: 2
    Processed in 0.00 seconds
  Pass "MotionVectors" (vp)
    Target graphics API: d3d11
    Full variant space:         4
    After settings filtering:   4
    After built-in stripping:   1
    After scriptable stripping: 1
    Processed in 0.00 seconds
  Pass "MotionVectors" (fp)
    Target graphics API: d3d11
    Full variant space:         16
    After settings filtering:   8
    After built-in stripping:   2
    After scriptable stripping: 2
    Processed in 0.00 seconds
  Pass "DepthOnly" (vp)
    Target graphics API: d3d11
    Full variant space:         4
    After settings filtering:   4
    After built-in stripping:   1
    After scriptable stripping: 1
    Processed in 0.00 seconds
  Pass "DepthOnly" (fp)
    Target graphics API: d3d11
    Full variant space:         8
    After settings filtering:   8
    After built-in stripping:   2
    After scriptable stripping: 2
    Processed in 0.00 seconds
  Pass "DepthNormals" (vp)
    Target graphics API: d3d11
    Full variant space:         4
    After settings filtering:   4
    After built-in stripping:   1
    After scriptable stripping: 1
    Processed in 0.00 seconds
  Pass "DepthNormals" (fp)
    Target graphics API: d3d11
    Full variant space:         16
    After settings filtering:   8
    After built-in stripping:   2
    After scriptable stripping: 2
    Processed in 0.00 seconds
  Pass "Universal 2D" (vp)
    Target graphics API: d3d11
    Full variant space:         1
    After settings filtering:   1
    After built-in stripping:   1
    After scriptable stripping: 1
    Processed in 0.00 seconds
  Pass "Universal 2D" (fp)
    Target graphics API: d3d11
    Full variant space:         2
    After settings filtering:   2
    After built-in stripping:   2
    After scriptable stripping: 2
    Processed in 0.00 seconds
  Pass "BuiltIn Forward" (vp)
    Target graphics API: d3d11
    Full variant space:         1.019.904
    After settings filtering:   1.019.904
    After built-in stripping:   768
    After scriptable stripping: 0
    Processed in 0.03 seconds
  Pass "BuiltIn Forward" (fp)
    Target graphics API: d3d11
    Full variant space:         774.144
    After settings filtering:   774.144
    After built-in stripping:   384
    After scriptable stripping: 0
    Processed in 0.03 seconds
  Pass "BuiltIn ForwardAdd" (vp)
    Target graphics API: d3d11
    Full variant space:         577.536
    After settings filtering:   577.536
    After built-in stripping:   1.248
    After scriptable stripping: 0
    Processed in 0.02 seconds
  Pass "BuiltIn ForwardAdd" (fp)
    Target graphics API: d3d11
    Full variant space:         577.536
    After settings filtering:   577.536
    After built-in stripping:   1.248
    After scriptable stripping: 0
    Processed in 0.02 seconds
  Pass "BuiltIn Deferred" (vp)
    Target graphics API: d3d11
    Full variant space:         4.864
    After settings filtering:   4.864
    After built-in stripping:   128
    After scriptable stripping: 0
    Processed in 0.00 seconds
  Pass "BuiltIn Deferred" (fp)
    Target graphics API: d3d11
    Full variant space:         4.864
    After settings filtering:   4.864
    After built-in stripping:   128
    After scriptable stripping: 0
    Processed in 0.00 seconds
  Pass "ShadowCaster" (vp)
    Target graphics API: d3d11
    Full variant space:         4
    After settings filtering:   4
    After built-in stripping:   4
    After scriptable stripping: 0
    Processed in 0.00 seconds
  Pass "ShadowCaster" (fp)
    Target graphics API: d3d11
    Full variant space:         4
    After settings filtering:   4
    After built-in stripping:   4
    After scriptable stripping: 0
    Processed in 0.00 seconds
  Pass "DepthOnly" (vp)
    Target graphics API: d3d11
    Full variant space:         2
    After settings filtering:   2
    After built-in stripping:   1
    After scriptable stripping: 0
    Processed in 0.00 seconds
  Pass "DepthOnly" (fp)
    Target graphics API: d3d11
    Full variant space:         2
    After settings filtering:   2
    After built-in stripping:   1
    After scriptable stripping: 0
    Processed in 0.00 seconds
  Pass ForwardLit (vp, d3d11) finished in 0.11 seconds. Local cache hits 2 (0.00s CPU time), remote cache hits 0 (0.00s CPU time), compiled 0 variants (0.00s CPU time), skipped 0 variants.
    Prepared data for serialisation in 0.00s
  Pass ForwardLit (fp, d3d11) finished in 0.11 seconds. Local cache hits 16 (0.00s CPU time), remote cache hits 0 (0.00s CPU time), compiled 0 variants (0.00s CPU time), skipped 0 variants.
    Prepared data for serialisation in 0.00s
  Pass ShadowCaster (vp, d3d11) finished in 0.11 seconds. Local cache hits 2 (0.00s CPU time), remote cache hits 0 (0.00s CPU time), compiled 0 variants (0.00s CPU time), skipped 0 variants.
    Prepared data for serialisation in 0.00s
  Pass ShadowCaster (fp, d3d11) finished in 0.11 seconds. Local cache hits 2 (0.00s CPU time), remote cache hits 0 (0.00s CPU time), compiled 0 variants (0.00s CPU time), skipped 0 variants.
    Prepared data for serialisation in 0.00s
  Pass MotionVectors (vp, d3d11) finished in 0.11 seconds. Local cache hits 1 (0.00s CPU time), remote cache hits 0 (0.00s CPU time), compiled 0 variants (0.00s CPU time), skipped 0 variants.
    Prepared data for serialisation in 0.00s
  Pass MotionVectors (fp, d3d11) finished in 0.11 seconds. Local cache hits 2 (0.00s CPU time), remote cache hits 0 (0.00s CPU time), compiled 0 variants (0.00s CPU time), skipped 0 variants.
    Prepared data for serialisation in 0.00s
  Pass DepthOnly (vp, d3d11) finished in 0.11 seconds. Local cache hits 1 (0.00s CPU time), remote cache hits 0 (0.00s CPU time), compiled 0 variants (0.00s CPU time), skipped 0 variants.
    Prepared data for serialisation in 0.00s
  Pass DepthOnly (fp, d3d11) finished in 0.11 seconds. Local cache hits 2 (0.00s CPU time), remote cache hits 0 (0.00s CPU time), compiled 0 variants (0.00s CPU time), skipped 0 variants.
    Prepared data for serialisation in 0.00s
  Pass DepthNormals (vp, d3d11) finished in 0.10 seconds. Local cache hits 1 (0.00s CPU time), remote cache hits 0 (0.00s CPU time), compiled 0 variants (0.00s CPU time), skipped 0 variants.
    Prepared data for serialisation in 0.00s
  Pass DepthNormals (fp, d3d11) finished in 0.10 seconds. Local cache hits 2 (0.00s CPU time), remote cache hits 0 (0.00s CPU time), compiled 0 variants (0.00s CPU time), skipped 0 variants.
    Prepared data for serialisation in 0.00s
  Pass Universal 2D (vp, d3d11) finished in 0.10 seconds. Local cache hits 1 (0.00s CPU time), remote cache hits 0 (0.00s CPU time), compiled 0 variants (0.00s CPU time), skipped 0 variants.
    Prepared data for serialisation in 0.00s
  Pass Universal 2D (fp, d3d11) finished in 0.10 seconds. Local cache hits 2 (0.00s CPU time), remote cache hits 0 (0.00s CPU time), compiled 0 variants (0.00s CPU time), skipped 0 variants.
    Prepared data for serialisation in 0.00s
Serialized binary data for shader Synty/Generic_Basic in 0.00s
    d3d11 (total internal programs: 34, unique: 33)
Compiling shader "Particles/Standard Unlit"
  Pass "ShadowCaster" (vp)
    Target graphics API: d3d11
    Full variant space:         12
    After settings filtering:   12
    After built-in stripping:   8
    After scriptable stripping: 8
    Processed in 0.00 seconds
  Pass "ShadowCaster" (fp)
    Target graphics API: d3d11
    Full variant space:         12
    After settings filtering:   12
    After built-in stripping:   8
    After scriptable stripping: 8
    Processed in 0.00 seconds
  Pass "" (vp)
    Target graphics API: d3d11
    Full variant space:         24
    After settings filtering:   24
    After built-in stripping:   4
    After scriptable stripping: 4
    Processed in 0.00 seconds
  Pass "" (fp)
    Target graphics API: d3d11
    Full variant space:         48
    After settings filtering:   48
    After built-in stripping:   8
    After scriptable stripping: 8
    Processed in 0.00 seconds
  Pass ShadowCaster (vp, d3d11) finished in 0.00 seconds. Local cache hits 8 (0.00s CPU time), remote cache hits 0 (0.00s CPU time), compiled 0 variants (0.00s CPU time), skipped 0 variants.
    Prepared data for serialisation in 0.00s
  Pass ShadowCaster (fp, d3d11) finished in 0.00 seconds. Local cache hits 8 (0.00s CPU time), remote cache hits 0 (0.00s CPU time), compiled 0 variants (0.00s CPU time), skipped 0 variants.
    Prepared data for serialisation in 0.00s
  Pass  (vp, d3d11) finished in 0.00 seconds. Local cache hits 4 (0.00s CPU time), remote cache hits 0 (0.00s CPU time), compiled 0 variants (0.00s CPU time), skipped 0 variants.
    Prepared data for serialisation in 0.00s
  Pass  (fp, d3d11) finished in 0.00 seconds. Local cache hits 8 (0.00s CPU time), remote cache hits 0 (0.00s CPU time), compiled 0 variants (0.00s CPU time), skipped 0 variants.
    Prepared data for serialisation in 0.00s
Serialized binary data for shader Particles/Standard Unlit in 0.00s
    d3d11 (total internal programs: 28, unique: 28)
Compiling shader "Unlit/Color"
  Pass "" (vp)
    Target graphics API: d3d11
    Full variant space:         4
    After settings filtering:   4
    After built-in stripping:   1
    After scriptable stripping: 1
    Processed in 0.00 seconds
  Pass "" (fp)
    Target graphics API: d3d11
    Full variant space:         4
    After settings filtering:   4
    After built-in stripping:   1
    After scriptable stripping: 1
    Processed in 0.00 seconds
  Pass  (vp, d3d11) finished in 0.00 seconds. Local cache hits 1 (0.00s CPU time), remote cache hits 0 (0.00s CPU time), compiled 0 variants (0.00s CPU time), skipped 0 variants.
    Prepared data for serialisation in 0.00s
  Pass  (fp, d3d11) finished in 0.00 seconds. Local cache hits 1 (0.00s CPU time), remote cache hits 0 (0.00s CPU time), compiled 0 variants (0.00s CPU time), skipped 0 variants.
    Prepared data for serialisation in 0.00s
Serialized binary data for shader Unlit/Color in 0.00s
    d3d11 (total internal programs: 2, unique: 2)
Compiling shader "UI/Unlit/Transparent"
Serialized binary data for shader UI/Unlit/Transparent in 0.00s
    d3d11 (total internal programs: 0, unique: 0)
Compiling shader "Universal Render Pipeline/Particles/Unlit"
  Pass "ForwardLit" (vp)
    Target graphics API: d3d11
    Full variant space:         216
    After settings filtering:   72
    After built-in stripping:   6
    After scriptable stripping: 6
    Processed in 0.00 seconds
  Pass "ForwardLit" (fp)
    Target graphics API: d3d11
    Full variant space:         2.592
    After settings filtering:   216
    After built-in stripping:   18
    After scriptable stripping: 18
    Processed in 0.00 seconds
  Pass "DepthOnly" (vp)
    Target graphics API: d3d11
    Full variant space:         12
    After settings filtering:   12
    After built-in stripping:   4
    After scriptable stripping: 4
    Processed in 0.00 seconds
  Pass "DepthOnly" (fp)
    Target graphics API: d3d11
    Full variant space:         18
    After settings filtering:   18
    After built-in stripping:   6
    After scriptable stripping: 6
    Processed in 0.00 seconds
  Pass "DepthNormalsOnly" (vp)
    Target graphics API: d3d11
    Full variant space:         18
    After settings filtering:   18
    After built-in stripping:   6
    After scriptable stripping: 6
    Processed in 0.00 seconds
  Pass "DepthNormalsOnly" (fp)
    Target graphics API: d3d11
    Full variant space:         48
    After settings filtering:   24
    After built-in stripping:   8
    After scriptable stripping: 8
    Processed in 0.00 seconds
  Pass ForwardLit (vp, d3d11) finished in 0.00 seconds. Local cache hits 6 (0.00s CPU time), remote cache hits 0 (0.00s CPU time), compiled 0 variants (0.00s CPU time), skipped 0 variants.
    Prepared data for serialisation in 0.00s
  Pass ForwardLit (fp, d3d11) finished in 0.00 seconds. Local cache hits 18 (0.00s CPU time), remote cache hits 0 (0.00s CPU time), compiled 0 variants (0.00s CPU time), skipped 0 variants.
    Prepared data for serialisation in 0.00s
  Pass DepthOnly (vp, d3d11) finished in 0.00 seconds. Local cache hits 4 (0.00s CPU time), remote cache hits 0 (0.00s CPU time), compiled 0 variants (0.00s CPU time), skipped 0 variants.
    Prepared data for serialisation in 0.00s
  Pass DepthOnly (fp, d3d11) finished in 0.00 seconds. Local cache hits 6 (0.00s CPU time), remote cache hits 0 (0.00s CPU time), compiled 0 variants (0.00s CPU time), skipped 0 variants.
    Prepared data for serialisation in 0.00s
  Pass DepthNormalsOnly (vp, d3d11) finished in 0.00 seconds. Local cache hits 6 (0.00s CPU time), remote cache hits 0 (0.00s CPU time), compiled 0 variants (0.00s CPU time), skipped 0 variants.
    Prepared data for serialisation in 0.00s
  Pass DepthNormalsOnly (fp, d3d11) finished in 0.00 seconds. Local cache hits 8 (0.00s CPU time), remote cache hits 0 (0.00s CPU time), compiled 0 variants (0.00s CPU time), skipped 0 variants.
    Prepared data for serialisation in 0.00s
Serialized binary data for shader Universal Render Pipeline/Particles/Unlit in 0.00s
    d3d11 (total internal programs: 48, unique: 48)
Compiling shader "Distant Lands/Cozy/URP/Stylized Fog (Stepped)"
  Pass "Forward" (vp)
    Target graphics API: d3d11
    Full variant space:         32
    After settings filtering:   32
    After built-in stripping:   1
    After scriptable stripping: 1
    Processed in 0.00 seconds
  Pass "Forward" (fp)
    Target graphics API: d3d11
    Full variant space:         1.024
    After settings filtering:   32
    After built-in stripping:   1
    After scriptable stripping: 1
    Processed in 0.00 seconds
  Pass "DepthOnly" (vp)
    Target graphics API: d3d11
    Full variant space:         4
    After settings filtering:   4
    After built-in stripping:   1
    After scriptable stripping: 1
    Processed in 0.00 seconds
  Pass "DepthOnly" (fp)
    Target graphics API: d3d11
    Full variant space:         4
    After settings filtering:   4
    After built-in stripping:   1
    After scriptable stripping: 1
    Processed in 0.00 seconds
  Pass "DepthNormals" (vp)
    Target graphics API: d3d11
    Full variant space:         4
    After settings filtering:   4
    After built-in stripping:   1
    After scriptable stripping: 1
    Processed in 0.00 seconds
  Pass "DepthNormals" (fp)
    Target graphics API: d3d11
    Full variant space:         16
    After settings filtering:   4
    After built-in stripping:   1
    After scriptable stripping: 1
    Processed in 0.00 seconds
  Pass Forward (vp, d3d11) finished in 0.00 seconds. Local cache hits 1 (0.00s CPU time), remote cache hits 0 (0.00s CPU time), compiled 0 variants (0.00s CPU time), skipped 0 variants.
    Prepared data for serialisation in 0.00s
  Pass Forward (fp, d3d11) finished in 0.00 seconds. Local cache hits 1 (0.00s CPU time), remote cache hits 0 (0.00s CPU time), compiled 0 variants (0.00s CPU time), skipped 0 variants.
    Prepared data for serialisation in 0.00s
  Pass DepthOnly (vp, d3d11) finished in 0.00 seconds. Local cache hits 1 (0.00s CPU time), remote cache hits 0 (0.00s CPU time), compiled 0 variants (0.00s CPU time), skipped 0 variants.
    Prepared data for serialisation in 0.00s
  Pass DepthOnly (fp, d3d11) finished in 0.00 seconds. Local cache hits 1 (0.00s CPU time), remote cache hits 0 (0.00s CPU time), compiled 0 variants (0.00s CPU time), skipped 0 variants.
    Prepared data for serialisation in 0.00s
  Pass DepthNormals (vp, d3d11) finished in 0.00 seconds. Local cache hits 1 (0.00s CPU time), remote cache hits 0 (0.00s CPU time), compiled 0 variants (0.00s CPU time), skipped 0 variants.
    Prepared data for serialisation in 0.00s
  Pass DepthNormals (fp, d3d11) finished in 0.00 seconds. Local cache hits 1 (0.00s CPU time), remote cache hits 0 (0.00s CPU time), compiled 0 variants (0.00s CPU time), skipped 0 variants.
    Prepared data for serialisation in 0.00s
Serialized binary data for shader Distant Lands/Cozy/URP/Stylized Fog (Stepped) in 0.00s
    d3d11 (total internal programs: 6, unique: 6)
Compiling shader "Distant Lands/Cozy/URP/Stylized Clouds (Ghibli Mobile)"
  Pass "Forward" (vp)
    Target graphics API: d3d11
    Full variant space:         32
    After settings filtering:   32
    After built-in stripping:   1
    After scriptable stripping: 1
    Processed in 0.00 seconds
  Pass "Forward" (fp)
    Target graphics API: d3d11
    Full variant space:         1.024
    After settings filtering:   32
    After built-in stripping:   1
    After scriptable stripping: 1
    Processed in 0.00 seconds
  Pass "ShadowCaster" (vp)
    Target graphics API: d3d11
    Full variant space:         8
    After settings filtering:   8
    After built-in stripping:   2
    After scriptable stripping: 2
    Processed in 0.00 seconds
  Pass "ShadowCaster" (fp)
    Target graphics API: d3d11
    Full variant space:         4
    After settings filtering:   4
    After built-in stripping:   1
    After scriptable stripping: 1
    Processed in 0.00 seconds
  Pass "DepthOnly" (vp)
    Target graphics API: d3d11
    Full variant space:         4
    After settings filtering:   4
    After built-in stripping:   1
    After scriptable stripping: 1
    Processed in 0.00 seconds
  Pass "DepthOnly" (fp)
    Target graphics API: d3d11
    Full variant space:         4
    After settings filtering:   4
    After built-in stripping:   1
    After scriptable stripping: 1
    Processed in 0.00 seconds
  Pass "DepthNormals" (vp)
    Target graphics API: d3d11
    Full variant space:         4
    After settings filtering:   4
    After built-in stripping:   1
    After scriptable stripping: 1
    Processed in 0.00 seconds
  Pass "DepthNormals" (fp)
    Target graphics API: d3d11
    Full variant space:         16
    After settings filtering:   4
    After built-in stripping:   1
    After scriptable stripping: 1
    Processed in 0.00 seconds
  Pass Forward (vp, d3d11) finished in 0.00 seconds. Local cache hits 1 (0.00s CPU time), remote cache hits 0 (0.00s CPU time), compiled 0 variants (0.00s CPU time), skipped 0 variants.
    Prepared data for serialisation in 0.00s
  Pass Forward (fp, d3d11) finished in 0.00 seconds. Local cache hits 1 (0.00s CPU time), remote cache hits 0 (0.00s CPU time), compiled 0 variants (0.00s CPU time), skipped 0 variants.
    Prepared data for serialisation in 0.00s
  Pass ShadowCaster (vp, d3d11) finished in 0.00 seconds. Local cache hits 2 (0.00s CPU time), remote cache hits 0 (0.00s CPU time), compiled 0 variants (0.00s CPU time), skipped 0 variants.
    Prepared data for serialisation in 0.00s
  Pass ShadowCaster (fp, d3d11) finished in 0.00 seconds. Local cache hits 1 (0.00s CPU time), remote cache hits 0 (0.00s CPU time), compiled 0 variants (0.00s CPU time), skipped 0 variants.
    Prepared data for serialisation in 0.00s
  Pass DepthOnly (vp, d3d11) finished in 0.00 seconds. Local cache hits 1 (0.00s CPU time), remote cache hits 0 (0.00s CPU time), compiled 0 variants (0.00s CPU time), skipped 0 variants.
    Prepared data for serialisation in 0.00s
  Pass DepthOnly (fp, d3d11) finished in 0.00 seconds. Local cache hits 1 (0.00s CPU time), remote cache hits 0 (0.00s CPU time), compiled 0 variants (0.00s CPU time), skipped 0 variants.
    Prepared data for serialisation in 0.00s
  Pass DepthNormals (vp, d3d11) finished in 0.00 seconds. Local cache hits 1 (0.00s CPU time), remote cache hits 0 (0.00s CPU time), compiled 0 variants (0.00s CPU time), skipped 0 variants.
    Prepared data for serialisation in 0.00s
  Pass DepthNormals (fp, d3d11) finished in 0.00 seconds. Local cache hits 1 (0.00s CPU time), remote cache hits 0 (0.00s CPU time), compiled 0 variants (0.00s CPU time), skipped 0 variants.
    Prepared data for serialisation in 0.00s
Serialized binary data for shader Distant Lands/Cozy/URP/Stylized Clouds (Ghibli Mobile) in 0.00s
    d3d11 (total internal programs: 9, unique: 8)
Compiling shader "Distant Lands/Cozy/URP/Stylized Clouds (Luxury)"
  Pass "Forward" (vp)
    Target graphics API: d3d11
    Full variant space:         32
    After settings filtering:   32
    After built-in stripping:   1
    After scriptable stripping: 1
    Processed in 0.00 seconds
  Pass "Forward" (fp)
    Target graphics API: d3d11
    Full variant space:         1.024
    After settings filtering:   32
    After built-in stripping:   1
    After scriptable stripping: 1
    Processed in 0.00 seconds
  Pass "DepthOnly" (vp)
    Target graphics API: d3d11
    Full variant space:         4
    After settings filtering:   4
    After built-in stripping:   1
    After scriptable stripping: 1
    Processed in 0.00 seconds
  Pass "DepthOnly" (fp)
    Target graphics API: d3d11
    Full variant space:         4
    After settings filtering:   4
    After built-in stripping:   1
    After scriptable stripping: 1
    Processed in 0.00 seconds
  Pass "DepthNormals" (vp)
    Target graphics API: d3d11
    Full variant space:         4
    After settings filtering:   4
    After built-in stripping:   1
    After scriptable stripping: 1
    Processed in 0.00 seconds
  Pass "DepthNormals" (fp)
    Target graphics API: d3d11
    Full variant space:         16
    After settings filtering:   4
    After built-in stripping:   1
    After scriptable stripping: 1
    Processed in 0.00 seconds
  Pass Forward (vp, d3d11) finished in 0.00 seconds. Local cache hits 1 (0.00s CPU time), remote cache hits 0 (0.00s CPU time), compiled 0 variants (0.00s CPU time), skipped 0 variants.
    Prepared data for serialisation in 0.00s
  Pass Forward (fp, d3d11) finished in 0.00 seconds. Local cache hits 1 (0.00s CPU time), remote cache hits 0 (0.00s CPU time), compiled 0 variants (0.00s CPU time), skipped 0 variants.
    Prepared data for serialisation in 0.00s
  Pass DepthOnly (vp, d3d11) finished in 0.00 seconds. Local cache hits 1 (0.00s CPU time), remote cache hits 0 (0.00s CPU time), compiled 0 variants (0.00s CPU time), skipped 0 variants.
    Prepared data for serialisation in 0.00s
  Pass DepthOnly (fp, d3d11) finished in 0.00 seconds. Local cache hits 1 (0.00s CPU time), remote cache hits 0 (0.00s CPU time), compiled 0 variants (0.00s CPU time), skipped 0 variants.
    Prepared data for serialisation in 0.00s
  Pass DepthNormals (vp, d3d11) finished in 0.00 seconds. Local cache hits 1 (0.00s CPU time), remote cache hits 0 (0.00s CPU time), compiled 0 variants (0.00s CPU time), skipped 0 variants.
    Prepared data for serialisation in 0.00s
  Pass DepthNormals (fp, d3d11) finished in 0.00 seconds. Local cache hits 1 (0.00s CPU time), remote cache hits 0 (0.00s CPU time), compiled 0 variants (0.00s CPU time), skipped 0 variants.
    Prepared data for serialisation in 0.00s
Serialized binary data for shader Distant Lands/Cozy/URP/Stylized Clouds (Luxury) in 0.00s
    d3d11 (total internal programs: 6, unique: 6)
Compiling shader "Distant Lands/Cozy/URP/Fog Culling"
  Pass "Forward" (vp)
    Target graphics API: d3d11
    Full variant space:         32
    After settings filtering:   32
    After built-in stripping:   1
    After scriptable stripping: 1
    Processed in 0.00 seconds
  Pass "Forward" (fp)
    Target graphics API: d3d11
    Full variant space:         1.024
    After settings filtering:   32
    After built-in stripping:   1
    After scriptable stripping: 1
    Processed in 0.00 seconds
  Pass "DepthOnly" (vp)
    Target graphics API: d3d11
    Full variant space:         4
    After settings filtering:   4
    After built-in stripping:   1
    After scriptable stripping: 1
    Processed in 0.00 seconds
  Pass "DepthOnly" (fp)
    Target graphics API: d3d11
    Full variant space:         4
    After settings filtering:   4
    After built-in stripping:   1
    After scriptable stripping: 1
    Processed in 0.00 seconds
  Pass "DepthNormals" (vp)
    Target graphics API: d3d11
    Full variant space:         4
    After settings filtering:   4
    After built-in stripping:   1
    After scriptable stripping: 1
    Processed in 0.00 seconds
  Pass "DepthNormals" (fp)
    Target graphics API: d3d11
    Full variant space:         16
    After settings filtering:   4
    After built-in stripping:   1
    After scriptable stripping: 1
    Processed in 0.00 seconds
  Pass Forward (vp, d3d11) finished in 0.00 seconds. Local cache hits 1 (0.00s CPU time), remote cache hits 0 (0.00s CPU time), compiled 0 variants (0.00s CPU time), skipped 0 variants.
    Prepared data for serialisation in 0.00s
  Pass Forward (fp, d3d11) finished in 0.00 seconds. Local cache hits 1 (0.00s CPU time), remote cache hits 0 (0.00s CPU time), compiled 0 variants (0.00s CPU time), skipped 0 variants.
    Prepared data for serialisation in 0.00s
  Pass DepthOnly (vp, d3d11) finished in 0.00 seconds. Local cache hits 1 (0.00s CPU time), remote cache hits 0 (0.00s CPU time), compiled 0 variants (0.00s CPU time), skipped 0 variants.
    Prepared data for serialisation in 0.00s
  Pass DepthOnly (fp, d3d11) finished in 0.00 seconds. Local cache hits 1 (0.00s CPU time), remote cache hits 0 (0.00s CPU time), compiled 0 variants (0.00s CPU time), skipped 0 variants.
    Prepared data for serialisation in 0.00s
  Pass DepthNormals (vp, d3d11) finished in 0.00 seconds. Local cache hits 1 (0.00s CPU time), remote cache hits 0 (0.00s CPU time), compiled 0 variants (0.00s CPU time), skipped 0 variants.
    Prepared data for serialisation in 0.00s
  Pass DepthNormals (fp, d3d11) finished in 0.00 seconds. Local cache hits 1 (0.00s CPU time), remote cache hits 0 (0.00s CPU time), compiled 0 variants (0.00s CPU time), skipped 0 variants.
    Prepared data for serialisation in 0.00s
Serialized binary data for shader Distant Lands/Cozy/URP/Fog Culling in 0.00s
    d3d11 (total internal programs: 6, unique: 5)
Shader warning in 'Distant Lands/Cozy/URP/Fog Culling': 'shadergraph_LWSampleSceneColor': implicit truncation of vector type at Culling.shader(539) (on d3d11)

Compiling Subshader: 0, Pass: Forward, Vertex program with <no keywords>
Platform defines: SHADER_API_DESKTOP UNITY_ENABLE_DETAIL_NORMALMAP UNITY_ENABLE_REFLECTION_BUFFERS UNITY_LIGHTMAP_FULL_HDR UNITY_LIGHT_PROBE_PROXY_VOLUME UNITY_PBS_USE_BRDF1 UNITY_PLATFORM_SUPPORTS_DEPTH_FETCH UNITY_SPECCUBE_BLENDING UNITY_SPECCUBE_BOX_PROJECTION UNITY_USE_DITHER_MASK_FOR_ALPHABLENDED_SHADOWS
Disabled keywords: DIRLIGHTMAP_COMBINED DOTS_INSTANCING_ON DYNAMICLIGHTMAP_ON INSTANCING_ON LIGHTMAP_ON SHADER_API_GLES30 SHADER_API_GLES31 SHADER_API_GLES32 UNITY_ASTC_NORMALMAP_ENCODING UNITY_COLORSPACE_GAMMA UNITY_FRAMEBUFFER_FETCH_AVAILABLE UNITY_HARDWARE_TIER1 UNITY_HARDWARE_TIER2 UNITY_HARDWARE_TIER3 UNITY_LIGHTMAP_DLDR_ENCODING UNITY_LIGHTMAP_RGBM_ENCODING UNITY_METAL_SHADOWS_USE_POINT_FILTERING UNITY_NO_DXT5nm UNITY_NO_SCREENSPACE_SHADOWS UNITY_PBS_USE_BRDF2 UNITY_PBS_USE_BRDF3 UNITY_PRETRANSFORM_TO_DISPLAY_ORIENTATION UNITY_UNIFIED_SHADER_PRECISION_MODEL UNITY_VIRTUAL_TEXTURING _RECEIVE_SHADOWS_OFF
Compiling shader "Distant Lands/Cozy/URP/Demo/Stlylized Leaves"
  Pass "Forward" (vp)
    Target graphics API: d3d11
    Full variant space:         73.728
    After settings filtering:   6.144
    After built-in stripping:   12
    After scriptable stripping: 4
    Processed in 0.00 seconds
  Pass "Forward" (fp)
    Target graphics API: d3d11
    Full variant space:         188.743.680
    After settings filtering:   49.152
    After built-in stripping:   96
    After scriptable stripping: 32
    Processed in 0.00 seconds
  Pass "ShadowCaster" (vp)
    Target graphics API: d3d11
    Full variant space:         8
    After settings filtering:   8
    After built-in stripping:   2
    After scriptable stripping: 2
    Processed in 0.00 seconds
  Pass "ShadowCaster" (fp)
    Target graphics API: d3d11
    Full variant space:         8
    After settings filtering:   8
    After built-in stripping:   2
    After scriptable stripping: 2
    Processed in 0.00 seconds
  Pass "DepthOnly" (vp)
    Target graphics API: d3d11
    Full variant space:         4
    After settings filtering:   4
    After built-in stripping:   1
    After scriptable stripping: 1
    Processed in 0.00 seconds
  Pass "DepthOnly" (fp)
    Target graphics API: d3d11
    Full variant space:         8
    After settings filtering:   8
    After built-in stripping:   2
    After scriptable stripping: 2
    Processed in 0.00 seconds
  Pass "Universal2D" (vp)
    Target graphics API: d3d11
    Full variant space:         1
    After settings filtering:   1
    After built-in stripping:   1
    After scriptable stripping: 0
    Processed in 0.00 seconds
  Pass "Universal2D" (fp)
    Target graphics API: d3d11
    Full variant space:         1
    After settings filtering:   1
    After built-in stripping:   1
    After scriptable stripping: 0
    Processed in 0.00 seconds
  Pass "DepthNormals" (vp)
    Target graphics API: d3d11
    Full variant space:         4
    After settings filtering:   4
    After built-in stripping:   1
    After scriptable stripping: 1
    Processed in 0.00 seconds
  Pass "DepthNormals" (fp)
    Target graphics API: d3d11
    Full variant space:         16
    After settings filtering:   8
    After built-in stripping:   2
    After scriptable stripping: 2
    Processed in 0.00 seconds
  Pass Forward (vp, d3d11) finished in 0.01 seconds. Local cache hits 4 (0.00s CPU time), remote cache hits 0 (0.00s CPU time), compiled 0 variants (0.00s CPU time), skipped 0 variants.
    Prepared data for serialisation in 0.00s
  Pass Forward (fp, d3d11) finished in 0.01 seconds. Local cache hits 32 (0.01s CPU time), remote cache hits 0 (0.00s CPU time), compiled 0 variants (0.00s CPU time), skipped 0 variants.
    Prepared data for serialisation in 0.00s
  Pass ShadowCaster (vp, d3d11) finished in 0.01 seconds. Local cache hits 2 (0.00s CPU time), remote cache hits 0 (0.00s CPU time), compiled 0 variants (0.00s CPU time), skipped 0 variants.
    Prepared data for serialisation in 0.00s
  Pass ShadowCaster (fp, d3d11) finished in 0.01 seconds. Local cache hits 2 (0.00s CPU time), remote cache hits 0 (0.00s CPU time), compiled 0 variants (0.00s CPU time), skipped 0 variants.
    Prepared data for serialisation in 0.00s
  Pass DepthOnly (vp, d3d11) finished in 0.01 seconds. Local cache hits 1 (0.00s CPU time), remote cache hits 0 (0.00s CPU time), compiled 0 variants (0.00s CPU time), skipped 0 variants.
    Prepared data for serialisation in 0.00s
  Pass DepthOnly (fp, d3d11) finished in 0.01 seconds. Local cache hits 2 (0.00s CPU time), remote cache hits 0 (0.00s CPU time), compiled 0 variants (0.00s CPU time), skipped 0 variants.
    Prepared data for serialisation in 0.00s
  Pass DepthNormals (vp, d3d11) finished in 0.01 seconds. Local cache hits 1 (0.00s CPU time), remote cache hits 0 (0.00s CPU time), compiled 0 variants (0.00s CPU time), skipped 0 variants.
    Prepared data for serialisation in 0.00s
  Pass DepthNormals (fp, d3d11) finished in 0.01 seconds. Local cache hits 2 (0.01s CPU time), remote cache hits 0 (0.00s CPU time), compiled 0 variants (0.00s CPU time), skipped 0 variants.
    Prepared data for serialisation in 0.00s
Serialized binary data for shader Distant Lands/Cozy/URP/Demo/Stlylized Leaves in 0.00s
    d3d11 (total internal programs: 46, unique: 44)
Shader warning in 'Distant Lands/Cozy/URP/Demo/Stlylized Leaves': _FORWARD_PLUS shader keyword has been deprecated. Please update your shaders to use _CLUSTER_LIGHT_LOOP shader keyword instead, otherwise shader compilation times may be negatively affected. at /GAME Ai/IsoRPG/Library/PackageCache/com.unity.render-pipelines.universal@d7774c218bdf/ShaderLibrary/ForwardPlusKeyword.deprecated.hlsl(12)
Shader warning in 'Distant Lands/Cozy/URP/Demo/Stlylized Leaves': pow(f, e) will not work for negative f, use abs(f) or conditionally handle negative values if you expect them at Leaves.shader(718) (on d3d11)

Compiling Subshader: 0, Pass: Forward, Fragment program with _ADDITIONAL_LIGHT_SHADOWS _ALPHATEST_ON _LIGHT_LAYERS _MAIN_LIGHT_SHADOWS _REFLECTION_PROBE_BLENDING _REFLECTION_PROBE_BOX_PROJECTION _SCREEN_SPACE_OCCLUSION
Platform defines: SHADER_API_DESKTOP UNITY_ENABLE_DETAIL_NORMALMAP UNITY_ENABLE_REFLECTION_BUFFERS UNITY_LIGHTMAP_FULL_HDR UNITY_LIGHT_PROBE_PROXY_VOLUME UNITY_PBS_USE_BRDF1 UNITY_PLATFORM_SUPPORTS_DEPTH_FETCH UNITY_SPECCUBE_BLENDING UNITY_SPECCUBE_BOX_PROJECTION UNITY_USE_DITHER_MASK_FOR_ALPHABLENDED_SHADOWS
Disabled keywords: DIRLIGHTMAP_COMBINED DOTS_INSTANCING_ON DYNAMICLIGHTMAP_ON EVALUATE_SH_MIXED EVALUATE_SH_VERTEX FOG_EXP FOG_EXP2 FOG_LINEAR INSTANCING_ON LIGHTMAP_ON LIGHTMAP_SHADOW_MIXING LOD_FADE_CROSSFADE SHADER_API_GLES30 SHADER_API_GLES31 SHADER_API_GLES32 SHADOWS_SHADOWMASK UNITY_ASTC_NORMALMAP_ENCODING UNITY_COLORSPACE_GAMMA UNITY_FRAMEBUFFER_FETCH_AVAILABLE UNITY_HARDWARE_TIER1 UNITY_HARDWARE_TIER2 UNITY_HARDWARE_TIER3 UNITY_LIGHTMAP_DLDR_ENCODING UNITY_LIGHTMAP_RGBM_ENCODING UNITY_METAL_SHADOWS_USE_POINT_FILTERING UNITY_NO_DXT5nm UNITY_NO_SCREENSPACE_SHADOWS UNITY_PBS_USE_BRDF2 UNITY_PBS_USE_BRDF3 UNITY_PRETRANSFORM_TO_DISPLAY_ORIENTATION UNITY_UNIFIED_SHADER_PRECISION_MODEL UNITY_VIRTUAL_TEXTURING _ADDITIONAL_LIGHTS _ADDITIONAL_LIGHTS_VERTEX _DBUFFER_MRT1 _DBUFFER_MRT2 _DBUFFER_MRT3 _FORWARD_PLUS _LIGHT_COOKIES _MAIN_LIGHT_SHADOWS_CASCADE _MAIN_LIGHT_SHADOWS_SCREEN _RECEIVE_SHADOWS_OFF _SHADOWS_SOFT _SHADOWS_SOFT_HIGH _SHADOWS_SOFT_LOW _SHADOWS_SOFT_MEDIUM _WRITE_RENDERING_LAYERS
Compiling shader "Distant Lands/Cozy/URP/Stylized Clouds (Ghibli Desktop)"
  Pass "Forward" (vp)
    Target graphics API: d3d11
    Full variant space:         32
    After settings filtering:   32
    After built-in stripping:   1
    After scriptable stripping: 1
    Processed in 0.00 seconds
  Pass "Forward" (fp)
    Target graphics API: d3d11
    Full variant space:         1.024
    After settings filtering:   32
    After built-in stripping:   1
    After scriptable stripping: 1
    Processed in 0.00 seconds
  Pass "ShadowCaster" (vp)
    Target graphics API: d3d11
    Full variant space:         8
    After settings filtering:   8
    After built-in stripping:   2
    After scriptable stripping: 2
    Processed in 0.00 seconds
  Pass "ShadowCaster" (fp)
    Target graphics API: d3d11
    Full variant space:         4
    After settings filtering:   4
    After built-in stripping:   1
    After scriptable stripping: 1
    Processed in 0.00 seconds
  Pass "DepthOnly" (vp)
    Target graphics API: d3d11
    Full variant space:         4
    After settings filtering:   4
    After built-in stripping:   1
    After scriptable stripping: 1
    Processed in 0.00 seconds
  Pass "DepthOnly" (fp)
    Target graphics API: d3d11
    Full variant space:         4
    After settings filtering:   4
    After built-in stripping:   1
    After scriptable stripping: 1
    Processed in 0.00 seconds
  Pass "DepthNormals" (vp)
    Target graphics API: d3d11
    Full variant space:         4
    After settings filtering:   4
    After built-in stripping:   1
    After scriptable stripping: 1
    Processed in 0.00 seconds
  Pass "DepthNormals" (fp)
    Target graphics API: d3d11
    Full variant space:         16
    After settings filtering:   4
    After built-in stripping:   1
    After scriptable stripping: 1
    Processed in 0.00 seconds
  Pass Forward (vp, d3d11) finished in 0.00 seconds. Local cache hits 1 (0.00s CPU time), remote cache hits 0 (0.00s CPU time), compiled 0 variants (0.00s CPU time), skipped 0 variants.
    Prepared data for serialisation in 0.00s
  Pass Forward (fp, d3d11) finished in 0.00 seconds. Local cache hits 1 (0.00s CPU time), remote cache hits 0 (0.00s CPU time), compiled 0 variants (0.00s CPU time), skipped 0 variants.
    Prepared data for serialisation in 0.00s
  Pass ShadowCaster (vp, d3d11) finished in 0.00 seconds. Local cache hits 2 (0.00s CPU time), remote cache hits 0 (0.00s CPU time), compiled 0 variants (0.00s CPU time), skipped 0 variants.
    Prepared data for serialisation in 0.00s
  Pass ShadowCaster (fp, d3d11) finished in 0.00 seconds. Local cache hits 1 (0.00s CPU time), remote cache hits 0 (0.00s CPU time), compiled 0 variants (0.00s CPU time), skipped 0 variants.
    Prepared data for serialisation in 0.00s
  Pass DepthOnly (vp, d3d11) finished in 0.00 seconds. Local cache hits 1 (0.00s CPU time), remote cache hits 0 (0.00s CPU time), compiled 0 variants (0.00s CPU time), skipped 0 variants.
    Prepared data for serialisation in 0.00s
  Pass DepthOnly (fp, d3d11) finished in 0.00 seconds. Local cache hits 1 (0.00s CPU time), remote cache hits 0 (0.00s CPU time), compiled 0 variants (0.00s CPU time), skipped 0 variants.
    Prepared data for serialisation in 0.00s
  Pass DepthNormals (vp, d3d11) finished in 0.00 seconds. Local cache hits 1 (0.00s CPU time), remote cache hits 0 (0.00s CPU time), compiled 0 variants (0.00s CPU time), skipped 0 variants.
    Prepared data for serialisation in 0.00s
  Pass DepthNormals (fp, d3d11) finished in 0.00 seconds. Local cache hits 1 (0.00s CPU time), remote cache hits 0 (0.00s CPU time), compiled 0 variants (0.00s CPU time), skipped 0 variants.
    Prepared data for serialisation in 0.00s
Serialized binary data for shader Distant Lands/Cozy/URP/Stylized Clouds (Ghibli Desktop) in 0.00s
    d3d11 (total internal programs: 9, unique: 8)
Compiling shader "Distant Lands/Cozy/URP/Stylized Clouds (Painted)"
  Pass "Forward" (vp)
    Target graphics API: d3d11
    Full variant space:         32
    After settings filtering:   32
    After built-in stripping:   1
    After scriptable stripping: 1
    Processed in 0.00 seconds
  Pass "Forward" (fp)
    Target graphics API: d3d11
    Full variant space:         1.024
    After settings filtering:   32
    After built-in stripping:   1
    After scriptable stripping: 1
    Processed in 0.00 seconds
  Pass "ShadowCaster" (vp)
    Target graphics API: d3d11
    Full variant space:         8
    After settings filtering:   8
    After built-in stripping:   2
    After scriptable stripping: 2
    Processed in 0.00 seconds
  Pass "ShadowCaster" (fp)
    Target graphics API: d3d11
    Full variant space:         4
    After settings filtering:   4
    After built-in stripping:   1
    After scriptable stripping: 1
    Processed in 0.00 seconds
  Pass "DepthOnly" (vp)
    Target graphics API: d3d11
    Full variant space:         4
    After settings filtering:   4
    After built-in stripping:   1
    After scriptable stripping: 1
    Processed in 0.00 seconds
  Pass "DepthOnly" (fp)
    Target graphics API: d3d11
    Full variant space:         4
    After settings filtering:   4
    After built-in stripping:   1
    After scriptable stripping: 1
    Processed in 0.00 seconds
  Pass "DepthNormals" (vp)
    Target graphics API: d3d11
    Full variant space:         4
    After settings filtering:   4
    After built-in stripping:   1
    After scriptable stripping: 1
    Processed in 0.00 seconds
  Pass "DepthNormals" (fp)
    Target graphics API: d3d11
    Full variant space:         16
    After settings filtering:   4
    After built-in stripping:   1
    After scriptable stripping: 1
    Processed in 0.00 seconds
  Pass Forward (vp, d3d11) finished in 0.00 seconds. Local cache hits 1 (0.00s CPU time), remote cache hits 0 (0.00s CPU time), compiled 0 variants (0.00s CPU time), skipped 0 variants.
    Prepared data for serialisation in 0.00s
  Pass Forward (fp, d3d11) finished in 0.00 seconds. Local cache hits 1 (0.00s CPU time), remote cache hits 0 (0.00s CPU time), compiled 0 variants (0.00s CPU time), skipped 0 variants.
    Prepared data for serialisation in 0.00s
  Pass ShadowCaster (vp, d3d11) finished in 0.00 seconds. Local cache hits 2 (0.00s CPU time), remote cache hits 0 (0.00s CPU time), compiled 0 variants (0.00s CPU time), skipped 0 variants.
    Prepared data for serialisation in 0.00s
  Pass ShadowCaster (fp, d3d11) finished in 0.00 seconds. Local cache hits 1 (0.00s CPU time), remote cache hits 0 (0.00s CPU time), compiled 0 variants (0.00s CPU time), skipped 0 variants.
    Prepared data for serialisation in 0.00s
  Pass DepthOnly (vp, d3d11) finished in 0.00 seconds. Local cache hits 1 (0.00s CPU time), remote cache hits 0 (0.00s CPU time), compiled 0 variants (0.00s CPU time), skipped 0 variants.
    Prepared data for serialisation in 0.00s
  Pass DepthOnly (fp, d3d11) finished in 0.00 seconds. Local cache hits 1 (0.00s CPU time), remote cache hits 0 (0.00s CPU time), compiled 0 variants (0.00s CPU time), skipped 0 variants.
    Prepared data for serialisation in 0.00s
  Pass DepthNormals (vp, d3d11) finished in 0.00 seconds. Local cache hits 1 (0.00s CPU time), remote cache hits 0 (0.00s CPU time), compiled 0 variants (0.00s CPU time), skipped 0 variants.
    Prepared data for serialisation in 0.00s
  Pass DepthNormals (fp, d3d11) finished in 0.00 seconds. Local cache hits 1 (0.00s CPU time), remote cache hits 0 (0.00s CPU time), compiled 0 variants (0.00s CPU time), skipped 0 variants.
    Prepared data for serialisation in 0.00s
Serialized binary data for shader Distant Lands/Cozy/URP/Stylized Clouds (Painted) in 0.00s
    d3d11 (total internal programs: 9, unique: 8)
Compiling shader "Distant Lands/Cozy/URP/Stylized Clouds (COZY Mobile)"
  Pass "Forward" (vp)
    Target graphics API: d3d11
    Full variant space:         32
    After settings filtering:   32
    After built-in stripping:   1
    After scriptable stripping: 1
    Processed in 0.00 seconds
  Pass "Forward" (fp)
    Target graphics API: d3d11
    Full variant space:         1.024
    After settings filtering:   32
    After built-in stripping:   1
    After scriptable stripping: 1
    Processed in 0.00 seconds
  Pass "ShadowCaster" (vp)
    Target graphics API: d3d11
    Full variant space:         8
    After settings filtering:   8
    After built-in stripping:   2
    After scriptable stripping: 2
    Processed in 0.00 seconds
  Pass "ShadowCaster" (fp)
    Target graphics API: d3d11
    Full variant space:         4
    After settings filtering:   4
    After built-in stripping:   1
    After scriptable stripping: 1
    Processed in 0.00 seconds
  Pass "DepthOnly" (vp)
    Target graphics API: d3d11
    Full variant space:         4
    After settings filtering:   4
    After built-in stripping:   1
    After scriptable stripping: 1
    Processed in 0.00 seconds
  Pass "DepthOnly" (fp)
    Target graphics API: d3d11
    Full variant space:         4
    After settings filtering:   4
    After built-in stripping:   1
    After scriptable stripping: 1
    Processed in 0.00 seconds
  Pass "DepthNormals" (vp)
    Target graphics API: d3d11
    Full variant space:         4
    After settings filtering:   4
    After built-in stripping:   1
    After scriptable stripping: 1
    Processed in 0.00 seconds
  Pass "DepthNormals" (fp)
    Target graphics API: d3d11
    Full variant space:         16
    After settings filtering:   4
    After built-in stripping:   1
    After scriptable stripping: 1
    Processed in 0.00 seconds
  Pass Forward (vp, d3d11) finished in 0.00 seconds. Local cache hits 1 (0.00s CPU time), remote cache hits 0 (0.00s CPU time), compiled 0 variants (0.00s CPU time), skipped 0 variants.
    Prepared data for serialisation in 0.00s
  Pass Forward (fp, d3d11) finished in 0.00 seconds. Local cache hits 1 (0.00s CPU time), remote cache hits 0 (0.00s CPU time), compiled 0 variants (0.00s CPU time), skipped 0 variants.
    Prepared data for serialisation in 0.00s
  Pass ShadowCaster (vp, d3d11) finished in 0.00 seconds. Local cache hits 2 (0.00s CPU time), remote cache hits 0 (0.00s CPU time), compiled 0 variants (0.00s CPU time), skipped 0 variants.
    Prepared data for serialisation in 0.00s
  Pass ShadowCaster (fp, d3d11) finished in 0.00 seconds. Local cache hits 1 (0.00s CPU time), remote cache hits 0 (0.00s CPU time), compiled 0 variants (0.00s CPU time), skipped 0 variants.
    Prepared data for serialisation in 0.00s
  Pass DepthOnly (vp, d3d11) finished in 0.00 seconds. Local cache hits 1 (0.00s CPU time), remote cache hits 0 (0.00s CPU time), compiled 0 variants (0.00s CPU time), skipped 0 variants.
    Prepared data for serialisation in 0.00s
  Pass DepthOnly (fp, d3d11) finished in 0.00 seconds. Local cache hits 1 (0.00s CPU time), remote cache hits 0 (0.00s CPU time), compiled 0 variants (0.00s CPU time), skipped 0 variants.
    Prepared data for serialisation in 0.00s
  Pass DepthNormals (vp, d3d11) finished in 0.00 seconds. Local cache hits 1 (0.00s CPU time), remote cache hits 0 (0.00s CPU time), compiled 0 variants (0.00s CPU time), skipped 0 variants.
    Prepared data for serialisation in 0.00s
  Pass DepthNormals (fp, d3d11) finished in 0.00 seconds. Local cache hits 1 (0.00s CPU time), remote cache hits 0 (0.00s CPU time), compiled 0 variants (0.00s CPU time), skipped 0 variants.
    Prepared data for serialisation in 0.00s
Serialized binary data for shader Distant Lands/Cozy/URP/Stylized Clouds (COZY Mobile) in 0.00s
    d3d11 (total internal programs: 9, unique: 8)
Compiling shader "Universal Render Pipeline/Unlit"
  Pass "Unlit" (vp)
    Target graphics API: d3d11
    Full variant space:         64
    After settings filtering:   32
    After built-in stripping:   2
    After scriptable stripping: 2
    Processed in 0.00 seconds
  Pass "Unlit" (fp)
    Target graphics API: d3d11
    Full variant space:         1.024
    After settings filtering:   32
    After built-in stripping:   2
    After scriptable stripping: 2
    Processed in 0.00 seconds
  Pass "GBuffer" (vp)
    Target graphics API: d3d11
    Full variant space:         8
    After settings filtering:   8
    After built-in stripping:   2
    After scriptable stripping: 0
    Processed in 0.00 seconds
  Pass "GBuffer" (fp)
    Target graphics API: d3d11
    Full variant space:         1.024
    After settings filtering:   16
    After built-in stripping:   2
    After scriptable stripping: 0
    Processed in 0.00 seconds
  Pass "DepthOnly" (vp)
    Target graphics API: d3d11
    Full variant space:         8
    After settings filtering:   8
    After built-in stripping:   2
    After scriptable stripping: 2
    Processed in 0.00 seconds
  Pass "DepthOnly" (fp)
    Target graphics API: d3d11
    Full variant space:         8
    After settings filtering:   8
    After built-in stripping:   2
    After scriptable stripping: 2
    Processed in 0.00 seconds
  Pass "DepthNormalsOnly" (vp)
    Target graphics API: d3d11
    Full variant space:         8
    After settings filtering:   8
    After built-in stripping:   2
    After scriptable stripping: 2
    Processed in 0.00 seconds
  Pass "DepthNormalsOnly" (fp)
    Target graphics API: d3d11
    Full variant space:         32
    After settings filtering:   8
    After built-in stripping:   2
    After scriptable stripping: 2
    Processed in 0.00 seconds
  Pass "MotionVectors" (vp)
    Target graphics API: d3d11
    Full variant space:         8
    After settings filtering:   8
    After built-in stripping:   2
    After scriptable stripping: 2
    Processed in 0.00 seconds
  Pass "MotionVectors" (fp)
    Target graphics API: d3d11
    Full variant space:         8
    After settings filtering:   8
    After built-in stripping:   2
    After scriptable stripping: 2
    Processed in 0.00 seconds
  Pass "XRMotionVectors" (vp)
    Target graphics API: d3d11
    Full variant space:         16
    After settings filtering:   16
    After built-in stripping:   4
    After scriptable stripping: 0
    Processed in 0.00 seconds
  Pass "XRMotionVectors" (fp)
    Target graphics API: d3d11
    Full variant space:         16
    After settings filtering:   16
    After built-in stripping:   4
    After scriptable stripping: 0
    Processed in 0.00 seconds
  Pass Unlit (vp, d3d11) finished in 0.01 seconds. Local cache hits 2 (0.00s CPU time), remote cache hits 0 (0.00s CPU time), compiled 0 variants (0.00s CPU time), skipped 0 variants.
    Prepared data for serialisation in 0.00s
  Pass Unlit (fp, d3d11) finished in 0.00 seconds. Local cache hits 2 (0.00s CPU time), remote cache hits 0 (0.00s CPU time), compiled 0 variants (0.00s CPU time), skipped 0 variants.
    Prepared data for serialisation in 0.00s
  Pass DepthOnly (vp, d3d11) finished in 0.00 seconds. Local cache hits 2 (0.00s CPU time), remote cache hits 0 (0.00s CPU time), compiled 0 variants (0.00s CPU time), skipped 0 variants.
    Prepared data for serialisation in 0.00s
  Pass DepthOnly (fp, d3d11) finished in 0.00 seconds. Local cache hits 2 (0.00s CPU time), remote cache hits 0 (0.00s CPU time), compiled 0 variants (0.00s CPU time), skipped 0 variants.
    Prepared data for serialisation in 0.00s
  Pass DepthNormalsOnly (vp, d3d11) finished in 0.00 seconds. Local cache hits 2 (0.00s CPU time), remote cache hits 0 (0.00s CPU time), compiled 0 variants (0.00s CPU time), skipped 0 variants.
    Prepared data for serialisation in 0.00s
  Pass DepthNormalsOnly (fp, d3d11) finished in 0.00 seconds. Local cache hits 2 (0.00s CPU time), remote cache hits 0 (0.00s CPU time), compiled 0 variants (0.00s CPU time), skipped 0 variants.
    Prepared data for serialisation in 0.00s
  Pass MotionVectors (vp, d3d11) finished in 0.00 seconds. Local cache hits 2 (0.00s CPU time), remote cache hits 0 (0.00s CPU time), compiled 0 variants (0.00s CPU time), skipped 0 variants.
    Prepared data for serialisation in 0.00s
  Pass MotionVectors (fp, d3d11) finished in 0.00 seconds. Local cache hits 2 (0.00s CPU time), remote cache hits 0 (0.00s CPU time), compiled 0 variants (0.00s CPU time), skipped 0 variants.
    Prepared data for serialisation in 0.00s
Serialized binary data for shader Universal Render Pipeline/Unlit in 0.00s
    d3d11 (total internal programs: 16, unique: 16)
Compiling shader "Distant Lands/Cozy/URP/Stylized Sky Desktop"
  Pass "Forward" (vp)
    Target graphics API: d3d11
    Full variant space:         32
    After settings filtering:   32
    After built-in stripping:   1
    After scriptable stripping: 1
    Processed in 0.00 seconds
  Pass "Forward" (fp)
    Target graphics API: d3d11
    Full variant space:         1.024
    After settings filtering:   32
    After built-in stripping:   1
    After scriptable stripping: 1
    Processed in 0.00 seconds
  Pass "ShadowCaster" (vp)
    Target graphics API: d3d11
    Full variant space:         8
    After settings filtering:   8
    After built-in stripping:   2
    After scriptable stripping: 2
    Processed in 0.00 seconds
  Pass "ShadowCaster" (fp)
    Target graphics API: d3d11
    Full variant space:         4
    After settings filtering:   4
    After built-in stripping:   1
    After scriptable stripping: 1
    Processed in 0.00 seconds
  Pass "DepthOnly" (vp)
    Target graphics API: d3d11
    Full variant space:         4
    After settings filtering:   4
    After built-in stripping:   1
    After scriptable stripping: 1
    Processed in 0.00 seconds
  Pass "DepthOnly" (fp)
    Target graphics API: d3d11
    Full variant space:         4
    After settings filtering:   4
    After built-in stripping:   1
    After scriptable stripping: 1
    Processed in 0.00 seconds
  Pass "DepthNormals" (vp)
    Target graphics API: d3d11
    Full variant space:         4
    After settings filtering:   4
    After built-in stripping:   1
    After scriptable stripping: 1
    Processed in 0.00 seconds
  Pass "DepthNormals" (fp)
    Target graphics API: d3d11
    Full variant space:         16
    After settings filtering:   4
    After built-in stripping:   1
    After scriptable stripping: 1
    Processed in 0.00 seconds
  Pass Forward (vp, d3d11) finished in 0.00 seconds. Local cache hits 1 (0.00s CPU time), remote cache hits 0 (0.00s CPU time), compiled 0 variants (0.00s CPU time), skipped 0 variants.
    Prepared data for serialisation in 0.00s
  Pass Forward (fp, d3d11) finished in 0.01 seconds. Local cache hits 1 (0.00s CPU time), remote cache hits 0 (0.00s CPU time), compiled 0 variants (0.00s CPU time), skipped 0 variants.
    Prepared data for serialisation in 0.00s
  Pass ShadowCaster (vp, d3d11) finished in 0.01 seconds. Local cache hits 2 (0.00s CPU time), remote cache hits 0 (0.00s CPU time), compiled 0 variants (0.00s CPU time), skipped 0 variants.
    Prepared data for serialisation in 0.00s
  Pass ShadowCaster (fp, d3d11) finished in 0.00 seconds. Local cache hits 1 (0.00s CPU time), remote cache hits 0 (0.00s CPU time), compiled 0 variants (0.00s CPU time), skipped 0 variants.
    Prepared data for serialisation in 0.00s
  Pass DepthOnly (vp, d3d11) finished in 0.00 seconds. Local cache hits 1 (0.00s CPU time), remote cache hits 0 (0.00s CPU time), compiled 0 variants (0.00s CPU time), skipped 0 variants.
    Prepared data for serialisation in 0.00s
  Pass DepthOnly (fp, d3d11) finished in 0.00 seconds. Local cache hits 1 (0.00s CPU time), remote cache hits 0 (0.00s CPU time), compiled 0 variants (0.00s CPU time), skipped 0 variants.
    Prepared data for serialisation in 0.00s
  Pass DepthNormals (vp, d3d11) finished in 0.00 seconds. Local cache hits 1 (0.00s CPU time), remote cache hits 0 (0.00s CPU time), compiled 0 variants (0.00s CPU time), skipped 0 variants.
    Prepared data for serialisation in 0.00s
  Pass DepthNormals (fp, d3d11) finished in 0.00 seconds. Local cache hits 1 (0.00s CPU time), remote cache hits 0 (0.00s CPU time), compiled 0 variants (0.00s CPU time), skipped 0 variants.
    Prepared data for serialisation in 0.00s
Serialized binary data for shader Distant Lands/Cozy/URP/Stylized Sky Desktop in 0.00s
    d3d11 (total internal programs: 9, unique: 8)
Shader warning in 'Distant Lands/Cozy/URP/Stylized Sky Desktop': pow(f, e) will not work for negative f, use abs(f) or conditionally handle negative values if you expect them at (Desktop).shader(588) (on d3d11)

Compiling Subshader: 0, Pass: Forward, Fragment program with _ALPHATEST_ON _SCREEN_SPACE_OCCLUSION
Platform defines: SHADER_API_DESKTOP UNITY_ENABLE_DETAIL_NORMALMAP UNITY_ENABLE_REFLECTION_BUFFERS UNITY_LIGHTMAP_FULL_HDR UNITY_LIGHT_PROBE_PROXY_VOLUME UNITY_PBS_USE_BRDF1 UNITY_PLATFORM_SUPPORTS_DEPTH_FETCH UNITY_SPECCUBE_BLENDING UNITY_SPECCUBE_BOX_PROJECTION UNITY_USE_DITHER_MASK_FOR_ALPHABLENDED_SHADOWS
Disabled keywords: DEBUG_DISPLAY DIRLIGHTMAP_COMBINED DOTS_INSTANCING_ON DYNAMICLIGHTMAP_ON INSTANCING_ON LIGHTMAP_ON SHADER_API_GLES30 SHADER_API_GLES31 SHADER_API_GLES32 UNITY_ASTC_NORMALMAP_ENCODING UNITY_COLORSPACE_GAMMA UNITY_FRAMEBUFFER_FETCH_AVAILABLE UNITY_HARDWARE_TIER1 UNITY_HARDWARE_TIER2 UNITY_HARDWARE_TIER3 UNITY_LIGHTMAP_DLDR_ENCODING UNITY_LIGHTMAP_RGBM_ENCODING UNITY_METAL_SHADOWS_USE_POINT_FILTERING UNITY_NO_DXT5nm UNITY_NO_SCREENSPACE_SHADOWS UNITY_PBS_USE_BRDF2 UNITY_PBS_USE_BRDF3 UNITY_PRETRANSFORM_TO_DISPLAY_ORIENTATION UNITY_UNIFIED_SHADER_PRECISION_MODEL UNITY_VIRTUAL_TEXTURING _DBUFFER_MRT1 _DBUFFER_MRT2 _DBUFFER_MRT3 _WRITE_RENDERING_LAYERS
Compiling shader "Distant Lands/Cozy/URP/Stylized Clouds (Soft)"
  Pass "Forward" (vp)
    Target graphics API: d3d11
    Full variant space:         32
    After settings filtering:   32
    After built-in stripping:   1
    After scriptable stripping: 1
    Processed in 0.00 seconds
  Pass "Forward" (fp)
    Target graphics API: d3d11
    Full variant space:         1.024
    After settings filtering:   32
    After built-in stripping:   1
    After scriptable stripping: 1
    Processed in 0.00 seconds
  Pass "ShadowCaster" (vp)
    Target graphics API: d3d11
    Full variant space:         8
    After settings filtering:   8
    After built-in stripping:   2
    After scriptable stripping: 2
    Processed in 0.00 seconds
  Pass "ShadowCaster" (fp)
    Target graphics API: d3d11
    Full variant space:         4
    After settings filtering:   4
    After built-in stripping:   1
    After scriptable stripping: 1
    Processed in 0.00 seconds
  Pass "DepthOnly" (vp)
    Target graphics API: d3d11
    Full variant space:         4
    After settings filtering:   4
    After built-in stripping:   1
    After scriptable stripping: 1
    Processed in 0.00 seconds
  Pass "DepthOnly" (fp)
    Target graphics API: d3d11
    Full variant space:         4
    After settings filtering:   4
    After built-in stripping:   1
    After scriptable stripping: 1
    Processed in 0.00 seconds
  Pass "DepthNormals" (vp)
    Target graphics API: d3d11
    Full variant space:         4
    After settings filtering:   4
    After built-in stripping:   1
    After scriptable stripping: 1
    Processed in 0.00 seconds
  Pass "DepthNormals" (fp)
    Target graphics API: d3d11
    Full variant space:         16
    After settings filtering:   4
    After built-in stripping:   1
    After scriptable stripping: 1
    Processed in 0.00 seconds
  Pass Forward (vp, d3d11) finished in 0.00 seconds. Local cache hits 1 (0.00s CPU time), remote cache hits 0 (0.00s CPU time), compiled 0 variants (0.00s CPU time), skipped 0 variants.
    Prepared data for serialisation in 0.00s
  Pass Forward (fp, d3d11) finished in 0.00 seconds. Local cache hits 1 (0.00s CPU time), remote cache hits 0 (0.00s CPU time), compiled 0 variants (0.00s CPU time), skipped 0 variants.
    Prepared data for serialisation in 0.00s
  Pass ShadowCaster (vp, d3d11) finished in 0.00 seconds. Local cache hits 2 (0.00s CPU time), remote cache hits 0 (0.00s CPU time), compiled 0 variants (0.00s CPU time), skipped 0 variants.
    Prepared data for serialisation in 0.00s
  Pass ShadowCaster (fp, d3d11) finished in 0.00 seconds. Local cache hits 1 (0.00s CPU time), remote cache hits 0 (0.00s CPU time), compiled 0 variants (0.00s CPU time), skipped 0 variants.
    Prepared data for serialisation in 0.00s
  Pass DepthOnly (vp, d3d11) finished in 0.00 seconds. Local cache hits 1 (0.00s CPU time), remote cache hits 0 (0.00s CPU time), compiled 0 variants (0.00s CPU time), skipped 0 variants.
    Prepared data for serialisation in 0.00s
  Pass DepthOnly (fp, d3d11) finished in 0.00 seconds. Local cache hits 1 (0.00s CPU time), remote cache hits 0 (0.00s CPU time), compiled 0 variants (0.00s CPU time), skipped 0 variants.
    Prepared data for serialisation in 0.00s
  Pass DepthNormals (vp, d3d11) finished in 0.00 seconds. Local cache hits 1 (0.00s CPU time), remote cache hits 0 (0.00s CPU time), compiled 0 variants (0.00s CPU time), skipped 0 variants.
    Prepared data for serialisation in 0.00s
  Pass DepthNormals (fp, d3d11) finished in 0.00 seconds. Local cache hits 1 (0.00s CPU time), remote cache hits 0 (0.00s CPU time), compiled 0 variants (0.00s CPU time), skipped 0 variants.
    Prepared data for serialisation in 0.00s
Serialized binary data for shader Distant Lands/Cozy/URP/Stylized Clouds (Soft) in 0.00s
    d3d11 (total internal programs: 9, unique: 8)
Compiling shader "Distant Lands/Cozy/URP/Stylized Clouds (COZY Desktop)"
  Pass "Forward" (vp)
    Target graphics API: d3d11
    Full variant space:         32
    After settings filtering:   32
    After built-in stripping:   1
    After scriptable stripping: 1
    Processed in 0.00 seconds
  Pass "Forward" (fp)
    Target graphics API: d3d11
    Full variant space:         1.024
    After settings filtering:   32
    After built-in stripping:   1
    After scriptable stripping: 1
    Processed in 0.00 seconds
  Pass "ShadowCaster" (vp)
    Target graphics API: d3d11
    Full variant space:         8
    After settings filtering:   8
    After built-in stripping:   2
    After scriptable stripping: 2
    Processed in 0.00 seconds
  Pass "ShadowCaster" (fp)
    Target graphics API: d3d11
    Full variant space:         4
    After settings filtering:   4
    After built-in stripping:   1
    After scriptable stripping: 1
    Processed in 0.00 seconds
  Pass "DepthOnly" (vp)
    Target graphics API: d3d11
    Full variant space:         4
    After settings filtering:   4
    After built-in stripping:   1
    After scriptable stripping: 1
    Processed in 0.00 seconds
  Pass "DepthOnly" (fp)
    Target graphics API: d3d11
    Full variant space:         4
    After settings filtering:   4
    After built-in stripping:   1
    After scriptable stripping: 1
    Processed in 0.00 seconds
  Pass "DepthNormals" (vp)
    Target graphics API: d3d11
    Full variant space:         4
    After settings filtering:   4
    After built-in stripping:   1
    After scriptable stripping: 1
    Processed in 0.00 seconds
  Pass "DepthNormals" (fp)
    Target graphics API: d3d11
    Full variant space:         16
    After settings filtering:   4
    After built-in stripping:   1
    After scriptable stripping: 1
    Processed in 0.00 seconds
  Pass Forward (vp, d3d11) finished in 0.00 seconds. Local cache hits 1 (0.00s CPU time), remote cache hits 0 (0.00s CPU time), compiled 0 variants (0.00s CPU time), skipped 0 variants.
    Prepared data for serialisation in 0.00s
  Pass Forward (fp, d3d11) finished in 0.00 seconds. Local cache hits 1 (0.00s CPU time), remote cache hits 0 (0.00s CPU time), compiled 0 variants (0.00s CPU time), skipped 0 variants.
    Prepared data for serialisation in 0.00s
  Pass ShadowCaster (vp, d3d11) finished in 0.00 seconds. Local cache hits 2 (0.00s CPU time), remote cache hits 0 (0.00s CPU time), compiled 0 variants (0.00s CPU time), skipped 0 variants.
    Prepared data for serialisation in 0.00s
  Pass ShadowCaster (fp, d3d11) finished in 0.00 seconds. Local cache hits 1 (0.00s CPU time), remote cache hits 0 (0.00s CPU time), compiled 0 variants (0.00s CPU time), skipped 0 variants.
    Prepared data for serialisation in 0.00s
  Pass DepthOnly (vp, d3d11) finished in 0.00 seconds. Local cache hits 1 (0.00s CPU time), remote cache hits 0 (0.00s CPU time), compiled 0 variants (0.00s CPU time), skipped 0 variants.
    Prepared data for serialisation in 0.00s
  Pass DepthOnly (fp, d3d11) finished in 0.00 seconds. Local cache hits 1 (0.00s CPU time), remote cache hits 0 (0.00s CPU time), compiled 0 variants (0.00s CPU time), skipped 0 variants.
    Prepared data for serialisation in 0.00s
  Pass DepthNormals (vp, d3d11) finished in 0.00 seconds. Local cache hits 1 (0.00s CPU time), remote cache hits 0 (0.00s CPU time), compiled 0 variants (0.00s CPU time), skipped 0 variants.
    Prepared data for serialisation in 0.00s
  Pass DepthNormals (fp, d3d11) finished in 0.00 seconds. Local cache hits 1 (0.00s CPU time), remote cache hits 0 (0.00s CPU time), compiled 0 variants (0.00s CPU time), skipped 0 variants.
    Prepared data for serialisation in 0.00s
Serialized binary data for shader Distant Lands/Cozy/URP/Stylized Clouds (COZY Desktop) in 0.00s
    d3d11 (total internal programs: 9, unique: 8)
Compiling shader "Distant Lands/Cozy/URP/Stylized Clouds (Static Texture)"
  Pass "Forward" (vp)
    Target graphics API: d3d11
    Full variant space:         16
    After settings filtering:   16
    After built-in stripping:   1
    After scriptable stripping: 1
    Processed in 0.00 seconds
  Pass "Forward" (fp)
    Target graphics API: d3d11
    Full variant space:         512
    After settings filtering:   16
    After built-in stripping:   1
    After scriptable stripping: 1
    Processed in 0.00 seconds
  Pass "DepthOnly" (vp)
    Target graphics API: d3d11
    Full variant space:         2
    After settings filtering:   2
    After built-in stripping:   1
    After scriptable stripping: 1
    Processed in 0.00 seconds
  Pass "DepthOnly" (fp)
    Target graphics API: d3d11
    Full variant space:         2
    After settings filtering:   2
    After built-in stripping:   1
    After scriptable stripping: 1
    Processed in 0.00 seconds
  Pass "DepthNormals" (vp)
    Target graphics API: d3d11
    Full variant space:         2
    After settings filtering:   2
    After built-in stripping:   1
    After scriptable stripping: 1
    Processed in 0.00 seconds
  Pass "DepthNormals" (fp)
    Target graphics API: d3d11
    Full variant space:         8
    After settings filtering:   2
    After built-in stripping:   1
    After scriptable stripping: 1
    Processed in 0.00 seconds
  Pass Forward (vp, d3d11) finished in 0.00 seconds. Local cache hits 1 (0.00s CPU time), remote cache hits 0 (0.00s CPU time), compiled 0 variants (0.00s CPU time), skipped 0 variants.
    Prepared data for serialisation in 0.00s
  Pass Forward (fp, d3d11) finished in 0.00 seconds. Local cache hits 1 (0.00s CPU time), remote cache hits 0 (0.00s CPU time), compiled 0 variants (0.00s CPU time), skipped 0 variants.
    Prepared data for serialisation in 0.00s
  Pass DepthOnly (vp, d3d11) finished in 0.00 seconds. Local cache hits 1 (0.00s CPU time), remote cache hits 0 (0.00s CPU time), compiled 0 variants (0.00s CPU time), skipped 0 variants.
    Prepared data for serialisation in 0.00s
  Pass DepthOnly (fp, d3d11) finished in 0.00 seconds. Local cache hits 1 (0.00s CPU time), remote cache hits 0 (0.00s CPU time), compiled 0 variants (0.00s CPU time), skipped 0 variants.
    Prepared data for serialisation in 0.00s
  Pass DepthNormals (vp, d3d11) finished in 0.00 seconds. Local cache hits 1 (0.00s CPU time), remote cache hits 0 (0.00s CPU time), compiled 0 variants (0.00s CPU time), skipped 0 variants.
    Prepared data for serialisation in 0.00s
  Pass DepthNormals (fp, d3d11) finished in 0.00 seconds. Local cache hits 1 (0.00s CPU time), remote cache hits 0 (0.00s CPU time), compiled 0 variants (0.00s CPU time), skipped 0 variants.
    Prepared data for serialisation in 0.00s
Serialized binary data for shader Distant Lands/Cozy/URP/Stylized Clouds (Static Texture) in 0.00s
    d3d11 (total internal programs: 6, unique: 6)
Compiling shader "Universal Render Pipeline/Particles/Simple Lit"
  Pass "ForwardLit" (vp)
    Target graphics API: d3d11
    Full variant space:         20.736
    After settings filtering:   576
    After built-in stripping:   24
    After scriptable stripping: 8
    Processed in 0.00 seconds
  Pass "ForwardLit" (fp)
    Target graphics API: d3d11
    Full variant space:         1.658.880
    After settings filtering:   2.304
    After built-in stripping:   96
    After scriptable stripping: 32
    Processed in 0.00 seconds
  Pass "GBuffer" (vp)
    Target graphics API: d3d11
    Full variant space:         432
    After settings filtering:   72
    After built-in stripping:   12
    After scriptable stripping: 0
    Processed in 0.00 seconds
  Pass "GBuffer" (fp)
    Target graphics API: d3d11
    Full variant space:         17.280
    After settings filtering:   144
    After built-in stripping:   24
    After scriptable stripping: 0
    Processed in 0.00 seconds
  Pass "DepthOnly" (vp)
    Target graphics API: d3d11
    Full variant space:         6
    After settings filtering:   6
    After built-in stripping:   2
    After scriptable stripping: 2
    Processed in 0.00 seconds
  Pass "DepthOnly" (fp)
    Target graphics API: d3d11
    Full variant space:         6
    After settings filtering:   6
    After built-in stripping:   2
    After scriptable stripping: 2
    Processed in 0.00 seconds
  Pass "DepthNormals" (vp)
    Target graphics API: d3d11
    Full variant space:         6
    After settings filtering:   6
    After built-in stripping:   2
    After scriptable stripping: 2
    Processed in 0.00 seconds
  Pass "DepthNormals" (fp)
    Target graphics API: d3d11
    Full variant space:         6
    After settings filtering:   6
    After built-in stripping:   2
    After scriptable stripping: 2
    Processed in 0.00 seconds
  Pass "Universal2D" (vp)
    Target graphics API: d3d11
    Full variant space:         1
    After settings filtering:   1
    After built-in stripping:   1
    After scriptable stripping: 0
    Processed in 0.00 seconds
  Pass "Universal2D" (fp)
    Target graphics API: d3d11
    Full variant space:         1
    After settings filtering:   1
    After built-in stripping:   1
    After scriptable stripping: 0
    Processed in 0.00 seconds
  Pass ForwardLit (vp, d3d11) finished in 0.01 seconds. Local cache hits 8 (0.00s CPU time), remote cache hits 0 (0.00s CPU time), compiled 0 variants (0.00s CPU time), skipped 0 variants.
    Prepared data for serialisation in 0.00s
  Pass ForwardLit (fp, d3d11) finished in 0.00 seconds. Local cache hits 32 (0.00s CPU time), remote cache hits 0 (0.00s CPU time), compiled 0 variants (0.00s CPU time), skipped 0 variants.
    Prepared data for serialisation in 0.00s
  Pass DepthOnly (vp, d3d11) finished in 0.00 seconds. Local cache hits 2 (0.00s CPU time), remote cache hits 0 (0.00s CPU time), compiled 0 variants (0.00s CPU time), skipped 0 variants.
    Prepared data for serialisation in 0.00s
  Pass DepthOnly (fp, d3d11) finished in 0.00 seconds. Local cache hits 2 (0.00s CPU time), remote cache hits 0 (0.00s CPU time), compiled 0 variants (0.00s CPU time), skipped 0 variants.
    Prepared data for serialisation in 0.00s
  Pass DepthNormals (vp, d3d11) finished in 0.00 seconds. Local cache hits 2 (0.00s CPU time), remote cache hits 0 (0.00s CPU time), compiled 0 variants (0.00s CPU time), skipped 0 variants.
    Prepared data for serialisation in 0.00s
  Pass DepthNormals (fp, d3d11) finished in 0.00 seconds. Local cache hits 2 (0.00s CPU time), remote cache hits 0 (0.00s CPU time), compiled 0 variants (0.00s CPU time), skipped 0 variants.
    Prepared data for serialisation in 0.00s
Serialized binary data for shader Universal Render Pipeline/Particles/Simple Lit in 0.00s
    d3d11 (total internal programs: 48, unique: 48)
Compiling shader "Universal Render Pipeline/Lit"
  Pass "ForwardLit" (vp)
    Target graphics API: d3d11
    Full variant space:         884.736
    After settings filtering:   6.144
    After built-in stripping:   12
    After scriptable stripping: 4
    Processed in 0.00 seconds
  Pass "ForwardLit" (fp)
    Target graphics API: d3d11
    Full variant space:         36.238.786.560
    After settings filtering:   49.152
    After built-in stripping:   96
    After scriptable stripping: 16
    Processed in 0.00 seconds
  Pass "ShadowCaster" (vp)
    Target graphics API: d3d11
    Full variant space:         16
    After settings filtering:   16
    After built-in stripping:   4
    After scriptable stripping: 4
    Processed in 0.00 seconds
  Pass "ShadowCaster" (fp)
    Target graphics API: d3d11
    Full variant space:         8
    After settings filtering:   8
    After built-in stripping:   2
    After scriptable stripping: 2
    Processed in 0.00 seconds
  Pass "GBuffer" (vp)
    Target graphics API: d3d11
    Full variant space:         36.864
    After settings filtering:   1.536
    After built-in stripping:   12
    After scriptable stripping: 0
    Processed in 0.00 seconds
  Pass "GBuffer" (fp)
    Target graphics API: d3d11
    Full variant space:         188.743.680
    After settings filtering:   3.072
    After built-in stripping:   24
    After scriptable stripping: 0
    Processed in 0.00 seconds
  Pass "DepthOnly" (vp)
    Target graphics API: d3d11
    Full variant space:         8
    After settings filtering:   8
    After built-in stripping:   2
    After scriptable stripping: 2
    Processed in 0.00 seconds
  Pass "DepthOnly" (fp)
    Target graphics API: d3d11
    Full variant space:         8
    After settings filtering:   8
    After built-in stripping:   2
    After scriptable stripping: 2
    Processed in 0.00 seconds
  Pass "DepthNormals" (vp)
    Target graphics API: d3d11
    Full variant space:         8
    After settings filtering:   8
    After built-in stripping:   2
    After scriptable stripping: 2
    Processed in 0.00 seconds
  Pass "DepthNormals" (fp)
    Target graphics API: d3d11
    Full variant space:         16
    After settings filtering:   8
    After built-in stripping:   2
    After scriptable stripping: 2
    Processed in 0.00 seconds
  Pass "Universal2D" (vp)
    Target graphics API: d3d11
    Full variant space:         2
    After settings filtering:   2
    After built-in stripping:   1
    After scriptable stripping: 0
    Processed in 0.00 seconds
  Pass "Universal2D" (fp)
    Target graphics API: d3d11
    Full variant space:         2
    After settings filtering:   2
    After built-in stripping:   1
    After scriptable stripping: 0
    Processed in 0.00 seconds
  Pass "MotionVectors" (vp)
    Target graphics API: d3d11
    Full variant space:         8
    After settings filtering:   8
    After built-in stripping:   2
    After scriptable stripping: 2
    Processed in 0.00 seconds
  Pass "MotionVectors" (fp)
    Target graphics API: d3d11
    Full variant space:         8
    After settings filtering:   8
    After built-in stripping:   2
    After scriptable stripping: 2
    Processed in 0.00 seconds
  Pass "XRMotionVectors" (vp)
    Target graphics API: d3d11
    Full variant space:         16
    After settings filtering:   16
    After built-in stripping:   4
    After scriptable stripping: 0
    Processed in 0.00 seconds
  Pass "XRMotionVectors" (fp)
    Target graphics API: d3d11
    Full variant space:         16
    After settings filtering:   16
    After built-in stripping:   4
    After scriptable stripping: 0
    Processed in 0.00 seconds
  Pass ForwardLit (vp, d3d11) finished in 0.01 seconds. Local cache hits 4 (0.00s CPU time), remote cache hits 0 (0.00s CPU time), compiled 0 variants (0.00s CPU time), skipped 0 variants.
    Prepared data for serialisation in 0.00s
  Pass ForwardLit (fp, d3d11) finished in 0.01 seconds. Local cache hits 16 (0.00s CPU time), remote cache hits 0 (0.00s CPU time), compiled 0 variants (0.00s CPU time), skipped 0 variants.
    Prepared data for serialisation in 0.00s
  Pass ShadowCaster (vp, d3d11) finished in 0.01 seconds. Local cache hits 4 (0.00s CPU time), remote cache hits 0 (0.00s CPU time), compiled 0 variants (0.00s CPU time), skipped 0 variants.
    Prepared data for serialisation in 0.00s
  Pass ShadowCaster (fp, d3d11) finished in 0.01 seconds. Local cache hits 2 (0.00s CPU time), remote cache hits 0 (0.00s CPU time), compiled 0 variants (0.00s CPU time), skipped 0 variants.
    Prepared data for serialisation in 0.00s
  Pass DepthOnly (vp, d3d11) finished in 0.00 seconds. Local cache hits 2 (0.00s CPU time), remote cache hits 0 (0.00s CPU time), compiled 0 variants (0.00s CPU time), skipped 0 variants.
    Prepared data for serialisation in 0.00s
  Pass DepthOnly (fp, d3d11) finished in 0.00 seconds. Local cache hits 2 (0.00s CPU time), remote cache hits 0 (0.00s CPU time), compiled 0 variants (0.00s CPU time), skipped 0 variants.
    Prepared data for serialisation in 0.00s
  Pass DepthNormals (vp, d3d11) finished in 0.00 seconds. Local cache hits 2 (0.00s CPU time), remote cache hits 0 (0.00s CPU time), compiled 0 variants (0.00s CPU time), skipped 0 variants.
    Prepared data for serialisation in 0.00s
  Pass DepthNormals (fp, d3d11) finished in 0.00 seconds. Local cache hits 2 (0.00s CPU time), remote cache hits 0 (0.00s CPU time), compiled 0 variants (0.00s CPU time), skipped 0 variants.
    Prepared data for serialisation in 0.00s
  Pass MotionVectors (vp, d3d11) finished in 0.00 seconds. Local cache hits 2 (0.00s CPU time), remote cache hits 0 (0.00s CPU time), compiled 0 variants (0.00s CPU time), skipped 0 variants.
    Prepared data for serialisation in 0.00s
  Pass MotionVectors (fp, d3d11) finished in 0.00 seconds. Local cache hits 2 (0.00s CPU time), remote cache hits 0 (0.00s CPU time), compiled 0 variants (0.00s CPU time), skipped 0 variants.
    Prepared data for serialisation in 0.00s
Serialized binary data for shader Universal Render Pipeline/Lit in 0.00s
    d3d11 (total internal programs: 38, unique: 38)
Compiling shader "Distant Lands/Cozy/URP/Disabled Shader"
  Pass "Forward" (vp)
    Target graphics API: d3d11
    Full variant space:         147.456
    After settings filtering:   12.288
    After built-in stripping:   24
    After scriptable stripping: 8
    Processed in 0.00 seconds
  Pass "Forward" (fp)
    Target graphics API: d3d11
    Full variant space:         377.487.360
    After settings filtering:   49.152
    After built-in stripping:   96
    After scriptable stripping: 32
    Processed in 0.00 seconds
  Pass "ShadowCaster" (vp)
    Target graphics API: d3d11
    Full variant space:         16
    After settings filtering:   16
    After built-in stripping:   4
    After scriptable stripping: 4
    Processed in 0.00 seconds
  Pass "ShadowCaster" (fp)
    Target graphics API: d3d11
    Full variant space:         8
    After settings filtering:   8
    After built-in stripping:   2
    After scriptable stripping: 2
    Processed in 0.00 seconds
  Pass "DepthOnly" (vp)
    Target graphics API: d3d11
    Full variant space:         8
    After settings filtering:   8
    After built-in stripping:   2
    After scriptable stripping: 2
    Processed in 0.00 seconds
  Pass "DepthOnly" (fp)
    Target graphics API: d3d11
    Full variant space:         8
    After settings filtering:   8
    After built-in stripping:   2
    After scriptable stripping: 2
    Processed in 0.00 seconds
  Pass "Universal2D" (vp)
    Target graphics API: d3d11
    Full variant space:         1
    After settings filtering:   1
    After built-in stripping:   1
    After scriptable stripping: 0
    Processed in 0.00 seconds
  Pass "Universal2D" (fp)
    Target graphics API: d3d11
    Full variant space:         1
    After settings filtering:   1
    After built-in stripping:   1
    After scriptable stripping: 0
    Processed in 0.00 seconds
  Pass "DepthNormals" (vp)
    Target graphics API: d3d11
    Full variant space:         8
    After settings filtering:   8
    After built-in stripping:   2
    After scriptable stripping: 2
    Processed in 0.00 seconds
  Pass "DepthNormals" (fp)
    Target graphics API: d3d11
    Full variant space:         16
    After settings filtering:   8
    After built-in stripping:   2
    After scriptable stripping: 2
    Processed in 0.00 seconds
  Pass "GBuffer" (vp)
    Target graphics API: d3d11
    Full variant space:         8.192
    After settings filtering:   4.096
    After built-in stripping:   8
    After scriptable stripping: 0
    Processed in 0.00 seconds
  Pass "GBuffer" (fp)
    Target graphics API: d3d11
    Full variant space:         10.485.760
    After settings filtering:   8.192
    After built-in stripping:   16
    After scriptable stripping: 0
    Processed in 0.00 seconds
  Pass Forward (vp, d3d11) finished in 0.01 seconds. Local cache hits 8 (0.00s CPU time), remote cache hits 0 (0.00s CPU time), compiled 0 variants (0.00s CPU time), skipped 0 variants.
    Prepared data for serialisation in 0.00s
  Pass Forward (fp, d3d11) finished in 0.01 seconds. Local cache hits 32 (0.00s CPU time), remote cache hits 0 (0.00s CPU time), compiled 0 variants (0.00s CPU time), skipped 0 variants.
    Prepared data for serialisation in 0.00s
  Pass ShadowCaster (vp, d3d11) finished in 0.01 seconds. Local cache hits 4 (0.00s CPU time), remote cache hits 0 (0.00s CPU time), compiled 0 variants (0.00s CPU time), skipped 0 variants.
    Prepared data for serialisation in 0.00s
  Pass ShadowCaster (fp, d3d11) finished in 0.01 seconds. Local cache hits 2 (0.00s CPU time), remote cache hits 0 (0.00s CPU time), compiled 0 variants (0.00s CPU time), skipped 0 variants.
    Prepared data for serialisation in 0.00s
  Pass DepthOnly (vp, d3d11) finished in 0.01 seconds. Local cache hits 2 (0.00s CPU time), remote cache hits 0 (0.00s CPU time), compiled 0 variants (0.00s CPU time), skipped 0 variants.
    Prepared data for serialisation in 0.00s
  Pass DepthOnly (fp, d3d11) finished in 0.01 seconds. Local cache hits 2 (0.00s CPU time), remote cache hits 0 (0.00s CPU time), compiled 0 variants (0.00s CPU time), skipped 0 variants.
    Prepared data for serialisation in 0.00s
  Pass DepthNormals (vp, d3d11) finished in 0.01 seconds. Local cache hits 2 (0.00s CPU time), remote cache hits 0 (0.00s CPU time), compiled 0 variants (0.00s CPU time), skipped 0 variants.
    Prepared data for serialisation in 0.00s
  Pass DepthNormals (fp, d3d11) finished in 0.01 seconds. Local cache hits 2 (0.00s CPU time), remote cache hits 0 (0.00s CPU time), compiled 0 variants (0.00s CPU time), skipped 0 variants.
    Prepared data for serialisation in 0.00s
Serialized binary data for shader Distant Lands/Cozy/URP/Disabled Shader in 0.00s
    d3d11 (total internal programs: 54, unique: 52)
Shader warning in 'Distant Lands/Cozy/URP/Disabled Shader': _FORWARD_PLUS shader keyword has been deprecated. Please update your shaders to use _CLUSTER_LIGHT_LOOP shader keyword instead, otherwise shader compilation times may be negatively affected. at /GAME Ai/IsoRPG/Library/PackageCache/com.unity.render-pipelines.universal@d7774c218bdf/ShaderLibrary/ForwardPlusKeyword.deprecated.hlsl(12)
Shader warning in 'Distant Lands/Cozy/URP/Disabled Shader': "UnityGBuffer.hlsl" is deprecated in 6.1! Please upgrade your shaders to include "GBufferOutput.hlsl" or "GBufferInput.hlsl" instead!
Compiling shader "Distant Lands/Cozy/URP/Stylized Moon"
  Pass "Forward" (vp)
    Target graphics API: d3d11
    Full variant space:         32
    After settings filtering:   32
    After built-in stripping:   1
    After scriptable stripping: 1
    Processed in 0.00 seconds
  Pass "Forward" (fp)
    Target graphics API: d3d11
    Full variant space:         1.024
    After settings filtering:   32
    After built-in stripping:   1
    After scriptable stripping: 1
    Processed in 0.00 seconds
  Pass "ShadowCaster" (vp)
    Target graphics API: d3d11
    Full variant space:         8
    After settings filtering:   8
    After built-in stripping:   2
    After scriptable stripping: 2
    Processed in 0.00 seconds
  Pass "ShadowCaster" (fp)
    Target graphics API: d3d11
    Full variant space:         4
    After settings filtering:   4
    After built-in stripping:   1
    After scriptable stripping: 1
    Processed in 0.00 seconds
  Pass "DepthOnly" (vp)
    Target graphics API: d3d11
    Full variant space:         4
    After settings filtering:   4
    After built-in stripping:   1
    After scriptable stripping: 1
    Processed in 0.00 seconds
  Pass "DepthOnly" (fp)
    Target graphics API: d3d11
    Full variant space:         4
    After settings filtering:   4
    After built-in stripping:   1
    After scriptable stripping: 1
    Processed in 0.00 seconds
  Pass "DepthNormals" (vp)
    Target graphics API: d3d11
    Full variant space:         4
    After settings filtering:   4
    After built-in stripping:   1
    After scriptable stripping: 1
    Processed in 0.00 seconds
  Pass "DepthNormals" (fp)
    Target graphics API: d3d11
    Full variant space:         16
    After settings filtering:   4
    After built-in stripping:   1
    After scriptable stripping: 1
    Processed in 0.00 seconds
  Pass Forward (vp, d3d11) finished in 0.00 seconds. Local cache hits 1 (0.00s CPU time), remote cache hits 0 (0.00s CPU time), compiled 0 variants (0.00s CPU time), skipped 0 variants.
    Prepared data for serialisation in 0.00s
  Pass Forward (fp, d3d11) finished in 0.00 seconds. Local cache hits 1 (0.00s CPU time), remote cache hits 0 (0.00s CPU time), compiled 0 variants (0.00s CPU time), skipped 0 variants.
    Prepared data for serialisation in 0.00s
  Pass ShadowCaster (vp, d3d11) finished in 0.00 seconds. Local cache hits 2 (0.00s CPU time), remote cache hits 0 (0.00s CPU time), compiled 0 variants (0.00s CPU time), skipped 0 variants.
    Prepared data for serialisation in 0.00s
  Pass ShadowCaster (fp, d3d11) finished in 0.00 seconds. Local cache hits 1 (0.00s CPU time), remote cache hits 0 (0.00s CPU time), compiled 0 variants (0.00s CPU time), skipped 0 variants.
    Prepared data for serialisation in 0.00s
  Pass DepthOnly (vp, d3d11) finished in 0.00 seconds. Local cache hits 1 (0.00s CPU time), remote cache hits 0 (0.00s CPU time), compiled 0 variants (0.00s CPU time), skipped 0 variants.
    Prepared data for serialisation in 0.00s
  Pass DepthOnly (fp, d3d11) finished in 0.00 seconds. Local cache hits 1 (0.00s CPU time), remote cache hits 0 (0.00s CPU time), compiled 0 variants (0.00s CPU time), skipped 0 variants.
    Prepared data for serialisation in 0.00s
  Pass DepthNormals (vp, d3d11) finished in 0.00 seconds. Local cache hits 1 (0.00s CPU time), remote cache hits 0 (0.00s CPU time), compiled 0 variants (0.00s CPU time), skipped 0 variants.
    Prepared data for serialisation in 0.00s
  Pass DepthNormals (fp, d3d11) finished in 0.00 seconds. Local cache hits 1 (0.00s CPU time), remote cache hits 0 (0.00s CPU time), compiled 0 variants (0.00s CPU time), skipped 0 variants.
    Prepared data for serialisation in 0.00s
Serialized binary data for shader Distant Lands/Cozy/URP/Stylized Moon in 0.00s
    d3d11 (total internal programs: 9, unique: 8)
Compiling shader "Distant Lands/Cozy/URP/Particles/Stylized Butterfly"
  Pass "Forward" (vp)
    Target graphics API: d3d11
    Full variant space:         64
    After settings filtering:   8
    After built-in stripping:   1
    After scriptable stripping: 1
    Processed in 0.00 seconds
  Pass "Forward" (fp)
    Target graphics API: d3d11
    Full variant space:         64
    After settings filtering:   8
    After built-in stripping:   1
    After scriptable stripping: 1
    Processed in 0.00 seconds
  Pass "ShadowCaster" (vp)
    Target graphics API: d3d11
    Full variant space:         4
    After settings filtering:   4
    After built-in stripping:   2
    After scriptable stripping: 2
    Processed in 0.00 seconds
  Pass "ShadowCaster" (fp)
    Target graphics API: d3d11
    Full variant space:         4
    After settings filtering:   4
    After built-in stripping:   2
    After scriptable stripping: 2
    Processed in 0.00 seconds
  Pass "DepthOnly" (vp)
    Target graphics API: d3d11
    Full variant space:         2
    After settings filtering:   2
    After built-in stripping:   1
    After scriptable stripping: 1
    Processed in 0.00 seconds
  Pass "DepthOnly" (fp)
    Target graphics API: d3d11
    Full variant space:         2
    After settings filtering:   2
    After built-in stripping:   1
    After scriptable stripping: 1
    Processed in 0.00 seconds
  Pass "DepthNormals" (vp)
    Target graphics API: d3d11
    Full variant space:         2
    After settings filtering:   2
    After built-in stripping:   1
    After scriptable stripping: 1
    Processed in 0.00 seconds
  Pass "DepthNormals" (fp)
    Target graphics API: d3d11
    Full variant space:         2
    After settings filtering:   2
    After built-in stripping:   1
    After scriptable stripping: 1
    Processed in 0.00 seconds
  Pass "DepthNormalsOnly" (vp)
    Target graphics API: d3d11
    Full variant space:         2
    After settings filtering:   2
    After built-in stripping:   1
    After scriptable stripping: 1
    Processed in 0.00 seconds
  Pass "DepthNormalsOnly" (fp)
    Target graphics API: d3d11
    Full variant space:         2
    After settings filtering:   2
    After built-in stripping:   1
    After scriptable stripping: 1
    Processed in 0.00 seconds
  Pass Forward (vp, d3d11) finished in 0.00 seconds. Local cache hits 1 (0.00s CPU time), remote cache hits 0 (0.00s CPU time), compiled 0 variants (0.00s CPU time), skipped 0 variants.
    Prepared data for serialisation in 0.00s
  Pass Forward (fp, d3d11) finished in 0.00 seconds. Local cache hits 1 (0.00s CPU time), remote cache hits 0 (0.00s CPU time), compiled 0 variants (0.00s CPU time), skipped 0 variants.
    Prepared data for serialisation in 0.00s
  Pass ShadowCaster (vp, d3d11) finished in 0.00 seconds. Local cache hits 2 (0.00s CPU time), remote cache hits 0 (0.00s CPU time), compiled 0 variants (0.00s CPU time), skipped 0 variants.
    Prepared data for serialisation in 0.00s
  Pass ShadowCaster (fp, d3d11) finished in 0.00 seconds. Local cache hits 2 (0.00s CPU time), remote cache hits 0 (0.00s CPU time), compiled 0 variants (0.00s CPU time), skipped 0 variants.
    Prepared data for serialisation in 0.00s
  Pass DepthOnly (vp, d3d11) finished in 0.00 seconds. Local cache hits 1 (0.00s CPU time), remote cache hits 0 (0.00s CPU time), compiled 0 variants (0.00s CPU time), skipped 0 variants.
    Prepared data for serialisation in 0.00s
  Pass DepthOnly (fp, d3d11) finished in 0.00 seconds. Local cache hits 1 (0.00s CPU time), remote cache hits 0 (0.00s CPU time), compiled 0 variants (0.00s CPU time), skipped 0 variants.
    Prepared data for serialisation in 0.00s
  Pass DepthNormals (vp, d3d11) finished in 0.00 seconds. Local cache hits 1 (0.00s CPU time), remote cache hits 0 (0.00s CPU time), compiled 0 variants (0.00s CPU time), skipped 0 variants.
    Prepared data for serialisation in 0.00s
  Pass DepthNormals (fp, d3d11) finished in 0.00 seconds. Local cache hits 1 (0.00s CPU time), remote cache hits 0 (0.00s CPU time), compiled 0 variants (0.00s CPU time), skipped 0 variants.
    Prepared data for serialisation in 0.00s
  Pass DepthNormalsOnly (vp, d3d11) finished in 0.00 seconds. Local cache hits 1 (0.00s CPU time), remote cache hits 0 (0.00s CPU time), compiled 0 variants (0.00s CPU time), skipped 0 variants.
    Prepared data for serialisation in 0.00s
  Pass DepthNormalsOnly (fp, d3d11) finished in 0.00 seconds. Local cache hits 1 (0.00s CPU time), remote cache hits 0 (0.00s CPU time), compiled 0 variants (0.00s CPU time), skipped 0 variants.
    Prepared data for serialisation in 0.00s
Serialized binary data for shader Distant Lands/Cozy/URP/Particles/Stylized Butterfly in 0.00s
    d3d11 (total internal programs: 12, unique: 9)
Compiling shader "Universal Render Pipeline/Particles/Lit"
  Pass "ForwardLit" (vp)
    Target graphics API: d3d11
    Full variant space:         20.736
    After settings filtering:   576
    After built-in stripping:   24
    After scriptable stripping: 8
    Processed in 0.00 seconds
  Pass "ForwardLit" (fp)
    Target graphics API: d3d11
    Full variant space:         13.271.040
    After settings filtering:   4.608
    After built-in stripping:   192
    After scriptable stripping: 32
    Processed in 0.00 seconds
  Pass "GBuffer" (vp)
    Target graphics API: d3d11
    Full variant space:         288
    After settings filtering:   72
    After built-in stripping:   12
    After scriptable stripping: 0
    Processed in 0.00 seconds
  Pass "GBuffer" (fp)
    Target graphics API: d3d11
    Full variant space:         46.080
    After settings filtering:   144
    After built-in stripping:   24
    After scriptable stripping: 0
    Processed in 0.00 seconds
  Pass "DepthOnly" (vp)
    Target graphics API: d3d11
    Full variant space:         6
    After settings filtering:   6
    After built-in stripping:   2
    After scriptable stripping: 2
    Processed in 0.00 seconds
  Pass "DepthOnly" (fp)
    Target graphics API: d3d11
    Full variant space:         6
    After settings filtering:   6
    After built-in stripping:   2
    After scriptable stripping: 2
    Processed in 0.00 seconds
  Pass "DepthNormals" (vp)
    Target graphics API: d3d11
    Full variant space:         6
    After settings filtering:   6
    After built-in stripping:   2
    After scriptable stripping: 2
    Processed in 0.00 seconds
  Pass "DepthNormals" (fp)
    Target graphics API: d3d11
    Full variant space:         6
    After settings filtering:   6
    After built-in stripping:   2
    After scriptable stripping: 2
    Processed in 0.00 seconds
  Pass "Universal2D" (vp)
    Target graphics API: d3d11
    Full variant space:         1
    After settings filtering:   1
    After built-in stripping:   1
    After scriptable stripping: 0
    Processed in 0.00 seconds
  Pass "Universal2D" (fp)
    Target graphics API: d3d11
    Full variant space:         1
    After settings filtering:   1
    After built-in stripping:   1
    After scriptable stripping: 0
    Processed in 0.00 seconds
  Pass ForwardLit (vp, d3d11) finished in 0.01 seconds. Local cache hits 8 (0.00s CPU time), remote cache hits 0 (0.00s CPU time), compiled 0 variants (0.00s CPU time), skipped 0 variants.
    Prepared data for serialisation in 0.00s
  Pass ForwardLit (fp, d3d11) finished in 0.00 seconds. Local cache hits 32 (0.00s CPU time), remote cache hits 0 (0.00s CPU time), compiled 0 variants (0.00s CPU time), skipped 0 variants.
    Prepared data for serialisation in 0.00s
  Pass DepthOnly (vp, d3d11) finished in 0.00 seconds. Local cache hits 2 (0.00s CPU time), remote cache hits 0 (0.00s CPU time), compiled 0 variants (0.00s CPU time), skipped 0 variants.
    Prepared data for serialisation in 0.00s
  Pass DepthOnly (fp, d3d11) finished in 0.00 seconds. Local cache hits 2 (0.00s CPU time), remote cache hits 0 (0.00s CPU time), compiled 0 variants (0.00s CPU time), skipped 0 variants.
    Prepared data for serialisation in 0.00s
  Pass DepthNormals (vp, d3d11) finished in 0.00 seconds. Local cache hits 2 (0.00s CPU time), remote cache hits 0 (0.00s CPU time), compiled 0 variants (0.00s CPU time), skipped 0 variants.
    Prepared data for serialisation in 0.00s
  Pass DepthNormals (fp, d3d11) finished in 0.00 seconds. Local cache hits 2 (0.00s CPU time), remote cache hits 0 (0.00s CPU time), compiled 0 variants (0.00s CPU time), skipped 0 variants.
    Prepared data for serialisation in 0.00s
Serialized binary data for shader Universal Render Pipeline/Particles/Lit in 0.00s
    d3d11 (total internal programs: 48, unique: 48)
Compiling shader "Distant Lands/Cozy/URP/Stylized Fog (Desktop)"
  Pass "Forward" (vp)
    Target graphics API: d3d11
    Full variant space:         32
    After settings filtering:   32
    After built-in stripping:   1
    After scriptable stripping: 1
    Processed in 0.00 seconds
  Pass "Forward" (fp)
    Target graphics API: d3d11
    Full variant space:         1.024
    After settings filtering:   32
    After built-in stripping:   1
    After scriptable stripping: 1
    Processed in 0.00 seconds
  Pass "DepthOnly" (vp)
    Target graphics API: d3d11
    Full variant space:         4
    After settings filtering:   4
    After built-in stripping:   1
    After scriptable stripping: 1
    Processed in 0.00 seconds
  Pass "DepthOnly" (fp)
    Target graphics API: d3d11
    Full variant space:         4
    After settings filtering:   4
    After built-in stripping:   1
    After scriptable stripping: 1
    Processed in 0.00 seconds
  Pass "DepthNormals" (vp)
    Target graphics API: d3d11
    Full variant space:         4
    After settings filtering:   4
    After built-in stripping:   1
    After scriptable stripping: 1
    Processed in 0.00 seconds
  Pass "DepthNormals" (fp)
    Target graphics API: d3d11
    Full variant space:         16
    After settings filtering:   4
    After built-in stripping:   1
    After scriptable stripping: 1
    Processed in 0.00 seconds
  Pass Forward (vp, d3d11) finished in 0.00 seconds. Local cache hits 1 (0.00s CPU time), remote cache hits 0 (0.00s CPU time), compiled 0 variants (0.00s CPU time), skipped 0 variants.
    Prepared data for serialisation in 0.00s
  Pass Forward (fp, d3d11) finished in 0.00 seconds. Local cache hits 1 (0.00s CPU time), remote cache hits 0 (0.00s CPU time), compiled 0 variants (0.00s CPU time), skipped 0 variants.
    Prepared data for serialisation in 0.00s
  Pass DepthOnly (vp, d3d11) finished in 0.00 seconds. Local cache hits 1 (0.00s CPU time), remote cache hits 0 (0.00s CPU time), compiled 0 variants (0.00s CPU time), skipped 0 variants.
    Prepared data for serialisation in 0.00s
  Pass DepthOnly (fp, d3d11) finished in 0.00 seconds. Local cache hits 1 (0.00s CPU time), remote cache hits 0 (0.00s CPU time), compiled 0 variants (0.00s CPU time), skipped 0 variants.
    Prepared data for serialisation in 0.00s
  Pass DepthNormals (vp, d3d11) finished in 0.00 seconds. Local cache hits 1 (0.00s CPU time), remote cache hits 0 (0.00s CPU time), compiled 0 variants (0.00s CPU time), skipped 0 variants.
    Prepared data for serialisation in 0.00s
  Pass DepthNormals (fp, d3d11) finished in 0.00 seconds. Local cache hits 1 (0.00s CPU time), remote cache hits 0 (0.00s CPU time), compiled 0 variants (0.00s CPU time), skipped 0 variants.
    Prepared data for serialisation in 0.00s
Serialized binary data for shader Distant Lands/Cozy/URP/Stylized Fog (Desktop) in 0.00s
    d3d11 (total internal programs: 6, unique: 6)
Compiling shader "Hidden/Shader Graph/FallbackError"
  Pass "" (vp)
    Target graphics API: d3d11
    Full variant space:         4
    After settings filtering:   4
    After built-in stripping:   1
    After scriptable stripping: 1
    Processed in 0.00 seconds
  Pass "" (fp)
    Target graphics API: d3d11
    Full variant space:         4
    After settings filtering:   4
    After built-in stripping:   1
    After scriptable stripping: 1
    Processed in 0.00 seconds
  Pass  (vp, d3d11) finished in 0.00 seconds. Local cache hits 1 (0.00s CPU time), remote cache hits 0 (0.00s CPU time), compiled 0 variants (0.00s CPU time), skipped 0 variants.
    Prepared data for serialisation in 0.00s
  Pass  (fp, d3d11) finished in 0.00 seconds. Local cache hits 1 (0.00s CPU time), remote cache hits 0 (0.00s CPU time), compiled 0 variants (0.00s CPU time), skipped 0 variants.
    Prepared data for serialisation in 0.00s
Serialized binary data for shader Hidden/Shader Graph/FallbackError in 0.00s
    d3d11 (total internal programs: 2, unique: 2)
Compiling shader "Distant Lands/Cozy/URP/Stylized Fog (Physical Height)"
  Pass "Forward" (vp)
    Target graphics API: d3d11
    Full variant space:         32
    After settings filtering:   32
    After built-in stripping:   1
    After scriptable stripping: 1
    Processed in 0.00 seconds
  Pass "Forward" (fp)
    Target graphics API: d3d11
    Full variant space:         1.024
    After settings filtering:   32
    After built-in stripping:   1
    After scriptable stripping: 1
    Processed in 0.00 seconds
  Pass "DepthOnly" (vp)
    Target graphics API: d3d11
    Full variant space:         4
    After settings filtering:   4
    After built-in stripping:   1
    After scriptable stripping: 1
    Processed in 0.00 seconds
  Pass "DepthOnly" (fp)
    Target graphics API: d3d11
    Full variant space:         4
    After settings filtering:   4
    After built-in stripping:   1
    After scriptable stripping: 1
    Processed in 0.00 seconds
  Pass "DepthNormals" (vp)
    Target graphics API: d3d11
    Full variant space:         4
    After settings filtering:   4
    After built-in stripping:   1
    After scriptable stripping: 1
    Processed in 0.00 seconds
  Pass "DepthNormals" (fp)
    Target graphics API: d3d11
    Full variant space:         16
    After settings filtering:   4
    After built-in stripping:   1
    After scriptable stripping: 1
    Processed in 0.00 seconds
  Pass Forward (vp, d3d11) finished in 0.00 seconds. Local cache hits 1 (0.00s CPU time), remote cache hits 0 (0.00s CPU time), compiled 0 variants (0.00s CPU time), skipped 0 variants.
    Prepared data for serialisation in 0.00s
  Pass Forward (fp, d3d11) finished in 0.00 seconds. Local cache hits 1 (0.00s CPU time), remote cache hits 0 (0.00s CPU time), compiled 0 variants (0.00s CPU time), skipped 0 variants.
    Prepared data for serialisation in 0.00s
  Pass DepthOnly (vp, d3d11) finished in 0.00 seconds. Local cache hits 1 (0.00s CPU time), remote cache hits 0 (0.00s CPU time), compiled 0 variants (0.00s CPU time), skipped 0 variants.
    Prepared data for serialisation in 0.00s
  Pass DepthOnly (fp, d3d11) finished in 0.00 seconds. Local cache hits 1 (0.00s CPU time), remote cache hits 0 (0.00s CPU time), compiled 0 variants (0.00s CPU time), skipped 0 variants.
    Prepared data for serialisation in 0.00s
  Pass DepthNormals (vp, d3d11) finished in 0.00 seconds. Local cache hits 1 (0.00s CPU time), remote cache hits 0 (0.00s CPU time), compiled 0 variants (0.00s CPU time), skipped 0 variants.
    Prepared data for serialisation in 0.00s
  Pass DepthNormals (fp, d3d11) finished in 0.00 seconds. Local cache hits 1 (0.00s CPU time), remote cache hits 0 (0.00s CPU time), compiled 0 variants (0.00s CPU time), skipped 0 variants.
    Prepared data for serialisation in 0.00s
Serialized binary data for shader Distant Lands/Cozy/URP/Stylized Fog (Physical Height) in 0.00s
    d3d11 (total internal programs: 6, unique: 6)
Compiling shader "Distant Lands/Cozy/URP/Demo/Stylized Grass"
  Pass "Forward" (vp)
    Target graphics API: d3d11
    Full variant space:         73.728
    After settings filtering:   6.144
    After built-in stripping:   24
    After scriptable stripping: 8
    Processed in 0.00 seconds
  Pass "Forward" (fp)
    Target graphics API: d3d11
    Full variant space:         188.743.680
    After settings filtering:   49.152
    After built-in stripping:   192
    After scriptable stripping: 64
    Processed in 0.01 seconds
  Pass "ShadowCaster" (vp)
    Target graphics API: d3d11
    Full variant space:         8
    After settings filtering:   8
    After built-in stripping:   4
    After scriptable stripping: 4
    Processed in 0.00 seconds
  Pass "ShadowCaster" (fp)
    Target graphics API: d3d11
    Full variant space:         8
    After settings filtering:   8
    After built-in stripping:   4
    After scriptable stripping: 4
    Processed in 0.00 seconds
  Pass "DepthOnly" (vp)
    Target graphics API: d3d11
    Full variant space:         4
    After settings filtering:   4
    After built-in stripping:   2
    After scriptable stripping: 2
    Processed in 0.00 seconds
  Pass "DepthOnly" (fp)
    Target graphics API: d3d11
    Full variant space:         8
    After settings filtering:   8
    After built-in stripping:   4
    After scriptable stripping: 4
    Processed in 0.00 seconds
  Pass "Universal2D" (vp)
    Target graphics API: d3d11
    Full variant space:         2
    After settings filtering:   2
    After built-in stripping:   2
    After scriptable stripping: 0
    Processed in 0.00 seconds
  Pass "Universal2D" (fp)
    Target graphics API: d3d11
    Full variant space:         2
    After settings filtering:   2
    After built-in stripping:   2
    After scriptable stripping: 0
    Processed in 0.00 seconds
  Pass "DepthNormals" (vp)
    Target graphics API: d3d11
    Full variant space:         4
    After settings filtering:   4
    After built-in stripping:   2
    After scriptable stripping: 2
    Processed in 0.00 seconds
  Pass "DepthNormals" (fp)
    Target graphics API: d3d11
    Full variant space:         16
    After settings filtering:   8
    After built-in stripping:   4
    After scriptable stripping: 4
    Processed in 0.00 seconds
  Pass "GBuffer" (vp)
    Target graphics API: d3d11
    Full variant space:         4.096
    After settings filtering:   2.048
    After built-in stripping:   8
    After scriptable stripping: 0
    Processed in 0.00 seconds
  Pass "GBuffer" (fp)
    Target graphics API: d3d11
    Full variant space:         5.242.880
    After settings filtering:   8.192
    After built-in stripping:   32
    After scriptable stripping: 0
    Processed in 0.00 seconds
  Pass Forward (vp, d3d11) finished in 0.01 seconds. Local cache hits 8 (0.00s CPU time), remote cache hits 0 (0.00s CPU time), compiled 0 variants (0.00s CPU time), skipped 0 variants.
    Prepared data for serialisation in 0.00s
  Pass Forward (fp, d3d11) finished in 0.01 seconds. Local cache hits 64 (0.01s CPU time), remote cache hits 0 (0.00s CPU time), compiled 0 variants (0.00s CPU time), skipped 0 variants.
    Prepared data for serialisation in 0.00s
  Pass ShadowCaster (vp, d3d11) finished in 0.01 seconds. Local cache hits 4 (0.00s CPU time), remote cache hits 0 (0.00s CPU time), compiled 0 variants (0.00s CPU time), skipped 0 variants.
    Prepared data for serialisation in 0.00s
  Pass ShadowCaster (fp, d3d11) finished in 0.01 seconds. Local cache hits 4 (0.00s CPU time), remote cache hits 0 (0.00s CPU time), compiled 0 variants (0.00s CPU time), skipped 0 variants.
    Prepared data for serialisation in 0.00s
  Pass DepthOnly (vp, d3d11) finished in 0.01 seconds. Local cache hits 2 (0.00s CPU time), remote cache hits 0 (0.00s CPU time), compiled 0 variants (0.00s CPU time), skipped 0 variants.
    Prepared data for serialisation in 0.00s
  Pass DepthOnly (fp, d3d11) finished in 0.01 seconds. Local cache hits 4 (0.00s CPU time), remote cache hits 0 (0.00s CPU time), compiled 0 variants (0.00s CPU time), skipped 0 variants.
    Prepared data for serialisation in 0.00s
  Pass DepthNormals (vp, d3d11) finished in 0.01 seconds. Local cache hits 2 (0.00s CPU time), remote cache hits 0 (0.00s CPU time), compiled 0 variants (0.00s CPU time), skipped 0 variants.
    Prepared data for serialisation in 0.00s
  Pass DepthNormals (fp, d3d11) finished in 0.01 seconds. Local cache hits 4 (0.00s CPU time), remote cache hits 0 (0.00s CPU time), compiled 0 variants (0.00s CPU time), skipped 0 variants.
    Prepared data for serialisation in 0.00s
Serialized binary data for shader Distant Lands/Cozy/URP/Demo/Stylized Grass in 0.00s
    d3d11 (total internal programs: 92, unique: 88)
Shader warning in 'Distant Lands/Cozy/URP/Demo/Stylized Grass': _FORWARD_PLUS shader keyword has been deprecated. Please update your shaders to use _CLUSTER_LIGHT_LOOP shader keyword instead, otherwise shader compilation times may be negatively affected. at /GAME Ai/IsoRPG/Library/PackageCache/com.unity.render-pipelines.universal@d7774c218bdf/ShaderLibrary/ForwardPlusKeyword.deprecated.hlsl(12)
Shader warning in 'Distant Lands/Cozy/URP/Demo/Stylized Grass': "UnityGBuffer.hlsl" is deprecated in 6.1! Please upgrade your shaders to include "GBufferOutput.hlsl" or "GBufferInput.hlsl" instead!
Shader warning in 'Distant Lands/Cozy/URP/Demo/Stylized Grass': pow(f, e) will not work for negative f, use abs(f) or conditionally handle negative values if you expect them at Grass.shader(706) (on d3d11)

Compiling Subshader: 0, Pass: Forward, Fragment program with INSTANCING_ON LOD_FADE_CROSSFADE _ADDITIONAL_LIGHT_SHADOWS _ALPHATEST_ON _LIGHT_COOKIES _LIGHT_LAYERS _MAIN_LIGHT_SHADOWS_CASCADE _REFLECTION_PROBE_BLENDING _REFLECTION_PROBE_BOX_PROJECTION _SCREEN_SPACE_OCCLUSION
Platform defines: SHADER_API_DESKTOP UNITY_ENABLE_DETAIL_NORMALMAP UNITY_ENABLE_REFLECTION_BUFFERS UNITY_LIGHTMAP_FULL_HDR UNITY_LIGHT_PROBE_PROXY_VOLUME UNITY_PBS_USE_BRDF1 UNITY_PLATFORM_SUPPORTS_DEPTH_FETCH UNITY_SPECCUBE_BLENDING UNITY_SPECCUBE_BOX_PROJECTION UNITY_USE_DITHER_MASK_FOR_ALPHABLENDED_SHADOWS
Disabled keywords: DIRLIGHTMAP_COMBINED DOTS_INSTANCING_ON DYNAMICLIGHTMAP_ON EVALUATE_SH_MIXED EVALUATE_SH_VERTEX FOG_EXP FOG_EXP2 FOG_LINEAR LIGHTMAP_ON LIGHTMAP_SHADOW_MIXING SHADER_API_GLES30 SHADER_API_GLES31 SHADER_API_GLES32 SHADOWS_SHADOWMASK UNITY_ASTC_NORMALMAP_ENCODING UNITY_COLORSPACE_GAMMA UNITY_FRAMEBUFFER_FETCH_AVAILABLE UNITY_HARDWARE_TIER1 UNITY_HARDWARE_TIER2 UNITY_HARDWARE_TIER3 UNITY_LIGHTMAP_DLDR_ENCODING UNITY_LIGHTMAP_RGBM_ENCODING UNITY_METAL_SHADOWS_USE_POINT_FILTERING UNITY_NO_DXT5nm UNITY_NO_SCREENSPACE_SHADOWS UNITY_PBS_USE_BRDF2 UNITY_PBS_USE_BRDF3 UNITY_PRETRANSFORM_TO_DISPLAY_ORIENTATION UNITY_UNIFIED_SHADER_PRECISION_MODEL UNITY_VIRTUAL_TEXTURING _ADDITIONAL_LIGHTS _ADDITIONAL_LIGHTS_VERTEX _DBUFFER_MRT1 _DBUFFER_MRT2 _DBUFFER_MRT3 _FORWARD_PLUS _MAIN_LIGHT_SHADOWS _MAIN_LIGHT_SHADOWS_SCREEN _RECEIVE_SHADOWS_OFF _SHADOWS_SOFT _SHADOWS_SOFT_HIGH _SHADOWS_SOFT_LOW _SHADOWS_SOFT_MEDIUM _WRITE_RENDERING_LAYERS
Compressed shader 'Distant Lands/Cozy/URP/Demo/Stylized Grass' on d3d11 from 1.62MB to 0.23MB
Compressed shader 'Distant Lands/Cozy/URP/Demo/Stylized Grass' in 0.12s
Compiling shader "Distant Lands/Cozy/URP/Stylized Sky Mobile"
  Pass "Forward" (vp)
    Target graphics API: d3d11
    Full variant space:         32
    After settings filtering:   32
    After built-in stripping:   1
    After scriptable stripping: 1
    Processed in 0.00 seconds
  Pass "Forward" (fp)
    Target graphics API: d3d11
    Full variant space:         1.024
    After settings filtering:   32
    After built-in stripping:   1
    After scriptable stripping: 1
    Processed in 0.00 seconds
  Pass "ShadowCaster" (vp)
    Target graphics API: d3d11
    Full variant space:         8
    After settings filtering:   8
    After built-in stripping:   2
    After scriptable stripping: 2
    Processed in 0.00 seconds
  Pass "ShadowCaster" (fp)
    Target graphics API: d3d11
    Full variant space:         4
    After settings filtering:   4
    After built-in stripping:   1
    After scriptable stripping: 1
    Processed in 0.00 seconds
  Pass "DepthOnly" (vp)
    Target graphics API: d3d11
    Full variant space:         4
    After settings filtering:   4
    After built-in stripping:   1
    After scriptable stripping: 1
    Processed in 0.00 seconds
  Pass "DepthOnly" (fp)
    Target graphics API: d3d11
    Full variant space:         4
    After settings filtering:   4
    After built-in stripping:   1
    After scriptable stripping: 1
    Processed in 0.00 seconds
  Pass "DepthNormals" (vp)
    Target graphics API: d3d11
    Full variant space:         4
    After settings filtering:   4
    After built-in stripping:   1
    After scriptable stripping: 1
    Processed in 0.00 seconds
  Pass "DepthNormals" (fp)
    Target graphics API: d3d11
    Full variant space:         16
    After settings filtering:   4
    After built-in stripping:   1
    After scriptable stripping: 1
    Processed in 0.00 seconds
  Pass Forward (vp, d3d11) finished in 0.00 seconds. Local cache hits 1 (0.00s CPU time), remote cache hits 0 (0.00s CPU time), compiled 0 variants (0.00s CPU time), skipped 0 variants.
    Prepared data for serialisation in 0.00s
  Pass Forward (fp, d3d11) finished in 0.00 seconds. Local cache hits 1 (0.00s CPU time), remote cache hits 0 (0.00s CPU time), compiled 0 variants (0.00s CPU time), skipped 0 variants.
    Prepared data for serialisation in 0.00s
  Pass ShadowCaster (vp, d3d11) finished in 0.00 seconds. Local cache hits 2 (0.00s CPU time), remote cache hits 0 (0.00s CPU time), compiled 0 variants (0.00s CPU time), skipped 0 variants.
    Prepared data for serialisation in 0.00s
  Pass ShadowCaster (fp, d3d11) finished in 0.00 seconds. Local cache hits 1 (0.00s CPU time), remote cache hits 0 (0.00s CPU time), compiled 0 variants (0.00s CPU time), skipped 0 variants.
    Prepared data for serialisation in 0.00s
  Pass DepthOnly (vp, d3d11) finished in 0.00 seconds. Local cache hits 1 (0.00s CPU time), remote cache hits 0 (0.00s CPU time), compiled 0 variants (0.00s CPU time), skipped 0 variants.
    Prepared data for serialisation in 0.00s
  Pass DepthOnly (fp, d3d11) finished in 0.00 seconds. Local cache hits 1 (0.00s CPU time), remote cache hits 0 (0.00s CPU time), compiled 0 variants (0.00s CPU time), skipped 0 variants.
    Prepared data for serialisation in 0.00s
  Pass DepthNormals (vp, d3d11) finished in 0.00 seconds. Local cache hits 1 (0.00s CPU time), remote cache hits 0 (0.00s CPU time), compiled 0 variants (0.00s CPU time), skipped 0 variants.
    Prepared data for serialisation in 0.00s
  Pass DepthNormals (fp, d3d11) finished in 0.00 seconds. Local cache hits 1 (0.00s CPU time), remote cache hits 0 (0.00s CPU time), compiled 0 variants (0.00s CPU time), skipped 0 variants.
    Prepared data for serialisation in 0.00s
Serialized binary data for shader Distant Lands/Cozy/URP/Stylized Sky Mobile in 0.00s
    d3d11 (total internal programs: 9, unique: 9)
Compiling shader "TextMeshPro/Mobile/Distance Field"
  Pass "" (vp)
    Target graphics API: d3d11
    Full variant space:         12
    After settings filtering:   12
    After built-in stripping:   12
    After scriptable stripping: 12
    Processed in 0.00 seconds
  Pass "" (fp)
    Target graphics API: d3d11
    Full variant space:         12
    After settings filtering:   12
    After built-in stripping:   12
    After scriptable stripping: 12
    Processed in 0.00 seconds
  Pass  (vp, d3d11) finished in 0.00 seconds. Local cache hits 12 (0.00s CPU time), remote cache hits 0 (0.00s CPU time), compiled 0 variants (0.00s CPU time), skipped 0 variants.
    Prepared data for serialisation in 0.00s
  Pass  (fp, d3d11) finished in 0.00 seconds. Local cache hits 12 (0.00s CPU time), remote cache hits 0 (0.00s CPU time), compiled 0 variants (0.00s CPU time), skipped 0 variants.
    Prepared data for serialisation in 0.00s
Serialized binary data for shader TextMeshPro/Mobile/Distance Field in 0.00s
    d3d11 (total internal programs: 24, unique: 24)
Compressed shader 'TextMeshPro/Mobile/Distance Field' on d3d11 from 1.97MB to 0.18MB
Compressed shader 'TextMeshPro/Mobile/Distance Field' in 0.02s
Request Asset Garbage Collect because used heap size increased from 0.78 GB to 1.12 GB, exceeding the threshold of 256.0 MB.
Unloading 476 Unused Serialized files (Serialized files now loaded: 0)
Unloading 988 unused Assets / (234.5 MB). Loaded Objects now: 8898.
Memory consumption went from 1.12 GB to 0.89 GB.
Total: 27.552300 ms (FindLiveObjects: 1.033500 ms CreateObjectMapping: 2.439600 ms MarkObjects: 12.687200 ms  DeleteObjects: 11.390300 ms)

Compiling shader "Skybox/Procedural"
  Pass "" (vp)
    Target graphics API: d3d11
    Full variant space:         3
    After settings filtering:   3
    After built-in stripping:   3
    After scriptable stripping: 3
    Processed in 0.00 seconds
  Pass "" (fp)
    Target graphics API: d3d11
    Full variant space:         3
    After settings filtering:   3
    After built-in stripping:   3
    After scriptable stripping: 3
    Processed in 0.00 seconds
  Pass  (vp, d3d11) finished in 0.00 seconds. Local cache hits 3 (0.00s CPU time), remote cache hits 0 (0.00s CPU time), compiled 0 variants (0.00s CPU time), skipped 0 variants.
    Prepared data for serialisation in 0.00s
  Pass  (fp, d3d11) finished in 0.00 seconds. Local cache hits 3 (0.00s CPU time), remote cache hits 0 (0.00s CPU time), compiled 0 variants (0.00s CPU time), skipped 0 variants.
    Prepared data for serialisation in 0.00s
Serialized binary data for shader Skybox/Procedural in 0.00s
    d3d11 (total internal programs: 6, unique: 6)
Compiling shader "Hidden/Nature/Terrain/Utilities"
Serialized binary data for shader Hidden/Nature/Terrain/Utilities in 0.00s
    d3d11 (total internal programs: 0, unique: 0)
Compiling shader "Hidden/TerrainEngine/BillboardTree"
  Pass "" (vp)
    Target graphics API: d3d11
    Full variant space:         4
    After settings filtering:   4
    After built-in stripping:   1
    After scriptable stripping: 1
    Processed in 0.00 seconds
  Pass "" (fp)
    Target graphics API: d3d11
    Full variant space:         4
    After settings filtering:   4
    After built-in stripping:   1
    After scriptable stripping: 1
    Processed in 0.00 seconds
  Pass  (vp, d3d11) finished in 0.00 seconds. Local cache hits 1 (0.00s CPU time), remote cache hits 0 (0.00s CPU time), compiled 0 variants (0.00s CPU time), skipped 0 variants.
    Prepared data for serialisation in 0.00s
  Pass  (fp, d3d11) finished in 0.00 seconds. Local cache hits 1 (0.00s CPU time), remote cache hits 0 (0.00s CPU time), compiled 0 variants (0.00s CPU time), skipped 0 variants.
    Prepared data for serialisation in 0.00s
Serialized binary data for shader Hidden/TerrainEngine/BillboardTree in 0.00s
    d3d11 (total internal programs: 2, unique: 2)
Compiling shader "Hidden/Nature/Tree Soft Occlusion Bark Rendertex"
  Pass "" (vp)
    Target graphics API: d3d11
    Full variant space:         1
    After settings filtering:   1
    After built-in stripping:   1
    After scriptable stripping: 1
    Processed in 0.00 seconds
  Pass "" (fp)
    Target graphics API: d3d11
    Full variant space:         1
    After settings filtering:   1
    After built-in stripping:   1
    After scriptable stripping: 1
    Processed in 0.00 seconds
  Pass  (vp, d3d11) finished in 0.00 seconds. Local cache hits 1 (0.00s CPU time), remote cache hits 0 (0.00s CPU time), compiled 0 variants (0.00s CPU time), skipped 0 variants.
    Prepared data for serialisation in 0.00s
  Pass  (fp, d3d11) finished in 0.00 seconds. Local cache hits 1 (0.00s CPU time), remote cache hits 0 (0.00s CPU time), compiled 0 variants (0.00s CPU time), skipped 0 variants.
    Prepared data for serialisation in 0.00s
Serialized binary data for shader Hidden/Nature/Tree Soft Occlusion Bark Rendertex in 0.00s
    d3d11 (total internal programs: 2, unique: 2)
Compiling shader "Hidden/Nature/Tree Soft Occlusion Leaves Rendertex"
  Pass "" (vp)
    Target graphics API: d3d11
    Full variant space:         1
    After settings filtering:   1
    After built-in stripping:   1
    After scriptable stripping: 1
    Processed in 0.00 seconds
  Pass "" (fp)
    Target graphics API: d3d11
    Full variant space:         1
    After settings filtering:   1
    After built-in stripping:   1
    After scriptable stripping: 1
    Processed in 0.00 seconds
  Pass  (vp, d3d11) finished in 0.00 seconds. Local cache hits 1 (0.00s CPU time), remote cache hits 0 (0.00s CPU time), compiled 0 variants (0.00s CPU time), skipped 0 variants.
    Prepared data for serialisation in 0.00s
  Pass  (fp, d3d11) finished in 0.00 seconds. Local cache hits 1 (0.00s CPU time), remote cache hits 0 (0.00s CPU time), compiled 0 variants (0.00s CPU time), skipped 0 variants.
    Prepared data for serialisation in 0.00s
Serialized binary data for shader Hidden/Nature/Tree Soft Occlusion Leaves Rendertex in 0.00s
    d3d11 (total internal programs: 2, unique: 2)
Compiling shader "Hidden/TerrainEngine/CameraFacingBillboardTree"
  Pass "" (vp)
    Target graphics API: d3d11
    Full variant space:         4
    After settings filtering:   4
    After built-in stripping:   1
    After scriptable stripping: 1
    Processed in 0.00 seconds
  Pass "" (fp)
    Target graphics API: d3d11
    Full variant space:         4
    After settings filtering:   4
    After built-in stripping:   1
    After scriptable stripping: 1
    Processed in 0.00 seconds
  Pass  (vp, d3d11) finished in 0.00 seconds. Local cache hits 1 (0.00s CPU time), remote cache hits 0 (0.00s CPU time), compiled 0 variants (0.00s CPU time), skipped 0 variants.
    Prepared data for serialisation in 0.00s
  Pass  (fp, d3d11) finished in 0.00 seconds. Local cache hits 1 (0.00s CPU time), remote cache hits 0 (0.00s CPU time), compiled 0 variants (0.00s CPU time), skipped 0 variants.
    Prepared data for serialisation in 0.00s
Serialized binary data for shader Hidden/TerrainEngine/CameraFacingBillboardTree in 0.00s
    d3d11 (total internal programs: 2, unique: 2)
Compiling shader "Hidden/Nature/Tree Creator Albedo Rendertex"
  Pass "" (vp)
    Target graphics API: d3d11
    Full variant space:         1
    After settings filtering:   1
    After built-in stripping:   1
    After scriptable stripping: 1
    Processed in 0.00 seconds
  Pass "" (fp)
    Target graphics API: d3d11
    Full variant space:         1
    After settings filtering:   1
    After built-in stripping:   1
    After scriptable stripping: 1
    Processed in 0.00 seconds
  Pass  (vp, d3d11) finished in 0.00 seconds. Local cache hits 1 (0.00s CPU time), remote cache hits 0 (0.00s CPU time), compiled 0 variants (0.00s CPU time), skipped 0 variants.
    Prepared data for serialisation in 0.00s
  Pass  (fp, d3d11) finished in 0.00 seconds. Local cache hits 1 (0.00s CPU time), remote cache hits 0 (0.00s CPU time), compiled 0 variants (0.00s CPU time), skipped 0 variants.
    Prepared data for serialisation in 0.00s
Serialized binary data for shader Hidden/Nature/Tree Creator Albedo Rendertex in 0.00s
    d3d11 (total internal programs: 2, unique: 2)
Compiling shader "Hidden/Nature/Tree Creator Normal Rendertex"
  Pass "" (vp)
    Target graphics API: d3d11
    Full variant space:         1
    After settings filtering:   1
    After built-in stripping:   1
    After scriptable stripping: 1
    Processed in 0.00 seconds
  Pass "" (fp)
    Target graphics API: d3d11
    Full variant space:         1
    After settings filtering:   1
    After built-in stripping:   1
    After scriptable stripping: 1
    Processed in 0.00 seconds
  Pass  (vp, d3d11) finished in 0.00 seconds. Local cache hits 1 (0.00s CPU time), remote cache hits 0 (0.00s CPU time), compiled 0 variants (0.00s CPU time), skipped 0 variants.
    Prepared data for serialisation in 0.00s
  Pass  (fp, d3d11) finished in 0.00 seconds. Local cache hits 1 (0.00s CPU time), remote cache hits 0 (0.00s CPU time), compiled 0 variants (0.00s CPU time), skipped 0 variants.
    Prepared data for serialisation in 0.00s
Serialized binary data for shader Hidden/Nature/Tree Creator Normal Rendertex in 0.00s
    d3d11 (total internal programs: 2, unique: 2)
Compiling shader "Hidden/TerrainEngine/PaintHeight"
  Pass "Raise/Lower Heights" (vp)
    Target graphics API: d3d11
    Full variant space:         1
    After settings filtering:   1
    After built-in stripping:   1
    After scriptable stripping: 1
    Processed in 0.00 seconds
  Pass "Raise/Lower Heights" (fp)
    Target graphics API: d3d11
    Full variant space:         1
    After settings filtering:   1
    After built-in stripping:   1
    After scriptable stripping: 1
    Processed in 0.00 seconds
  Pass "Stamp Heights" (vp)
    Target graphics API: d3d11
    Full variant space:         1
    After settings filtering:   1
    After built-in stripping:   1
    After scriptable stripping: 1
    Processed in 0.00 seconds
  Pass "Stamp Heights" (fp)
    Target graphics API: d3d11
    Full variant space:         1
    After settings filtering:   1
    After built-in stripping:   1
    After scriptable stripping: 1
    Processed in 0.00 seconds
  Pass "Set Heights" (vp)
    Target graphics API: d3d11
    Full variant space:         1
    After settings filtering:   1
    After built-in stripping:   1
    After scriptable stripping: 1
    Processed in 0.00 seconds
  Pass "Set Heights" (fp)
    Target graphics API: d3d11
    Full variant space:         1
    After settings filtering:   1
    After built-in stripping:   1
    After scriptable stripping: 1
    Processed in 0.00 seconds
  Pass "Smooth Heights" (vp)
    Target graphics API: d3d11
    Full variant space:         1
    After settings filtering:   1
    After built-in stripping:   1
    After scriptable stripping: 1
    Processed in 0.00 seconds
  Pass "Smooth Heights" (fp)
    Target graphics API: d3d11
    Full variant space:         1
    After settings filtering:   1
    After built-in stripping:   1
    After scriptable stripping: 1
    Processed in 0.00 seconds
  Pass "Paint Texture" (vp)
    Target graphics API: d3d11
    Full variant space:         1
    After settings filtering:   1
    After built-in stripping:   1
    After scriptable stripping: 1
    Processed in 0.00 seconds
  Pass "Paint Texture" (fp)
    Target graphics API: d3d11
    Full variant space:         1
    After settings filtering:   1
    After built-in stripping:   1
    After scriptable stripping: 1
    Processed in 0.00 seconds
  Pass "Paint Holes" (vp)
    Target graphics API: d3d11
    Full variant space:         1
    After settings filtering:   1
    After built-in stripping:   1
    After scriptable stripping: 1
    Processed in 0.00 seconds
  Pass "Paint Holes" (fp)
    Target graphics API: d3d11
    Full variant space:         1
    After settings filtering:   1
    After built-in stripping:   1
    After scriptable stripping: 1
    Processed in 0.00 seconds
  Pass Raise/Lower Heights (vp, d3d11) finished in 0.00 seconds. Local cache hits 1 (0.00s CPU time), remote cache hits 0 (0.00s CPU time), compiled 0 variants (0.00s CPU time), skipped 0 variants.
    Prepared data for serialisation in 0.00s
  Pass Raise/Lower Heights (fp, d3d11) finished in 0.00 seconds. Local cache hits 1 (0.00s CPU time), remote cache hits 0 (0.00s CPU time), compiled 0 variants (0.00s CPU time), skipped 0 variants.
    Prepared data for serialisation in 0.00s
  Pass Stamp Heights (vp, d3d11) finished in 0.00 seconds. Local cache hits 1 (0.00s CPU time), remote cache hits 0 (0.00s CPU time), compiled 0 variants (0.00s CPU time), skipped 0 variants.
    Prepared data for serialisation in 0.00s
  Pass Stamp Heights (fp, d3d11) finished in 0.00 seconds. Local cache hits 1 (0.00s CPU time), remote cache hits 0 (0.00s CPU time), compiled 0 variants (0.00s CPU time), skipped 0 variants.
    Prepared data for serialisation in 0.00s
  Pass Set Heights (vp, d3d11) finished in 0.00 seconds. Local cache hits 1 (0.00s CPU time), remote cache hits 0 (0.00s CPU time), compiled 0 variants (0.00s CPU time), skipped 0 variants.
    Prepared data for serialisation in 0.00s
  Pass Set Heights (fp, d3d11) finished in 0.00 seconds. Local cache hits 1 (0.00s CPU time), remote cache hits 0 (0.00s CPU time), compiled 0 variants (0.00s CPU time), skipped 0 variants.
    Prepared data for serialisation in 0.00s
  Pass Smooth Heights (vp, d3d11) finished in 0.00 seconds. Local cache hits 1 (0.00s CPU time), remote cache hits 0 (0.00s CPU time), compiled 0 variants (0.00s CPU time), skipped 0 variants.
    Prepared data for serialisation in 0.00s
  Pass Smooth Heights (fp, d3d11) finished in 0.00 seconds. Local cache hits 1 (0.00s CPU time), remote cache hits 0 (0.00s CPU time), compiled 0 variants (0.00s CPU time), skipped 0 variants.
    Prepared data for serialisation in 0.00s
  Pass Paint Texture (vp, d3d11) finished in 0.00 seconds. Local cache hits 1 (0.00s CPU time), remote cache hits 0 (0.00s CPU time), compiled 0 variants (0.00s CPU time), skipped 0 variants.
    Prepared data for serialisation in 0.00s
  Pass Paint Texture (fp, d3d11) finished in 0.00 seconds. Local cache hits 1 (0.00s CPU time), remote cache hits 0 (0.00s CPU time), compiled 0 variants (0.00s CPU time), skipped 0 variants.
    Prepared data for serialisation in 0.00s
  Pass Paint Holes (vp, d3d11) finished in 0.00 seconds. Local cache hits 1 (0.00s CPU time), remote cache hits 0 (0.00s CPU time), compiled 0 variants (0.00s CPU time), skipped 0 variants.
    Prepared data for serialisation in 0.00s
  Pass Paint Holes (fp, d3d11) finished in 0.00 seconds. Local cache hits 1 (0.00s CPU time), remote cache hits 0 (0.00s CPU time), compiled 0 variants (0.00s CPU time), skipped 0 variants.
    Prepared data for serialisation in 0.00s
Serialized binary data for shader Hidden/TerrainEngine/PaintHeight in 0.00s
    d3d11 (total internal programs: 12, unique: 7)
Compiling shader "Hidden/TerrainEngine/HeightBlitCopy"
  Pass "" (vp)
    Target graphics API: d3d11
    Full variant space:         1
    After settings filtering:   1
    After built-in stripping:   1
    After scriptable stripping: 1
    Processed in 0.00 seconds
  Pass "" (fp)
    Target graphics API: d3d11
    Full variant space:         1
    After settings filtering:   1
    After built-in stripping:   1
    After scriptable stripping: 1
    Processed in 0.00 seconds
  Pass  (vp, d3d11) finished in 0.00 seconds. Local cache hits 1 (0.00s CPU time), remote cache hits 0 (0.00s CPU time), compiled 0 variants (0.00s CPU time), skipped 0 variants.
    Prepared data for serialisation in 0.00s
  Pass  (fp, d3d11) finished in 0.00 seconds. Local cache hits 1 (0.00s CPU time), remote cache hits 0 (0.00s CPU time), compiled 0 variants (0.00s CPU time), skipped 0 variants.
    Prepared data for serialisation in 0.00s
Serialized binary data for shader Hidden/TerrainEngine/HeightBlitCopy in 0.00s
    d3d11 (total internal programs: 2, unique: 2)
Compiling shader "Hidden/TerrainEngine/GenerateNormalmap"
  Pass "" (vp)
    Target graphics API: d3d11
    Full variant space:         1
    After settings filtering:   1
    After built-in stripping:   1
    After scriptable stripping: 1
    Processed in 0.00 seconds
  Pass "" (fp)
    Target graphics API: d3d11
    Full variant space:         1
    After settings filtering:   1
    After built-in stripping:   1
    After scriptable stripping: 1
    Processed in 0.00 seconds
  Pass  (vp, d3d11) finished in 0.00 seconds. Local cache hits 1 (0.00s CPU time), remote cache hits 0 (0.00s CPU time), compiled 0 variants (0.00s CPU time), skipped 0 variants.
    Prepared data for serialisation in 0.00s
  Pass  (fp, d3d11) finished in 0.00 seconds. Local cache hits 1 (0.00s CPU time), remote cache hits 0 (0.00s CPU time), compiled 0 variants (0.00s CPU time), skipped 0 variants.
    Prepared data for serialisation in 0.00s
Serialized binary data for shader Hidden/TerrainEngine/GenerateNormalmap in 0.00s
    d3d11 (total internal programs: 2, unique: 2)
Compiling shader "Hidden/TerrainEngine/TerrainLayerUtils"
  Pass "Get Terrain Layer Channel" (vp)
    Target graphics API: d3d11
    Full variant space:         1
    After settings filtering:   1
    After built-in stripping:   1
    After scriptable stripping: 1
    Processed in 0.00 seconds
  Pass "Get Terrain Layer Channel" (fp)
    Target graphics API: d3d11
    Full variant space:         1
    After settings filtering:   1
    After built-in stripping:   1
    After scriptable stripping: 1
    Processed in 0.00 seconds
  Pass "Set Terrain Layer Channel" (vp)
    Target graphics API: d3d11
    Full variant space:         1
    After settings filtering:   1
    After built-in stripping:   1
    After scriptable stripping: 1
    Processed in 0.00 seconds
  Pass "Set Terrain Layer Channel" (fp)
    Target graphics API: d3d11
    Full variant space:         1
    After settings filtering:   1
    After built-in stripping:   1
    After scriptable stripping: 1
    Processed in 0.00 seconds
  Pass "Blit Copy Highest Mip" (vp)
    Target graphics API: d3d11
    Full variant space:         1
    After settings filtering:   1
    After built-in stripping:   1
    After scriptable stripping: 1
    Processed in 0.00 seconds
  Pass "Blit Copy Highest Mip" (fp)
    Target graphics API: d3d11
    Full variant space:         1
    After settings filtering:   1
    After built-in stripping:   1
    After scriptable stripping: 1
    Processed in 0.00 seconds
  Pass Get Terrain Layer Channel (vp, d3d11) finished in 0.00 seconds. Local cache hits 1 (0.00s CPU time), remote cache hits 0 (0.00s CPU time), compiled 0 variants (0.00s CPU time), skipped 0 variants.
    Prepared data for serialisation in 0.00s
  Pass Get Terrain Layer Channel (fp, d3d11) finished in 0.00 seconds. Local cache hits 1 (0.00s CPU time), remote cache hits 0 (0.00s CPU time), compiled 0 variants (0.00s CPU time), skipped 0 variants.
    Prepared data for serialisation in 0.00s
  Pass Set Terrain Layer Channel (vp, d3d11) finished in 0.00 seconds. Local cache hits 1 (0.00s CPU time), remote cache hits 0 (0.00s CPU time), compiled 0 variants (0.00s CPU time), skipped 0 variants.
    Prepared data for serialisation in 0.00s
  Pass Set Terrain Layer Channel (fp, d3d11) finished in 0.00 seconds. Local cache hits 1 (0.00s CPU time), remote cache hits 0 (0.00s CPU time), compiled 0 variants (0.00s CPU time), skipped 0 variants.
    Prepared data for serialisation in 0.00s
  Pass Blit Copy Highest Mip (vp, d3d11) finished in 0.00 seconds. Local cache hits 1 (0.00s CPU time), remote cache hits 0 (0.00s CPU time), compiled 0 variants (0.00s CPU time), skipped 0 variants.
    Prepared data for serialisation in 0.00s
  Pass Blit Copy Highest Mip (fp, d3d11) finished in 0.00 seconds. Local cache hits 1 (0.00s CPU time), remote cache hits 0 (0.00s CPU time), compiled 0 variants (0.00s CPU time), skipped 0 variants.
    Prepared data for serialisation in 0.00s
Serialized binary data for shader Hidden/TerrainEngine/TerrainLayerUtils in 0.00s
    d3d11 (total internal programs: 6, unique: 5)
Compiling shader "Hidden/TerrainEngine/CrossBlendNeighbors"
  Pass "" (vp)
    Target graphics API: d3d11
    Full variant space:         1
    After settings filtering:   1
    After built-in stripping:   1
    After scriptable stripping: 1
    Processed in 0.00 seconds
  Pass "" (fp)
    Target graphics API: d3d11
    Full variant space:         1
    After settings filtering:   1
    After built-in stripping:   1
    After scriptable stripping: 1
    Processed in 0.00 seconds
  Pass  (vp, d3d11) finished in 0.00 seconds. Local cache hits 1 (0.00s CPU time), remote cache hits 0 (0.00s CPU time), compiled 0 variants (0.00s CPU time), skipped 0 variants.
    Prepared data for serialisation in 0.00s
  Pass  (fp, d3d11) finished in 0.00 seconds. Local cache hits 1 (0.00s CPU time), remote cache hits 0 (0.00s CPU time), compiled 0 variants (0.00s CPU time), skipped 0 variants.
    Prepared data for serialisation in 0.00s
Serialized binary data for shader Hidden/TerrainEngine/CrossBlendNeighbors in 0.00s
    d3d11 (total internal programs: 2, unique: 2)
Compiling shader "Hidden/Universal Render Pipeline/Terrain/Lit (Add Pass)"
  Pass "ForwardLit" (vp)
    Target graphics API: d3d11
    Full variant space:         18.432
    After settings filtering:   256
    After built-in stripping:   2
    After scriptable stripping: 2
    Processed in 0.00 seconds
  Pass "ForwardLit" (fp)
    Target graphics API: d3d11
    Full variant space:         47.185.920
    After settings filtering:   4.096
    After built-in stripping:   32
    After scriptable stripping: 16
    Processed in 0.00 seconds
  Pass "GBuffer" (vp)
    Target graphics API: d3d11
    Full variant space:         768
    After settings filtering:   64
    After built-in stripping:   2
    After scriptable stripping: 0
    Processed in 0.00 seconds
  Pass "GBuffer" (fp)
    Target graphics API: d3d11
    Full variant space:         491.520
    After settings filtering:   256
    After built-in stripping:   8
    After scriptable stripping: 0
    Processed in 0.00 seconds
  Pass ForwardLit (vp, d3d11) finished in 0.00 seconds. Local cache hits 2 (0.00s CPU time), remote cache hits 0 (0.00s CPU time), compiled 0 variants (0.00s CPU time), skipped 0 variants.
    Prepared data for serialisation in 0.00s
  Pass ForwardLit (fp, d3d11) finished in 0.00 seconds. Local cache hits 16 (0.00s CPU time), remote cache hits 0 (0.00s CPU time), compiled 0 variants (0.00s CPU time), skipped 0 variants.
    Prepared data for serialisation in 0.00s
Serialized binary data for shader Hidden/Universal Render Pipeline/Terrain/Lit (Add Pass) in 0.00s
    d3d11 (total internal programs: 18, unique: 18)
Compiling shader "Hidden/Universal Render Pipeline/Terrain/Lit (Base Pass)"
  Pass "ForwardLit" (vp)
    Target graphics API: d3d11
    Full variant space:         12.288
    After settings filtering:   512
    After built-in stripping:   2
    After scriptable stripping: 2
    Processed in 0.00 seconds
  Pass "ForwardLit" (fp)
    Target graphics API: d3d11
    Full variant space:         125.829.120
    After settings filtering:   8.192
    After built-in stripping:   32
    After scriptable stripping: 16
    Processed in 0.00 seconds
  Pass "ShadowCaster" (vp)
    Target graphics API: d3d11
    Full variant space:         2
    After settings filtering:   2
    After built-in stripping:   1
    After scriptable stripping: 1
    Processed in 0.00 seconds
  Pass "ShadowCaster" (fp)
    Target graphics API: d3d11
    Full variant space:         4
    After settings filtering:   4
    After built-in stripping:   2
    After scriptable stripping: 2
    Processed in 0.00 seconds
  Pass "GBuffer" (vp)
    Target graphics API: d3d11
    Full variant space:         512
    After settings filtering:   128
    After built-in stripping:   2
    After scriptable stripping: 0
    Processed in 0.00 seconds
  Pass "GBuffer" (fp)
    Target graphics API: d3d11
    Full variant space:         1.310.720
    After settings filtering:   512
    After built-in stripping:   8
    After scriptable stripping: 0
    Processed in 0.00 seconds
  Pass "DepthOnly" (vp)
    Target graphics API: d3d11
    Full variant space:         2
    After settings filtering:   2
    After built-in stripping:   1
    After scriptable stripping: 1
    Processed in 0.00 seconds
  Pass "DepthOnly" (fp)
    Target graphics API: d3d11
    Full variant space:         4
    After settings filtering:   4
    After built-in stripping:   2
    After scriptable stripping: 2
    Processed in 0.00 seconds
  Pass "DepthNormals" (vp)
    Target graphics API: d3d11
    Full variant space:         2
    After settings filtering:   2
    After built-in stripping:   1
    After scriptable stripping: 1
    Processed in 0.00 seconds
  Pass "DepthNormals" (fp)
    Target graphics API: d3d11
    Full variant space:         4
    After settings filtering:   4
    After built-in stripping:   2
    After scriptable stripping: 2
    Processed in 0.00 seconds
  Pass ForwardLit (vp, d3d11) finished in 0.01 seconds. Local cache hits 2 (0.00s CPU time), remote cache hits 0 (0.00s CPU time), compiled 0 variants (0.00s CPU time), skipped 0 variants.
    Prepared data for serialisation in 0.00s
  Pass ForwardLit (fp, d3d11) finished in 0.00 seconds. Local cache hits 16 (0.00s CPU time), remote cache hits 0 (0.00s CPU time), compiled 0 variants (0.00s CPU time), skipped 0 variants.
    Prepared data for serialisation in 0.00s
  Pass ShadowCaster (vp, d3d11) finished in 0.00 seconds. Local cache hits 1 (0.00s CPU time), remote cache hits 0 (0.00s CPU time), compiled 0 variants (0.00s CPU time), skipped 0 variants.
    Prepared data for serialisation in 0.00s
  Pass ShadowCaster (fp, d3d11) finished in 0.00 seconds. Local cache hits 2 (0.00s CPU time), remote cache hits 0 (0.00s CPU time), compiled 0 variants (0.00s CPU time), skipped 0 variants.
    Prepared data for serialisation in 0.00s
  Pass DepthOnly (vp, d3d11) finished in 0.00 seconds. Local cache hits 1 (0.00s CPU time), remote cache hits 0 (0.00s CPU time), compiled 0 variants (0.00s CPU time), skipped 0 variants.
    Prepared data for serialisation in 0.00s
  Pass DepthOnly (fp, d3d11) finished in 0.00 seconds. Local cache hits 2 (0.00s CPU time), remote cache hits 0 (0.00s CPU time), compiled 0 variants (0.00s CPU time), skipped 0 variants.
    Prepared data for serialisation in 0.00s
  Pass DepthNormals (vp, d3d11) finished in 0.00 seconds. Local cache hits 1 (0.00s CPU time), remote cache hits 0 (0.00s CPU time), compiled 0 variants (0.00s CPU time), skipped 0 variants.
    Prepared data for serialisation in 0.00s
  Pass DepthNormals (fp, d3d11) finished in 0.00 seconds. Local cache hits 2 (0.00s CPU time), remote cache hits 0 (0.00s CPU time), compiled 0 variants (0.00s CPU time), skipped 0 variants.
    Prepared data for serialisation in 0.00s
Serialized binary data for shader Hidden/Universal Render Pipeline/Terrain/Lit (Base Pass) in 0.00s
    d3d11 (total internal programs: 27, unique: 27)
Compiling shader "Shader Graphs/POLYGON_CustomCharacters_URP"
  Pass "ForwardLit" (vp)
    Target graphics API: d3d11
    Full variant space:         884.736
    After settings filtering:   3.072
    After built-in stripping:   6
    After scriptable stripping: 2
    Processed in 0.00 seconds
  Pass "ForwardLit" (fp)
    Target graphics API: d3d11
    Full variant space:         18.119.393.280
    After settings filtering:   24.576
    After built-in stripping:   48
    After scriptable stripping: 8
    Processed in 0.00 seconds
  Pass "GBuffer" (vp)
    Target graphics API: d3d11
    Full variant space:         196.608
    After settings filtering:   2.048
    After built-in stripping:   4
    After scriptable stripping: 0
    Processed in 0.00 seconds
  Pass "GBuffer" (fp)
    Target graphics API: d3d11
    Full variant space:         503.316.480
    After settings filtering:   4.096
    After built-in stripping:   8
    After scriptable stripping: 0
    Processed in 0.00 seconds
  Pass "ShadowCaster" (vp)
    Target graphics API: d3d11
    Full variant space:         8
    After settings filtering:   8
    After built-in stripping:   2
    After scriptable stripping: 2
    Processed in 0.00 seconds
  Pass "ShadowCaster" (fp)
    Target graphics API: d3d11
    Full variant space:         4
    After settings filtering:   4
    After built-in stripping:   1
    After scriptable stripping: 1
    Processed in 0.00 seconds
  Pass "MotionVectors" (vp)
    Target graphics API: d3d11
    Full variant space:         4
    After settings filtering:   4
    After built-in stripping:   1
    After scriptable stripping: 1
    Processed in 0.00 seconds
  Pass "MotionVectors" (fp)
    Target graphics API: d3d11
    Full variant space:         8
    After settings filtering:   4
    After built-in stripping:   1
    After scriptable stripping: 1
    Processed in 0.00 seconds
  Pass "DepthOnly" (vp)
    Target graphics API: d3d11
    Full variant space:         4
    After settings filtering:   4
    After built-in stripping:   1
    After scriptable stripping: 1
    Processed in 0.00 seconds
  Pass "DepthOnly" (fp)
    Target graphics API: d3d11
    Full variant space:         4
    After settings filtering:   4
    After built-in stripping:   1
    After scriptable stripping: 1
    Processed in 0.00 seconds
  Pass "DepthNormals" (vp)
    Target graphics API: d3d11
    Full variant space:         4
    After settings filtering:   4
    After built-in stripping:   1
    After scriptable stripping: 1
    Processed in 0.00 seconds
  Pass "DepthNormals" (fp)
    Target graphics API: d3d11
    Full variant space:         8
    After settings filtering:   4
    After built-in stripping:   1
    After scriptable stripping: 1
    Processed in 0.00 seconds
  Pass "Universal 2D" (vp)
    Target graphics API: d3d11
    Full variant space:         1
    After settings filtering:   1
    After built-in stripping:   1
    After scriptable stripping: 1
    Processed in 0.00 seconds
  Pass "Universal 2D" (fp)
    Target graphics API: d3d11
    Full variant space:         1
    After settings filtering:   1
    After built-in stripping:   1
    After scriptable stripping: 1
    Processed in 0.00 seconds
  Pass ForwardLit (vp, d3d11) finished in 0.01 seconds. Local cache hits 2 (0.00s CPU time), remote cache hits 0 (0.00s CPU time), compiled 0 variants (0.00s CPU time), skipped 0 variants.
    Prepared data for serialisation in 0.00s
  Pass ForwardLit (fp, d3d11) finished in 0.01 seconds. Local cache hits 8 (0.00s CPU time), remote cache hits 0 (0.00s CPU time), compiled 0 variants (0.00s CPU time), skipped 0 variants.
    Prepared data for serialisation in 0.00s
  Pass ShadowCaster (vp, d3d11) finished in 0.00 seconds. Local cache hits 2 (0.00s CPU time), remote cache hits 0 (0.00s CPU time), compiled 0 variants (0.00s CPU time), skipped 0 variants.
    Prepared data for serialisation in 0.00s
  Pass ShadowCaster (fp, d3d11) finished in 0.00 seconds. Local cache hits 1 (0.00s CPU time), remote cache hits 0 (0.00s CPU time), compiled 0 variants (0.00s CPU time), skipped 0 variants.
    Prepared data for serialisation in 0.00s
  Pass MotionVectors (vp, d3d11) finished in 0.00 seconds. Local cache hits 1 (0.00s CPU time), remote cache hits 0 (0.00s CPU time), compiled 0 variants (0.00s CPU time), skipped 0 variants.
    Prepared data for serialisation in 0.00s
  Pass MotionVectors (fp, d3d11) finished in 0.00 seconds. Local cache hits 1 (0.00s CPU time), remote cache hits 0 (0.00s CPU time), compiled 0 variants (0.00s CPU time), skipped 0 variants.
    Prepared data for serialisation in 0.00s
  Pass DepthOnly (vp, d3d11) finished in 0.00 seconds. Local cache hits 1 (0.00s CPU time), remote cache hits 0 (0.00s CPU time), compiled 0 variants (0.00s CPU time), skipped 0 variants.
    Prepared data for serialisation in 0.00s
  Pass DepthOnly (fp, d3d11) finished in 0.00 seconds. Local cache hits 1 (0.00s CPU time), remote cache hits 0 (0.00s CPU time), compiled 0 variants (0.00s CPU time), skipped 0 variants.
    Prepared data for serialisation in 0.00s
  Pass DepthNormals (vp, d3d11) finished in 0.00 seconds. Local cache hits 1 (0.00s CPU time), remote cache hits 0 (0.00s CPU time), compiled 0 variants (0.00s CPU time), skipped 0 variants.
    Prepared data for serialisation in 0.00s
  Pass DepthNormals (fp, d3d11) finished in 0.00 seconds. Local cache hits 1 (0.00s CPU time), remote cache hits 0 (0.00s CPU time), compiled 0 variants (0.00s CPU time), skipped 0 variants.
    Prepared data for serialisation in 0.00s
  Pass Universal 2D (vp, d3d11) finished in 0.00 seconds. Local cache hits 1 (0.00s CPU time), remote cache hits 0 (0.00s CPU time), compiled 0 variants (0.00s CPU time), skipped 0 variants.
    Prepared data for serialisation in 0.00s
  Pass Universal 2D (fp, d3d11) finished in 0.00 seconds. Local cache hits 1 (0.00s CPU time), remote cache hits 0 (0.00s CPU time), compiled 0 variants (0.00s CPU time), skipped 0 variants.
    Prepared data for serialisation in 0.00s
Serialized binary data for shader Shader Graphs/POLYGON_CustomCharacters_URP in 0.00s
    d3d11 (total internal programs: 21, unique: 21)
Compiling shader "Universal Render Pipeline/Terrain/Lit"
  Pass "ForwardLit" (vp)
    Target graphics API: d3d11
    Full variant space:         110.592
    After settings filtering:   1.536
    After built-in stripping:   6
    After scriptable stripping: 2
    Processed in 0.00 seconds
  Pass "ForwardLit" (fp)
    Target graphics API: d3d11
    Full variant space:         4.529.848.320
    After settings filtering:   24.576
    After built-in stripping:   96
    After scriptable stripping: 16
    Processed in 0.00 seconds
  Pass "ShadowCaster" (vp)
    Target graphics API: d3d11
    Full variant space:         4
    After settings filtering:   4
    After built-in stripping:   2
    After scriptable stripping: 2
    Processed in 0.00 seconds
  Pass "ShadowCaster" (fp)
    Target graphics API: d3d11
    Full variant space:         4
    After settings filtering:   4
    After built-in stripping:   2
    After scriptable stripping: 2
    Processed in 0.00 seconds
  Pass "GBuffer" (vp)
    Target graphics API: d3d11
    Full variant space:         4.608
    After settings filtering:   384
    After built-in stripping:   6
    After scriptable stripping: 0
    Processed in 0.00 seconds
  Pass "GBuffer" (fp)
    Target graphics API: d3d11
    Full variant space:         23.592.960
    After settings filtering:   1.536
    After built-in stripping:   24
    After scriptable stripping: 0
    Processed in 0.00 seconds
  Pass "DepthOnly" (vp)
    Target graphics API: d3d11
    Full variant space:         2
    After settings filtering:   2
    After built-in stripping:   1
    After scriptable stripping: 1
    Processed in 0.00 seconds
  Pass "DepthOnly" (fp)
    Target graphics API: d3d11
    Full variant space:         4
    After settings filtering:   4
    After built-in stripping:   2
    After scriptable stripping: 2
    Processed in 0.00 seconds
  Pass "DepthNormals" (vp)
    Target graphics API: d3d11
    Full variant space:         2
    After settings filtering:   2
    After built-in stripping:   1
    After scriptable stripping: 1
    Processed in 0.00 seconds
  Pass "DepthNormals" (fp)
    Target graphics API: d3d11
    Full variant space:         8
    After settings filtering:   4
    After built-in stripping:   2
    After scriptable stripping: 2
    Processed in 0.00 seconds
  Pass ForwardLit (vp, d3d11) finished in 0.01 seconds. Local cache hits 2 (0.00s CPU time), remote cache hits 0 (0.00s CPU time), compiled 0 variants (0.00s CPU time), skipped 0 variants.
    Prepared data for serialisation in 0.00s
  Pass ForwardLit (fp, d3d11) finished in 0.00 seconds. Local cache hits 16 (0.00s CPU time), remote cache hits 0 (0.00s CPU time), compiled 0 variants (0.00s CPU time), skipped 0 variants.
    Prepared data for serialisation in 0.00s
  Pass ShadowCaster (vp, d3d11) finished in 0.00 seconds. Local cache hits 2 (0.00s CPU time), remote cache hits 0 (0.00s CPU time), compiled 0 variants (0.00s CPU time), skipped 0 variants.
    Prepared data for serialisation in 0.00s
  Pass ShadowCaster (fp, d3d11) finished in 0.00 seconds. Local cache hits 2 (0.00s CPU time), remote cache hits 0 (0.00s CPU time), compiled 0 variants (0.00s CPU time), skipped 0 variants.
    Prepared data for serialisation in 0.00s
  Pass DepthOnly (vp, d3d11) finished in 0.00 seconds. Local cache hits 1 (0.00s CPU time), remote cache hits 0 (0.00s CPU time), compiled 0 variants (0.00s CPU time), skipped 0 variants.
    Prepared data for serialisation in 0.00s
  Pass DepthOnly (fp, d3d11) finished in 0.00 seconds. Local cache hits 2 (0.00s CPU time), remote cache hits 0 (0.00s CPU time), compiled 0 variants (0.00s CPU time), skipped 0 variants.
    Prepared data for serialisation in 0.00s
  Pass DepthNormals (vp, d3d11) finished in 0.00 seconds. Local cache hits 1 (0.00s CPU time), remote cache hits 0 (0.00s CPU time), compiled 0 variants (0.00s CPU time), skipped 0 variants.
    Prepared data for serialisation in 0.00s
  Pass DepthNormals (fp, d3d11) finished in 0.00 seconds. Local cache hits 2 (0.00s CPU time), remote cache hits 0 (0.00s CPU time), compiled 0 variants (0.00s CPU time), skipped 0 variants.
    Prepared data for serialisation in 0.00s
Serialized binary data for shader Universal Render Pipeline/Terrain/Lit in 0.00s
    d3d11 (total internal programs: 28, unique: 28)
Compiling shader "Hidden/Universal Render Pipeline/Terrain/Lit (Basemap Gen)"
  Pass "" (vp)
    Target graphics API: d3d11
    Full variant space:         1
    After settings filtering:   1
    After built-in stripping:   1
    After scriptable stripping: 1
    Processed in 0.00 seconds
  Pass "" (fp)
    Target graphics API: d3d11
    Full variant space:         1
    After settings filtering:   1
    After built-in stripping:   1
    After scriptable stripping: 1
    Processed in 0.00 seconds
  Pass "" (vp)
    Target graphics API: d3d11
    Full variant space:         1
    After settings filtering:   1
    After built-in stripping:   1
    After scriptable stripping: 1
    Processed in 0.00 seconds
  Pass "" (fp)
    Target graphics API: d3d11
    Full variant space:         1
    After settings filtering:   1
    After built-in stripping:   1
    After scriptable stripping: 1
    Processed in 0.00 seconds
  Pass  (vp, d3d11) finished in 0.00 seconds. Local cache hits 1 (0.00s CPU time), remote cache hits 0 (0.00s CPU time), compiled 0 variants (0.00s CPU time), skipped 0 variants.
    Prepared data for serialisation in 0.00s
  Pass  (fp, d3d11) finished in 0.00 seconds. Local cache hits 1 (0.00s CPU time), remote cache hits 0 (0.00s CPU time), compiled 0 variants (0.00s CPU time), skipped 0 variants.
    Prepared data for serialisation in 0.00s
  Pass  (vp, d3d11) finished in 0.00 seconds. Local cache hits 1 (0.00s CPU time), remote cache hits 0 (0.00s CPU time), compiled 0 variants (0.00s CPU time), skipped 0 variants.
    Prepared data for serialisation in 0.00s
  Pass  (fp, d3d11) finished in 0.00 seconds. Local cache hits 1 (0.00s CPU time), remote cache hits 0 (0.00s CPU time), compiled 0 variants (0.00s CPU time), skipped 0 variants.
    Prepared data for serialisation in 0.00s
Serialized binary data for shader Hidden/Universal Render Pipeline/Terrain/Lit (Basemap Gen) in 0.00s
    d3d11 (total internal programs: 4, unique: 3)
Compiling shader "TriForge/Fantasy Forest/TreeWind2"
  Pass "Forward" (vp)
    Target graphics API: d3d11
    Full variant space:         6.144
    After settings filtering:   1.024
    After built-in stripping:   8
    After scriptable stripping: 8
    Processed in 0.00 seconds
  Pass "Forward" (fp)
    Target graphics API: d3d11
    Full variant space:         62.914.560
    After settings filtering:   8.192
    After built-in stripping:   64
    After scriptable stripping: 64
    Processed in 0.00 seconds
  Pass "ShadowCaster" (vp)
    Target graphics API: d3d11
    Full variant space:         4
    After settings filtering:   4
    After built-in stripping:   4
    After scriptable stripping: 4
    Processed in 0.00 seconds
  Pass "ShadowCaster" (fp)
    Target graphics API: d3d11
    Full variant space:         4
    After settings filtering:   4
    After built-in stripping:   4
    After scriptable stripping: 4
    Processed in 0.00 seconds
  Pass "DepthOnly" (vp)
    Target graphics API: d3d11
    Full variant space:         2
    After settings filtering:   2
    After built-in stripping:   2
    After scriptable stripping: 2
    Processed in 0.00 seconds
  Pass "DepthOnly" (fp)
    Target graphics API: d3d11
    Full variant space:         4
    After settings filtering:   4
    After built-in stripping:   4
    After scriptable stripping: 4
    Processed in 0.00 seconds
  Pass "Universal2D" (vp)
    Target graphics API: d3d11
    Full variant space:         1
    After settings filtering:   1
    After built-in stripping:   1
    After scriptable stripping: 0
    Processed in 0.00 seconds
  Pass "Universal2D" (fp)
    Target graphics API: d3d11
    Full variant space:         1
    After settings filtering:   1
    After built-in stripping:   1
    After scriptable stripping: 0
    Processed in 0.00 seconds
  Pass "DepthNormals" (vp)
    Target graphics API: d3d11
    Full variant space:         2
    After settings filtering:   2
    After built-in stripping:   2
    After scriptable stripping: 2
    Processed in 0.00 seconds
  Pass "DepthNormals" (fp)
    Target graphics API: d3d11
    Full variant space:         8
    After settings filtering:   4
    After built-in stripping:   4
    After scriptable stripping: 4
    Processed in 0.00 seconds
  Pass "GBuffer" (vp)
    Target graphics API: d3d11
    Full variant space:         1.024
    After settings filtering:   512
    After built-in stripping:   4
    After scriptable stripping: 0
    Processed in 0.00 seconds
  Pass "GBuffer" (fp)
    Target graphics API: d3d11
    Full variant space:         1.310.720
    After settings filtering:   2.048
    After built-in stripping:   16
    After scriptable stripping: 0
    Processed in 0.00 seconds
  Pass Forward (vp, d3d11) finished in 0.01 seconds. Local cache hits 8 (0.00s CPU time), remote cache hits 0 (0.00s CPU time), compiled 0 variants (0.00s CPU time), skipped 0 variants.
    Prepared data for serialisation in 0.00s
  Pass Forward (fp, d3d11) finished in 0.01 seconds. Local cache hits 64 (0.01s CPU time), remote cache hits 0 (0.00s CPU time), compiled 0 variants (0.00s CPU time), skipped 0 variants.
    Prepared data for serialisation in 0.00s
  Pass ShadowCaster (vp, d3d11) finished in 0.01 seconds. Local cache hits 4 (0.00s CPU time), remote cache hits 0 (0.00s CPU time), compiled 0 variants (0.00s CPU time), skipped 0 variants.
    Prepared data for serialisation in 0.00s
  Pass ShadowCaster (fp, d3d11) finished in 0.01 seconds. Local cache hits 4 (0.00s CPU time), remote cache hits 0 (0.00s CPU time), compiled 0 variants (0.00s CPU time), skipped 0 variants.
    Prepared data for serialisation in 0.00s
  Pass DepthOnly (vp, d3d11) finished in 0.01 seconds. Local cache hits 2 (0.00s CPU time), remote cache hits 0 (0.00s CPU time), compiled 0 variants (0.00s CPU time), skipped 0 variants.
    Prepared data for serialisation in 0.00s
  Pass DepthOnly (fp, d3d11) finished in 0.01 seconds. Local cache hits 4 (0.00s CPU time), remote cache hits 0 (0.00s CPU time), compiled 0 variants (0.00s CPU time), skipped 0 variants.
    Prepared data for serialisation in 0.00s
  Pass DepthNormals (vp, d3d11) finished in 0.01 seconds. Local cache hits 2 (0.00s CPU time), remote cache hits 0 (0.00s CPU time), compiled 0 variants (0.00s CPU time), skipped 0 variants.
    Prepared data for serialisation in 0.00s
  Pass DepthNormals (fp, d3d11) finished in 0.01 seconds. Local cache hits 4 (0.00s CPU time), remote cache hits 0 (0.00s CPU time), compiled 0 variants (0.00s CPU time), skipped 0 variants.
    Prepared data for serialisation in 0.00s
Serialized binary data for shader TriForge/Fantasy Forest/TreeWind2 in 0.00s
    d3d11 (total internal programs: 92, unique: 88)
Shader warning in 'TriForge/Fantasy Forest/TreeWind2': _FORWARD_PLUS shader keyword has been deprecated. Please update your shaders to use _CLUSTER_LIGHT_LOOP shader keyword instead, otherwise shader compilation times may be negatively affected. at /GAME Ai/IsoRPG/Library/PackageCache/com.unity.render-pipelines.universal@d7774c218bdf/ShaderLibrary/ForwardPlusKeyword.deprecated.hlsl(12)
Shader warning in 'TriForge/Fantasy Forest/TreeWind2': "UnityGBuffer.hlsl" is deprecated in 6.1! Please upgrade your shaders to include "GBufferOutput.hlsl" or "GBufferInput.hlsl" instead!
Compressed shader 'TriForge/Fantasy Forest/TreeWind2' on d3d11 from 1.05MB to 0.13MB
Compressed shader 'TriForge/Fantasy Forest/TreeWind2' in 0.06s
Compiling shader "Legacy Shaders/VertexLit"
  Pass "" (vp)
    Target graphics API: d3d11
    Full variant space:         12
    After settings filtering:   12
    After built-in stripping:   3
    After scriptable stripping: 3
    Processed in 0.00 seconds
  Pass "" (fp)
    Target graphics API: d3d11
    Full variant space:         12
    After settings filtering:   12
    After built-in stripping:   3
    After scriptable stripping: 3
    Processed in 0.00 seconds
  Pass "" (vp)
    Target graphics API: d3d11
    Full variant space:         4
    After settings filtering:   4
    After built-in stripping:   1
    After scriptable stripping: 1
    Processed in 0.00 seconds
  Pass "" (fp)
    Target graphics API: d3d11
    Full variant space:         4
    After settings filtering:   4
    After built-in stripping:   1
    After scriptable stripping: 1
    Processed in 0.00 seconds
  Pass "ShadowCaster" (vp)
    Target graphics API: d3d11
    Full variant space:         4
    After settings filtering:   4
    After built-in stripping:   2
    After scriptable stripping: 2
    Processed in 0.00 seconds
  Pass "ShadowCaster" (fp)
    Target graphics API: d3d11
    Full variant space:         4
    After settings filtering:   4
    After built-in stripping:   2
    After scriptable stripping: 2
    Processed in 0.00 seconds
  Pass  (vp, d3d11) finished in 0.00 seconds. Local cache hits 3 (0.00s CPU time), remote cache hits 0 (0.00s CPU time), compiled 0 variants (0.00s CPU time), skipped 0 variants.
    Prepared data for serialisation in 0.00s
  Pass  (fp, d3d11) finished in 0.00 seconds. Local cache hits 3 (0.00s CPU time), remote cache hits 0 (0.00s CPU time), compiled 0 variants (0.00s CPU time), skipped 0 variants.
    Prepared data for serialisation in 0.00s
  Pass  (vp, d3d11) finished in 0.00 seconds. Local cache hits 1 (0.00s CPU time), remote cache hits 0 (0.00s CPU time), compiled 0 variants (0.00s CPU time), skipped 0 variants.
    Prepared data for serialisation in 0.00s
  Pass  (fp, d3d11) finished in 0.00 seconds. Local cache hits 1 (0.00s CPU time), remote cache hits 0 (0.00s CPU time), compiled 0 variants (0.00s CPU time), skipped 0 variants.
    Prepared data for serialisation in 0.00s
  Pass ShadowCaster (vp, d3d11) finished in 0.00 seconds. Local cache hits 2 (0.00s CPU time), remote cache hits 0 (0.00s CPU time), compiled 0 variants (0.00s CPU time), skipped 0 variants.
    Prepared data for serialisation in 0.00s
  Pass ShadowCaster (fp, d3d11) finished in 0.00 seconds. Local cache hits 2 (0.00s CPU time), remote cache hits 0 (0.00s CPU time), compiled 0 variants (0.00s CPU time), skipped 0 variants.
    Prepared data for serialisation in 0.00s
Serialized binary data for shader Legacy Shaders/VertexLit in 0.00s
    d3d11 (total internal programs: 12, unique: 12)
Compiling shader "Legacy Shaders/Diffuse"
  Pass "FORWARD" (vp)
    Target graphics API: d3d11
    Full variant space:         664
    After settings filtering:   664
    After built-in stripping:   8
    After scriptable stripping: 8
    Processed in 0.00 seconds
  Pass "FORWARD" (fp)
    Target graphics API: d3d11
    Full variant space:         504
    After settings filtering:   504
    After built-in stripping:   4
    After scriptable stripping: 4
    Processed in 0.00 seconds
  Pass "FORWARD" (vp)
    Target graphics API: d3d11
    Full variant space:         20
    After settings filtering:   20
    After built-in stripping:   5
    After scriptable stripping: 5
    Processed in 0.00 seconds
  Pass "FORWARD" (fp)
    Target graphics API: d3d11
    Full variant space:         20
    After settings filtering:   20
    After built-in stripping:   5
    After scriptable stripping: 5
    Processed in 0.00 seconds
  Pass "DEFERRED" (vp)
    Target graphics API: d3d11
    Full variant space:         76
    After settings filtering:   76
    After built-in stripping:   4
    After scriptable stripping: 4
    Processed in 0.00 seconds
  Pass "DEFERRED" (fp)
    Target graphics API: d3d11
    Full variant space:         76
    After settings filtering:   76
    After built-in stripping:   4
    After scriptable stripping: 4
    Processed in 0.00 seconds
  Pass FORWARD (vp, d3d11) finished in 0.00 seconds. Local cache hits 8 (0.00s CPU time), remote cache hits 0 (0.00s CPU time), compiled 0 variants (0.00s CPU time), skipped 0 variants.
    Prepared data for serialisation in 0.00s
  Pass FORWARD (fp, d3d11) finished in 0.00 seconds. Local cache hits 4 (0.00s CPU time), remote cache hits 0 (0.00s CPU time), compiled 0 variants (0.00s CPU time), skipped 0 variants.
    Prepared data for serialisation in 0.00s
  Pass FORWARD (vp, d3d11) finished in 0.00 seconds. Local cache hits 5 (0.00s CPU time), remote cache hits 0 (0.00s CPU time), compiled 0 variants (0.00s CPU time), skipped 0 variants.
    Prepared data for serialisation in 0.00s
  Pass FORWARD (fp, d3d11) finished in 0.00 seconds. Local cache hits 5 (0.00s CPU time), remote cache hits 0 (0.00s CPU time), compiled 0 variants (0.00s CPU time), skipped 0 variants.
    Prepared data for serialisation in 0.00s
  Pass DEFERRED (vp, d3d11) finished in 0.00 seconds. Local cache hits 4 (0.00s CPU time), remote cache hits 0 (0.00s CPU time), compiled 0 variants (0.00s CPU time), skipped 0 variants.
    Prepared data for serialisation in 0.00s
  Pass DEFERRED (fp, d3d11) finished in 0.00 seconds. Local cache hits 4 (0.00s CPU time), remote cache hits 0 (0.00s CPU time), compiled 0 variants (0.00s CPU time), skipped 0 variants.
    Prepared data for serialisation in 0.00s
Serialized binary data for shader Legacy Shaders/Diffuse in 0.00s
    d3d11 (total internal programs: 30, unique: 30)
Compiling shader "Hidden/Internal-StencilWrite"
  Pass "" (vp)
    Target graphics API: d3d11
    Full variant space:         1
    After settings filtering:   1
    After built-in stripping:   1
    After scriptable stripping: 1
    Processed in 0.00 seconds
  Pass "" (fp)
    Target graphics API: d3d11
    Full variant space:         1
    After settings filtering:   1
    After built-in stripping:   1
    After scriptable stripping: 1
    Processed in 0.00 seconds
  Pass  (vp, d3d11) finished in 0.00 seconds. Local cache hits 1 (0.00s CPU time), remote cache hits 0 (0.00s CPU time), compiled 0 variants (0.00s CPU time), skipped 0 variants.
    Prepared data for serialisation in 0.00s
  Pass  (fp, d3d11) finished in 0.00 seconds. Local cache hits 1 (0.00s CPU time), remote cache hits 0 (0.00s CPU time), compiled 0 variants (0.00s CPU time), skipped 0 variants.
    Prepared data for serialisation in 0.00s
Serialized binary data for shader Hidden/Internal-StencilWrite in 0.00s
    d3d11 (total internal programs: 2, unique: 2)
Compiling shader "Hidden/Internal-DepthNormalsTexture"
  Pass "" (vp)
    Target graphics API: d3d11
    Full variant space:         1
    After settings filtering:   1
    After built-in stripping:   1
    After scriptable stripping: 1
    Processed in 0.00 seconds
  Pass "" (fp)
    Target graphics API: d3d11
    Full variant space:         1
    After settings filtering:   1
    After built-in stripping:   1
    After scriptable stripping: 1
    Processed in 0.00 seconds
  Pass "" (vp)
    Target graphics API: d3d11
    Full variant space:         1
    After settings filtering:   1
    After built-in stripping:   1
    After scriptable stripping: 1
    Processed in 0.00 seconds
  Pass "" (fp)
    Target graphics API: d3d11
    Full variant space:         1
    After settings filtering:   1
    After built-in stripping:   1
    After scriptable stripping: 1
    Processed in 0.00 seconds
  Pass "" (vp)
    Target graphics API: d3d11
    Full variant space:         1
    After settings filtering:   1
    After built-in stripping:   1
    After scriptable stripping: 1
    Processed in 0.00 seconds
  Pass "" (fp)
    Target graphics API: d3d11
    Full variant space:         1
    After settings filtering:   1
    After built-in stripping:   1
    After scriptable stripping: 1
    Processed in 0.00 seconds
  Pass "" (vp)
    Target graphics API: d3d11
    Full variant space:         1
    After settings filtering:   1
    After built-in stripping:   1
    After scriptable stripping: 1
    Processed in 0.00 seconds
  Pass "" (fp)
    Target graphics API: d3d11
    Full variant space:         1
    After settings filtering:   1
    After built-in stripping:   1
    After scriptable stripping: 1
    Processed in 0.00 seconds
  Pass "" (vp)
    Target graphics API: d3d11
    Full variant space:         1
    After settings filtering:   1
    After built-in stripping:   1
    After scriptable stripping: 1
    Processed in 0.00 seconds
  Pass "" (fp)
    Target graphics API: d3d11
    Full variant space:         1
    After settings filtering:   1
    After built-in stripping:   1
    After scriptable stripping: 1
    Processed in 0.00 seconds
  Pass "" (vp)
    Target graphics API: d3d11
    Full variant space:         1
    After settings filtering:   1
    After built-in stripping:   1
    After scriptable stripping: 1
    Processed in 0.00 seconds
  Pass "" (fp)
    Target graphics API: d3d11
    Full variant space:         1
    After settings filtering:   1
    After built-in stripping:   1
    After scriptable stripping: 1
    Processed in 0.00 seconds
  Pass "" (vp)
    Target graphics API: d3d11
    Full variant space:         1
    After settings filtering:   1
    After built-in stripping:   1
    After scriptable stripping: 1
    Processed in 0.00 seconds
  Pass "" (fp)
    Target graphics API: d3d11
    Full variant space:         1
    After settings filtering:   1
    After built-in stripping:   1
    After scriptable stripping: 1
    Processed in 0.00 seconds
  Pass "" (vp)
    Target graphics API: d3d11
    Full variant space:         1
    After settings filtering:   1
    After built-in stripping:   1
    After scriptable stripping: 1
    Processed in 0.00 seconds
  Pass "" (fp)
    Target graphics API: d3d11
    Full variant space:         1
    After settings filtering:   1
    After built-in stripping:   1
    After scriptable stripping: 1
    Processed in 0.00 seconds
  Pass "" (vp)
    Target graphics API: d3d11
    Full variant space:         1
    After settings filtering:   1
    After built-in stripping:   1
    After scriptable stripping: 1
    Processed in 0.00 seconds
  Pass "" (fp)
    Target graphics API: d3d11
    Full variant space:         1
    After settings filtering:   1
    After built-in stripping:   1
    After scriptable stripping: 1
    Processed in 0.00 seconds
  Pass "" (vp)
    Target graphics API: d3d11
    Full variant space:         1
    After settings filtering:   1
    After built-in stripping:   1
    After scriptable stripping: 1
    Processed in 0.00 seconds
  Pass "" (fp)
    Target graphics API: d3d11
    Full variant space:         1
    After settings filtering:   1
    After built-in stripping:   1
    After scriptable stripping: 1
    Processed in 0.00 seconds
  Pass  (vp, d3d11) finished in 0.01 seconds. Local cache hits 1 (0.00s CPU time), remote cache hits 0 (0.00s CPU time), compiled 0 variants (0.00s CPU time), skipped 0 variants.
    Prepared data for serialisation in 0.00s
  Pass  (fp, d3d11) finished in 0.00 seconds. Local cache hits 1 (0.00s CPU time), remote cache hits 0 (0.00s CPU time), compiled 0 variants (0.00s CPU time), skipped 0 variants.
    Prepared data for serialisation in 0.00s
  Pass  (vp, d3d11) finished in 0.00 seconds. Local cache hits 1 (0.00s CPU time), remote cache hits 0 (0.00s CPU time), compiled 0 variants (0.00s CPU time), skipped 0 variants.
    Prepared data for serialisation in 0.00s
  Pass  (fp, d3d11) finished in 0.00 seconds. Local cache hits 1 (0.00s CPU time), remote cache hits 0 (0.00s CPU time), compiled 0 variants (0.00s CPU time), skipped 0 variants.
    Prepared data for serialisation in 0.00s
  Pass  (vp, d3d11) finished in 0.00 seconds. Local cache hits 1 (0.00s CPU time), remote cache hits 0 (0.00s CPU time), compiled 0 variants (0.00s CPU time), skipped 0 variants.
    Prepared data for serialisation in 0.00s
  Pass  (fp, d3d11) finished in 0.00 seconds. Local cache hits 1 (0.00s CPU time), remote cache hits 0 (0.00s CPU time), compiled 0 variants (0.00s CPU time), skipped 0 variants.
    Prepared data for serialisation in 0.00s
  Pass  (vp, d3d11) finished in 0.00 seconds. Local cache hits 1 (0.00s CPU time), remote cache hits 0 (0.00s CPU time), compiled 0 variants (0.00s CPU time), skipped 0 variants.
    Prepared data for serialisation in 0.00s
  Pass  (fp, d3d11) finished in 0.00 seconds. Local cache hits 1 (0.00s CPU time), remote cache hits 0 (0.00s CPU time), compiled 0 variants (0.00s CPU time), skipped 0 variants.
    Prepared data for serialisation in 0.00s
  Pass  (vp, d3d11) finished in 0.00 seconds. Local cache hits 1 (0.00s CPU time), remote cache hits 0 (0.00s CPU time), compiled 0 variants (0.00s CPU time), skipped 0 variants.
    Prepared data for serialisation in 0.00s
  Pass  (fp, d3d11) finished in 0.00 seconds. Local cache hits 1 (0.00s CPU time), remote cache hits 0 (0.00s CPU time), compiled 0 variants (0.00s CPU time), skipped 0 variants.
    Prepared data for serialisation in 0.00s
  Pass  (vp, d3d11) finished in 0.00 seconds. Local cache hits 1 (0.00s CPU time), remote cache hits 0 (0.00s CPU time), compiled 0 variants (0.00s CPU time), skipped 0 variants.
    Prepared data for serialisation in 0.00s
  Pass  (fp, d3d11) finished in 0.00 seconds. Local cache hits 1 (0.00s CPU time), remote cache hits 0 (0.00s CPU time), compiled 0 variants (0.00s CPU time), skipped 0 variants.
    Prepared data for serialisation in 0.00s
  Pass  (vp, d3d11) finished in 0.00 seconds. Local cache hits 1 (0.00s CPU time), remote cache hits 0 (0.00s CPU time), compiled 0 variants (0.00s CPU time), skipped 0 variants.
    Prepared data for serialisation in 0.00s
  Pass  (fp, d3d11) finished in 0.00 seconds. Local cache hits 1 (0.00s CPU time), remote cache hits 0 (0.00s CPU time), compiled 0 variants (0.00s CPU time), skipped 0 variants.
    Prepared data for serialisation in 0.00s
  Pass  (vp, d3d11) finished in 0.00 seconds. Local cache hits 1 (0.00s CPU time), remote cache hits 0 (0.00s CPU time), compiled 0 variants (0.00s CPU time), skipped 0 variants.
    Prepared data for serialisation in 0.00s
  Pass  (fp, d3d11) finished in 0.00 seconds. Local cache hits 1 (0.00s CPU time), remote cache hits 0 (0.00s CPU time), compiled 0 variants (0.00s CPU time), skipped 0 variants.
    Prepared data for serialisation in 0.00s
  Pass  (vp, d3d11) finished in 0.00 seconds. Local cache hits 1 (0.00s CPU time), remote cache hits 0 (0.00s CPU time), compiled 0 variants (0.00s CPU time), skipped 0 variants.
    Prepared data for serialisation in 0.00s
  Pass  (fp, d3d11) finished in 0.00 seconds. Local cache hits 1 (0.00s CPU time), remote cache hits 0 (0.00s CPU time), compiled 0 variants (0.00s CPU time), skipped 0 variants.
    Prepared data for serialisation in 0.00s
  Pass  (vp, d3d11) finished in 0.00 seconds. Local cache hits 1 (0.00s CPU time), remote cache hits 0 (0.00s CPU time), compiled 0 variants (0.00s CPU time), skipped 0 variants.
    Prepared data for serialisation in 0.00s
  Pass  (fp, d3d11) finished in 0.00 seconds. Local cache hits 1 (0.00s CPU time), remote cache hits 0 (0.00s CPU time), compiled 0 variants (0.00s CPU time), skipped 0 variants.
    Prepared data for serialisation in 0.00s
Serialized binary data for shader Hidden/Internal-DepthNormalsTexture in 0.00s
    d3d11 (total internal programs: 20, unique: 17)
Compiling shader "Hidden/Internal-ScreenSpaceShadows"
  Pass "" (vp)
    Target graphics API: d3d11
    Full variant space:         4
    After settings filtering:   4
    After built-in stripping:   4
    After scriptable stripping: 4
    Processed in 0.00 seconds
  Pass "" (fp)
    Target graphics API: d3d11
    Full variant space:         4
    After settings filtering:   4
    After built-in stripping:   4
    After scriptable stripping: 4
    Processed in 0.00 seconds
  Pass "" (vp)
    Target graphics API: d3d11
    Full variant space:         4
    After settings filtering:   4
    After built-in stripping:   4
    After scriptable stripping: 4
    Processed in 0.00 seconds
  Pass "" (fp)
    Target graphics API: d3d11
    Full variant space:         4
    After settings filtering:   4
    After built-in stripping:   4
    After scriptable stripping: 4
    Processed in 0.00 seconds
  Pass "" (vp)
    Target graphics API: d3d11
    Full variant space:         4
    After settings filtering:   4
    After built-in stripping:   4
    After scriptable stripping: 4
    Processed in 0.00 seconds
  Pass "" (fp)
    Target graphics API: d3d11
    Full variant space:         4
    After settings filtering:   4
    After built-in stripping:   4
    After scriptable stripping: 4
    Processed in 0.00 seconds
  Pass "" (vp)
    Target graphics API: d3d11
    Full variant space:         4
    After settings filtering:   4
    After built-in stripping:   4
    After scriptable stripping: 4
    Processed in 0.00 seconds
  Pass "" (fp)
    Target graphics API: d3d11
    Full variant space:         4
    After settings filtering:   4
    After built-in stripping:   4
    After scriptable stripping: 4
    Processed in 0.00 seconds
  Pass  (vp, d3d11) finished in 0.00 seconds. Local cache hits 4 (0.00s CPU time), remote cache hits 0 (0.00s CPU time), compiled 0 variants (0.00s CPU time), skipped 0 variants.
    Prepared data for serialisation in 0.00s
  Pass  (fp, d3d11) finished in 0.00 seconds. Local cache hits 4 (0.00s CPU time), remote cache hits 0 (0.00s CPU time), compiled 0 variants (0.00s CPU time), skipped 0 variants.
    Prepared data for serialisation in 0.00s
  Pass  (vp, d3d11) finished in 0.00 seconds. Local cache hits 4 (0.00s CPU time), remote cache hits 0 (0.00s CPU time), compiled 0 variants (0.00s CPU time), skipped 0 variants.
    Prepared data for serialisation in 0.00s
  Pass  (fp, d3d11) finished in 0.00 seconds. Local cache hits 4 (0.00s CPU time), remote cache hits 0 (0.00s CPU time), compiled 0 variants (0.00s CPU time), skipped 0 variants.
    Prepared data for serialisation in 0.00s
  Pass  (vp, d3d11) finished in 0.00 seconds. Local cache hits 4 (0.00s CPU time), remote cache hits 0 (0.00s CPU time), compiled 0 variants (0.00s CPU time), skipped 0 variants.
    Prepared data for serialisation in 0.00s
  Pass  (fp, d3d11) finished in 0.00 seconds. Local cache hits 4 (0.00s CPU time), remote cache hits 0 (0.00s CPU time), compiled 0 variants (0.00s CPU time), skipped 0 variants.
    Prepared data for serialisation in 0.00s
  Pass  (vp, d3d11) finished in 0.00 seconds. Local cache hits 4 (0.00s CPU time), remote cache hits 0 (0.00s CPU time), compiled 0 variants (0.00s CPU time), skipped 0 variants.
    Prepared data for serialisation in 0.00s
  Pass  (fp, d3d11) finished in 0.00 seconds. Local cache hits 4 (0.00s CPU time), remote cache hits 0 (0.00s CPU time), compiled 0 variants (0.00s CPU time), skipped 0 variants.
    Prepared data for serialisation in 0.00s
Serialized binary data for shader Hidden/Internal-ScreenSpaceShadows in 0.00s
    d3d11 (total internal programs: 32, unique: 20)
Compiling shader "Hidden/Internal-CombineDepthNormals"
  Pass "" (vp)
    Target graphics API: d3d11
    Full variant space:         1
    After settings filtering:   1
    After built-in stripping:   1
    After scriptable stripping: 1
    Processed in 0.00 seconds
  Pass "" (fp)
    Target graphics API: d3d11
    Full variant space:         1
    After settings filtering:   1
    After built-in stripping:   1
    After scriptable stripping: 1
    Processed in 0.00 seconds
  Pass  (vp, d3d11) finished in 0.00 seconds. Local cache hits 1 (0.00s CPU time), remote cache hits 0 (0.00s CPU time), compiled 0 variants (0.00s CPU time), skipped 0 variants.
    Prepared data for serialisation in 0.00s
  Pass  (fp, d3d11) finished in 0.00 seconds. Local cache hits 1 (0.00s CPU time), remote cache hits 0 (0.00s CPU time), compiled 0 variants (0.00s CPU time), skipped 0 variants.
    Prepared data for serialisation in 0.00s
Serialized binary data for shader Hidden/Internal-CombineDepthNormals in 0.00s
    d3d11 (total internal programs: 2, unique: 2)
Compiling shader "Hidden/BlitCopy"
  Pass "" (vp)
    Target graphics API: d3d11
    Full variant space:         1
    After settings filtering:   1
    After built-in stripping:   1
    After scriptable stripping: 1
    Processed in 0.00 seconds
  Pass "" (fp)
    Target graphics API: d3d11
    Full variant space:         1
    After settings filtering:   1
    After built-in stripping:   1
    After scriptable stripping: 1
    Processed in 0.00 seconds
  Pass  (vp, d3d11) finished in 0.00 seconds. Local cache hits 1 (0.00s CPU time), remote cache hits 0 (0.00s CPU time), compiled 0 variants (0.00s CPU time), skipped 0 variants.
    Prepared data for serialisation in 0.00s
  Pass  (fp, d3d11) finished in 0.00 seconds. Local cache hits 1 (0.00s CPU time), remote cache hits 0 (0.00s CPU time), compiled 0 variants (0.00s CPU time), skipped 0 variants.
    Prepared data for serialisation in 0.00s
Serialized binary data for shader Hidden/BlitCopy in 0.00s
    d3d11 (total internal programs: 2, unique: 2)
Compiling shader "Hidden/BlitCopyDepth"
  Pass "" (vp)
    Target graphics API: d3d11
    Full variant space:         1
    After settings filtering:   1
    After built-in stripping:   1
    After scriptable stripping: 1
    Processed in 0.00 seconds
  Pass "" (fp)
    Target graphics API: d3d11
    Full variant space:         1
    After settings filtering:   1
    After built-in stripping:   1
    After scriptable stripping: 1
    Processed in 0.00 seconds
  Pass  (vp, d3d11) finished in 0.00 seconds. Local cache hits 1 (0.00s CPU time), remote cache hits 0 (0.00s CPU time), compiled 0 variants (0.00s CPU time), skipped 0 variants.
    Prepared data for serialisation in 0.00s
  Pass  (fp, d3d11) finished in 0.00 seconds. Local cache hits 1 (0.00s CPU time), remote cache hits 0 (0.00s CPU time), compiled 0 variants (0.00s CPU time), skipped 0 variants.
    Prepared data for serialisation in 0.00s
Serialized binary data for shader Hidden/BlitCopyDepth in 0.00s
    d3d11 (total internal programs: 2, unique: 2)
Compiling shader "Hidden/ConvertTexture"
  Pass "" (vp)
    Target graphics API: d3d11
    Full variant space:         1
    After settings filtering:   1
    After built-in stripping:   1
    After scriptable stripping: 1
    Processed in 0.00 seconds
  Pass "" (fp)
    Target graphics API: d3d11
    Full variant space:         1
    After settings filtering:   1
    After built-in stripping:   1
    After scriptable stripping: 1
    Processed in 0.00 seconds
  Pass  (vp, d3d11) finished in 0.00 seconds. Local cache hits 1 (0.00s CPU time), remote cache hits 0 (0.00s CPU time), compiled 0 variants (0.00s CPU time), skipped 0 variants.
    Prepared data for serialisation in 0.00s
  Pass  (fp, d3d11) finished in 0.00 seconds. Local cache hits 1 (0.00s CPU time), remote cache hits 0 (0.00s CPU time), compiled 0 variants (0.00s CPU time), skipped 0 variants.
    Prepared data for serialisation in 0.00s
Serialized binary data for shader Hidden/ConvertTexture in 0.00s
    d3d11 (total internal programs: 2, unique: 2)
Compiling shader "Hidden/Internal-DeferredShading"
  Pass "" (vp)
    Target graphics API: d3d11
    Full variant space:         94
    After settings filtering:   94
    After built-in stripping:   26
    After scriptable stripping: 26
    Processed in 0.00 seconds
  Pass "" (fp)
    Target graphics API: d3d11
    Full variant space:         94
    After settings filtering:   94
    After built-in stripping:   26
    After scriptable stripping: 26
    Processed in 0.00 seconds
  Pass "" (vp)
    Target graphics API: d3d11
    Full variant space:         1
    After settings filtering:   1
    After built-in stripping:   1
    After scriptable stripping: 1
    Processed in 0.00 seconds
  Pass "" (fp)
    Target graphics API: d3d11
    Full variant space:         1
    After settings filtering:   1
    After built-in stripping:   1
    After scriptable stripping: 1
    Processed in 0.00 seconds
  Pass  (vp, d3d11) finished in 0.00 seconds. Local cache hits 26 (0.00s CPU time), remote cache hits 0 (0.00s CPU time), compiled 0 variants (0.00s CPU time), skipped 0 variants.
    Prepared data for serialisation in 0.00s
  Pass  (fp, d3d11) finished in 0.00 seconds. Local cache hits 26 (0.00s CPU time), remote cache hits 0 (0.00s CPU time), compiled 0 variants (0.00s CPU time), skipped 0 variants.
    Prepared data for serialisation in 0.00s
  Pass  (vp, d3d11) finished in 0.00 seconds. Local cache hits 1 (0.00s CPU time), remote cache hits 0 (0.00s CPU time), compiled 0 variants (0.00s CPU time), skipped 0 variants.
    Prepared data for serialisation in 0.00s
  Pass  (fp, d3d11) finished in 0.00 seconds. Local cache hits 1 (0.00s CPU time), remote cache hits 0 (0.00s CPU time), compiled 0 variants (0.00s CPU time), skipped 0 variants.
    Prepared data for serialisation in 0.00s
Serialized binary data for shader Hidden/Internal-DeferredShading in 0.00s
    d3d11 (total internal programs: 54, unique: 54)
Compiling shader "Hidden/Internal-DeferredReflections"
  Pass "" (vp)
    Target graphics API: d3d11
    Full variant space:         1
    After settings filtering:   1
    After built-in stripping:   1
    After scriptable stripping: 1
    Processed in 0.00 seconds
  Pass "" (fp)
    Target graphics API: d3d11
    Full variant space:         1
    After settings filtering:   1
    After built-in stripping:   1
    After scriptable stripping: 1
    Processed in 0.00 seconds
  Pass "" (vp)
    Target graphics API: d3d11
    Full variant space:         2
    After settings filtering:   2
    After built-in stripping:   2
    After scriptable stripping: 2
    Processed in 0.00 seconds
  Pass "" (fp)
    Target graphics API: d3d11
    Full variant space:         2
    After settings filtering:   2
    After built-in stripping:   2
    After scriptable stripping: 2
    Processed in 0.00 seconds
  Pass  (vp, d3d11) finished in 0.00 seconds. Local cache hits 1 (0.00s CPU time), remote cache hits 0 (0.00s CPU time), compiled 0 variants (0.00s CPU time), skipped 0 variants.
    Prepared data for serialisation in 0.00s
  Pass  (fp, d3d11) finished in 0.00 seconds. Local cache hits 1 (0.00s CPU time), remote cache hits 0 (0.00s CPU time), compiled 0 variants (0.00s CPU time), skipped 0 variants.
    Prepared data for serialisation in 0.00s
  Pass  (vp, d3d11) finished in 0.00 seconds. Local cache hits 2 (0.00s CPU time), remote cache hits 0 (0.00s CPU time), compiled 0 variants (0.00s CPU time), skipped 0 variants.
    Prepared data for serialisation in 0.00s
  Pass  (fp, d3d11) finished in 0.00 seconds. Local cache hits 2 (0.00s CPU time), remote cache hits 0 (0.00s CPU time), compiled 0 variants (0.00s CPU time), skipped 0 variants.
    Prepared data for serialisation in 0.00s
Serialized binary data for shader Hidden/Internal-DeferredReflections in 0.00s
    d3d11 (total internal programs: 6, unique: 6)
Compiling shader "Hidden/Internal-MotionVectors"
  Pass "" (vp)
    Target graphics API: d3d11
    Full variant space:         1
    After settings filtering:   1
    After built-in stripping:   1
    After scriptable stripping: 1
    Processed in 0.00 seconds
  Pass "" (fp)
    Target graphics API: d3d11
    Full variant space:         1
    After settings filtering:   1
    After built-in stripping:   1
    After scriptable stripping: 1
    Processed in 0.00 seconds
  Pass "" (vp)
    Target graphics API: d3d11
    Full variant space:         1
    After settings filtering:   1
    After built-in stripping:   1
    After scriptable stripping: 1
    Processed in 0.00 seconds
  Pass "" (fp)
    Target graphics API: d3d11
    Full variant space:         1
    After settings filtering:   1
    After built-in stripping:   1
    After scriptable stripping: 1
    Processed in 0.00 seconds
  Pass "" (vp)
    Target graphics API: d3d11
    Full variant space:         1
    After settings filtering:   1
    After built-in stripping:   1
    After scriptable stripping: 1
    Processed in 0.00 seconds
  Pass "" (fp)
    Target graphics API: d3d11
    Full variant space:         1
    After settings filtering:   1
    After built-in stripping:   1
    After scriptable stripping: 1
    Processed in 0.00 seconds
  Pass  (vp, d3d11) finished in 0.00 seconds. Local cache hits 1 (0.00s CPU time), remote cache hits 0 (0.00s CPU time), compiled 0 variants (0.00s CPU time), skipped 0 variants.
    Prepared data for serialisation in 0.00s
  Pass  (fp, d3d11) finished in 0.00 seconds. Local cache hits 1 (0.00s CPU time), remote cache hits 0 (0.00s CPU time), compiled 0 variants (0.00s CPU time), skipped 0 variants.
    Prepared data for serialisation in 0.00s
  Pass  (vp, d3d11) finished in 0.00 seconds. Local cache hits 1 (0.00s CPU time), remote cache hits 0 (0.00s CPU time), compiled 0 variants (0.00s CPU time), skipped 0 variants.
    Prepared data for serialisation in 0.00s
  Pass  (fp, d3d11) finished in 0.00 seconds. Local cache hits 1 (0.00s CPU time), remote cache hits 0 (0.00s CPU time), compiled 0 variants (0.00s CPU time), skipped 0 variants.
    Prepared data for serialisation in 0.00s
  Pass  (vp, d3d11) finished in 0.00 seconds. Local cache hits 1 (0.00s CPU time), remote cache hits 0 (0.00s CPU time), compiled 0 variants (0.00s CPU time), skipped 0 variants.
    Prepared data for serialisation in 0.00s
  Pass  (fp, d3d11) finished in 0.00 seconds. Local cache hits 1 (0.00s CPU time), remote cache hits 0 (0.00s CPU time), compiled 0 variants (0.00s CPU time), skipped 0 variants.
    Prepared data for serialisation in 0.00s
Serialized binary data for shader Hidden/Internal-MotionVectors in 0.00s
    d3d11 (total internal programs: 6, unique: 5)
Compiling shader "Hidden/Internal-Flare"
  Pass "" (vp)
    Target graphics API: d3d11
    Full variant space:         1
    After settings filtering:   1
    After built-in stripping:   1
    After scriptable stripping: 1
    Processed in 0.00 seconds
  Pass "" (fp)
    Target graphics API: d3d11
    Full variant space:         1
    After settings filtering:   1
    After built-in stripping:   1
    After scriptable stripping: 1
    Processed in 0.00 seconds
  Pass  (vp, d3d11) finished in 0.00 seconds. Local cache hits 1 (0.00s CPU time), remote cache hits 0 (0.00s CPU time), compiled 0 variants (0.00s CPU time), skipped 0 variants.
    Prepared data for serialisation in 0.00s
  Pass  (fp, d3d11) finished in 0.00 seconds. Local cache hits 1 (0.00s CPU time), remote cache hits 0 (0.00s CPU time), compiled 0 variants (0.00s CPU time), skipped 0 variants.
    Prepared data for serialisation in 0.00s
Serialized binary data for shader Hidden/Internal-Flare in 0.00s
    d3d11 (total internal programs: 2, unique: 2)
Compiling shader "Hidden/Internal-Halo"
  Pass "" (vp)
    Target graphics API: d3d11
    Full variant space:         4
    After settings filtering:   4
    After built-in stripping:   1
    After scriptable stripping: 1
    Processed in 0.00 seconds
  Pass "" (fp)
    Target graphics API: d3d11
    Full variant space:         4
    After settings filtering:   4
    After built-in stripping:   1
    After scriptable stripping: 1
    Processed in 0.00 seconds
  Pass  (vp, d3d11) finished in 0.00 seconds. Local cache hits 1 (0.00s CPU time), remote cache hits 0 (0.00s CPU time), compiled 0 variants (0.00s CPU time), skipped 0 variants.
    Prepared data for serialisation in 0.00s
  Pass  (fp, d3d11) finished in 0.00 seconds. Local cache hits 1 (0.00s CPU time), remote cache hits 0 (0.00s CPU time), compiled 0 variants (0.00s CPU time), skipped 0 variants.
    Prepared data for serialisation in 0.00s
Serialized binary data for shader Hidden/Internal-Halo in 0.00s
    d3d11 (total internal programs: 2, unique: 2)
Compiling shader "Hidden/BlitCopyWithDepth"
  Pass "" (vp)
    Target graphics API: d3d11
    Full variant space:         1
    After settings filtering:   1
    After built-in stripping:   1
    After scriptable stripping: 1
    Processed in 0.00 seconds
  Pass "" (fp)
    Target graphics API: d3d11
    Full variant space:         1
    After settings filtering:   1
    After built-in stripping:   1
    After scriptable stripping: 1
    Processed in 0.00 seconds
  Pass  (vp, d3d11) finished in 0.00 seconds. Local cache hits 1 (0.00s CPU time), remote cache hits 0 (0.00s CPU time), compiled 0 variants (0.00s CPU time), skipped 0 variants.
    Prepared data for serialisation in 0.00s
  Pass  (fp, d3d11) finished in 0.00 seconds. Local cache hits 1 (0.00s CPU time), remote cache hits 0 (0.00s CPU time), compiled 0 variants (0.00s CPU time), skipped 0 variants.
    Prepared data for serialisation in 0.00s
Serialized binary data for shader Hidden/BlitCopyWithDepth in 0.00s
    d3d11 (total internal programs: 2, unique: 2)
Compiling shader "Hidden/BlitToDepth"
  Pass "" (vp)
    Target graphics API: d3d11
    Full variant space:         1
    After settings filtering:   1
    After built-in stripping:   1
    After scriptable stripping: 1
    Processed in 0.00 seconds
  Pass "" (fp)
    Target graphics API: d3d11
    Full variant space:         1
    After settings filtering:   1
    After built-in stripping:   1
    After scriptable stripping: 1
    Processed in 0.00 seconds
  Pass  (vp, d3d11) finished in 0.00 seconds. Local cache hits 1 (0.00s CPU time), remote cache hits 0 (0.00s CPU time), compiled 0 variants (0.00s CPU time), skipped 0 variants.
    Prepared data for serialisation in 0.00s
  Pass  (fp, d3d11) finished in 0.00 seconds. Local cache hits 1 (0.00s CPU time), remote cache hits 0 (0.00s CPU time), compiled 0 variants (0.00s CPU time), skipped 0 variants.
    Prepared data for serialisation in 0.00s
Serialized binary data for shader Hidden/BlitToDepth in 0.00s
    d3d11 (total internal programs: 2, unique: 2)
Compiling shader "Hidden/BlitToDepth_MSAA"
  Pass "" (vp)
    Target graphics API: d3d11
    Full variant space:         1
    After settings filtering:   1
    After built-in stripping:   1
    After scriptable stripping: 1
    Processed in 0.00 seconds
  Pass "" (fp)
    Target graphics API: d3d11
    Full variant space:         1
    After settings filtering:   1
    After built-in stripping:   1
    After scriptable stripping: 1
    Processed in 0.00 seconds
  Pass  (vp, d3d11) finished in 0.00 seconds. Local cache hits 1 (0.00s CPU time), remote cache hits 0 (0.00s CPU time), compiled 0 variants (0.00s CPU time), skipped 0 variants.
    Prepared data for serialisation in 0.00s
  Pass  (fp, d3d11) finished in 0.00 seconds. Local cache hits 1 (0.00s CPU time), remote cache hits 0 (0.00s CPU time), compiled 0 variants (0.00s CPU time), skipped 0 variants.
    Prepared data for serialisation in 0.00s
Serialized binary data for shader Hidden/BlitToDepth_MSAA in 0.00s
    d3d11 (total internal programs: 2, unique: 2)
Compiling shader "Hidden/BlitCopyHDRTonemap"
  Pass "" (vp)
    Target graphics API: d3d11
    Full variant space:         1
    After settings filtering:   1
    After built-in stripping:   1
    After scriptable stripping: 1
    Processed in 0.00 seconds
  Pass "" (fp)
    Target graphics API: d3d11
    Full variant space:         1
    After settings filtering:   1
    After built-in stripping:   1
    After scriptable stripping: 1
    Processed in 0.00 seconds
  Pass  (vp, d3d11) finished in 0.00 seconds. Local cache hits 1 (0.00s CPU time), remote cache hits 0 (0.00s CPU time), compiled 0 variants (0.00s CPU time), skipped 0 variants.
    Prepared data for serialisation in 0.00s
  Pass  (fp, d3d11) finished in 0.00 seconds. Local cache hits 1 (0.00s CPU time), remote cache hits 0 (0.00s CPU time), compiled 0 variants (0.00s CPU time), skipped 0 variants.
    Prepared data for serialisation in 0.00s
Serialized binary data for shader Hidden/BlitCopyHDRTonemap in 0.00s
    d3d11 (total internal programs: 2, unique: 2)
Compiling shader "Hidden/Internal-DebugPattern"
  Pass "Target Color and DepthStencil" (vp)
    Target graphics API: d3d11
    Full variant space:         1
    After settings filtering:   1
    After built-in stripping:   1
    After scriptable stripping: 1
    Processed in 0.00 seconds
  Pass "Target Color and DepthStencil" (fp)
    Target graphics API: d3d11
    Full variant space:         1
    After settings filtering:   1
    After built-in stripping:   1
    After scriptable stripping: 1
    Processed in 0.00 seconds
  Pass "Target only Color" (vp)
    Target graphics API: d3d11
    Full variant space:         1
    After settings filtering:   1
    After built-in stripping:   1
    After scriptable stripping: 1
    Processed in 0.00 seconds
  Pass "Target only Color" (fp)
    Target graphics API: d3d11
    Full variant space:         1
    After settings filtering:   1
    After built-in stripping:   1
    After scriptable stripping: 1
    Processed in 0.00 seconds
  Pass "Target only DepthStencil" (vp)
    Target graphics API: d3d11
    Full variant space:         1
    After settings filtering:   1
    After built-in stripping:   1
    After scriptable stripping: 1
    Processed in 0.00 seconds
  Pass "Target only DepthStencil" (fp)
    Target graphics API: d3d11
    Full variant space:         1
    After settings filtering:   1
    After built-in stripping:   1
    After scriptable stripping: 1
    Processed in 0.00 seconds
  Pass Target Color and DepthStencil (vp, d3d11) finished in 0.00 seconds. Local cache hits 1 (0.00s CPU time), remote cache hits 0 (0.00s CPU time), compiled 0 variants (0.00s CPU time), skipped 0 variants.
    Prepared data for serialisation in 0.00s
  Pass Target Color and DepthStencil (fp, d3d11) finished in 0.00 seconds. Local cache hits 1 (0.00s CPU time), remote cache hits 0 (0.00s CPU time), compiled 0 variants (0.00s CPU time), skipped 0 variants.
    Prepared data for serialisation in 0.00s
  Pass Target only Color (vp, d3d11) finished in 0.00 seconds. Local cache hits 1 (0.00s CPU time), remote cache hits 0 (0.00s CPU time), compiled 0 variants (0.00s CPU time), skipped 0 variants.
    Prepared data for serialisation in 0.00s
  Pass Target only Color (fp, d3d11) finished in 0.00 seconds. Local cache hits 1 (0.00s CPU time), remote cache hits 0 (0.00s CPU time), compiled 0 variants (0.00s CPU time), skipped 0 variants.
    Prepared data for serialisation in 0.00s
  Pass Target only DepthStencil (vp, d3d11) finished in 0.00 seconds. Local cache hits 1 (0.00s CPU time), remote cache hits 0 (0.00s CPU time), compiled 0 variants (0.00s CPU time), skipped 0 variants.
    Prepared data for serialisation in 0.00s
  Pass Target only DepthStencil (fp, d3d11) finished in 0.00 seconds. Local cache hits 1 (0.00s CPU time), remote cache hits 0 (0.00s CPU time), compiled 0 variants (0.00s CPU time), skipped 0 variants.
    Prepared data for serialisation in 0.00s
Serialized binary data for shader Hidden/Internal-DebugPattern in 0.00s
    d3d11 (total internal programs: 6, unique: 4)
Compiling shader "Hidden/Internal-GUITextureClip"
  Pass "" (vp)
    Target graphics API: d3d11
    Full variant space:         1
    After settings filtering:   1
    After built-in stripping:   1
    After scriptable stripping: 1
    Processed in 0.00 seconds
  Pass "" (fp)
    Target graphics API: d3d11
    Full variant space:         1
    After settings filtering:   1
    After built-in stripping:   1
    After scriptable stripping: 1
    Processed in 0.00 seconds
  Pass "" (vp)
    Target graphics API: d3d11
    Full variant space:         1
    After settings filtering:   1
    After built-in stripping:   1
    After scriptable stripping: 1
    Processed in 0.00 seconds
  Pass "" (fp)
    Target graphics API: d3d11
    Full variant space:         1
    After settings filtering:   1
    After built-in stripping:   1
    After scriptable stripping: 1
    Processed in 0.00 seconds
  Pass  (vp, d3d11) finished in 0.00 seconds. Local cache hits 1 (0.00s CPU time), remote cache hits 0 (0.00s CPU time), compiled 0 variants (0.00s CPU time), skipped 0 variants.
    Prepared data for serialisation in 0.00s
  Pass  (fp, d3d11) finished in 0.00 seconds. Local cache hits 1 (0.00s CPU time), remote cache hits 0 (0.00s CPU time), compiled 0 variants (0.00s CPU time), skipped 0 variants.
    Prepared data for serialisation in 0.00s
  Pass  (vp, d3d11) finished in 0.00 seconds. Local cache hits 1 (0.00s CPU time), remote cache hits 0 (0.00s CPU time), compiled 0 variants (0.00s CPU time), skipped 0 variants.
    Prepared data for serialisation in 0.00s
  Pass  (fp, d3d11) finished in 0.00 seconds. Local cache hits 1 (0.00s CPU time), remote cache hits 0 (0.00s CPU time), compiled 0 variants (0.00s CPU time), skipped 0 variants.
    Prepared data for serialisation in 0.00s
Serialized binary data for shader Hidden/Internal-GUITextureClip in 0.00s
    d3d11 (total internal programs: 4, unique: 2)
Compiling shader "Hidden/Internal-GUITextureClipText"
  Pass "" (vp)
    Target graphics API: d3d11
    Full variant space:         1
    After settings filtering:   1
    After built-in stripping:   1
    After scriptable stripping: 1
    Processed in 0.00 seconds
  Pass "" (fp)
    Target graphics API: d3d11
    Full variant space:         1
    After settings filtering:   1
    After built-in stripping:   1
    After scriptable stripping: 1
    Processed in 0.00 seconds
  Pass "" (vp)
    Target graphics API: d3d11
    Full variant space:         1
    After settings filtering:   1
    After built-in stripping:   1
    After scriptable stripping: 1
    Processed in 0.00 seconds
  Pass "" (fp)
    Target graphics API: d3d11
    Full variant space:         1
    After settings filtering:   1
    After built-in stripping:   1
    After scriptable stripping: 1
    Processed in 0.00 seconds
  Pass  (vp, d3d11) finished in 0.00 seconds. Local cache hits 1 (0.00s CPU time), remote cache hits 0 (0.00s CPU time), compiled 0 variants (0.00s CPU time), skipped 0 variants.
    Prepared data for serialisation in 0.00s
  Pass  (fp, d3d11) finished in 0.00 seconds. Local cache hits 1 (0.00s CPU time), remote cache hits 0 (0.00s CPU time), compiled 0 variants (0.00s CPU time), skipped 0 variants.
    Prepared data for serialisation in 0.00s
  Pass  (vp, d3d11) finished in 0.00 seconds. Local cache hits 1 (0.00s CPU time), remote cache hits 0 (0.00s CPU time), compiled 0 variants (0.00s CPU time), skipped 0 variants.
    Prepared data for serialisation in 0.00s
  Pass  (fp, d3d11) finished in 0.00 seconds. Local cache hits 1 (0.00s CPU time), remote cache hits 0 (0.00s CPU time), compiled 0 variants (0.00s CPU time), skipped 0 variants.
    Prepared data for serialisation in 0.00s
Serialized binary data for shader Hidden/Internal-GUITextureClipText in 0.00s
    d3d11 (total internal programs: 4, unique: 2)
Compiling shader "Hidden/Internal-GUITexture"
  Pass "" (vp)
    Target graphics API: d3d11
    Full variant space:         1
    After settings filtering:   1
    After built-in stripping:   1
    After scriptable stripping: 1
    Processed in 0.00 seconds
  Pass "" (fp)
    Target graphics API: d3d11
    Full variant space:         1
    After settings filtering:   1
    After built-in stripping:   1
    After scriptable stripping: 1
    Processed in 0.00 seconds
  Pass "" (vp)
    Target graphics API: d3d11
    Full variant space:         1
    After settings filtering:   1
    After built-in stripping:   1
    After scriptable stripping: 1
    Processed in 0.00 seconds
  Pass "" (fp)
    Target graphics API: d3d11
    Full variant space:         1
    After settings filtering:   1
    After built-in stripping:   1
    After scriptable stripping: 1
    Processed in 0.00 seconds
  Pass  (vp, d3d11) finished in 0.00 seconds. Local cache hits 1 (0.00s CPU time), remote cache hits 0 (0.00s CPU time), compiled 0 variants (0.00s CPU time), skipped 0 variants.
    Prepared data for serialisation in 0.00s
  Pass  (fp, d3d11) finished in 0.00 seconds. Local cache hits 1 (0.00s CPU time), remote cache hits 0 (0.00s CPU time), compiled 0 variants (0.00s CPU time), skipped 0 variants.
    Prepared data for serialisation in 0.00s
  Pass  (vp, d3d11) finished in 0.00 seconds. Local cache hits 1 (0.00s CPU time), remote cache hits 0 (0.00s CPU time), compiled 0 variants (0.00s CPU time), skipped 0 variants.
    Prepared data for serialisation in 0.00s
  Pass  (fp, d3d11) finished in 0.00 seconds. Local cache hits 1 (0.00s CPU time), remote cache hits 0 (0.00s CPU time), compiled 0 variants (0.00s CPU time), skipped 0 variants.
    Prepared data for serialisation in 0.00s
Serialized binary data for shader Hidden/Internal-GUITexture in 0.00s
    d3d11 (total internal programs: 4, unique: 2)
Compiling shader "Hidden/Internal-GUITextureBlit"
  Pass "" (vp)
    Target graphics API: d3d11
    Full variant space:         1
    After settings filtering:   1
    After built-in stripping:   1
    After scriptable stripping: 1
    Processed in 0.00 seconds
  Pass "" (fp)
    Target graphics API: d3d11
    Full variant space:         1
    After settings filtering:   1
    After built-in stripping:   1
    After scriptable stripping: 1
    Processed in 0.00 seconds
  Pass "" (vp)
    Target graphics API: d3d11
    Full variant space:         1
    After settings filtering:   1
    After built-in stripping:   1
    After scriptable stripping: 1
    Processed in 0.00 seconds
  Pass "" (fp)
    Target graphics API: d3d11
    Full variant space:         1
    After settings filtering:   1
    After built-in stripping:   1
    After scriptable stripping: 1
    Processed in 0.00 seconds
  Pass  (vp, d3d11) finished in 0.00 seconds. Local cache hits 1 (0.00s CPU time), remote cache hits 0 (0.00s CPU time), compiled 0 variants (0.00s CPU time), skipped 0 variants.
    Prepared data for serialisation in 0.00s
  Pass  (fp, d3d11) finished in 0.00 seconds. Local cache hits 1 (0.00s CPU time), remote cache hits 0 (0.00s CPU time), compiled 0 variants (0.00s CPU time), skipped 0 variants.
    Prepared data for serialisation in 0.00s
  Pass  (vp, d3d11) finished in 0.00 seconds. Local cache hits 1 (0.00s CPU time), remote cache hits 0 (0.00s CPU time), compiled 0 variants (0.00s CPU time), skipped 0 variants.
    Prepared data for serialisation in 0.00s
  Pass  (fp, d3d11) finished in 0.00 seconds. Local cache hits 1 (0.00s CPU time), remote cache hits 0 (0.00s CPU time), compiled 0 variants (0.00s CPU time), skipped 0 variants.
    Prepared data for serialisation in 0.00s
Serialized binary data for shader Hidden/Internal-GUITextureBlit in 0.00s
    d3d11 (total internal programs: 4, unique: 2)
Compiling shader "Hidden/Internal-GUIRoundedRect"
  Pass "" (vp)
    Target graphics API: d3d11
    Full variant space:         1
    After settings filtering:   1
    After built-in stripping:   1
    After scriptable stripping: 1
    Processed in 0.00 seconds
  Pass "" (fp)
    Target graphics API: d3d11
    Full variant space:         1
    After settings filtering:   1
    After built-in stripping:   1
    After scriptable stripping: 1
    Processed in 0.00 seconds
  Pass "" (vp)
    Target graphics API: d3d11
    Full variant space:         1
    After settings filtering:   1
    After built-in stripping:   1
    After scriptable stripping: 1
    Processed in 0.00 seconds
  Pass "" (fp)
    Target graphics API: d3d11
    Full variant space:         1
    After settings filtering:   1
    After built-in stripping:   1
    After scriptable stripping: 1
    Processed in 0.00 seconds
  Pass  (vp, d3d11) finished in 0.00 seconds. Local cache hits 1 (0.00s CPU time), remote cache hits 0 (0.00s CPU time), compiled 0 variants (0.00s CPU time), skipped 0 variants.
    Prepared data for serialisation in 0.00s
  Pass  (fp, d3d11) finished in 0.00 seconds. Local cache hits 1 (0.00s CPU time), remote cache hits 0 (0.00s CPU time), compiled 0 variants (0.00s CPU time), skipped 0 variants.
    Prepared data for serialisation in 0.00s
  Pass  (vp, d3d11) finished in 0.00 seconds. Local cache hits 1 (0.00s CPU time), remote cache hits 0 (0.00s CPU time), compiled 0 variants (0.00s CPU time), skipped 0 variants.
    Prepared data for serialisation in 0.00s
  Pass  (fp, d3d11) finished in 0.00 seconds. Local cache hits 1 (0.00s CPU time), remote cache hits 0 (0.00s CPU time), compiled 0 variants (0.00s CPU time), skipped 0 variants.
    Prepared data for serialisation in 0.00s
Serialized binary data for shader Hidden/Internal-GUIRoundedRect in 0.00s
    d3d11 (total internal programs: 4, unique: 2)
Compiling shader "Hidden/Internal-GUIRoundedRectWithColorPerBorder"
  Pass "" (vp)
    Target graphics API: d3d11
    Full variant space:         1
    After settings filtering:   1
    After built-in stripping:   1
    After scriptable stripping: 1
    Processed in 0.00 seconds
  Pass "" (fp)
    Target graphics API: d3d11
    Full variant space:         1
    After settings filtering:   1
    After built-in stripping:   1
    After scriptable stripping: 1
    Processed in 0.00 seconds
  Pass "" (vp)
    Target graphics API: d3d11
    Full variant space:         1
    After settings filtering:   1
    After built-in stripping:   1
    After scriptable stripping: 1
    Processed in 0.00 seconds
  Pass "" (fp)
    Target graphics API: d3d11
    Full variant space:         1
    After settings filtering:   1
    After built-in stripping:   1
    After scriptable stripping: 1
    Processed in 0.00 seconds
  Pass  (vp, d3d11) finished in 0.00 seconds. Local cache hits 1 (0.00s CPU time), remote cache hits 0 (0.00s CPU time), compiled 0 variants (0.00s CPU time), skipped 0 variants.
    Prepared data for serialisation in 0.00s
  Pass  (fp, d3d11) finished in 0.00 seconds. Local cache hits 1 (0.00s CPU time), remote cache hits 0 (0.00s CPU time), compiled 0 variants (0.00s CPU time), skipped 0 variants.
    Prepared data for serialisation in 0.00s
  Pass  (vp, d3d11) finished in 0.00 seconds. Local cache hits 1 (0.00s CPU time), remote cache hits 0 (0.00s CPU time), compiled 0 variants (0.00s CPU time), skipped 0 variants.
    Prepared data for serialisation in 0.00s
  Pass  (fp, d3d11) finished in 0.00 seconds. Local cache hits 1 (0.00s CPU time), remote cache hits 0 (0.00s CPU time), compiled 0 variants (0.00s CPU time), skipped 0 variants.
    Prepared data for serialisation in 0.00s
Serialized binary data for shader Hidden/Internal-GUIRoundedRectWithColorPerBorder in 0.00s
    d3d11 (total internal programs: 4, unique: 2)
Compiling shader "Hidden/Internal-UIRDefault"
  Pass "" (vp)
    Target graphics API: d3d11
    Full variant space:         40
    After settings filtering:   40
    After built-in stripping:   40
    After scriptable stripping: 40
    Processed in 0.00 seconds
  Pass "" (fp)
    Target graphics API: d3d11
    Full variant space:         40
    After settings filtering:   40
    After built-in stripping:   40
    After scriptable stripping: 40
    Processed in 0.00 seconds
  Pass  (vp, d3d11) finished in 0.00 seconds. Local cache hits 40 (0.00s CPU time), remote cache hits 0 (0.00s CPU time), compiled 0 variants (0.00s CPU time), skipped 0 variants.
    Prepared data for serialisation in 0.00s
  Pass  (fp, d3d11) finished in 0.00 seconds. Local cache hits 40 (0.00s CPU time), remote cache hits 0 (0.00s CPU time), compiled 0 variants (0.00s CPU time), skipped 0 variants.
    Prepared data for serialisation in 0.00s
Serialized binary data for shader Hidden/Internal-UIRDefault in 0.00s
    d3d11 (total internal programs: 80, unique: 80)
Compiling shader "Hidden/Internal-UIRAtlasBlitCopy"
  Pass "" (vp)
    Target graphics API: d3d11
    Full variant space:         1
    After settings filtering:   1
    After built-in stripping:   1
    After scriptable stripping: 1
    Processed in 0.00 seconds
  Pass "" (fp)
    Target graphics API: d3d11
    Full variant space:         1
    After settings filtering:   1
    After built-in stripping:   1
    After scriptable stripping: 1
    Processed in 0.00 seconds
  Pass  (vp, d3d11) finished in 0.00 seconds. Local cache hits 1 (0.00s CPU time), remote cache hits 0 (0.00s CPU time), compiled 0 variants (0.00s CPU time), skipped 0 variants.
    Prepared data for serialisation in 0.00s
  Pass  (fp, d3d11) finished in 0.00 seconds. Local cache hits 1 (0.00s CPU time), remote cache hits 0 (0.00s CPU time), compiled 0 variants (0.00s CPU time), skipped 0 variants.
    Prepared data for serialisation in 0.00s
Serialized binary data for shader Hidden/Internal-UIRAtlasBlitCopy in 0.00s
    d3d11 (total internal programs: 2, unique: 2)
Compiling shader "Sprites/Default"
  Pass "" (vp)
    Target graphics API: d3d11
    Full variant space:         8
    After settings filtering:   8
    After built-in stripping:   4
    After scriptable stripping: 4
    Processed in 0.00 seconds
  Pass "" (fp)
    Target graphics API: d3d11
    Full variant space:         8
    After settings filtering:   8
    After built-in stripping:   4
    After scriptable stripping: 4
    Processed in 0.00 seconds
  Pass  (vp, d3d11) finished in 0.00 seconds. Local cache hits 4 (0.00s CPU time), remote cache hits 0 (0.00s CPU time), compiled 0 variants (0.00s CPU time), skipped 0 variants.
    Prepared data for serialisation in 0.00s
  Pass  (fp, d3d11) finished in 0.00 seconds. Local cache hits 4 (0.00s CPU time), remote cache hits 0 (0.00s CPU time), compiled 0 variants (0.00s CPU time), skipped 0 variants.
    Prepared data for serialisation in 0.00s
Serialized binary data for shader Sprites/Default in 0.00s
    d3d11 (total internal programs: 8, unique: 8)
Compiling shader "Sprites/Mask"
  Pass "" (vp)
    Target graphics API: d3d11
    Full variant space:         4
    After settings filtering:   4
    After built-in stripping:   4
    After scriptable stripping: 4
    Processed in 0.00 seconds
  Pass "" (fp)
    Target graphics API: d3d11
    Full variant space:         4
    After settings filtering:   4
    After built-in stripping:   4
    After scriptable stripping: 4
    Processed in 0.00 seconds
  Pass  (vp, d3d11) finished in 0.00 seconds. Local cache hits 4 (0.00s CPU time), remote cache hits 0 (0.00s CPU time), compiled 0 variants (0.00s CPU time), skipped 0 variants.
    Prepared data for serialisation in 0.00s
  Pass  (fp, d3d11) finished in 0.00 seconds. Local cache hits 4 (0.00s CPU time), remote cache hits 0 (0.00s CPU time), compiled 0 variants (0.00s CPU time), skipped 0 variants.
    Prepared data for serialisation in 0.00s
Serialized binary data for shader Sprites/Mask in 0.00s
    d3d11 (total internal programs: 8, unique: 8)
Compiling shader "UI/Default"
  Pass "Default" (vp)
    Target graphics API: d3d11
    Full variant space:         4
    After settings filtering:   4
    After built-in stripping:   4
    After scriptable stripping: 4
    Processed in 0.00 seconds
  Pass "Default" (fp)
    Target graphics API: d3d11
    Full variant space:         4
    After settings filtering:   4
    After built-in stripping:   4
    After scriptable stripping: 4
    Processed in 0.00 seconds
  Pass "XRMotionVectors" (vp)
    Target graphics API: d3d11
    Full variant space:         4
    After settings filtering:   4
    After built-in stripping:   4
    After scriptable stripping: 0
    Processed in 0.00 seconds
  Pass "XRMotionVectors" (fp)
    Target graphics API: d3d11
    Full variant space:         4
    After settings filtering:   4
    After built-in stripping:   4
    After scriptable stripping: 0
    Processed in 0.00 seconds
  Pass Default (vp, d3d11) finished in 0.00 seconds. Local cache hits 4 (0.00s CPU time), remote cache hits 0 (0.00s CPU time), compiled 0 variants (0.00s CPU time), skipped 0 variants.
    Prepared data for serialisation in 0.00s
  Pass Default (fp, d3d11) finished in 0.00 seconds. Local cache hits 4 (0.00s CPU time), remote cache hits 0 (0.00s CPU time), compiled 0 variants (0.00s CPU time), skipped 0 variants.
    Prepared data for serialisation in 0.00s
Serialized binary data for shader UI/Default in 0.00s
    d3d11 (total internal programs: 8, unique: 8)
Compiling shader "UI/DefaultETC1"
  Pass "Default" (vp)
    Target graphics API: d3d11
    Full variant space:         4
    After settings filtering:   4
    After built-in stripping:   4
    After scriptable stripping: 4
    Processed in 0.00 seconds
  Pass "Default" (fp)
    Target graphics API: d3d11
    Full variant space:         4
    After settings filtering:   4
    After built-in stripping:   4
    After scriptable stripping: 4
    Processed in 0.00 seconds
  Pass "XRMotionVectors" (vp)
    Target graphics API: d3d11
    Full variant space:         4
    After settings filtering:   4
    After built-in stripping:   4
    After scriptable stripping: 0
    Processed in 0.00 seconds
  Pass "XRMotionVectors" (fp)
    Target graphics API: d3d11
    Full variant space:         4
    After settings filtering:   4
    After built-in stripping:   4
    After scriptable stripping: 0
    Processed in 0.00 seconds
  Pass Default (vp, d3d11) finished in 0.00 seconds. Local cache hits 4 (0.00s CPU time), remote cache hits 0 (0.00s CPU time), compiled 0 variants (0.00s CPU time), skipped 0 variants.
    Prepared data for serialisation in 0.00s
  Pass Default (fp, d3d11) finished in 0.00 seconds. Local cache hits 4 (0.00s CPU time), remote cache hits 0 (0.00s CPU time), compiled 0 variants (0.00s CPU time), skipped 0 variants.
    Prepared data for serialisation in 0.00s
Serialized binary data for shader UI/DefaultETC1 in 0.00s
    d3d11 (total internal programs: 8, unique: 8)
Compiling shader "Hidden/CubeBlur"
  Pass "" (vp)
    Target graphics API: d3d11
    Full variant space:         1
    After settings filtering:   1
    After built-in stripping:   1
    After scriptable stripping: 1
    Processed in 0.00 seconds
  Pass "" (fp)
    Target graphics API: d3d11
    Full variant space:         1
    After settings filtering:   1
    After built-in stripping:   1
    After scriptable stripping: 1
    Processed in 0.00 seconds
  Pass "" (vp)
    Target graphics API: d3d11
    Full variant space:         1
    After settings filtering:   1
    After built-in stripping:   1
    After scriptable stripping: 1
    Processed in 0.00 seconds
  Pass "" (fp)
    Target graphics API: d3d11
    Full variant space:         1
    After settings filtering:   1
    After built-in stripping:   1
    After scriptable stripping: 1
    Processed in 0.00 seconds
  Pass  (vp, d3d11) finished in 0.00 seconds. Local cache hits 1 (0.00s CPU time), remote cache hits 0 (0.00s CPU time), compiled 0 variants (0.00s CPU time), skipped 0 variants.
    Prepared data for serialisation in 0.00s
  Pass  (fp, d3d11) finished in 0.00 seconds. Local cache hits 1 (0.00s CPU time), remote cache hits 0 (0.00s CPU time), compiled 0 variants (0.00s CPU time), skipped 0 variants.
    Prepared data for serialisation in 0.00s
  Pass  (vp, d3d11) finished in 0.00 seconds. Local cache hits 1 (0.00s CPU time), remote cache hits 0 (0.00s CPU time), compiled 0 variants (0.00s CPU time), skipped 0 variants.
    Prepared data for serialisation in 0.00s
  Pass  (fp, d3d11) finished in 0.00 seconds. Local cache hits 1 (0.00s CPU time), remote cache hits 0 (0.00s CPU time), compiled 0 variants (0.00s CPU time), skipped 0 variants.
    Prepared data for serialisation in 0.00s
Serialized binary data for shader Hidden/CubeBlur in 0.00s
    d3d11 (total internal programs: 4, unique: 3)
Compiling shader "Hidden/CubeCopy"
  Pass "" (vp)
    Target graphics API: d3d11
    Full variant space:         1
    After settings filtering:   1
    After built-in stripping:   1
    After scriptable stripping: 1
    Processed in 0.00 seconds
  Pass "" (fp)
    Target graphics API: d3d11
    Full variant space:         1
    After settings filtering:   1
    After built-in stripping:   1
    After scriptable stripping: 1
    Processed in 0.00 seconds
  Pass "" (vp)
    Target graphics API: d3d11
    Full variant space:         1
    After settings filtering:   1
    After built-in stripping:   1
    After scriptable stripping: 1
    Processed in 0.00 seconds
  Pass "" (fp)
    Target graphics API: d3d11
    Full variant space:         1
    After settings filtering:   1
    After built-in stripping:   1
    After scriptable stripping: 1
    Processed in 0.00 seconds
  Pass  (vp, d3d11) finished in 0.00 seconds. Local cache hits 1 (0.00s CPU time), remote cache hits 0 (0.00s CPU time), compiled 0 variants (0.00s CPU time), skipped 0 variants.
    Prepared data for serialisation in 0.00s
  Pass  (fp, d3d11) finished in 0.00 seconds. Local cache hits 1 (0.00s CPU time), remote cache hits 0 (0.00s CPU time), compiled 0 variants (0.00s CPU time), skipped 0 variants.
    Prepared data for serialisation in 0.00s
  Pass  (vp, d3d11) finished in 0.00 seconds. Local cache hits 1 (0.00s CPU time), remote cache hits 0 (0.00s CPU time), compiled 0 variants (0.00s CPU time), skipped 0 variants.
    Prepared data for serialisation in 0.00s
  Pass  (fp, d3d11) finished in 0.00 seconds. Local cache hits 1 (0.00s CPU time), remote cache hits 0 (0.00s CPU time), compiled 0 variants (0.00s CPU time), skipped 0 variants.
    Prepared data for serialisation in 0.00s
Serialized binary data for shader Hidden/CubeCopy in 0.00s
    d3d11 (total internal programs: 4, unique: 2)
Compiling shader "Hidden/CubeBlend"
  Pass "" (vp)
    Target graphics API: d3d11
    Full variant space:         1
    After settings filtering:   1
    After built-in stripping:   1
    After scriptable stripping: 1
    Processed in 0.00 seconds
  Pass "" (fp)
    Target graphics API: d3d11
    Full variant space:         1
    After settings filtering:   1
    After built-in stripping:   1
    After scriptable stripping: 1
    Processed in 0.00 seconds
  Pass "" (vp)
    Target graphics API: d3d11
    Full variant space:         1
    After settings filtering:   1
    After built-in stripping:   1
    After scriptable stripping: 1
    Processed in 0.00 seconds
  Pass "" (fp)
    Target graphics API: d3d11
    Full variant space:         1
    After settings filtering:   1
    After built-in stripping:   1
    After scriptable stripping: 1
    Processed in 0.00 seconds
  Pass  (vp, d3d11) finished in 0.00 seconds. Local cache hits 1 (0.00s CPU time), remote cache hits 0 (0.00s CPU time), compiled 0 variants (0.00s CPU time), skipped 0 variants.
    Prepared data for serialisation in 0.00s
  Pass  (fp, d3d11) finished in 0.00 seconds. Local cache hits 1 (0.00s CPU time), remote cache hits 0 (0.00s CPU time), compiled 0 variants (0.00s CPU time), skipped 0 variants.
    Prepared data for serialisation in 0.00s
  Pass  (vp, d3d11) finished in 0.00 seconds. Local cache hits 1 (0.00s CPU time), remote cache hits 0 (0.00s CPU time), compiled 0 variants (0.00s CPU time), skipped 0 variants.
    Prepared data for serialisation in 0.00s
  Pass  (fp, d3d11) finished in 0.00 seconds. Local cache hits 1 (0.00s CPU time), remote cache hits 0 (0.00s CPU time), compiled 0 variants (0.00s CPU time), skipped 0 variants.
    Prepared data for serialisation in 0.00s
Serialized binary data for shader Hidden/CubeBlend in 0.00s
    d3d11 (total internal programs: 4, unique: 2)
Compiling shader "Hidden/VR/BlitTexArraySlice"
  Pass "" (vp)
    Target graphics API: d3d11
    Full variant space:         1
    After settings filtering:   1
    After built-in stripping:   1
    After scriptable stripping: 1
    Processed in 0.00 seconds
  Pass "" (fp)
    Target graphics API: d3d11
    Full variant space:         1
    After settings filtering:   1
    After built-in stripping:   1
    After scriptable stripping: 1
    Processed in 0.00 seconds
  Pass  (vp, d3d11) finished in 0.00 seconds. Local cache hits 1 (0.00s CPU time), remote cache hits 0 (0.00s CPU time), compiled 0 variants (0.00s CPU time), skipped 0 variants.
    Prepared data for serialisation in 0.00s
  Pass  (fp, d3d11) finished in 0.00 seconds. Local cache hits 1 (0.00s CPU time), remote cache hits 0 (0.00s CPU time), compiled 0 variants (0.00s CPU time), skipped 0 variants.
    Prepared data for serialisation in 0.00s
Serialized binary data for shader Hidden/VR/BlitTexArraySlice in 0.00s
    d3d11 (total internal programs: 2, unique: 2)
Compiling shader "Hidden/Internal-ODSWorldTexture"
  Pass "" (vp)
    Target graphics API: d3d11
    Full variant space:         1
    After settings filtering:   1
    After built-in stripping:   1
    After scriptable stripping: 1
    Processed in 0.00 seconds
  Pass "" (fp)
    Target graphics API: d3d11
    Full variant space:         1
    After settings filtering:   1
    After built-in stripping:   1
    After scriptable stripping: 1
    Processed in 0.00 seconds
  Pass "" (vp)
    Target graphics API: d3d11
    Full variant space:         1
    After settings filtering:   1
    After built-in stripping:   1
    After scriptable stripping: 1
    Processed in 0.00 seconds
  Pass "" (fp)
    Target graphics API: d3d11
    Full variant space:         1
    After settings filtering:   1
    After built-in stripping:   1
    After scriptable stripping: 1
    Processed in 0.00 seconds
  Pass "" (vp)
    Target graphics API: d3d11
    Full variant space:         1
    After settings filtering:   1
    After built-in stripping:   1
    After scriptable stripping: 1
    Processed in 0.00 seconds
  Pass "" (fp)
    Target graphics API: d3d11
    Full variant space:         1
    After settings filtering:   1
    After built-in stripping:   1
    After scriptable stripping: 1
    Processed in 0.00 seconds
  Pass "" (vp)
    Target graphics API: d3d11
    Full variant space:         1
    After settings filtering:   1
    After built-in stripping:   1
    After scriptable stripping: 1
    Processed in 0.00 seconds
  Pass "" (fp)
    Target graphics API: d3d11
    Full variant space:         1
    After settings filtering:   1
    After built-in stripping:   1
    After scriptable stripping: 1
    Processed in 0.00 seconds
  Pass "" (vp)
    Target graphics API: d3d11
    Full variant space:         1
    After settings filtering:   1
    After built-in stripping:   1
    After scriptable stripping: 1
    Processed in 0.00 seconds
  Pass "" (fp)
    Target graphics API: d3d11
    Full variant space:         1
    After settings filtering:   1
    After built-in stripping:   1
    After scriptable stripping: 1
    Processed in 0.00 seconds
  Pass "" (vp)
    Target graphics API: d3d11
    Full variant space:         1
    After settings filtering:   1
    After built-in stripping:   1
    After scriptable stripping: 1
    Processed in 0.00 seconds
  Pass "" (fp)
    Target graphics API: d3d11
    Full variant space:         1
    After settings filtering:   1
    After built-in stripping:   1
    After scriptable stripping: 1
    Processed in 0.00 seconds
  Pass "" (vp)
    Target graphics API: d3d11
    Full variant space:         1
    After settings filtering:   1
    After built-in stripping:   1
    After scriptable stripping: 1
    Processed in 0.00 seconds
  Pass "" (fp)
    Target graphics API: d3d11
    Full variant space:         1
    After settings filtering:   1
    After built-in stripping:   1
    After scriptable stripping: 1
    Processed in 0.00 seconds
  Pass "" (vp)
    Target graphics API: d3d11
    Full variant space:         1
    After settings filtering:   1
    After built-in stripping:   1
    After scriptable stripping: 1
    Processed in 0.00 seconds
  Pass "" (fp)
    Target graphics API: d3d11
    Full variant space:         1
    After settings filtering:   1
    After built-in stripping:   1
    After scriptable stripping: 1
    Processed in 0.00 seconds
  Pass "" (vp)
    Target graphics API: d3d11
    Full variant space:         1
    After settings filtering:   1
    After built-in stripping:   1
    After scriptable stripping: 1
    Processed in 0.00 seconds
  Pass "" (fp)
    Target graphics API: d3d11
    Full variant space:         1
    After settings filtering:   1
    After built-in stripping:   1
    After scriptable stripping: 1
    Processed in 0.00 seconds
  Pass "" (vp)
    Target graphics API: d3d11
    Full variant space:         1
    After settings filtering:   1
    After built-in stripping:   1
    After scriptable stripping: 1
    Processed in 0.00 seconds
  Pass "" (fp)
    Target graphics API: d3d11
    Full variant space:         1
    After settings filtering:   1
    After built-in stripping:   1
    After scriptable stripping: 1
    Processed in 0.00 seconds
  Pass  (vp, d3d11) finished in 0.01 seconds. Local cache hits 1 (0.00s CPU time), remote cache hits 0 (0.00s CPU time), compiled 0 variants (0.00s CPU time), skipped 0 variants.
    Prepared data for serialisation in 0.00s
  Pass  (fp, d3d11) finished in 0.00 seconds. Local cache hits 1 (0.00s CPU time), remote cache hits 0 (0.00s CPU time), compiled 0 variants (0.00s CPU time), skipped 0 variants.
    Prepared data for serialisation in 0.00s
  Pass  (vp, d3d11) finished in 0.00 seconds. Local cache hits 1 (0.00s CPU time), remote cache hits 0 (0.00s CPU time), compiled 0 variants (0.00s CPU time), skipped 0 variants.
    Prepared data for serialisation in 0.00s
  Pass  (fp, d3d11) finished in 0.00 seconds. Local cache hits 1 (0.00s CPU time), remote cache hits 0 (0.00s CPU time), compiled 0 variants (0.00s CPU time), skipped 0 variants.
    Prepared data for serialisation in 0.00s
  Pass  (vp, d3d11) finished in 0.00 seconds. Local cache hits 1 (0.00s CPU time), remote cache hits 0 (0.00s CPU time), compiled 0 variants (0.00s CPU time), skipped 0 variants.
    Prepared data for serialisation in 0.00s
  Pass  (fp, d3d11) finished in 0.00 seconds. Local cache hits 1 (0.00s CPU time), remote cache hits 0 (0.00s CPU time), compiled 0 variants (0.00s CPU time), skipped 0 variants.
    Prepared data for serialisation in 0.00s
  Pass  (vp, d3d11) finished in 0.00 seconds. Local cache hits 1 (0.00s CPU time), remote cache hits 0 (0.00s CPU time), compiled 0 variants (0.00s CPU time), skipped 0 variants.
    Prepared data for serialisation in 0.00s
  Pass  (fp, d3d11) finished in 0.00 seconds. Local cache hits 1 (0.00s CPU time), remote cache hits 0 (0.00s CPU time), compiled 0 variants (0.00s CPU time), skipped 0 variants.
    Prepared data for serialisation in 0.00s
  Pass  (vp, d3d11) finished in 0.00 seconds. Local cache hits 1 (0.00s CPU time), remote cache hits 0 (0.00s CPU time), compiled 0 variants (0.00s CPU time), skipped 0 variants.
    Prepared data for serialisation in 0.00s
  Pass  (fp, d3d11) finished in 0.00 seconds. Local cache hits 1 (0.00s CPU time), remote cache hits 0 (0.00s CPU time), compiled 0 variants (0.00s CPU time), skipped 0 variants.
    Prepared data for serialisation in 0.00s
  Pass  (vp, d3d11) finished in 0.00 seconds. Local cache hits 1 (0.00s CPU time), remote cache hits 0 (0.00s CPU time), compiled 0 variants (0.00s CPU time), skipped 0 variants.
    Prepared data for serialisation in 0.00s
  Pass  (fp, d3d11) finished in 0.00 seconds. Local cache hits 1 (0.00s CPU time), remote cache hits 0 (0.00s CPU time), compiled 0 variants (0.00s CPU time), skipped 0 variants.
    Prepared data for serialisation in 0.00s
  Pass  (vp, d3d11) finished in 0.00 seconds. Local cache hits 1 (0.00s CPU time), remote cache hits 0 (0.00s CPU time), compiled 0 variants (0.00s CPU time), skipped 0 variants.
    Prepared data for serialisation in 0.00s
  Pass  (fp, d3d11) finished in 0.00 seconds. Local cache hits 1 (0.00s CPU time), remote cache hits 0 (0.00s CPU time), compiled 0 variants (0.00s CPU time), skipped 0 variants.
    Prepared data for serialisation in 0.00s
  Pass  (vp, d3d11) finished in 0.00 seconds. Local cache hits 1 (0.00s CPU time), remote cache hits 0 (0.00s CPU time), compiled 0 variants (0.00s CPU time), skipped 0 variants.
    Prepared data for serialisation in 0.00s
  Pass  (fp, d3d11) finished in 0.00 seconds. Local cache hits 1 (0.00s CPU time), remote cache hits 0 (0.00s CPU time), compiled 0 variants (0.00s CPU time), skipped 0 variants.
    Prepared data for serialisation in 0.00s
  Pass  (vp, d3d11) finished in 0.00 seconds. Local cache hits 1 (0.00s CPU time), remote cache hits 0 (0.00s CPU time), compiled 0 variants (0.00s CPU time), skipped 0 variants.
    Prepared data for serialisation in 0.00s
  Pass  (fp, d3d11) finished in 0.00 seconds. Local cache hits 1 (0.00s CPU time), remote cache hits 0 (0.00s CPU time), compiled 0 variants (0.00s CPU time), skipped 0 variants.
    Prepared data for serialisation in 0.00s
  Pass  (vp, d3d11) finished in 0.00 seconds. Local cache hits 1 (0.00s CPU time), remote cache hits 0 (0.00s CPU time), compiled 0 variants (0.00s CPU time), skipped 0 variants.
    Prepared data for serialisation in 0.00s
  Pass  (fp, d3d11) finished in 0.00 seconds. Local cache hits 1 (0.00s CPU time), remote cache hits 0 (0.00s CPU time), compiled 0 variants (0.00s CPU time), skipped 0 variants.
    Prepared data for serialisation in 0.00s
Serialized binary data for shader Hidden/Internal-ODSWorldTexture in 0.00s
    d3d11 (total internal programs: 20, unique: 15)
Compiling shader "Hidden/Internal-CubemapToEquirect"
  Pass "" (vp)
    Target graphics API: d3d11
    Full variant space:         1
    After settings filtering:   1
    After built-in stripping:   1
    After scriptable stripping: 1
    Processed in 0.00 seconds
  Pass "" (fp)
    Target graphics API: d3d11
    Full variant space:         1
    After settings filtering:   1
    After built-in stripping:   1
    After scriptable stripping: 1
    Processed in 0.00 seconds
  Pass  (vp, d3d11) finished in 0.00 seconds. Local cache hits 1 (0.00s CPU time), remote cache hits 0 (0.00s CPU time), compiled 0 variants (0.00s CPU time), skipped 0 variants.
    Prepared data for serialisation in 0.00s
  Pass  (fp, d3d11) finished in 0.00 seconds. Local cache hits 1 (0.00s CPU time), remote cache hits 0 (0.00s CPU time), compiled 0 variants (0.00s CPU time), skipped 0 variants.
    Prepared data for serialisation in 0.00s
Serialized binary data for shader Hidden/Internal-CubemapToEquirect in 0.00s
    d3d11 (total internal programs: 2, unique: 2)
Compiling shader "Hidden/VR/BlitFromTex2DToTexArraySlice"
  Pass "" (vp)
    Target graphics API: d3d11
    Full variant space:         1
    After settings filtering:   1
    After built-in stripping:   1
    After scriptable stripping: 1
    Processed in 0.00 seconds
  Pass "" (fp)
    Target graphics API: d3d11
    Full variant space:         1
    After settings filtering:   1
    After built-in stripping:   1
    After scriptable stripping: 1
    Processed in 0.00 seconds
  Pass "" (vp)
    Target graphics API: d3d11
    Full variant space:         1
    After settings filtering:   1
    After built-in stripping:   1
    After scriptable stripping: 1
    Processed in 0.00 seconds
  Pass "" (fp)
    Target graphics API: d3d11
    Full variant space:         1
    After settings filtering:   1
    After built-in stripping:   1
    After scriptable stripping: 1
    Processed in 0.00 seconds
  Pass "" (gp)
    Target graphics API: d3d11
    Full variant space:         1
    After settings filtering:   1
    After built-in stripping:   1
    After scriptable stripping: 1
    Processed in 0.00 seconds
  Pass  (vp, d3d11) finished in 0.00 seconds. Local cache hits 1 (0.00s CPU time), remote cache hits 0 (0.00s CPU time), compiled 0 variants (0.00s CPU time), skipped 0 variants.
    Prepared data for serialisation in 0.00s
  Pass  (fp, d3d11) finished in 0.00 seconds. Local cache hits 1 (0.00s CPU time), remote cache hits 0 (0.00s CPU time), compiled 0 variants (0.00s CPU time), skipped 0 variants.
    Prepared data for serialisation in 0.00s
  Pass  (vp, d3d11) finished in 0.00 seconds. Local cache hits 1 (0.00s CPU time), remote cache hits 0 (0.00s CPU time), compiled 0 variants (0.00s CPU time), skipped 0 variants.
    Prepared data for serialisation in 0.00s
  Pass  (fp, d3d11) finished in 0.00 seconds. Local cache hits 1 (0.00s CPU time), remote cache hits 0 (0.00s CPU time), compiled 0 variants (0.00s CPU time), skipped 0 variants.
    Prepared data for serialisation in 0.00s
  Pass  (gp, d3d11) finished in 0.00 seconds. Local cache hits 1 (0.00s CPU time), remote cache hits 0 (0.00s CPU time), compiled 0 variants (0.00s CPU time), skipped 0 variants.
    Prepared data for serialisation in 0.00s
Serialized binary data for shader Hidden/VR/BlitFromTex2DToTexArraySlice in 0.00s
    d3d11 (total internal programs: 5, unique: 5)
Compiling shader "Hidden/VideoComposite"
  Pass "Default" (vp)
    Target graphics API: d3d11
    Full variant space:         1
    After settings filtering:   1
    After built-in stripping:   1
    After scriptable stripping: 1
    Processed in 0.00 seconds
  Pass "Default" (fp)
    Target graphics API: d3d11
    Full variant space:         1
    After settings filtering:   1
    After built-in stripping:   1
    After scriptable stripping: 1
    Processed in 0.00 seconds
  Pass Default (vp, d3d11) finished in 0.00 seconds. Local cache hits 1 (0.00s CPU time), remote cache hits 0 (0.00s CPU time), compiled 0 variants (0.00s CPU time), skipped 0 variants.
    Prepared data for serialisation in 0.00s
  Pass Default (fp, d3d11) finished in 0.00 seconds. Local cache hits 1 (0.00s CPU time), remote cache hits 0 (0.00s CPU time), compiled 0 variants (0.00s CPU time), skipped 0 variants.
    Prepared data for serialisation in 0.00s
Serialized binary data for shader Hidden/VideoComposite in 0.00s
    d3d11 (total internal programs: 2, unique: 2)
Compiling shader "Hidden/VideoDecode"
  Pass "YCbCr_To_RGB1" (vp)
    Target graphics API: d3d11
    Full variant space:         2
    After settings filtering:   2
    After built-in stripping:   2
    After scriptable stripping: 2
    Processed in 0.00 seconds
  Pass "YCbCr_To_RGB1" (fp)
    Target graphics API: d3d11
    Full variant space:         2
    After settings filtering:   2
    After built-in stripping:   2
    After scriptable stripping: 2
    Processed in 0.00 seconds
  Pass "YCbCrA_To_RGBAFull" (vp)
    Target graphics API: d3d11
    Full variant space:         2
    After settings filtering:   2
    After built-in stripping:   2
    After scriptable stripping: 2
    Processed in 0.00 seconds
  Pass "YCbCrA_To_RGBAFull" (fp)
    Target graphics API: d3d11
    Full variant space:         2
    After settings filtering:   2
    After built-in stripping:   2
    After scriptable stripping: 2
    Processed in 0.00 seconds
  Pass "YCbCrA_To_RGBA" (vp)
    Target graphics API: d3d11
    Full variant space:         2
    After settings filtering:   2
    After built-in stripping:   2
    After scriptable stripping: 2
    Processed in 0.00 seconds
  Pass "YCbCrA_To_RGBA" (fp)
    Target graphics API: d3d11
    Full variant space:         2
    After settings filtering:   2
    After built-in stripping:   2
    After scriptable stripping: 2
    Processed in 0.00 seconds
  Pass "Flip_RGBA_To_RGBA" (vp)
    Target graphics API: d3d11
    Full variant space:         2
    After settings filtering:   2
    After built-in stripping:   2
    After scriptable stripping: 2
    Processed in 0.00 seconds
  Pass "Flip_RGBA_To_RGBA" (fp)
    Target graphics API: d3d11
    Full variant space:         2
    After settings filtering:   2
    After built-in stripping:   2
    After scriptable stripping: 2
    Processed in 0.00 seconds
  Pass "Flip_RGBASplit_To_RGBA" (vp)
    Target graphics API: d3d11
    Full variant space:         2
    After settings filtering:   2
    After built-in stripping:   2
    After scriptable stripping: 2
    Processed in 0.00 seconds
  Pass "Flip_RGBASplit_To_RGBA" (fp)
    Target graphics API: d3d11
    Full variant space:         2
    After settings filtering:   2
    After built-in stripping:   2
    After scriptable stripping: 2
    Processed in 0.00 seconds
  Pass "Flip_NV12_To_RGB1" (vp)
    Target graphics API: d3d11
    Full variant space:         2
    After settings filtering:   2
    After built-in stripping:   2
    After scriptable stripping: 2
    Processed in 0.00 seconds
  Pass "Flip_NV12_To_RGB1" (fp)
    Target graphics API: d3d11
    Full variant space:         2
    After settings filtering:   2
    After built-in stripping:   2
    After scriptable stripping: 2
    Processed in 0.00 seconds
  Pass "Flip_NV12_To_RGBA" (vp)
    Target graphics API: d3d11
    Full variant space:         2
    After settings filtering:   2
    After built-in stripping:   2
    After scriptable stripping: 2
    Processed in 0.00 seconds
  Pass "Flip_NV12_To_RGBA" (fp)
    Target graphics API: d3d11
    Full variant space:         2
    After settings filtering:   2
    After built-in stripping:   2
    After scriptable stripping: 2
    Processed in 0.00 seconds
  Pass "Flip_P010_To_RGB1" (vp)
    Target graphics API: d3d11
    Full variant space:         1
    After settings filtering:   1
    After built-in stripping:   1
    After scriptable stripping: 1
    Processed in 0.00 seconds
  Pass "Flip_P010_To_RGB1" (fp)
    Target graphics API: d3d11
    Full variant space:         1
    After settings filtering:   1
    After built-in stripping:   1
    After scriptable stripping: 1
    Processed in 0.00 seconds
  Pass YCbCr_To_RGB1 (vp, d3d11) finished in 0.00 seconds. Local cache hits 2 (0.00s CPU time), remote cache hits 0 (0.00s CPU time), compiled 0 variants (0.00s CPU time), skipped 0 variants.
    Prepared data for serialisation in 0.00s
  Pass YCbCr_To_RGB1 (fp, d3d11) finished in 0.00 seconds. Local cache hits 2 (0.00s CPU time), remote cache hits 0 (0.00s CPU time), compiled 0 variants (0.00s CPU time), skipped 0 variants.
    Prepared data for serialisation in 0.00s
  Pass YCbCrA_To_RGBAFull (vp, d3d11) finished in 0.00 seconds. Local cache hits 2 (0.00s CPU time), remote cache hits 0 (0.00s CPU time), compiled 0 variants (0.00s CPU time), skipped 0 variants.
    Prepared data for serialisation in 0.00s
  Pass YCbCrA_To_RGBAFull (fp, d3d11) finished in 0.00 seconds. Local cache hits 2 (0.00s CPU time), remote cache hits 0 (0.00s CPU time), compiled 0 variants (0.00s CPU time), skipped 0 variants.
    Prepared data for serialisation in 0.00s
  Pass YCbCrA_To_RGBA (vp, d3d11) finished in 0.00 seconds. Local cache hits 2 (0.00s CPU time), remote cache hits 0 (0.00s CPU time), compiled 0 variants (0.00s CPU time), skipped 0 variants.
    Prepared data for serialisation in 0.00s
  Pass YCbCrA_To_RGBA (fp, d3d11) finished in 0.00 seconds. Local cache hits 2 (0.00s CPU time), remote cache hits 0 (0.00s CPU time), compiled 0 variants (0.00s CPU time), skipped 0 variants.
    Prepared data for serialisation in 0.00s
  Pass Flip_RGBA_To_RGBA (vp, d3d11) finished in 0.00 seconds. Local cache hits 2 (0.00s CPU time), remote cache hits 0 (0.00s CPU time), compiled 0 variants (0.00s CPU time), skipped 0 variants.
    Prepared data for serialisation in 0.00s
  Pass Flip_RGBA_To_RGBA (fp, d3d11) finished in 0.00 seconds. Local cache hits 2 (0.00s CPU time), remote cache hits 0 (0.00s CPU time), compiled 0 variants (0.00s CPU time), skipped 0 variants.
    Prepared data for serialisation in 0.00s
  Pass Flip_RGBASplit_To_RGBA (vp, d3d11) finished in 0.00 seconds. Local cache hits 2 (0.00s CPU time), remote cache hits 0 (0.00s CPU time), compiled 0 variants (0.00s CPU time), skipped 0 variants.
    Prepared data for serialisation in 0.00s
  Pass Flip_RGBASplit_To_RGBA (fp, d3d11) finished in 0.00 seconds. Local cache hits 2 (0.00s CPU time), remote cache hits 0 (0.00s CPU time), compiled 0 variants (0.00s CPU time), skipped 0 variants.
    Prepared data for serialisation in 0.00s
  Pass Flip_NV12_To_RGB1 (vp, d3d11) finished in 0.00 seconds. Local cache hits 2 (0.00s CPU time), remote cache hits 0 (0.00s CPU time), compiled 0 variants (0.00s CPU time), skipped 0 variants.
    Prepared data for serialisation in 0.00s
  Pass Flip_NV12_To_RGB1 (fp, d3d11) finished in 0.00 seconds. Local cache hits 2 (0.00s CPU time), remote cache hits 0 (0.00s CPU time), compiled 0 variants (0.00s CPU time), skipped 0 variants.
    Prepared data for serialisation in 0.00s
  Pass Flip_NV12_To_RGBA (vp, d3d11) finished in 0.00 seconds. Local cache hits 2 (0.00s CPU time), remote cache hits 0 (0.00s CPU time), compiled 0 variants (0.00s CPU time), skipped 0 variants.
    Prepared data for serialisation in 0.00s
  Pass Flip_NV12_To_RGBA (fp, d3d11) finished in 0.00 seconds. Local cache hits 2 (0.00s CPU time), remote cache hits 0 (0.00s CPU time), compiled 0 variants (0.00s CPU time), skipped 0 variants.
    Prepared data for serialisation in 0.00s
  Pass Flip_P010_To_RGB1 (vp, d3d11) finished in 0.00 seconds. Local cache hits 1 (0.00s CPU time), remote cache hits 0 (0.00s CPU time), compiled 0 variants (0.00s CPU time), skipped 0 variants.
    Prepared data for serialisation in 0.00s
  Pass Flip_P010_To_RGB1 (fp, d3d11) finished in 0.00 seconds. Local cache hits 1 (0.00s CPU time), remote cache hits 0 (0.00s CPU time), compiled 0 variants (0.00s CPU time), skipped 0 variants.
    Prepared data for serialisation in 0.00s
Serialized binary data for shader Hidden/VideoDecode in 0.00s
    d3d11 (total internal programs: 30, unique: 19)
Compiling shader "Hidden/TextCore/Distance Field SSD"
  Pass "" (vp)
    Target graphics API: d3d11
    Full variant space:         1
    After settings filtering:   1
    After built-in stripping:   1
    After scriptable stripping: 1
    Processed in 0.00 seconds
  Pass "" (fp)
    Target graphics API: d3d11
    Full variant space:         1
    After settings filtering:   1
    After built-in stripping:   1
    After scriptable stripping: 1
    Processed in 0.00 seconds
  Pass  (vp, d3d11) finished in 0.00 seconds. Local cache hits 1 (0.00s CPU time), remote cache hits 0 (0.00s CPU time), compiled 0 variants (0.00s CPU time), skipped 0 variants.
    Prepared data for serialisation in 0.00s
  Pass  (fp, d3d11) finished in 0.00 seconds. Local cache hits 1 (0.00s CPU time), remote cache hits 0 (0.00s CPU time), compiled 0 variants (0.00s CPU time), skipped 0 variants.
    Prepared data for serialisation in 0.00s
Serialized binary data for shader Hidden/TextCore/Distance Field SSD in 0.00s
    d3d11 (total internal programs: 2, unique: 2)
Compiling shader "Hidden/Physics2D/SDF_CircleGeometry"
  Pass "" (vp)
    Target graphics API: d3d11
    Full variant space:         2
    After settings filtering:   2
    After built-in stripping:   1
    After scriptable stripping: 1
    Processed in 0.00 seconds
  Pass "" (fp)
    Target graphics API: d3d11
    Full variant space:         2
    After settings filtering:   2
    After built-in stripping:   1
    After scriptable stripping: 1
    Processed in 0.00 seconds
  Pass  (vp, d3d11) finished in 0.00 seconds. Local cache hits 1 (0.00s CPU time), remote cache hits 0 (0.00s CPU time), compiled 0 variants (0.00s CPU time), skipped 0 variants.
    Prepared data for serialisation in 0.00s
  Pass  (fp, d3d11) finished in 0.00 seconds. Local cache hits 1 (0.00s CPU time), remote cache hits 0 (0.00s CPU time), compiled 0 variants (0.00s CPU time), skipped 0 variants.
    Prepared data for serialisation in 0.00s
Serialized binary data for shader Hidden/Physics2D/SDF_CircleGeometry in 0.00s
    d3d11 (total internal programs: 2, unique: 2)
Compiling shader "Hidden/Physics2D/SDF_CapsuleGeometry"
  Pass "" (vp)
    Target graphics API: d3d11
    Full variant space:         2
    After settings filtering:   2
    After built-in stripping:   1
    After scriptable stripping: 1
    Processed in 0.00 seconds
  Pass "" (fp)
    Target graphics API: d3d11
    Full variant space:         2
    After settings filtering:   2
    After built-in stripping:   1
    After scriptable stripping: 1
    Processed in 0.00 seconds
  Pass  (vp, d3d11) finished in 0.00 seconds. Local cache hits 1 (0.00s CPU time), remote cache hits 0 (0.00s CPU time), compiled 0 variants (0.00s CPU time), skipped 0 variants.
    Prepared data for serialisation in 0.00s
  Pass  (fp, d3d11) finished in 0.00 seconds. Local cache hits 1 (0.00s CPU time), remote cache hits 0 (0.00s CPU time), compiled 0 variants (0.00s CPU time), skipped 0 variants.
    Prepared data for serialisation in 0.00s
Serialized binary data for shader Hidden/Physics2D/SDF_CapsuleGeometry in 0.00s
    d3d11 (total internal programs: 2, unique: 2)
Compiling shader "Hidden/Physics2D/SDF_PolygonGeometry"
  Pass "" (vp)
    Target graphics API: d3d11
    Full variant space:         2
    After settings filtering:   2
    After built-in stripping:   1
    After scriptable stripping: 1
    Processed in 0.00 seconds
  Pass "" (fp)
    Target graphics API: d3d11
    Full variant space:         2
    After settings filtering:   2
    After built-in stripping:   1
    After scriptable stripping: 1
    Processed in 0.00 seconds
  Pass  (vp, d3d11) finished in 0.00 seconds. Local cache hits 1 (0.00s CPU time), remote cache hits 0 (0.00s CPU time), compiled 0 variants (0.00s CPU time), skipped 0 variants.
    Prepared data for serialisation in 0.00s
  Pass  (fp, d3d11) finished in 0.00 seconds. Local cache hits 1 (0.00s CPU time), remote cache hits 0 (0.00s CPU time), compiled 0 variants (0.00s CPU time), skipped 0 variants.
    Prepared data for serialisation in 0.00s
Serialized binary data for shader Hidden/Physics2D/SDF_PolygonGeometry in 0.00s
    d3d11 (total internal programs: 2, unique: 2)
Compiling shader "Hidden/Physics2D/SDF_Line"
  Pass "" (vp)
    Target graphics API: d3d11
    Full variant space:         2
    After settings filtering:   2
    After built-in stripping:   1
    After scriptable stripping: 1
    Processed in 0.00 seconds
  Pass "" (fp)
    Target graphics API: d3d11
    Full variant space:         2
    After settings filtering:   2
    After built-in stripping:   1
    After scriptable stripping: 1
    Processed in 0.00 seconds
  Pass  (vp, d3d11) finished in 0.00 seconds. Local cache hits 1 (0.00s CPU time), remote cache hits 0 (0.00s CPU time), compiled 0 variants (0.00s CPU time), skipped 0 variants.
    Prepared data for serialisation in 0.00s
  Pass  (fp, d3d11) finished in 0.00 seconds. Local cache hits 1 (0.00s CPU time), remote cache hits 0 (0.00s CPU time), compiled 0 variants (0.00s CPU time), skipped 0 variants.
    Prepared data for serialisation in 0.00s
Serialized binary data for shader Hidden/Physics2D/SDF_Line in 0.00s
    d3d11 (total internal programs: 2, unique: 2)
Compiling shader "Hidden/Physics2D/SDF_Point"
  Pass "" (vp)
    Target graphics API: d3d11
    Full variant space:         2
    After settings filtering:   2
    After built-in stripping:   1
    After scriptable stripping: 1
    Processed in 0.00 seconds
  Pass "" (fp)
    Target graphics API: d3d11
    Full variant space:         2
    After settings filtering:   2
    After built-in stripping:   1
    After scriptable stripping: 1
    Processed in 0.00 seconds
  Pass  (vp, d3d11) finished in 0.00 seconds. Local cache hits 1 (0.00s CPU time), remote cache hits 0 (0.00s CPU time), compiled 0 variants (0.00s CPU time), skipped 0 variants.
    Prepared data for serialisation in 0.00s
  Pass  (fp, d3d11) finished in 0.00 seconds. Local cache hits 1 (0.00s CPU time), remote cache hits 0 (0.00s CPU time), compiled 0 variants (0.00s CPU time), skipped 0 variants.
    Prepared data for serialisation in 0.00s
Serialized binary data for shader Hidden/Physics2D/SDF_Point in 0.00s
    d3d11 (total internal programs: 2, unique: 2)
Compiling shader "SyntyStudios/SkyboxUnlit"
  Pass "Forward" (vp)
    Target graphics API: d3d11
    Full variant space:         6.144
    After settings filtering:   1.024
    After built-in stripping:   4
    After scriptable stripping: 4
    Processed in 0.00 seconds
  Pass "Forward" (fp)
    Target graphics API: d3d11
    Full variant space:         12.582.912
    After settings filtering:   4.096
    After built-in stripping:   16
    After scriptable stripping: 16
    Processed in 0.00 seconds
  Pass "ShadowCaster" (vp)
    Target graphics API: d3d11
    Full variant space:         4
    After settings filtering:   4
    After built-in stripping:   2
    After scriptable stripping: 2
    Processed in 0.00 seconds
  Pass "ShadowCaster" (fp)
    Target graphics API: d3d11
    Full variant space:         2
    After settings filtering:   2
    After built-in stripping:   1
    After scriptable stripping: 1
    Processed in 0.00 seconds
  Pass "DepthOnly" (vp)
    Target graphics API: d3d11
    Full variant space:         2
    After settings filtering:   2
    After built-in stripping:   1
    After scriptable stripping: 1
    Processed in 0.00 seconds
  Pass "DepthOnly" (fp)
    Target graphics API: d3d11
    Full variant space:         2
    After settings filtering:   2
    After built-in stripping:   1
    After scriptable stripping: 1
    Processed in 0.00 seconds
  Pass "Universal2D" (vp)
    Target graphics API: d3d11
    Full variant space:         1
    After settings filtering:   1
    After built-in stripping:   1
    After scriptable stripping: 0
    Processed in 0.00 seconds
  Pass "Universal2D" (fp)
    Target graphics API: d3d11
    Full variant space:         1
    After settings filtering:   1
    After built-in stripping:   1
    After scriptable stripping: 0
    Processed in 0.00 seconds
  Pass "DepthNormals" (vp)
    Target graphics API: d3d11
    Full variant space:         2
    After settings filtering:   2
    After built-in stripping:   1
    After scriptable stripping: 1
    Processed in 0.00 seconds
  Pass "DepthNormals" (fp)
    Target graphics API: d3d11
    Full variant space:         4
    After settings filtering:   2
    After built-in stripping:   1
    After scriptable stripping: 1
    Processed in 0.00 seconds
  Pass "GBuffer" (vp)
    Target graphics API: d3d11
    Full variant space:         1.024
    After settings filtering:   512
    After built-in stripping:   2
    After scriptable stripping: 0
    Processed in 0.00 seconds
  Pass "GBuffer" (fp)
    Target graphics API: d3d11
    Full variant space:         262.144
    After settings filtering:   1.024
    After built-in stripping:   4
    After scriptable stripping: 0
    Processed in 0.00 seconds
  Pass Forward (vp, d3d11) finished in 0.01 seconds. Local cache hits 4 (0.00s CPU time), remote cache hits 0 (0.00s CPU time), compiled 0 variants (0.00s CPU time), skipped 0 variants.
    Prepared data for serialisation in 0.00s
  Pass Forward (fp, d3d11) finished in 0.01 seconds. Local cache hits 16 (0.00s CPU time), remote cache hits 0 (0.00s CPU time), compiled 0 variants (0.00s CPU time), skipped 0 variants.
    Prepared data for serialisation in 0.00s
  Pass ShadowCaster (vp, d3d11) finished in 0.01 seconds. Local cache hits 2 (0.00s CPU time), remote cache hits 0 (0.00s CPU time), compiled 0 variants (0.00s CPU time), skipped 0 variants.
    Prepared data for serialisation in 0.00s
  Pass ShadowCaster (fp, d3d11) finished in 0.01 seconds. Local cache hits 1 (0.00s CPU time), remote cache hits 0 (0.00s CPU time), compiled 0 variants (0.00s CPU time), skipped 0 variants.
    Prepared data for serialisation in 0.00s
  Pass DepthOnly (vp, d3d11) finished in 0.01 seconds. Local cache hits 1 (0.00s CPU time), remote cache hits 0 (0.00s CPU time), compiled 0 variants (0.00s CPU time), skipped 0 variants.
    Prepared data for serialisation in 0.00s
  Pass DepthOnly (fp, d3d11) finished in 0.01 seconds. Local cache hits 1 (0.00s CPU time), remote cache hits 0 (0.00s CPU time), compiled 0 variants (0.00s CPU time), skipped 0 variants.
    Prepared data for serialisation in 0.00s
  Pass DepthNormals (vp, d3d11) finished in 0.01 seconds. Local cache hits 1 (0.00s CPU time), remote cache hits 0 (0.00s CPU time), compiled 0 variants (0.00s CPU time), skipped 0 variants.
    Prepared data for serialisation in 0.00s
  Pass DepthNormals (fp, d3d11) finished in 0.00 seconds. Local cache hits 1 (0.00s CPU time), remote cache hits 0 (0.00s CPU time), compiled 0 variants (0.00s CPU time), skipped 0 variants.
    Prepared data for serialisation in 0.00s
Serialized binary data for shader SyntyStudios/SkyboxUnlit in 0.00s
    d3d11 (total internal programs: 27, unique: 26)
Shader warning in 'SyntyStudios/SkyboxUnlit': _FORWARD_PLUS shader keyword has been deprecated. Please update your shaders to use _CLUSTER_LIGHT_LOOP shader keyword instead, otherwise shader compilation times may be negatively affected. at /GAME Ai/IsoRPG/Library/PackageCache/com.unity.render-pipelines.universal@d7774c218bdf/ShaderLibrary/ForwardPlusKeyword.deprecated.hlsl(12)
Shader warning in 'SyntyStudios/SkyboxUnlit': "UnityGBuffer.hlsl" is deprecated in 6.1! Please upgrade your shaders to include "GBufferOutput.hlsl" or "GBufferInput.hlsl" instead!
SpriteAtlasDatabase::Cleanup
info: Microsoft.AspNetCore.Hosting.Diagnostics[1]
      Request starting HTTP/2 POST http://ilpp/UnityILPP.PostProcessing/Ping - application/grpc -
info: Microsoft.AspNetCore.Routing.EndpointMiddleware[0]
      Executing endpoint 'gRPC - /UnityILPP.PostProcessing/Ping'
info: Microsoft.AspNetCore.Routing.EndpointMiddleware[1]
      Executed endpoint 'gRPC - /UnityILPP.PostProcessing/Ping'
info: Microsoft.AspNetCore.Hosting.Diagnostics[2]
      Request finished HTTP/2 POST http://ilpp/UnityILPP.PostProcessing/Ping - 200 - application/grpc 0.1527ms
Starting: C:\Program Files\Unity\Hub\Editor\6000.5.9f1\Editor\Data\Tools\BuildPipeline\bee_backend.exe --ipc --dagfile="Library/Bee/Playerbdb7fdde.dag" --profile="Library/Bee/backend1.traceevents" Player
WorkingDir: D:/GAME Ai/IsoRPG
[150/492    0s] CopyFiles D:/GAME Ai/Build/AdventuresOfZhenya/AdventuresOfZhenya_Data/app.info
[151/492    0s] CopyFiles D:/GAME Ai/Build/AdventuresOfZhenya/MonoBleedingEdge/etc/mono/config
[152/492    0s] CopyFiles D:/GAME Ai/Build/AdventuresOfZhenya/MonoBleedingEdge/etc/mono/4.5/Browsers/Compat.browser
[153/492    0s] CopyFiles D:/GAME Ai/Build/AdventuresOfZhenya/MonoBleedingEdge/etc/mono/4.0/web.config
[154/492    0s] CopyFiles D:/GAME Ai/Build/AdventuresOfZhenya/MonoBleedingEdge/etc/mono/4.0/settings.map
[155/492    0s] CopyFiles D:/GAME Ai/Build/AdventuresOfZhenya/MonoBleedingEdge/etc/mono/4.0/DefaultWsdlHelpGenerator.aspx
[156/492    0s] CopyFiles D:/GAME Ai/Build/AdventuresOfZhenya/MonoBleedingEdge/etc/mono/4.0/machine.config
[157/492    0s] CopyFiles D:/GAME Ai/Build/AdventuresOfZhenya/MonoBleedingEdge/etc/mono/browscap.ini
[158/492    0s] CopyFiles D:/GAME Ai/Build/AdventuresOfZhenya/MonoBleedingEdge/etc/mono/4.0/Browsers/Compat.browser
[159/492    0s] CopyFiles D:/GAME Ai/Build/AdventuresOfZhenya/MonoBleedingEdge/etc/mono/mconfig/config.xml
[160/492    0s] CopyFiles D:/GAME Ai/Build/AdventuresOfZhenya/MonoBleedingEdge/etc/mono/2.0/web.config
[161/492    0s] CopyFiles D:/GAME Ai/Build/AdventuresOfZhenya/MonoBleedingEdge/etc/mono/4.5/settings.map
[162/492    0s] CopyFiles D:/GAME Ai/Build/AdventuresOfZhenya/MonoBleedingEdge/etc/mono/4.5/web.config
[163/492    0s] CopyFiles D:/GAME Ai/Build/AdventuresOfZhenya/MonoBleedingEdge/etc/mono/4.5/machine.config
[164/492    0s] CopyFiles D:/GAME Ai/Build/AdventuresOfZhenya/MonoBleedingEdge/etc/mono/4.5/DefaultWsdlHelpGenerator.aspx
[165/492    0s] CopyFiles D:/GAME Ai/Build/AdventuresOfZhenya/MonoBleedingEdge/etc/mono/2.0/settings.map
[166/492    0s] CopyFiles D:/GAME Ai/Build/AdventuresOfZhenya/MonoBleedingEdge/etc/mono/2.0/machine.config
[167/492    0s] CopyFiles D:/GAME Ai/Build/AdventuresOfZhenya/MonoBleedingEdge/etc/mono/2.0/DefaultWsdlHelpGenerator.aspx
[168/492    0s] CopyFiles D:/GAME Ai/Build/AdventuresOfZhenya/MonoBleedingEdge/etc/mono/2.0/Browsers/Compat.browser
[169/492    0s] CopyFiles D:/GAME Ai/Build/AdventuresOfZhenya/AdventuresOfZhenya_Data/Resources/unity default resources
[171/492    0s] CopyFiles D:/GAME Ai/Build/AdventuresOfZhenya/dstorage.dll
[173/492    0s] CopyFiles D:/GAME Ai/Build/AdventuresOfZhenya/AdventuresOfZhenya_Data/Plugins/x86_64/libonigwrap.dll
[178/492    0s] CopyFiles D:/GAME Ai/Build/AdventuresOfZhenya/dstoragecore.dll
[182/492    0s] CopyFiles D:/GAME Ai/Build/AdventuresOfZhenya/MonoBleedingEdge/EmbedRuntime/MonoPosixHelper.dll
[185/492    0s] CopyFiles D:/GAME Ai/Build/AdventuresOfZhenya/AdventuresOfZhenya_Data/Managed/UnityEngine.ClusterInputModule.dll
[186/492    0s] CopyFiles D:/GAME Ai/Build/AdventuresOfZhenya/AdventuresOfZhenya_Data/Plugins/x86_64/lib_burst_generated.dll
[187/492    0s] CopyFiles D:/GAME Ai/Build/AdventuresOfZhenya/AdventuresOfZhenya_Data/Managed/UnityEngine.CrashReportingModule.dll
[189/492    0s] CopyFiles D:/GAME Ai/Build/AdventuresOfZhenya/AdventuresOfZhenya_Data/Managed/UnityEngine.ClusterRendererModule.dll
[197/492    0s] CopyFiles D:/GAME Ai/Build/AdventuresOfZhenya/UnityCrashHandler64.exe
[203/492    0s] CopyFiles D:/GAME Ai/Build/AdventuresOfZhenya/AdventuresOfZhenya_Data/sharedassets1.assets.resS
[204/492    0s] CopyFiles D:/GAME Ai/Build/AdventuresOfZhenya/AdventuresOfZhenya_Data/Managed/Unity.PathTracing.Runtime.dll
[205/492    0s] CopyFiles D:/GAME Ai/Build/AdventuresOfZhenya/AdventuresOfZhenya_Data/Managed/UnityEngine.UnityCurlModule.dll
[206/492    0s] CopyFiles D:/GAME Ai/Build/AdventuresOfZhenya/AdventuresOfZhenya_Data/Managed/UnityEngine.InputForUIModule.dll
[207/492    0s] CopyFiles D:/GAME Ai/Build/AdventuresOfZhenya/AdventuresOfZhenya_Data/Managed/UnityEngine.SubstanceModule.dll
[211/492    0s] CopyFiles D:/GAME Ai/Build/AdventuresOfZhenya/AdventuresOfZhenya_Data/Managed/Mono.Security.dll
[219/492    0s] CopyFiles D:/GAME Ai/Build/AdventuresOfZhenya/AdventuresOfZhenya_Data/Managed/UnityEngine.DSPGraphModule.dll
[223/492    0s] CopyFiles D:/GAME Ai/Build/AdventuresOfZhenya/AdventuresOfZhenya_DisplayProgressbar: Incremental Player Build
Data/Managed/UnityEngine.GraphicsStateCollectionSerializerModule.dll
[229/492    0s] CopyFiles D:/GAME Ai/Build/AdventuresOfZhenya/AdventuresOfZhenya_Data/sharedassets1.assets
[230/492    0s] CopyFiles D:/GAME Ai/Build/AdventuresOfZhenya/AdventuresOfZhenya_Data/Managed/Unity.Timeline.dll
[231/492    0s] CopyFiles D:/GAME Ai/Build/AdventuresOfZhenya/AdventuresOfZhenya_Data/Managed/UnityEngine.MultiplayerModule.dll
[232/492    0s] CopyFiles D:/GAME Ai/Build/AdventuresOfZhenya/AdventuresOfZhenya_Data/Managed/UnityEngine.TextRenderingModule.dll
[234/492    0s] CopyFiles D:/GAME Ai/Build/AdventuresOfZhenya/AdventuresOfZhenya_Data/Managed/UnityEngine.XRModule.dll
[235/492    0s] CopyFiles D:/GAME Ai/Build/AdventuresOfZhenya/AdventuresOfZhenya_Data/Managed/UnityEngine.PhysicsBackendPhysXModule.dll
[237/492    0s] CopyFiles D:/GAME Ai/Build/AdventuresOfZhenya/AdventuresOfZhenya_Data/Managed/UnityEngine.PhysicsModule.dll
[243/492    0s] CopyFiles D:/GAME Ai/Build/AdventuresOfZhenya/AdventuresOfZhenya_Data/Managed/UnityEngine.Physics2DModule.dll
[244/492    0s] CopyFiles D:/GAME Ai/Build/AdventuresOfZhenya/AdventuresOfZhenya_Data/Managed/UnityEngine.MathematicsModule.dll
[245/492    0s] CopyFiles D:/GAME Ai/Build/AdventuresOfZhenya/AdventuresOfZhenya_Data/Managed/UnityEngine.TerrainPhysicsModule.dll
[246/492    0s] CopyFiles D:/GAME Ai/Build/AdventuresOfZhenya/AdventuresOfZhenya_Data/Managed/UnityEngine.PhysicsCore2DModule.dll
[248/492    0s] CopyFiles D:/GAME Ai/Build/AdventuresOfZhenya/AdventuresOfZhenya_Data/Managed/Unity.Collections.LowLevel.ILSupport.dll
[250/492    0s] CopyFiles D:/GAME Ai/Build/AdventuresOfZhenya/AdventuresOfZhenya_Data/Managed/UnityEngine.VideoModule.dll
[251/492    0s] CopyFiles D:/GAME Ai/Build/AdventuresOfZhenya/AdventuresOfZhenya_Data/Managed/UnityEngine.TerrainModule.dll
[252/492    0s] CopyFiles D:/GAME Ai/Build/AdventuresOfZhenya/AdventuresOfZhenya_Data/Managed/Unity.RenderPipelines.Universal.Config.Runtime.dll
[253/492    0s] CopyFiles D:/GAME Ai/Build/AdventuresOfZhenya/AdventuresOfZhenya_Data/Managed/UnityEngine.UmbraModule.dll
[254/492    0s] CopyFiles D:/GAME Ai/Build/AdventuresOfZhenya/AdventuresOfZhenya_Data/Managed/UnityEngine.AMDModule.dll
[256/492    0s] CopyFiles D:/GAME Ai/Build/AdventuresOfZhenya/AdventuresOfZhenya_Data/Managed/System.ServiceModel.Internals.dll
[257/492    0s] CopyFiles D:/GAME Ai/Build/AdventuresOfZhenya/AdventuresOfZhenya_Data/Managed/UnityEngine.MarshallingModule.dll
[259/492    0s] CopyFiles D:/GAME Ai/Build/AdventuresOfZhenya/AdventuresOfZhenya_Data/Managed/System.Security.dll
[260/492    0s] CopyFiles D:/GAME Ai/Build/AdventuresOfZhenya/AdventuresOfZhenya_Data/Managed/UnityEngine.ClothModule.dll
[262/492    0s] CopyFiles D:/GAME Ai/Build/AdventuresOfZhenya/AdventuresOfZhenya_Data/Managed/System.Numerics.dll
[268/492    0s] CopyFiles D:/GAME Ai/Build/AdventuresOfZhenya/AdventuresOfZhenya_Data/Managed/System.Data.DataSetExtensions.dll
[275/492    0s] CopyFiles D:/GAME Ai/Build/AdventuresOfZhenya/AdventuresOfZhenya_Data/Managed/Unity.UnifiedRayTracing.Runtime.dll
[276/492    0s] CopyFiles D:/GAME Ai/Build/AdventuresOfZhenya/AdventuresOfZhenya_Data/Managed/UnityEngine.NVIDIAModule.dll
[277/492    0s] CopyFiles D:/GAME Ai/Build/AdventuresOfZhenya/AdventuresOfZhenya_Data/Managed/UnityEngine.GridModule.dll
[278/492    0s] CopyFiles D:/GAME Ai/Build/AdventuresOfZhenya/AdventuresOfZhenya_Data/Managed/UnityEngine.ScriptingModule.dll
[280/492    0s] CopyFiles D:/GAME Ai/Build/AdventuresOfZhenya/AdventuresOfZhenya_Data/Managed/UnityEngine.ImageConversionModule.dll
[281/492    0s] CopyFiles D:/GAME Ai/Build/AdventuresOfZhenya/AdventuresOfZhenya_Data/Managed/UnityEngine.InputLegacyModule.dll
[290/492    0s] CopyFiles D:/GAME Ai/Build/AdventuresOfZhenya/AdventuresOfZhenya_Data/Managed/Unity.InternalAPIEngineBridge.RenderPipelines.Core.Runtime.Shared.dll
[291/492    0s] CopyFiles D:/GAME Ai/Build/AdventuresOfZhenya/AdventuresOfZhenya_Data/Managed/Unity.Collections.dll
[299/492    0s] CopyFiles D:/GAME Ai/Build/AdventuresOfZhenya/AdventuresOfZhenya_Data/Managed/System.Runtime.dll
[300/492    0s] CopyFiles D:/GAME Ai/Build/AdventuresOfZhenya/AdventuresOfZhenya_Data/Managed/Unity.InternalAPIEngineBridge.004.dll
[301/492    0s] CopyFiles D:/GAME Ai/Build/AdventuresOfZhenya/AdventuresOfZhenya_Data/Managed/UnityEngine.HotReloadModule.dll
[302/492    0s] CopyFiles D:/GAME Ai/Build/AdventuresOfZhenya/AdventuresOfZhenya_Data/Managed/System.Collections.Immutable.dll
[303/492    0s] CopyFiles D:/GAME Ai/Build/AdventuresOfZhenya/AdventuresOfZhenya_Data/Managed/Unity.RenderPipelines.Core.Runtime.Shared.dll
[304/492    0s] CopyFiles D:/GAME Ai/Build/AdventuresOfZhenya/AdventuresOfZhenya_Data/Managed/Unity.RenderPipelines.Core.ShaderLibrary.dll
[305/492    0s] CopyFiles D:/GAME Ai/Build/AdventuresOfZhenya/AdventuresOfZhenya_Data/Managed/Unity.RenderPipelines.Universal.Shaders.dll
[306/492    0s] CopyFiles D:/GAME Ai/Build/AdventuresOfZhenya/AdventuresOfZhenya_Data/Managed/Unity.RenderPipelines.Universal.2D.Runtime.dll
[307/492    0s] CopyFiles D:/GAME Ai/Build/AdventuresOfZhenya/AdventuresOfZhenya_Data/Managed/System.Drawing.dll
[310/492    0s] CopyFiles D:/GAME Ai/Build/AdventuresOfZhenya/AdventuresOfZhenya_Data/Managed/Unity.RenderPipeline.Universal.ShaderLibrary.dll
[311/492    0s] CopyFiles D:/GAME Ai/Build/AdventuresOfZhenya/D3D12/D3D12Core.dll
[313/492    0s] CopyFiles D:/GAME Ai/Build/AdventuresOfZhenya/AdventuresOfZhenya_Data/Managed/UnityEngine.AndroidJNIModule.dll
[314/492    0s] CopyFiles D:/GAME Ai/Build/AdventuresOfZhenya/AdventuresOfZhenya_Data/Managed/Unity.RenderPipelines.GPUDriven.Runtime.dll
[316/492    0s] CopyFiles D:/GAME Ai/Build/AdventuresOfZhenya/AdventuresOfZhenya_Data/Managed/UnityEngine.UnityAnalyticsModule.dll
[317/492    0s] CopyFiles D:/GAME Ai/Build/AdventuresOfZhenya/AdventuresOfZhenya_Data/Managed/UnityEngine.UnityAnalyticsCommonModule.dll
[321/492    0s] CopyFiles D:/GAME Ai/Build/AdventuresOfZhenya/AdventuresOfZhenya_Data/Managed/UnityEngine.TLSModule.dll
[322/492    0s] CopyFiles D:/GAME Ai/Build/AdventuresOfZhenya/AdventuresOfZhenya_Data/Managed/System.Buffers.dll
[326/492    0s] CopyFiles D:/GAME Ai/Build/AdventuresOfZhenya/AdventuresOfZhenya_Data/Managed/UnityEngine.GameCenterModule.dll
[327/492    0s] CopyFiles D:/GAME Ai/Build/AdventuresOfZhenya/AdventuresOfZhenya_Data/Managed/System.ComponentModel.Composition.dll
[330/492    0s] CopyFiles D:/GAME Ai/Build/AdventuresOfZhenya/AdventuresOfZhenya_Data/Managed/Unity.RenderPipelines.Universal.Runtime.dll
[332/492    0s] CopyFiles D:/GAME Ai/Build/AdventuresOfZhenya/AdventuresOfZhenya_Data/Managed/Unity.Multiplayer.Center.Common.dll
[334/492    0s] CopyFiles D:/GAME Ai/Build/AdventuresOfZhenya/AdventuresOfZhenya_Data/Managed/Unity.RenderPipelines.Core.Runtime.dll
[336/492    0s] CopyFiles D:/GAME Ai/Build/AdventuresOfZhenya/AdventuresOfZhenya_Data/Managed/UnityEngine.ShaderVariantAnalyticsModule.dll
[337/492    0s] CopyFiles D:/GAME Ai/Build/AdventuresOfZhenya/AdventuresOfZhenya_Data/Managed/Unity.Burst.Unsafe.dll
[338/492    0s] CopyFiles D:/GAME Ai/Build/AdventuresOfZhenya/AdventuresOfZhenya_Data/Managed/Unity.AI.Navigation.dll
[339/492    0s] CopyFiles D:/GAME Ai/Build/AdventuresOfZhenya/AdventuresOfZhenya_Data/Managed/System.Transactions.dll
[341/492    0s] CopyFiles D:/GAME Ai/Build/AdventuresOfZhenya/AdventuresOfZhenya_Data/Managed/UnityEngine.VehiclesModule.dll
[342/492    0s] CopyFiles D:/GAME Ai/Build/AdventuresOfZhenya/AdventuresOfZhenya_Data/Managed/UnityEngine.TextCoreTextEngineModule.dll
[343/492    0s] CopyFiles D:/GAME Ai/Build/AdventuresOfZhenya/AdventuresOfZhenya_Data/Managed/UnityEngine.JSONSerializeModule.dll
[344/492    0s] CopyFiles D:/GAME Ai/Build/AdventuresOfZhenya/AdventuresOfZhenya_Data/Managed/System.Data.dll
[347/492    0s] CopyFiles D:/GAME Ai/Build/AdventuresOfZhenya/AdventuresOfZhenya_Data/Managed/UnityEngine.TextCoreFontEngineModule.dll
[349/492    0s] CopyFiles D:/GAME Ai/Build/AdventuresOfZhenya/AdventuresOfZhenya_Data/Managed/UnityEngine.InputModule.dll
[350/492    0s] CopyFiles D:/GAME Ai/Build/AdventuresOfZhenya/AdventuresOfZhenya_Data/Managed/UnityEngine.InsightsModule.dll
[351/492    0s] CopyFiles D:/GAME Ai/Build/AdventuresOfZhenya/AdventuresOfZhenya_Data/Managed/UnityEngine.AccessibilityModule.dll
[352/492    0s] CopyFiles D:/GAME Ai/Build/AdventuresOfZhenya/AdventuresOfZhenya_Data/Managed/UnityEngine.AnimationModule.dll
[353/492    0s] CopyFiles D:/GAME Ai/Build/AdventuresOfZhenya/AdventuresOfZhenya_Data/Managed/System.Memory.dll
[354/492    0s] CopyFiles D:/GAME Ai/Build/AdventuresOfZhenya/AdventuresOfZhenya_Data/Managed/netstandard.dll
[356/492    0s] CopyFiles D:/GAME Ai/Build/AdventuresOfZhenya/AdventuresOfZhenya_Data/Managed/System.Reflection.Metadata.dll
[359/492    0s] CopyFiles D:/GAME Ai/Build/AdventuresOfZhenya/AdventuresOfZhenya_Data/Managed/UnityEngine.U2DRuntimeModule.dll
[360/492    0s] CopyFiles D:/GAME Ai/Build/AdventuresOfZhenya/AdventuresOfZhenya_Data/Managed/UnityEngine.AdaptivePerformanceModule.dll
[361/492    0s] CopyFiles D:/GAME Ai/Build/AdventuresOfZhenya/AdventuresOfZhenya_Data/Managed/UnityEngine.VirtualTexturingModule.dll
[362/492    0s] CopyFiles D:/GAME Ai/Build/AdventuresOfZhenya/AdventuresOfZhenya_Data/Managed/UnityEngine.SubsystemsModule.dll
[363/492    0s] CopyFiles D:/GAME Ai/Build/AdventuresOfZhenya/AdventuresOfZhenya_Data/Managed/Unity.Burst.dll
[364/492    0s] CopyFiles D:/GAME Ai/Build/AdventuresOfZhenya/AdventuresOfZhenya_Data/Managed/UnityEngine.IMGUIModule.dll
[365/492    0s] CopyFiles D:/GAME Ai/Build/AdventuresOfZhenya/AdventuresOfZhenya_Data/Managed/System.Xml.Linq.dll
[367/492    0s] CopyFiles D:/GAME Ai/Build/AdventuresOfZhenya/AdventuresOfZhenya_Data/Managed/Assembly-CSharp.dll
[369/492    0s] CopyFiles D:/GAME Ai/Build/AdventuresOfZhenya/AdventuresOfZhenya_Data/Managed/UnityEngine.VFXModule.dll
[370/492    0s] CopyFiles D:/GAME Ai/Build/AdventuresOfZhenya/MonoBleedingEdge/EmbedRuntime/mono-2.0-bdwgc.dll
[371/492    0s] CopyFiles D:/GAME Ai/Build/AdventuresOfZhenya/AdventuresOfZhenya_Data/Managed/UnityEngine.SpriteMaskModule.dll
[372/492    0s] CopyFiles D:/GAME Ai/Build/AdventuresOfZhenya/AdventuresOfZhenya_Data/Managed/UnityEngine.AssetBundleModule.dll
[373/492    0s] CopyFiles D:/GAME Ai/Build/AdventuresOfZhenya/AdventuresOfZhenya_Data/Managed/UnityEngine.ScreenCaptureModule.dll
[375/492    0s] CopyFiles D:/GAME Ai/Build/AdventuresOfZhenya/AdventuresOfZhenya_Data/Managed/UnityEngine.IdentifiersModule.dll
[377/492    0s] CopyFiles D:/GAME Ai/Build/AdventuresOfZhenya/AdventuresOfZhenya_Data/Managed/UnityEngine.UIModule.dll
[378/492    0s] CopyFiles D:/GAME Ai/Build/AdventuresOfZhenya/AdventuresOfZhenya_Data/Managed/UnityEngine.WindModule.dll
[383/492    0s] CopyFiles D:/GAME Ai/Build/AdventuresOfZhenya/AdventuresOfZhenya_Data/Managed/UnityEngine.SharedInternalsModule.dll
[386/492    0s] CopyFiles D:/GAME Ai/Build/AdventuresOfZhenya/AdventuresOfZhenya_Data/Managed/Unity.Mathematics.dll
[388/492    0s] CopyFiles D:/GAME Ai/Build/AdventuresOfZhenya/AdventuresOfZhenya_Data/Managed/UnityEngine.TilemapModule.dll
[389/492    0s] CopyFiles D:/GAME Ai/Build/AdventuresOfZhenya/AdventuresOfZhenya_Data/Managed/UnityEngine.ContentLoadModule.dll
[392/492    0s] CopyFiles D:/GAME Ai/Build/AdventuresOfZhenya/AdventuresOfZhenya_Data/Managed/Unity.Scripting.dll
[394/492    0s] CopyFiles D:/GAME Ai/Build/AdventuresOfZhenya/AdventuresOfZhenya_Data/Managed/Unity.TextMeshPro.dll
[396/492    0s] CopyFiles D:/GAME Ai/Build/AdventuresOfZhenya/AdventuresOfZhenya_Data/Managed/UnityEngine.SpriteShapeModule.dll
[398/492    0s] CopyFiles D:/GAME Ai/Build/AdventuresOfZhenya/AdventuresOfZhenya_Data/Managed/UnityEngine.RenderAs2DModule.dll
[399/492    0s] CopyFiles D:/GAME Ai/Build/AdventuresOfZhenya/AdventuresOfZhenya_Data/Managed/UnityEngine.DirectorModule.dll
[400/492    0s] CopyFiles D:/GAME Ai/Build/AdventuresOfZhenya/AdventuresOfZhenya_Data/Managed/Unity.InputSystem.ForUI.dll
[401/492    0s] CopyFiles D:/GAME Ai/Build/AdventuresOfZhenya/AdventuresOfZhenya_Data/Managed/UnityEngine.dll
[403/492    0s] CopyFiles D:/GAME Ai/Build/AdventuresOfZhenya/AdventuresOfZhenya_Data/Managed/UnityEngine.GIModule.dll
[407/492    0s] CopyFiles D:/GAME Ai/Build/AdventuresOfZhenya/AdventuresOfZhenya_Data/Managed/UnityEngine.VectorGraphicsModule.dll
[408/492    0s] CopyFiles D:/GAME Ai/Build/AdventuresOfZhenya/AdventuresOfZhenya_Data/Managed/UnityEngine.CoreModule.dll
[410/492    0s] CopyFiles D:/GAME Ai/Build/AdventuresOfZhenya/AdventuresOfZhenya_Data/Managed/UnityEngine.AudioModule.dll
[411/492    0s] CopyFiles D:/GAME Ai/Build/AdventuresOfZhenya/AdventuresOfZhenya_Data/Managed/DistantLands.Cozy.Runtime.dll
[413/492    0s] CopyFiles D:/GAME Ai/Build/AdventuresOfZhenya/AdventuresOfZhenya_Data/Managed/Unity.RenderPipelines.ShaderGraph.ShaderGraphLibrary.dll
[414/492    0s] CopyFiles D:/GAME Ai/Build/AdventuresOfZhenya/AdventuresOfZhenya_Data/Managed/UnityEngine.ParticleSystemModule.dll
[415/492    0s] CopyFiles D:/GAME Ai/Build/AdventuresOfZhenya/AdventuresOfZhenya_Data/Managed/UnityEngine.LocalizationModule.dll
[416/492    0s] CopyFiles D:/GAME Ai/Build/AdventuresOfZhenya/AdventuresOfZhenya_Data/Managed/UnityEngine.UnityWebRequestTextureModule.dll
[417/492    0s] CopyFiles D:/GAME Ai/Build/AdventuresOfZhenya/AdventuresOfZhenya_Data/Managed/UnityEngine.PropertiesModule.dll
[418/492    0s] CopyFiles D:/GAME Ai/Build/AdventuresOfZhenya/AdventuresOfZhenya_Data/Managed/UnityEngine.UnityWebRequestModule.dll
[420/492    0s] CopyFiles D:/GAME Ai/Build/AdventuresOfZhenya/AdventuresOfZhenya_Data/Managed/UnityEngine.UnityWebRequestAssetBundleModule.dll
[421/492    0s] CopyFiles D:/GAME Ai/Build/AdventuresOfZhenya/AdventuresOfZhenya_Data/Managed/System.EnterpriseServices.dll
[426/492    0s] CopyFiles D:/GAME Ai/Build/AdventuresOfZhenya/AdventuresOfZhenya_Data/Managed/System.dll
[427/492    0s] CopyFiles D:/GAME Ai/Build/AdventuresOfZhenya/AdventuresOfZhenya_Data/Managed/UnityEngine.UnityWebRequestWWWModule.dll
[430/492    0s] CopyFiles D:/GAME Ai/Build/AdventuresOfZhenya/AdventuresOfZhenya_Data/Managed/UnityEngine.UnityWebRequestAudioModule.dll
[432/492    0s] CopyFiles D:/GAME Ai/Build/AdventuresOfZhenya/AdventuresOfZhenya_Data/Managed/System.Configuration.dll
[433/492    0s] CopyFiles D:/GAME Ai/Build/AdventuresOfZhenya/AdventuresOfZhenya_Data/Managed/UnityEngine.UnityConnectModule.dll
[434/492    0s] CopyFiles D:/GAME Ai/Build/AdventuresOfZhenya/AdventuresOfZhenya_Data/Managed/UnityEngine.UnityConsentModule.dll
[435/492    0s] CopyFiles D:/GAME Ai/Build/AdventuresOfZhenya/AdventuresOfZhenya_Data/Managed/System.Core.dll
[436/492    0s] CopyFiles D:/GAME Ai/Build/AdventuresOfZhenya/AdventuresOfZhenya_Data/Managed/UnityEngine.HierarchyCoreModule.dll
[438/492    0s] CopyFiles D:/GAME Ai/Build/AdventuresOfZhenya/AdventuresOfZhenya_Data/Managed/UnityEngine.UI.dll
[439/492    0s] CopyFiles D:/GAME Ai/Build/AdventuresOfZhenya/AdventuresOfZhenya_Data/Managed/UnityEngine.HierarchyModule.dll
[440/492    0s] CopyFiles D:/GAME Ai/Build/AdventuresOfZhenya/AdventuresOfZhenya_Data/Managed/Unity.VisualScripting.State.dll
[441/492    0s] CopyFiles D:/GAME Ai/Build/AdventuresOfZhenya/AdventuresOfZhenya_Data/Managed/UnityEngine.ARModule.dll
[442/492    0s] CopyFiles D:/GAME Ai/Build/AdventuresOfZhenya/AdventuresOfZhenya_Data/Managed/Unity.VisualScripting.DocCodeExamples.dll
[443/492    0s] CopyFiles D:/GAME Ai/Build/AdventuresOfZhenya/AdventuresOfZhenya_Data/Managed/UnityEngine.PerformanceReportingModule.dll
[444/492    0s] CopyFiles D:/GAME Ai/Build/AdventuresOfZhenya/AdventuresOfZhenya_Data/Managed/System.Runtime.CompilerServices.Unsafe.dll
[445/492    0s] CopyFiles D:/GAME Ai/Build/AdventuresOfZhenya/AdventuresOfZhenya_Data/Managed/Unity.VisualScripting.Antlr3.Runtime.dll
[453/492    0s] CopyFiles D:/GAME Ai/Build/AdventuresOfZhenya/AdventuresOfZhenya_Data/Managed/System.Xml.dll
[455/492    0s] CopyFiles D:/GAME Ai/Build/AdventuresOfZhenya/AdventuresOfZhenya_Data/Managed/UnityEngine.UIElementsModule.dll
[460/492    0s] CopyFiles D:/GAME Ai/Build/AdventuresOfZhenya/AdventuresOfZhenya_Data/Managed/Unity.SurfaceCache.Runtime.dll
[463/492    0s] CopyFiles D:/GAME Ai/Build/AdventuresOfZhenya/AdventuresOfZhenya_Data/Managed/System.IO.Compression.FileSystem.dll
[464/492    0s] CopyFiles D:/GAME Ai/Build/AdventuresOfZhenya/AdventuresOfZhenya_Data/Managed/Unity.VisualScripting.Flow.dll
[465/492    0s] CopyFiles D:/GAME Ai/Build/AdventuresOfZhenya/AdventuresOfZhenya_Data/Managed/System.IO.Compression.dll
[466/492    0s] CopyFiles D:/GAME Ai/Build/AdventuresOfZhenya/AdventuresOfZhenya_Data/Managed/UnityEngine.AIModule.dll
[467/492    0s] CopyFiles D:/GAME Ai/Build/AdventuresOfZhenya/AdventuresOfZhenya_Data/Managed/UnityEngine.RuntimeInitializeOnLoadManagerInitializerModule.dll
[468/492    0s] CopyFiles D:/GAME Ai/Build/AdventuresOfZhenya/AdventuresOfZhenya_Data/Managed/UnityEngine.StreamingModule.dll
[469/492    0s] CopyFiles D:/GAME Ai/Build/AdventuresOfZhenya/AdventuresOfZhenya_Data/Managed/Unity.VisualScripting.Core.dll
[470/492    0s] CopyFiles D:/GAME Ai/Build/AdventuresOfZhenya/AdventuresOfZhenya_Data/sharedassets0.assets
[471/492    0s] CopyFiles D:/GAME Ai/Build/AdventuresOfZhenya/AdventuresOfZhenya_Data/ScriptingAssemblies.json
[472/492    0s] CopyFiles D:/GAME Ai/Build/AdventuresOfZhenya/AdventuresOfZhenya_Data/Managed/System.Net.Http.dll
[473/492    0s] CopyFiles D:/GAME Ai/Build/AdventuresOfZhenya/AdventuresOfZhenya_Data/Resources/unity_builtin_extra
[474/492    0s] CopyFiles D:/GAME Ai/Build/AdventuresOfZhenya/AdventuresOfZhenya_Data/RuntimeInitializeOnLoads.json
[475/492    0s] CopyFiles D:/GAME Ai/Build/AdventuresOfZhenya/AdventuresOfZhenya_Data/sharedassets0.assets.resS
[476/492    0s] CopyFiles D:/GAME Ai/Build/AdventuresOfZhenya/AdventuresOfZhenya_Data/level0
[477/492    0s] CopyFiles D:/GAME Ai/Build/AdventuresOfZhenya/AdventuresOfZhenya_Data/sharedassets0.resource
[478/492    0s] CopyFiles D:/GAME Ai/Build/AdventuresOfZhenya/AdventuresOfZhenya_Data/resources.assets
[479/492    0s] CopyFiles D:/GAME Ai/Build/AdventuresOfZhenya/AdventuresOfZhenya_Data/Managed/System.Runtime.Serialization.dll
[480/492    0s] CopyFiles D:/GAME Ai/Build/AdventuresOfZhenya/AdventuresOfZhenya_Data/globalgamemanagers
[481/492    0s] CopyFiles D:/GAME Ai/Build/AdventuresOfZhenya/AdventuresOfZhenya_Data/globalgamemanagers.assets
[482/492    0s] CopyFiles D:/GAME Ai/Build/AdventuresOfZhenya/AdventuresOfZhenya_Data/level1
[483/492    0s] CopyFiles D:/GAME Ai/Build/AdventuresOfZhenya/AdventuresOfZhenya_Data/globalgamemanagers.assets.resS
[484/492    0s] CopyFiles D:/GAME Ai/Build/AdventuresOfZhenya/AdventuresOfZhenya_Data/Managed/Unity.InputSystem.dll
[485/492    0s] CopyFiles D:/GAME Ai/Build/AdventuresOfZhenya/AdventuresOfZhenya_Data/Managed/mscorlib.dll
[486/492    0s] CopyFiles D:/GAME Ai/Build/AdventuresOfZhenya/AdventuresOfZhenya_Data/resources.resource
[487/492    0s] CopyFiles D:/GAME Ai/Build/AdventuresOfZhenya/AdventuresOfZhenya_Data/resources.assets.resS
[488/492    0s] CopyFiles D:/GAME Ai/Build/AdventuresOfZhenya/AdventuresOfZhenya.exe
[489/492    0s] AddBootConfigGUID Library/Bee/artifacts/WinPlayerBuildProgram/boot.config
[490/492    0s] CopyFiles D:/GAME Ai/Build/AdventuresOfZhenya/UnityPlayer.dll
[491/492    0s] CopyFiles D:/GAME Ai/Build/AdventuresOfZhenya/AdventuresOfZhenya_Data/boot.config
*** Tundra build success (0.50 seconds), 194 items updated, 492 evaluated
ExitCode: 0 Duration: 0s529ms
Total cache size 112306678
Total cache size after purge 112306678, took 00:00:00.1664198

Asset Pipeline Refresh (id=bb48871eded80f54582440a815c907ce): Total: 0.654 seconds - Initiated by RefreshV2(NoUpdateAssetOptions)
	(Values over 0.05ms)
	Summary:
		Imports: total=0 (actual=0, local cache=0, cache server=0)
		Asset DB Process Time: managed=0 ms, native=647 ms
		Asset DB Callback time: managed=2 ms, native=3 ms
		Scripting: domain reloads=0, domain reload time=0 ms, compile time=0 ms, other=0 ms
		Project Asset Count: scripts=2760, non-scripts=43628
		Asset File Changes: new=0, changed=0, moved=0, deleted=2
		Scan Filter Count: 0
	ApplyChangesToAssetFolders: 0.193ms
	Scan: 24.294ms
	Collect global state as custom dependencies: 0.504ms
	OnSourceAssetsModified: 0.058ms
	ProcessAssetsWithTransientArtifactChanges: 0.228ms
	CategorizeAssets: 95.699ms
	ImportOutOfDateAssets: 466.494ms (23.863ms without children)
		ReloadNativeAssets: 0.110ms
		UnloadImportedAssets: 0.158ms
		EnsureUptoDateAssetsAreRegisteredWithGuidPM: 9.124ms
		ImportSchedulerStart: 433.233ms
	PostProcessAllAssets: 2.254ms
		XRBuildSystem.XRAssetImported 0.354ms
		MonoPostProcessAllAssets: 1.787ms
			SyncVS.PostprocessSyncProject 0.872ms
			ShaderGraphAssetPostProcessor.OnPostprocessAllAssets 0.357ms
			StyleCatalogPostProcessor.OnPostprocessAllAssets 0.096ms
			RetainedModeAssetPostprocessor.OnPostprocessAllAssets 0.092ms
	PostAssetChangesProfiler: 3.348ms
	GatherAllCurrentPrimaryImportResultRevisions: 2.920ms
	UnloadStreamsBegin: 1.558ms
	PersistCurrentRevisions: 2.980ms
	Untracked: 51.540ms


-------------------------------------------------------------------------------
Build Report
Uncompressed usage by category (Percentages based on user generated assets only):
Textures               244.6 mb	 72.3% 
Meshes                 34.0 mb	 10.0% 
Animations             480.9 kb	 0.1% 
Sounds                 47.0 mb	 13.9% 
Shaders                2.5 mb	 0.7% 
Other Assets           9.0 mb	 2.7% 
Levels                 428.9 kb	 0.1% 
File headers           146.7 kb	 0.0% 
Total User Assets      338.3 mb	 100.0% 
Complete build size    432.0 mb
Used Assets and files from the Resources folder, sorted by uncompressed size:
 29.3 mb	 6.8% Assets/PolygonFantasyHeroCharacters/Models/ModularCharacters.fbx
 21.3 mb	 4.9% Assets/TriForge Assets/Fantasy Forest Environment/Textures/Utility/T_WindMask.png
 16.0 mb	 3.7% Packages/com.distantlands.cozy.core/Content/Art/Textures/Stars and Night FX/constellation_figures_8k.tif
 16.0 mb	 3.7% Packages/com.distantlands.cozy.core/Content/Art/Textures/Stars and Night FX/starmap_2020_8k.png
 16.0 mb	 3.7% Packages/com.distantlands.cozy.core/Content/Art/Textures/Stars and Night FX/galaxymap.png
 10.7 mb	 2.5% Packages/com.distantlands.cozy.core/Content/Art/Textures/Cloud Textures/Painted Noise.png
 9.1 mb	 2.1% Assets/_Game/Art/Materials/ArenaTerrain.asset
 8.9 mb	 2.1% Packages/com.distantlands.cozy.core/Content/Art/Audio/mixkit-pond-ambience-with-crickets-1783.wav
 6.0 mb	 1.4% Assets/_Game/Audio/Music/MainMenuTheme.mp3
 5.8 mb	 1.3% Packages/com.distantlands.cozy.core/Content/Art/Audio/mixkit-blizzard-cold-winds-1153.wav
 5.3 mb	 1.2% Packages/com.distantlands.cozy.core/Content/Art/Textures/Luxury Clouds/Partly Cloudy Luxury Texture 2.png
 5.3 mb	 1.2% Packages/com.distantlands.cozy.core/Content/Art/Textures/Luxury Clouds/Mostly Cloudy Luxury Texture 2.png
 5.3 mb	 1.2% Packages/com.distantlands.cozy.core/Content/Art/Textures/Luxury Clouds/Altocumulus Luxury Texture.png
 5.3 mb	 1.2% Packages/com.distantlands.cozy.core/Content/Art/Textures/Luxury Clouds/Luxury Cloud Texture 1.png
 5.3 mb	 1.2% Packages/com.distantlands.cozy.core/Content/Art/Textures/Luxury Clouds/Medium Nimbus Luxury.png
 5.3 mb	 1.2% Packages/com.distantlands.cozy.core/Content/Art/Textures/Luxury Clouds/Luxury Border High.png
 5.3 mb	 1.2% Packages/com.distantlands.cozy.core/Content/Art/Textures/Luxury Clouds/Low Nimbus Luxury.png
 5.3 mb	 1.2% Packages/com.distantlands.cozy.core/Content/Art/Textures/Luxury Clouds/High Nimbus Luxury.png
 5.3 mb	 1.2% Packages/com.distantlands.cozy.core/Content/Art/Textures/Stars and Night FX/Moon Bumpmap 1.png
 5.3 mb	 1.2% Packages/com.distantlands.cozy.core/Content/Art/Textures/Stars and Night FX/Moon Bumpmap.png
 5.1 mb	 1.2% Packages/com.distantlands.cozy.core/Content/Art/Audio/mixkit-owl-in-a-forest-2466.wav
 4.8 mb	 1.1% Assets/Synty/PolygonFantasyCharacters/Models/Characters.fbx
 4.5 mb	 1.1% Assets/_Game/Resources/UI/Frame_Enemy.png
 4.5 mb	 1.1% Assets/_Game/Resources/UI/Frame_Player.png
 4.5 mb	 1.1% Assets/_Game/Resources/UI/Frame_Neutral.png
 4.5 mb	 1.0% Assets/_Game/Art/UI/MainMenuBackground.png
 4.4 mb	 1.0% Assets/_Game/Art/UI/Logo.png
 4.0 mb	 0.9% Packages/com.distantlands.cozy.core/Content/Art/Audio/mixkit-light-rain-atmosphere-2474.wav
 3.2 mb	 0.7% Packages/com.distantlands.cozy.core/Content/Art/Audio/mixkit-desert-ambience-2495.wav
 2.9 mb	 0.7% Assets/_Game/Resources/UI/Frame_Abilities.png
 2.7 mb	 0.6% Built-in Texture2D: Splash Screen Unity Logo
 2.7 mb	 0.6% Packages/com.distantlands.cozy.core/Content/Art/Textures/Luxury Clouds/Overcast Luxury Texture.png
 2.7 mb	 0.6% Packages/com.distantlands.cozy.core/Content/Art/Textures/Fog/Fog Variation Noise.png
 2.7 mb	 0.6% Packages/com.distantlands.cozy.core/Content/Art/Textures/Stars and Night FX/Galaxy Placement.png
 2.7 mb	 0.6% Packages/com.distantlands.cozy.core/Content/Art/Textures/Cloud Textures/Cirrostratus.png
 2.7 mb	 0.6% Packages/com.distantlands.cozy.core/Content/Art/Textures/Cloud Textures/Chemtrails.png
 2.7 mb	 0.6% Packages/com.distantlands.cozy.core/Content/Art/Textures/Cloud Textures/Altocumulus.png
 2.7 mb	 0.6% Packages/com.distantlands.cozy.core/Content/Demo/Textures/Grass_H.png
 2.7 mb	 0.6% Packages/com.distantlands.cozy.core/Content/Art/Textures/Cloud Textures/Cirrus 3.png
 2.7 mb	 0.6% Packages/com.distantlands.cozy.core/Content/Art/Audio/mixkit-light-rain-loop-1253.wav
 1.8 mb	 0.4% Packages/com.distantlands.cozy.core/Content/Art/Audio/mixkit-rain-and-thunder-storm-2390.wav
 1.8 mb	 0.4% Packages/com.distantlands.cozy.core/Content/Art/Audio/mixkit-arctic-winds-1154.wav
 1.7 mb	 0.4% Packages/com.distantlands.cozy.core/Content/Art/Audio/mixkit-forest-birds-chirp-ambiance-69.wav
 1.4 mb	 0.3% Assets/_Game/Resources/UI/Win2_EdgeV.png
 1.4 mb	 0.3% Assets/_Game/Resources/UI/Win2_Edge.png
 1.4 mb	 0.3% Packages/com.distantlands.cozy.core/Content/Art/Audio/mixkit-wind-in-the-forest-1237.wav
 1.3 mb	 0.3% Assets/TriForge Assets/Fantasy Forest Environment/Textures/Terrain/T_FFE_Forestfloor01.tga
 1.3 mb	 0.3% Packages/com.distantlands.cozy.core/Content/Demo/Textures/Leaf Texture 5.png
 1.3 mb	 0.3% Packages/com.distantlands.cozy.core/Content/Demo/Textures/Leaf Texture 2.png
 1.3 mb	 0.3% Assets/TriForge Assets/Fantasy Forest Environment/Textures/Terrain/T_FFE_Dirt2.tga
 1.3 mb	 0.3% Packages/com.distantlands.cozy.core/Content/Art/Textures/Particle/Snowflake.png
 1.3 mb	 0.3% Packages/com.distantlands.cozy.core/Content/Art/Textures/Particle/Steam 1.png
 1.3 mb	 0.3% Packages/com.distantlands.cozy.core/Content/Art/Textures/Particle/Leaves.png
 1.3 mb	 0.3% Packages/com.distantlands.cozy.core/Content/Demo/Textures/Tex7_N.png
 1.3 mb	 0.3% Packages/com.distantlands.cozy.core/Content/Demo/Textures/Tex4_N.png
 1.2 mb	 0.3% Assets/_Game/Resources/UI/Combo_Full.png
 1.2 mb	 0.3% Assets/_Game/Resources/UI/Combo_Empty.png
 1.1 mb	 0.3% Packages/com.distantlands.cozy.core/Content/Art/Audio/mixkit-thunder-with-rain-in-the-storm-1294.wav
 1.1 mb	 0.2% Packages/com.distantlands.cozy.core/Content/Art/Audio/mixkit-light-rain-loop-2393.wav
 1.1 mb	 0.2% Packages/com.distantlands.cozy.core/Content/Art/Audio/mixkit-meadow-wind-light-1166.wav
 1.0 mb	 0.2% Assets/TextMesh Pro/Resources/Fonts & Materials/LiberationSans SDF.asset
 1.0 mb	 0.2% Assets/_Game/Resources/UI/Portraits/Skeleton_Warrior.png
 1.0 mb	 0.2% Assets/_Game/Resources/UI/Portraits/Skeleton_Archer.png
 1.0 mb	 0.2% Assets/_Game/Resources/UI/Portraits/Forest_Archer.png
 1.0 mb	 0.2% Assets/_Game/Resources/UI/Portraits/Quest_Giver.png
 1.0 mb	 0.2% Assets/_Game/Resources/UI/Portraits/Bone_Lord.png
 1.0 mb	 0.2% Assets/_Game/Resources/UI/Portraits/Bandit_Chief.png
 1.0 mb	 0.2% Assets/_Game/Resources/UI/Portraits/Warlock.png
 1.0 mb	 0.2% Assets/_Game/Resources/UI/Portraits/Scout.png
 1.0 mb	 0.2% Assets/_Game/Resources/UI/Portraits/Player.png
 1.0 mb	 0.2% Assets/_Game/Resources/UI/Portraits/Merchant.png
 1.0 mb	 0.2% Assets/_Game/Resources/UI/Portraits/Bandit.png
 850.6 kb	 0.2% Packages/com.distantlands.cozy.core/Content/Art/Audio/mixkit-big-thunder-with-rain-1291.wav
 795.2 kb	 0.2% Assets/_Game/Resources/UI/Win2_Corner.png
 793.9 kb	 0.2% Assets/_Game/Resources/UI/Frame_Inset.png
 689.9 kb	 0.2% Assets/_Game/Resources/UI/Frame_Window.png
 682.9 kb	 0.2% Assets/PolygonFantasyHeroCharacters/Textures/Masks/PolygonFantasyHero_Texture_Mask_05.png
 682.9 kb	 0.2% Assets/PolygonFantasyHeroCharacters/Textures/Masks/PolygonFantasyHero_Texture_Mask_04.png
 682.9 kb	 0.2% Assets/PolygonFantasyHeroCharacters/Textures/Masks/PolygonFantasyHero_Texture_Mask_03.png
 682.9 kb	 0.2% Assets/PolygonFantasyHeroCharacters/Textures/Masks/PolygonFantasyHero_Texture_Mask_02.png
 682.9 kb	 0.2% Assets/PolygonFantasyHeroCharacters/Textures/Masks/PolygonFantasyHero_Texture_Mask_01.png
 682.8 kb	 0.2% Assets/Synty/PolygonFantasyCharacters/Textures/PolygonFantasyCharacters_01_Emmision.png
 682.8 kb	 0.2% Assets/PolygonFantasyHeroCharacters/Textures/Textures/PolygonFantasyHero_Texture_01_A.png
 682.8 kb	 0.2% Packages/com.distantlands.cozy.core/Content/Art/Textures/Stars and Night FX/Light Columns 3.png
 682.8 kb	 0.2% Assets/Synty/PolygonFantasyCharacters/Textures/PolygonFantasyCharacters_01_A.png
 682.8 kb	 0.2% Packages/com.distantlands.cozy.core/Content/Art/Textures/Stars and Night FX/Moon Texture.png
 682.8 kb	 0.2% Packages/com.distantlands.cozy.core/Content/Demo/Textures/Tex4.png
 682.8 kb	 0.2% Packages/com.distantlands.cozy.core/Content/Demo/Textures/Tex3.png
 654.2 kb	 0.1% Resources/unity_builtin_extra
 584.5 kb	 0.1% Packages/com.distantlands.cozy.core/Content/Art/Audio/mixkit-electric-welding-and-sparkles-2603.wav
 551.1 kb	 0.1% Assets/_Game/Resources/UI/Frame_ListPanel.png
 344.5 kb	 0.1% Assets/TextMesh Pro/Fonts/LiberationSans.ttf
 342.1 kb	 0.1% Assets/_Game/Resources/UI/Abilities_Gem.png
 341.5 kb	 0.1% Assets/TriForge Assets/Fantasy Forest Environment/Textures/Terrain/T_FFE_Grass01.tga
 341.5 kb	 0.1% Assets/TriForge Assets/Fantasy Forest Environment/Textures/T_FFE_Grassset01.tga
 341.5 kb	 0.1% Assets/TriForge Assets/Fantasy Forest Environment/Textures/Terrain/T_FFE_Dirt01.tga
 341.5 kb	 0.1% Packages/com.distantlands.cozy.core/Content/Art/Textures/Particle/Butterfly.png
 341.5 kb	 0.1% Packages/com.distantlands.cozy.core/Content/Demo/Textures/Grass 3.png
 341.5 kb	 0.1% Packages/com.distantlands.cozy.core/Content/Art/Textures/Particle/Drop.png
 341.5 kb	 0.1% Packages/com.distantlands.cozy.core/Content/Art/Textures/Particle/Dot.png
 341.5 kb	 0.1% Packages/com.distantlands.cozy.core/Content/Art/Textures/Particle/Bird.png
 341.5 kb	 0.1% Packages/com.distantlands.cozy.core/Content/Art/Flares/Flare.png
 307.6 kb	 0.1% Assets/_Game/Resources/UI/Combo_Rail.png
 264.0 kb	 0.1% Assets/_Game/Scenes/Arena/NavMesh-ArenaTerrain.asset
 262.6 kb	 0.1% Packages/com.unity.render-pipelines.universal/Textures/SMAA/AreaTex.tga
 258.4 kb	 0.1% Assets/_Game/Art/UI/Icons/Items/I_Pelt.png
 258.3 kb	 0.1% Assets/_Game/Art/UI/Icons/Items/I_SwiftRing.png
 258.2 kb	 0.1% Packages/com.distantlands.cozy.core/Runtime/Shaders/Stylized Grass.shader
 258.0 kb	 0.1% Assets/_Game/Art/UI/Icons/Items/I_SkeletonBone.png
 257.9 kb	 0.1% Assets/_Game/Art/UI/Icons/Items/I_ShadowfangDagger.png
 257.8 kb	 0.1% Assets/_Game/Art/UI/Icons/Items/I_Dart.png
 257.6 kb	 0.1% Assets/_Game/Art/UI/Icons/Items/I_LeatherChest.png
 257.5 kb	 0.1% Assets/_Game/Art/UI/Icons/Items/I_CryptKey.png
 257.5 kb	 0.1% Assets/_Game/Art/UI/Icons/Items/I_Apple.png
 257.4 kb	 0.1% Assets/_Game/Art/UI/Icons/Items/I_WornCloak.png
 257.4 kb	 0.1% Assets/_Game/Art/UI/Icons/Items/I_Buckle.png
 257.3 kb	 0.1% Assets/_Game/Art/UI/Icons/Items/I_RingOfTheBoneLord.png
 257.2 kb	 0.1% Assets/_Game/Art/UI/Icons/Items/I_BanditDagger.png
 257.2 kb	 0.1% Assets/_Game/Art/UI/Icons/Items/I_RustyDagger.png
 257.1 kb	 0.1% Assets/_Game/Art/UI/Icons/Items/I_BoneNecklace.png
 256.3 kb	 0.1% Assets/_Game/Resources/UI/Frame_TitlePlate.png
 256.1 kb	 0.1% Packages/com.unity.render-pipelines.universal/Textures/FilmGrain/Thin02.png
 256.1 kb	 0.1% Packages/com.unity.render-pipelines.universal/Textures/FilmGrain/Thin01.png
 256.1 kb	 0.1% Packages/com.unity.render-pipelines.universal/Textures/FilmGrain/Medium06.png
 256.1 kb	 0.1% Packages/com.unity.render-pipelines.universal/Textures/FilmGrain/Medium05.png
 256.1 kb	 0.1% Packages/com.unity.render-pipelines.universal/Textures/FilmGrain/Medium04.png
 256.1 kb	 0.1% Packages/com.unity.render-pipelines.universal/Textures/FilmGrain/Medium03.png
 256.1 kb	 0.1% Packages/com.unity.render-pipelines.universal/Textures/FilmGrain/Medium02.png
 256.1 kb	 0.1% Packages/com.unity.render-pipelines.universal/Textures/FilmGrain/Medium01.png
 256.1 kb	 0.1% Packages/com.unity.render-pipelines.universal/Textures/FilmGrain/Large02.png
 256.1 kb	 0.1% Packages/com.unity.render-pipelines.universal/Textures/FilmGrain/Large01.png
 192.6 kb	 0.0% Assets/_Game/Art/UI/Icons/Talents/TL_DeadlyStrike.png
 192.6 kb	 0.0% Assets/_Game/Art/UI/Icons/Talents/TL_Camouflage.png
 192.6 kb	 0.0% Assets/_Game/Art/UI/Icons/Talents/TL_Bloodthirst.png
 192.6 kb	 0.0% Assets/_Game/Art/UI/Icons/Talents/TL_BladeFlurry.png
 192.6 kb	 0.0% Assets/_Game/Art/UI/Icons/Talents/TL_Vanish.png
 192.6 kb	 0.0% Assets/_Game/Art/UI/Icons/Talents/TL_Toughness.png
 192.6 kb	 0.0% Assets/_Game/Art/UI/Icons/Talents/TL_Swiftness.png
 192.6 kb	 0.0% Assets/_Game/Art/UI/Icons/Talents/TL_Silence.png
 192.6 kb	 0.0% Assets/_Game/Art/UI/Icons/Talents/TL_Shadow.png
 192.6 kb	 0.0% Assets/_Game/Art/UI/Icons/Talents/TL_Precision.png
 192.6 kb	 0.0% Assets/_Game/Art/UI/Icons/Talents/TL_Execution.png
 192.6 kb	 0.0% Assets/_Game/Art/UI/Icons/Talents/TL_Evasion.png
 192.6 kb	 0.0% Assets/_Game/Art/UI/Icons/Talents/TL_ColdBlood.png
 192.6 kb	 0.0% Assets/_Game/Art/UI/Icons/Talents/TL_Brutality.png
 192.6 kb	 0.0% Assets/_Game/Art/UI/Icons/Talents/TL_Bleeding.png
 192.6 kb	 0.0% Assets/_Game/Art/UI/Icons/Talents/TL_Ambush.png
 192.6 kb	 0.0% Assets/_Game/Art/UI/Icons/Talents/TL_Slip.png
 192.6 kb	 0.0% Assets/_Game/Art/UI/Icons/Talents/TL_Parry.png
 191.6 kb	 0.0% Assets/TextMesh Pro/Shaders/TMP_SDF-Mobile.shader
 185.7 kb	 0.0% Assets/_Game/Resources/UI/Button_Gold.png
 151.7 kb	 0.0% Assets/TriForge Assets/Fantasy Forest Environment/Shaders/TreeWind2.shader
 147.8 kb	 0.0% Assets/_Game/Resources/UI/Button_Plain.png
 147.8 kb	 0.0% Assets/_Game/Resources/UI/Button_Danger.png
 142.2 kb	 0.0% Packages/com.unity.render-pipelines.universal/Shaders/Particles/ParticlesLit.shader
 134.6 kb	 0.0% Packages/com.distantlands.cozy.core/Runtime/Shaders/Stylized Leaves.shader
 132.3 kb	 0.0% Assets/_Game/Resources/UI/Check_On.png
 128.2 kb	 0.0% Packages/com.distantlands.cozy.core/Content/Resources/Materials/Reflection Cubemap.cubemap
 120.6 kb	 0.0% Assets/Synty/AnimationBaseLocomotion/Animations/Polygon/Masculine/Idle/A_Idle_Standing_Masc.fbx
 117.9 kb	 0.0% Assets/_Game/Resources/UI/Scroll_Track.png
 114.3 kb	 0.0% Packages/com.unity.render-pipelines.universal/Shaders/PostProcessing/UberPost.shader
 103.1 kb	 0.0% Assets/_Game/Resources/UI/Check_Off.png
 98.5 kb	 0.0% Assets/_Game/Resources/UI/Socket.png
 95.7 kb	 0.0% Assets/_Game/Resources/UI/Frame_Gem.png
 93.9 kb	 0.0% Assets/Synty/PolygonGeneric/Shaders/Generic_Basic.shadergraph
 89.2 kb	 0.0% Assets/_Game/Resources/UI/Slider_Knob.png
 84.9 kb	 0.0% Packages/com.unity.render-pipelines.universal/Shaders/Terrain/TerrainLit.shader
 82.9 kb	 0.0% Assets/ExplosiveLLC/RPG Character Mecanim Animation Pack/Animations/1Hand-Dagger/RPG-Character@Dagger-Attack-L2.FBX
 82.3 kb	 0.0% Assets/ExplosiveLLC/RPG Character Mecanim Animation Pack/Animations/1Hand-Dagger/RPG-Character@Dagger-Attack-R1.FBX
 79.7 kb	 0.0% Packages/com.distantlands.cozy.core/Runtime/Shaders/Disabled Shader.shader
 75.0 kb	 0.0% Assets/_Game/Resources/UI/Slot.png
 74.3 kb	 0.0% Packages/com.unity.render-pipelines.universal/Shaders/Particles/ParticlesSimpleLit.shader
 74.0 kb	 0.0% Assets/Synty/AnimationBaseLocomotion/Animations/Polygon/Masculine/Locomotion/Walk/A_Walk_F_Masc.fbx
 72.3 kb	 0.0% Assets/_Game/Resources/UI/Frame_ListRow.png
 70.5 kb	 0.0% Packages/com.unity.render-pipelines.universal/Shaders/Terrain/TerrainLitAdd.shader
 68.3 kb	 0.0% Packages/com.unity.render-pipelines.core/Runtime/Vrs/Shaders/VrsTexture.compute
 65.7 kb	 0.0% Packages/com.unity.render-pipelines.universal/Shaders/Utils/CoreBlit.shader
 64.7 kb	 0.0% Packages/com.unity.render-pipelines.universal/Shaders/Terrain/TerrainLitBase.shader
 64.2 kb	 0.0% Packages/com.unity.render-pipelines.universal/Textures/BlueNoise256/LDR_LLL1_6.png
 64.2 kb	 0.0% Packages/com.unity.render-pipelines.universal/Textures/BlueNoise256/LDR_LLL1_5.png
 64.2 kb	 0.0% Packages/com.unity.render-pipelines.universal/Textures/BlueNoise256/LDR_LLL1_4.png
 64.2 kb	 0.0% Packages/com.unity.render-pipelines.universal/Textures/BlueNoise256/LDR_LLL1_3.png
 64.2 kb	 0.0% Packages/com.unity.render-pipelines.universal/Textures/BlueNoise256/LDR_LLL1_2.png
 64.2 kb	 0.0% Packages/com.unity.render-pipelines.universal/Textures/BlueNoise256/LDR_LLL1_1.png
 64.2 kb	 0.0% Packages/com.unity.render-pipelines.universal/Textures/BlueNoise256/LDR_LLL1_0.png
 62.7 kb	 0.0% Assets/PolygonFantasyHeroCharacters/Shaders/POLYGON_CustomCharacters_URP.shadergraph
 62.7 kb	 0.0% Assets/_Game/Resources/UI/Button_Close.png
 62.6 kb	 0.0% Packages/com.unity.render-pipelines.universal/Shaders/Lit.shader
 56.1 kb	 0.0% Assets/Synty/AnimationBaseLocomotion/Animations/Polygon/Masculine/Locomotion/Run/A_Run_F_Masc.fbx
 50.3 kb	 0.0% Assets/_Game/Resources/UI/Slider_Track.png
 49.7 kb	 0.0% Assets/_Game/Resources/UI/Frame_Divider.png
 48.7 kb	 0.0% Assets/PolygonNatureBiomes/PNB_Core/Shaders/SyntyStudios_Skybox.shader
 46.1 kb	 0.0% Assets/_Game/Resources/UI/Tab_Active.png
 41.9 kb	 0.0% Packages/com.distantlands.cozy.core/Content/Art/Mesh/Cloud Coverage.fbx
 41.5 kb	 0.0% Packages/com.unity.render-pipelines.universal/Shaders/Terrain/WavingGrass.shader
 39.4 kb	 0.0% Packages/com.distantlands.cozy.core/Content/Prefabs/Particle FX/Wisps.prefab
 39.1 kb	 0.0% Assets/Synty/AnimationBaseLocomotion/Animations/Polygon/Masculine/InAir/A_Jump_Idle_Masc.fbx
 32.7 kb	 0.0% Packages/com.distantlands.cozy.core/Runtime/Shaders/Stylized Clouds (Painted Skies).shader
 32.6 kb	 0.0% Packages/com.unity.render-pipelines.universal/Shaders/Utils/ScreenSpaceAmbientOcclusion.shader
 31.7 kb	 0.0% Packages/com.distantlands.cozy.core/Content/Resources/Cozy Prefabs/Cozy Weather Sphere.prefab
 31.4 kb	 0.0% Packages/com.distantlands.cozy.core/Runtime/Shaders/Stylized Clouds (Desktop).shader
 31.1 kb	 0.0% Packages/com.distantlands.cozy.core/Content/Prefabs/Particle FX/Heavy Rain.prefab
 29.9 kb	 0.0% Assets/_Game/Resources/UI/Tab_Idle.png
 29.6 kb	 0.0% Packages/com.unity.render-pipelines.universal/Shaders/PostProcessing/BokehDepthOfField.shader
 29.3 kb	 0.0% Packages/com.distantlands.cozy.core/Content/Resources/Cozy Prefabs/Empty Weather Sphere Reference.prefab
 29.1 kb	 0.0% Assets/_Game/Resources/Localization/uk.txt
 28.3 kb	 0.0% Assets/_Game/Resources/UI/Scroll_Handle.png
 26.0 kb	 0.0% Assets/Synty/PolygonFantasyCharacters/Models/SM_Prop_Dagger_01.fbx
 25.9 kb	 0.0% Assets/ExplosiveLLC/RPG Character Mecanim Animation Pack/Animations/Unarmed/RPG-Character@Unarmed-Death1.FBX
 25.5 kb	 0.0% Packages/com.unity.render-pipelines.universal/Shaders/Terrain/WavingGrassBillboard.shader
 24.5 kb	 0.0% Packages/com.distantlands.cozy.core/Content/Art/Mesh/Satellite.fbx
 24.3 kb	 0.0% Packages/com.distantlands.cozy.core/Runtime/Shaders/Stylized Clouds (Ghibli Desktop).shader
 23.9 kb	 0.0% Packages/com.distantlands.cozy.core/Runtime/Shaders/Stylized Clouds (Soft).shader
 23.6 kb	 0.0% Packages/com.unity.render-pipelines.universal/Shaders/Particles/ParticlesUnlit.shader
 23.5 kb	 0.0% Assets/_Game/Resources/Localization/en.txt
 23.4 kb	 0.0% Packages/com.distantlands.cozy.core/Content/Prefabs/Particle FX/Thunderstom.prefab
 23.4 kb	 0.0% Packages/com.distantlands.cozy.core/Content/Prefabs/Particle FX/Light Rain.prefab
 22.9 kb	 0.0% Packages/com.distantlands.cozy.core/Content/Prefabs/Particle FX/Bird V Multiple.prefab
 22.9 kb	 0.0% Packages/com.distantlands.cozy.core/Content/Prefabs/Particle FX/Bird V Large.prefab
 22.9 kb	 0.0% Packages/com.distantlands.cozy.core/Content/Prefabs/Particle FX/Bird V Single.prefab
 22.9 kb	 0.0% Packages/com.unity.render-pipelines.universal/Shaders/PostProcessing/TemporalAA.shader
 22.8 kb	 0.0% Packages/com.distantlands.cozy.core/Runtime/Shaders/Stylized Clouds (Luxury).shader
 22.7 kb	 0.0% Packages/com.distantlands.cozy.core/Runtime/Shaders/Stylized Clouds (Ghibli Mobile).shader
 22.4 kb	 0.0% Packages/com.unity.render-pipelines.universal/Shaders/Terrain/TerrainDetailLit.shader
 21.9 kb	 0.0% Packages/com.distantlands.cozy.core/Content/Resources/Profiles/Atmosphere Profiles/Default Atmosphere.asset
 21.8 kb	 0.0% Packages/com.distantlands.cozy.core/Runtime/Shaders/Stylized Clouds (Mobile).shader
 21.7 kb	 0.0% Packages/com.distantlands.cozy.core/Content/Resources/Profiles/Atmosphere Profiles/Default Atmosphere (No Fog).asset
 21.6 kb	 0.0% Packages/com.distantlands.cozy.core/Content/Resources/Profiles/Atmosphere Profiles/Darkened Atmosphere.asset
 21.6 kb	 0.0% Packages/com.unity.render-pipelines.universal/Shaders/PostProcessing/Bloom.shader
 21.3 kb	 0.0% Packages/com.distantlands.cozy.core/Runtime/Shaders/Stylized Sky (Desktop).shader
 21.0 kb	 0.0% Packages/com.unity.render-pipelines.universal/Shaders/PostProcessing/LensFlareDataDriven.shader
 20.5 kb	 0.0% Packages/com.unity.render-pipelines.universal/Shaders/PostProcessing/FinalPost.shader
 19.1 kb	 0.0% Packages/com.unity.render-pipelines.universal/Shaders/PostProcessing/CameraMotionBlur.shader
 18.7 kb	 0.0% Packages/com.distantlands.cozy.core/Runtime/Shaders/Stylized Sky (Mobile).shader
 18.1 kb	 0.0% Packages/com.distantlands.cozy.core/Runtime/Shaders/Stylized Butterfly.shader
 17.1 kb	 0.0% Packages/com.unity.render-pipelines.universal/Shaders/PostProcessing/LensFlareScreenSpace.shader
 16.7 kb	 0.0% Packages/com.distantlands.cozy.core/Content/Prefabs/Thunder And Lightning.prefab
 16.7 kb	 0.0% Packages/com.distantlands.cozy.core/Runtime/Shaders/Stylized Fog (Stepped).shader
 16.6 kb	 0.0% Packages/com.unity.render-pipelines.universal/Shaders/Unlit.shader
 16.2 kb	 0.0% Packages/com.unity.render-pipelines.universal/Textures/DebugFont.tga
 16.1 kb	 0.0% Packages/com.distantlands.cozy.core/Content/Prefabs/Particle FX/Fireflies.prefab
 15.9 kb	 0.0% Packages/com.distantlands.cozy.core/Content/Prefabs/Particle FX/Aurora (Blue and Purple).prefab
 15.9 kb	 0.0% Packages/com.distantlands.cozy.core/Content/Prefabs/Particle FX/Aurora (Green).prefab
 15.9 kb	 0.0% Packages/com.distantlands.cozy.core/Content/Prefabs/Particle FX/Aurora (Red).prefab
 15.9 kb	 0.0% Packages/com.unity.render-pipelines.universal/Shaders/PostProcessing/GaussianDepthOfField.shader
 15.8 kb	 0.0% Packages/com.distantlands.cozy.core/Content/Prefabs/Particle FX/Butterflies.prefab
 15.8 kb	 0.0% Packages/com.distantlands.cozy.core/Content/Prefabs/Particle FX/Day Bugs.prefab
 15.7 kb	 0.0% Packages/com.distantlands.cozy.core/Content/Prefabs/Particle FX/Billowing Snow.prefab
 15.5 kb	 0.0% Packages/com.distantlands.cozy.core/Content/Prefabs/Particle FX/Hail Storm.prefab
 15.4 kb	 0.0% Packages/com.distantlands.cozy.core/Runtime/Shaders/Stylized Moon.shader
 15.4 kb	 0.0% Packages/com.distantlands.cozy.core/Content/Prefabs/Particle FX/Vulture Circle.prefab
 15.3 kb	 0.0% Packages/com.distantlands.cozy.core/Content/Prefabs/Particle FX/Heavy Snow.prefab
 15.3 kb	 0.0% Packages/com.distantlands.cozy.core/Content/Prefabs/Particle FX/Swirling Wind Circle.prefab
 15.3 kb	 0.0% Packages/com.distantlands.cozy.core/Content/Prefabs/Particle FX/Blustery Wind.prefab
 15.3 kb	 0.0% Packages/com.distantlands.cozy.core/Content/Prefabs/Particle FX/Dust Storm.prefab
 15.3 kb	 0.0% Packages/com.distantlands.cozy.core/Content/Prefabs/Particle FX/Autumnal Leaves Heavy.prefab
 15.3 kb	 0.0% Packages/com.distantlands.cozy.core/Content/Prefabs/Particle FX/Airborne Pollen.prefab
 14.7 kb	 0.0% Packages/com.distantlands.cozy.core/Runtime/Shaders/Fog Culling.shader
 14.6 kb	 0.0% Packages/com.distantlands.cozy.core/Runtime/Shaders/Stylized Clouds (Static Texture).shader
 14.5 kb	 0.0% Packages/com.distantlands.cozy.core/Runtime/Shaders/Stylized Fog (Height Based).shader
 14.0 kb	 0.0% Packages/com.distantlands.cozy.core/Runtime/Shaders/Stylized Fog (Desktop).shader
 13.3 kb	 0.0% Packages/com.unity.render-pipelines.universal/Shaders/PostProcessing/SubpixelMorphologicalAntialiasing.shader
 11.0 kb	 0.0% Packages/com.unity.render-pipelines.universal/Shaders/Terrain/TerrainLitBasemapGen.shader
 9.9 kb	 0.0% Assets/InputSystem_Actions.inputactions
 9.8 kb	 0.0% Packages/com.unity.render-pipelines.universal/Shaders/Debug/HDRDebugView.shader
 9.6 kb	 0.0% Packages/com.unity.render-pipelines.universal/Shaders/Utils/CoreBlitColorAndDepth.shader
 8.8 kb	 0.0% Packages/com.unity.inputsystem/InputSystem/Runtime/Plugins/PlayerInput/DefaultInputActions.inputactions
 8.8 kb	 0.0% Packages/com.distantlands.cozy.core/Content/Art/Mesh/Moon.fbx
 8.2 kb	 0.0% Packages/com.unity.render-pipelines.universal/Shaders/PostProcessing/LutBuilderHdr.shader
 7.9 kb	 0.0% Packages/com.distantlands.cozy.core/Content/Prefabs/Particle FX/Cirrus Clouds.prefab
 7.8 kb	 0.0% Packages/com.unity.render-pipelines.core/Shaders/CoreCopy.shader
 7.8 kb	 0.0% Packages/com.distantlands.cozy.core/Content/Prefabs/Particle FX/Meteor Shower.prefab
 7.8 kb	 0.0% Packages/com.distantlands.cozy.core/Content/Prefabs/Particle FX/Light Snow.prefab
 7.8 kb	 0.0% Packages/com.distantlands.cozy.core/Content/Prefabs/Particle FX/Dust Motes.prefab
 7.7 kb	 0.0% Packages/com.distantlands.cozy.core/Content/Prefabs/Particle FX/Thunder Snow.prefab
 7.7 kb	 0.0% Packages/com.distantlands.cozy.core/Content/Prefabs/Particle FX/Light Wind.prefab
 7.7 kb	 0.0% Packages/com.distantlands.cozy.core/Content/Prefabs/Particle FX/Autumnal Leaves.prefab
 7.5 kb	 0.0% Packages/com.distantlands.cozy.core/Content/Art/Flares/Stylized Flare (SRP).asset
 7.4 kb	 0.0% Packages/com.distantlands.cozy.core/Content/Art/Materials/Fog.mat
 6.1 kb	 0.0% Packages/com.unity.render-pipelines.universal/Shaders/PostProcessing/EdgeAdaptiveSpatialUpsampling.shader
 6.0 kb	 0.0% Packages/com.distantlands.cozy.core/Content/Art/Materials/Stylized Clouds.mat
 6.0 kb	 0.0% Packages/com.unity.render-pipelines.universal/Shaders/PostProcessing/LutBuilderLdr.shader
 5.4 kb	 0.0% Packages/com.unity.render-pipelines.universal/Shaders/PostProcessing/ScalingSetup.shader
 5.2 kb	 0.0% Packages/com.distantlands.cozy.core/Content/Resources/Materials/Desktop Clouds Reference.mat
 5.0 kb	 0.0% Packages/com.distantlands.cozy.core/Content/Resources/Materials/Mobile Ghibli Clouds Reference.mat
 5.0 kb	 0.0% Packages/com.distantlands.cozy.core/Content/Resources/Materials/Desktop Ghibli Clouds Reference.mat
 5.0 kb	 0.0% Packages/com.distantlands.cozy.core/Content/Resources/Materials/Painted Clouds Reference.mat
 5.0 kb	 0.0% Packages/com.distantlands.cozy.core/Content/Resources/Materials/Mobile Clouds Reference.mat
 4.5 kb	 0.0% Packages/com.unity.render-pipelines.universal/Shaders/Utils/CopyDepth.shader
 4.5 kb	 0.0% Packages/com.distantlands.cozy.core/Content/Art/Materials/Skybox.mat
 4.4 kb	 0.0% Assets/TriForge Assets/Fantasy Forest Environment/Meshes/Ground Foliage/MSH_FFE_Flowers_White.fbx
 4.4 kb	 0.0% Assets/TriForge Assets/Fantasy Forest Environment/Meshes/Ground Foliage/MSH_FFE_Flowers_Blue.fbx
 4.2 kb	 0.0% Packages/com.unity.render-pipelines.universal/Shaders/Debug/DebugReplacement.shader
 4.2 kb	 0.0% Packages/com.unity.render-pipelines.universal/Textures/BlueNoise64/L/LDR_LLL1_0.png
 4.0 kb	 0.0% Packages/com.unity.render-pipelines.universal/Shaders/PostProcessing/PaniniProjection.shader
 4.0 kb	 0.0% Packages/com.distantlands.cozy.core/Content/Resources/Materials/Luxury Clouds Reference.mat
 4.0 kb	 0.0% Packages/com.distantlands.cozy.core/Content/Resources/Materials/Desktop Sky Reference.mat
 3.7 kb	 0.0% Packages/com.unity.render-pipelines.universal/Shaders/CameraMotionVectors.shader
 3.7 kb	 0.0% Packages/com.distantlands.cozy.core/Content/Resources/Materials/Soft Clouds Reference.mat
 3.7 kb	 0.0% Packages/com.distantlands.cozy.core/Content/Resources/Materials/Single Texture Reference.mat
 3.6 kb	 0.0% Packages/com.unity.render-pipelines.universal/Shaders/Utils/Sampling.shader
 3.6 kb	 0.0% Packages/com.unity.render-pipelines.universal/Shaders/Utils/StencilDitherMaskSeed.shader
 3.5 kb	 0.0% Packages/com.unity.render-pipelines.universal/Shaders/PostProcessing/StopNaN.shader
 3.5 kb	 0.0% Packages/com.unity.render-pipelines.universal/Shaders/Utils/FallbackError.shader
 3.4 kb	 0.0% Packages/com.distantlands.cozy.core/Content/Art/Flares/Moon Flare (SRP).asset
 3.4 kb	 0.0% Packages/com.unity.render-pipelines.core/Runtime/Vrs/Shaders/VrsVisualization.shader
 3.3 kb	 0.0% Packages/com.unity.shadergraph/Editor/Resources/Shaders/FallbackError.shader
 3.3 kb	 0.0% Assets/TextMesh Pro/Resources/Fonts & Materials/LiberationSans SDF - Fallback.asset
 3.2 kb	 0.0% Assets/Settings/UniversalRenderPipelineGlobalSettings.asset
 3.2 kb	 0.0% Packages/com.unity.render-pipelines.core/Runtime/RenderPipelineResources/FallbackShader.shader
 3.1 kb	 0.0% Packages/com.distantlands.cozy.core/Content/Resources/Materials/Volumetric Fog Reference.mat
 3.1 kb	 0.0% Assets/_Game/Art/Animations/Controllers/AC_Rogue.controller
 2.9 kb	 0.0% Packages/com.distantlands.cozy.core/Content/Resources/Materials/Height Fog Reference.mat
 2.9 kb	 0.0% Packages/com.distantlands.cozy.core/Content/Resources/Materials/Stepped Fog Reference.mat
 2.9 kb	 0.0% Packages/com.distantlands.cozy.core/Content/Resources/Materials/Default Fog Reference.mat
 2.9 kb	 0.0% Assets/Resources/PerformanceTestRunInfo.json
 2.8 kb	 0.0% Assets/Settings/DefaultVolumeProfile.asset
 2.7 kb	 0.0% Packages/com.unity.render-pipelines.universal/Shaders/Utils/StencilDeferred.shader
 2.7 kb	 0.0% Packages/com.distantlands.cozy.core/Content/Resources/Profiles/Cozy Materials.asset
 2.6 kb	 0.0% Packages/com.distantlands.cozy.core/Content/Resources/Materials/Mobile Sky Reference.mat
 2.5 kb	 0.0% Packages/com.unity.render-pipelines.universal/Shaders/Debug/ProbeVolumeSamplingDebugPositionNormal.compute
 2.3 kb	 0.0% Assets/TextMesh Pro/Resources/Style Sheets/Default Style Sheet.asset
 2.1 kb	 0.0% Packages/com.distantlands.cozy.core/Content/Resources/Materials/Disabled.mat
 1.9 kb	 0.0% Packages/com.distantlands.cozy.core/Content/Art/Materials/Particles/Rain Mist.mat
 1.9 kb	 0.0% Packages/com.distantlands.cozy.core/Content/Demo/Materials/Flag.mat
 1.8 kb	 0.0% Packages/com.distantlands.cozy.core/Content/Art/Materials/Particles/Aurora 1.mat
 1.8 kb	 0.0% Packages/com.distantlands.cozy.core/Content/Art/Materials/Particles/Snow.mat
 1.8 kb	 0.0% Packages/com.distantlands.cozy.core/Content/Art/Materials/Particles/Rain.mat
 1.8 kb	 0.0% Packages/com.distantlands.cozy.core/Content/Art/Materials/Particles/Firefly.mat
 1.8 kb	 0.0% Packages/com.distantlands.cozy.core/Content/Art/Materials/Particles/Fairy.mat
 1.8 kb	 0.0% Packages/com.distantlands.cozy.core/Content/Art/Materials/Particles/Aurora.mat
 1.8 kb	 0.0% Packages/com.distantlands.cozy.core/Content/Art/Materials/Particles/Rain Impact.mat
 1.8 kb	 0.0% Packages/com.distantlands.cozy.core/Content/Art/Materials/Stylized Moon.mat
 1.7 kb	 0.0% Assets/Synty/PolygonFantasyCharacters/Materials/PolygonFantasyCharacters_01_A.mat
 1.7 kb	 0.0% Packages/com.distantlands.cozy.core/Content/Art/Materials/Particles/Star.mat
 1.7 kb	 0.0% Packages/com.distantlands.cozy.core/Content/Art/Materials/Particles/Wind.mat
 1.7 kb	 0.0% Packages/com.distantlands.cozy.core/Content/Art/Materials/Particles/Hail.mat
 1.7 kb	 0.0% Packages/com.distantlands.cozy.core/Content/Demo/Materials/Solar Panel.mat
 1.7 kb	 0.0% Packages/com.distantlands.cozy.core/Content/Demo/Materials/Grass.mat
 1.6 kb	 0.0% Packages/com.distantlands.cozy.core/Content/Demo/Materials/Roof.mat
 1.6 kb	 0.0% Assets/TextMesh Pro/Resources/Fonts & Materials/LiberationSans SDF - Drop Shadow.mat
 1.6 kb	 0.0% Packages/com.distantlands.cozy.core/Content/Demo/Materials/Accent.mat
 1.6 kb	 0.0% Assets/TriForge Assets/Fantasy Forest Environment/Materials/M_FFE_Grassset01.mat
 1.6 kb	 0.0% Packages/com.distantlands.cozy.core/Content/Art/Materials/Moon.mat
 1.6 kb	 0.0% Packages/com.distantlands.cozy.core/Content/Art/Materials/Lightning.mat
 1.6 kb	 0.0% Assets/TextMesh Pro/Resources/Fonts & Materials/LiberationSans SDF - Outline.mat
 1.6 kb	 0.0% Packages/com.distantlands.cozy.core/Content/Art/Materials/Particles/Dust Cloud.mat
 1.5 kb	 0.0% Packages/com.distantlands.cozy.core/Content/Art/Materials/Particles/Dust.mat
 1.5 kb	 0.0% Assets/TriForge Assets/Fantasy Forest Environment/Meshes/Ground Foliage/MSH_FFE_Grass_Short01.fbx
 1.5 kb	 0.0% Packages/com.distantlands.cozy.core/Content/Art/Materials/Particles/Dust Motes.mat
 1.5 kb	 0.0% Packages/com.distantlands.cozy.core/Content/Demo/Materials/Old Pine Leaves.mat
 1.5 kb	 0.0% Packages/com.distantlands.cozy.core/Content/Art/Materials/Particles/Leaves.mat
 1.5 kb	 0.0% Packages/com.distantlands.cozy.core/Content/Art/Materials/Particles/Day Bug.mat
 1.5 kb	 0.0% Packages/com.unity.render-pipelines.universal/Shaders/Utils/ClusterDeferred.shader
 1.5 kb	 0.0% Packages/com.distantlands.cozy.core/Content/Art/Materials/Particles/Cirrus Clouds.mat
 1.4 kb	 0.0% Packages/com.distantlands.cozy.core/Content/Demo/Materials/Deciduous Leaves.mat
 1.4 kb	 0.0% Packages/com.distantlands.cozy.core/Content/Art/Materials/Particles/Bird.mat
 1.3 kb	 0.0% Packages/com.distantlands.cozy.core/Content/Art/Materials/Particles/Meteor.mat
 1.2 kb	 0.0% Packages/com.distantlands.cozy.core/Content/Resources/Profiles/FX/Multi FX/Storm Precipitation.asset
 1.2 kb	 0.0% Packages/com.distantlands.cozy.core/Content/Resources/Profiles/FX/Multi FX/Light Precipitation.asset
 1.2 kb	 0.0% Packages/com.distantlands.cozy.core/Content/Resources/Profiles/FX/Multi FX/Heavy Precipitation.asset
 1.2 kb	 0.0% Assets/PolygonFantasyHeroCharacters/Materials/FantasyHero.mat
 1.2 kb	 0.0% Packages/com.distantlands.cozy.core/Content/Demo/Materials/Grass Blade.mat
 1.2 kb	 0.0% Packages/com.unity.render-pipelines.universal/Textures/SMAA/SearchTex.tga
 1.1 kb	 0.0% Packages/com.distantlands.cozy.core/Content/Resources/Profiles/Ambience Profiles/Aurora Borealis (Blue and Purple).asset
 1.1 kb	 0.0% Assets/TriForge Assets/Fantasy Forest Environment/Meshes/Ground Foliage/MSH_FFE_Grass_Short02.fbx
 1.1 kb	 0.0% Assets/TriForge Assets/Fantasy Forest Environment/Meshes/Ground Foliage/MSH_FFE_Grass02.fbx
 1.1 kb	 0.0% Assets/_Game/Art/UI/MenuShade.png
 1.1 kb	 0.0% Assets/TriForge Assets/Fantasy Forest Environment/Meshes/Ground Foliage/MSH_FFE_Grass01.fbx
 1.0 kb	 0.0% Assets/_Game/Art/Materials/M_ArenaTerrain.mat
 1.0 kb	 0.0% Packages/com.distantlands.cozy.core/Content/Resources/Profiles/Ambience Profiles/Vulture Circle.asset
 1.0 kb	 0.0% Packages/com.distantlands.cozy.core/Content/Resources/Profiles/Ambience Profiles/Autumnal Leaves Light.asset
 1.0 kb	 0.0% Packages/com.distantlands.cozy.core/Content/Resources/Profiles/Ambience Profiles/Autumnal Leaves Heavy.asset
 0.9 kb	 0.0% Packages/com.distantlands.cozy.core/Content/Resources/Profiles/FX/Multi FX/Audio Ambience.asset
 0.9 kb	 0.0% Packages/com.distantlands.cozy.core/Content/Resources/Profiles/Ambience Profiles/Wisps.asset
 0.9 kb	 0.0% Packages/com.distantlands.cozy.core/Content/Art/Materials/Particles/Butterfly.mat
 0.9 kb	 0.0% Packages/com.distantlands.cozy.core/Content/Art/Textures/Rainbow.png
 0.9 kb	 0.0% Packages/com.distantlands.cozy.core/Content/Resources/Profiles/Ambience Profiles/Airborne Particles.asset
 0.9 kb	 0.0% Assets/TriForge Assets/Fantasy Forest Environment/Meshes/Ground Foliage/MSH_FFE_Flower_Yellow.fbx
 0.9 kb	 0.0% Packages/com.distantlands.cozy.core/Content/Resources/Cozy Weather Mixer.mixer
 0.9 kb	 0.0% Packages/com.distantlands.cozy.core/Content/Resources/Profiles/Ambience Profiles/Aurora Borealis (Red).asset
 0.9 kb	 0.0% Packages/com.distantlands.cozy.core/Content/Resources/Profiles/Ambience Profiles/Aurora Borealis (Green).asset
 0.8 kb	 0.0% Packages/com.distantlands.cozy.core/Content/Resources/Materials/Fog Culling Zone.mat
 0.8 kb	 0.0% Packages/com.distantlands.cozy.core/Content/Art/Mesh/Bent Plane.fbx
 0.8 kb	 0.0% Packages/com.unity.render-pipelines.universal/Runtime/Data/PostProcessData.asset
 0.8 kb	 0.0% Packages/com.distantlands.cozy.core/Content/Art/Mesh/Butterfly.fbx
 0.7 kb	 0.0% Packages/com.distantlands.cozy.core/Content/Resources/Profiles/Ambience Profiles/Owl Sounds.asset
 0.7 kb	 0.0% Packages/com.distantlands.cozy.core/Content/Resources/Profiles/Time Profiles/Cozy Time Accelerated Nights.asset
 0.7 kb	 0.0% Packages/com.distantlands.cozy.core/Content/Resources/Profiles/Ambience Profiles/Fireflies.asset
 0.7 kb	 0.0% Packages/com.distantlands.cozy.core/Content/Resources/Profiles/Ambience Profiles/Meteor Shower.asset
 0.6 kb	 0.0% Packages/com.distantlands.cozy.core/Content/Resources/Profiles/FX/Multi FX/Multi FX.asset
 0.6 kb	 0.0% Packages/com.distantlands.cozy.core/Content/Resources/Profiles/Ambience Profiles/Birdsong.asset
 0.6 kb	 0.0% Packages/com.distantlands.cozy.core/Content/Resources/Profiles/Climate Profiles/Tundra Climate.asset
 0.6 kb	 0.0% Packages/com.distantlands.cozy.core/Content/Resources/Profiles/Climate Profiles/Desert Climate.asset
 0.6 kb	 0.0% Packages/com.distantlands.cozy.core/Content/Resources/Profiles/Climate Profiles/Default Climate.asset
 0.6 kb	 0.0% Assets/_Game/Data/Quests/Q_BonesForBlade.asset
 0.6 kb	 0.0% Packages/com.distantlands.cozy.core/Content/Resources/Profiles/Ambience Profiles/Bird V Multiple.asset
 0.6 kb	 0.0% Packages/com.distantlands.cozy.core/Content/Resources/Profiles/Ambience Profiles/Bird V Small.asset
 0.6 kb	 0.0% Packages/com.distantlands.cozy.core/Content/Resources/Profiles/Ambience Profiles/Bird V Large.asset
 0.6 kb	 0.0% Assets/PolygonNatureBiomes/PNB_Core/Materials/Skybox_Mat_01.mat
 0.6 kb	 0.0% Assets/Settings/SampleSceneProfile.asset
 0.6 kb	 0.0% Packages/com.distantlands.cozy.core/Content/Resources/Profiles/Time Profiles/Cozy Time Realistic Year.asset
 0.5 kb	 0.0% Packages/com.distantlands.cozy.core/Content/Resources/Profiles/Time Profiles/Cozy Time Default.asset
 0.5 kb	 0.0% Packages/com.distantlands.cozy.core/Content/Resources/Profiles/Ambience Profiles/Dust Motes.asset
 0.5 kb	 0.0% Packages/com.distantlands.cozy.core/Content/Art/Materials/Moon 2.mat
 0.5 kb	 0.0% Packages/com.distantlands.cozy.core/Content/Resources/Profiles/Ambience Profiles/Swirling Wind.asset
 0.5 kb	 0.0% Packages/com.distantlands.cozy.core/Content/Resources/Profiles/Ambience Profiles/Butterflies.asset
 0.5 kb	 0.0% Packages/com.distantlands.cozy.core/Content/Resources/Profiles/Ambience Profiles/Blustery Wind.asset
 0.5 kb	 0.0% Packages/com.distantlands.cozy.core/Content/Resources/Profiles/Ambience Profiles/Light Wind.asset
 0.5 kb	 0.0% Packages/com.distantlands.cozy.core/Content/Resources/Profiles/Ambience Profiles/Day Bugs.asset
 0.5 kb	 0.0% Packages/com.distantlands.cozy.core/Content/Resources/Profiles/Weather Profiles/Hail Storm.asset
 0.5 kb	 0.0% Packages/com.distantlands.cozy.core/Content/Resources/Profiles/Forecast Profiles/Complex Forecast Profile.asset
 0.5 kb	 0.0% Packages/com.unity.render-pipelines.universal/Shaders/XR/XRMirrorView.shader
 0.5 kb	 0.0% Packages/com.unity.render-pipelines.universal/Shaders/Utils/BlitHDROverlay.shader
 0.5 kb	 0.0% Assets/_Game/Resources/GameDatabase.asset
 0.4 kb	 0.0% Packages/com.distantlands.cozy.core/Content/Resources/Profiles/Weather Profiles/Electric Fog.asset
 0.4 kb	 0.0% Packages/com.unity.render-pipelines.universal/Runtime/Decal/DBuffer/DBufferClear.shader
 0.4 kb	 0.0% Assets/Settings/PC_RPAsset.asset
 0.4 kb	 0.0% Packages/com.distantlands.cozy.core/Content/Post FX/URP/Electric Fog Conduction FX.asset
 0.4 kb	 0.0% Built-in Sprite: 
 0.4 kb	 0.0% Packages/com.unity.render-pipelines.universal/Textures/BlueNoise16/L/LDR_LLL1_9.png
 0.4 kb	 0.0% Packages/com.unity.render-pipelines.universal/Textures/BlueNoise16/L/LDR_LLL1_8.png
 0.4 kb	 0.0% Packages/com.unity.render-pipelines.universal/Textures/BlueNoise16/L/LDR_LLL1_7.png
 0.4 kb	 0.0% Packages/com.unity.render-pipelines.universal/Textures/BlueNoise16/L/LDR_LLL1_6.png
 0.4 kb	 0.0% Packages/com.unity.render-pipelines.universal/Textures/BlueNoise16/L/LDR_LLL1_5.png
 0.4 kb	 0.0% Packages/com.unity.render-pipelines.universal/Textures/BlueNoise16/L/LDR_LLL1_4.png
 0.4 kb	 0.0% Packages/com.unity.render-pipelines.universal/Textures/BlueNoise16/L/LDR_LLL1_31.png
 0.4 kb	 0.0% Packages/com.unity.render-pipelines.universal/Textures/BlueNoise16/L/LDR_LLL1_30.png
 0.4 kb	 0.0% Packages/com.unity.render-pipelines.universal/Textures/BlueNoise16/L/LDR_LLL1_3.png
 0.4 kb	 0.0% Packages/com.unity.render-pipelines.universal/Textures/BlueNoise16/L/LDR_LLL1_29.png
 0.4 kb	 0.0% Packages/com.unity.render-pipelines.universal/Textures/BlueNoise16/L/LDR_LLL1_28.png
 0.4 kb	 0.0% Packages/com.unity.render-pipelines.universal/Textures/BlueNoise16/L/LDR_LLL1_27.png
 0.4 kb	 0.0% Packages/com.unity.render-pipelines.universal/Textures/BlueNoise16/L/LDR_LLL1_26.png
 0.4 kb	 0.0% Packages/com.unity.render-pipelines.universal/Textures/BlueNoise16/L/LDR_LLL1_25.png
 0.4 kb	 0.0% Packages/com.unity.render-pipelines.universal/Textures/BlueNoise16/L/LDR_LLL1_24.png
 0.4 kb	 0.0% Packages/com.unity.render-pipelines.universal/Textures/BlueNoise16/L/LDR_LLL1_23.png
 0.4 kb	 0.0% Packages/com.unity.render-pipelines.universal/Textures/BlueNoise16/L/LDR_LLL1_22.png
 0.4 kb	 0.0% Packages/com.unity.render-pipelines.universal/Textures/BlueNoise16/L/LDR_LLL1_21.png
 0.4 kb	 0.0% Packages/com.unity.render-pipelines.universal/Textures/BlueNoise16/L/LDR_LLL1_20.png
 0.4 kb	 0.0% Packages/com.unity.render-pipelines.universal/Textures/BlueNoise16/L/LDR_LLL1_2.png
 0.4 kb	 0.0% Packages/com.unity.render-pipelines.universal/Textures/BlueNoise16/L/LDR_LLL1_19.png
 0.4 kb	 0.0% Packages/com.unity.render-pipelines.universal/Textures/BlueNoise16/L/LDR_LLL1_18.png
 0.4 kb	 0.0% Packages/com.unity.render-pipelines.universal/Textures/BlueNoise16/L/LDR_LLL1_17.png
 0.4 kb	 0.0% Packages/com.unity.render-pipelines.universal/Textures/BlueNoise16/L/LDR_LLL1_16.png
 0.4 kb	 0.0% Packages/com.unity.render-pipelines.universal/Textures/BlueNoise16/L/LDR_LLL1_15.png
 0.4 kb	 0.0% Packages/com.unity.render-pipelines.universal/Textures/BlueNoise16/L/LDR_LLL1_14.png
 0.4 kb	 0.0% Packages/com.unity.render-pipelines.universal/Textures/BlueNoise16/L/LDR_LLL1_13.png
 0.4 kb	 0.0% Packages/com.unity.render-pipelines.universal/Textures/BlueNoise16/L/LDR_LLL1_12.png
 0.4 kb	 0.0% Packages/com.unity.render-pipelines.universal/Textures/BlueNoise16/L/LDR_LLL1_11.png
 0.4 kb	 0.0% Packages/com.unity.render-pipelines.universal/Textures/BlueNoise16/L/LDR_LLL1_10.png
 0.4 kb	 0.0% Packages/com.unity.render-pipelines.universal/Textures/BlueNoise16/L/LDR_LLL1_1.png
 0.4 kb	 0.0% Packages/com.unity.render-pipelines.universal/Textures/BlueNoise16/L/LDR_LLL1_0.png
 0.4 kb	 0.0% Packages/com.distantlands.cozy.core/Content/Resources/Profiles/Weather Profiles/Filtered Fog.asset
 0.4 kb	 0.0% Packages/com.unity.render-pipelines.universal/Shaders/XR/XROcclusionMesh.shader
 0.4 kb	 0.0% Packages/com.distantlands.cozy.core/Content/Resources/Profiles/Weather Profiles/Dust Storm.asset
 0.4 kb	 0.0% Assets/Settings/PC_Renderer.asset
 0.4 kb	 0.0% Packages/com.distantlands.cozy.core/Content/Resources/Profiles/Weather Profiles/Clear.asset
 0.4 kb	 0.0% Packages/com.distantlands.cozy.core/Content/Resources/Profiles/Weather Profiles/Thunder Storm.asset
 0.4 kb	 0.0% Packages/com.unity.render-pipelines.universal/Shaders/XR/XRMotionVector.shader
 0.3 kb	 0.0% Packages/com.distantlands.cozy.core/Content/Prefabs/Satellite.prefab
 0.3 kb	 0.0% Packages/com.distantlands.cozy.core/Content/Prefabs/Sprite Based Moon Example.prefab
 0.3 kb	 0.0% Packages/com.distantlands.cozy.core/Content/Prefabs/Physical Moon.prefab
 0.3 kb	 0.0% Packages/com.distantlands.cozy.core/Content/Prefabs/Cutout Physical Moon.prefab
 0.3 kb	 0.0% Assets/TriForge Assets/Fantasy Forest Environment/Prefabs/Ground Foliage/P_FFE_Grass_Short_02.Prefab
 0.3 kb	 0.0% Assets/TriForge Assets/Fantasy Forest Environment/Prefabs/Ground Foliage/P_FFE_Grass_Short_01.Prefab
 0.3 kb	 0.0% Assets/TriForge Assets/Fantasy Forest Environment/Prefabs/Ground Foliage/P_FFE_Flowers_White.Prefab
 0.3 kb	 0.0% Assets/TriForge Assets/Fantasy Forest Environment/Prefabs/Ground Foliage/P_FFE_Flowers_Blue.Prefab
 0.3 kb	 0.0% Assets/TriForge Assets/Fantasy Forest Environment/Prefabs/Ground Foliage/P_FFE_Flower_Yellow.Prefab
 0.3 kb	 0.0% Assets/Synty/PolygonFantasyCharacters/Prefabs/SM_Prop_Dagger_01.prefab
 0.3 kb	 0.0% Packages/com.distantlands.cozy.core/Content/Prefabs/Stylized Moon.prefab
 0.3 kb	 0.0% Assets/TriForge Assets/Fantasy Forest Environment/Prefabs/Ground Foliage/P_FFE_Grass_02.Prefab
 0.3 kb	 0.0% Assets/TriForge Assets/Fantasy Forest Environment/Prefabs/Ground Foliage/P_FFE_Grass_01.Prefab
 0.3 kb	 0.0% Packages/com.distantlands.cozy.core/Content/Resources/Profiles/Weather Profiles/Overcast.asset
 0.3 kb	 0.0% Assets/TextMesh Pro/Resources/LineBreaking Following Characters.txt
 0.3 kb	 0.0% Packages/com.distantlands.cozy.core/Content/Resources/Profiles/Weather Profiles/Light Precipitation.asset
 0.3 kb	 0.0% Assets/TextMesh Pro/Resources/TMP Settings.asset
 0.3 kb	 0.0% Packages/com.distantlands.cozy.core/Content/Resources/Profiles/Ambience Profiles/Billowing Snow.asset
 0.3 kb	 0.0% Packages/com.distantlands.cozy.core/Content/Resources/Profiles/Weather Profiles/Dense Clouds.asset
 0.3 kb	 0.0% Assets/_Game/Data/Items/I_ThiefSignet.asset
 0.3 kb	 0.0% Assets/_Game/Data/Items/I_CryptKey.asset
 0.3 kb	 0.0% Assets/_Game/Data/Items/I_ShadowfangDagger.asset
 0.3 kb	 0.0% Assets/_Game/Data/Items/I_RingOfTheBoneLord.asset
 0.3 kb	 0.0% Packages/com.distantlands.cozy.core/Content/Art/Flares/Stylized Flare (BiRP).flare
 0.3 kb	 0.0% Assets/_Game/Data/Items/I_SkeletonBone.asset
 0.3 kb	 0.0% Packages/com.distantlands.cozy.core/Content/Resources/Profiles/Ambience Profiles/Multi FX Example.asset
 0.3 kb	 0.0% Assets/_Game/Data/Items/I_BoneNecklace.asset
 0.3 kb	 0.0% Packages/com.distantlands.cozy.core/Content/Resources/Profiles/Weather Profiles/Heavy Precipitation.asset
 0.3 kb	 0.0% Assets/_Game/Data/Items/I_SwiftRing.asset
 0.3 kb	 0.0% Assets/_Game/Data/Items/I_BanditDagger.asset
 0.2 kb	 0.0% Packages/com.distantlands.cozy.core/Content/Resources/Profiles/Weather Profiles/High Altitude Clouds.asset
 0.2 kb	 0.0% Packages/com.distantlands.cozy.core/Content/Resources/Profiles/Weather Profiles/Distant Storm.asset
 0.2 kb	 0.0% Packages/com.distantlands.cozy.core/Content/Resources/Profiles/Weather Profiles/Dense Fog.asset
 0.2 kb	 0.0% Assets/_Game/Data/Items/I_LeatherChest.asset
 0.2 kb	 0.0% Assets/_Game/Data/Items/I_Buckle.asset
 0.2 kb	 0.0% Assets/_Game/Data/Items/I_Apple.asset
 0.2 kb	 0.0% Packages/com.distantlands.cozy.core/Content/Resources/Profiles/Weather Profiles/Cirrostratus Clouds.asset
 0.2 kb	 0.0% Assets/_Game/Data/Talents/TL_Vanish.asset
 0.2 kb	 0.0% Assets/_Game/Data/Talents/TL_Camouflage.asset
 0.2 kb	 0.0% Assets/_Game/Data/Items/I_RustyDagger.asset
 0.2 kb	 0.0% Assets/_Game/Data/Items/I_Dart.asset
 0.2 kb	 0.0% Assets/_Game/Data/Talents/TL_Swiftness.asset
 0.2 kb	 0.0% Packages/com.unity.render-pipelines.core/Runtime-PrivateShared/InternalBridge/RenderPipelineEditorUtilityBridge.cs
 0.2 kb	 0.0% Assets/_Game/Data/Talents/TL_DeadlyStrike.asset
 0.2 kb	 0.0% Assets/_Game/Data/Items/I_WornCloak.asset
 0.2 kb	 0.0% Packages/com.distantlands.cozy.core/Content/Resources/Profiles/FX/Cloud FX/Mostly Clear Clouds.asset
 0.2 kb	 0.0% Packages/com.distantlands.cozy.core/Content/Resources/Profiles/FX/Cloud FX/Medium Nimbus Clouds.asset
 0.2 kb	 0.0% Packages/com.distantlands.cozy.core/Content/Resources/Profiles/FX/Cloud FX/Low Nimbus Clouds.asset
 0.2 kb	 0.0% Packages/com.distantlands.cozy.core/Content/Resources/Profiles/FX/Cloud FX/Low Border Clouds.asset
 0.2 kb	 0.0% Packages/com.distantlands.cozy.core/Content/Resources/Profiles/FX/Cloud FX/High Nimbus Clouds.asset
 0.2 kb	 0.0% Packages/com.distantlands.cozy.core/Content/Resources/Profiles/FX/Cloud FX/High Border Clouds.asset
 0.2 kb	 0.0% Packages/com.distantlands.cozy.core/Content/Resources/Profiles/FX/Cloud FX/High Altitude Clouds.asset
 0.2 kb	 0.0% Packages/com.distantlands.cozy.core/Content/Resources/Profiles/FX/Cloud FX/Cirrostratus Clouds.asset
 0.2 kb	 0.0% Assets/_Game/Data/Talents/TL_BladeFlurry.asset
 0.2 kb	 0.0% Packages/com.distantlands.cozy.core/Content/Resources/Profiles/Weather Profiles/Legacy/Thunder Snow.asset
 0.2 kb	 0.0% Packages/com.distantlands.cozy.core/Content/Resources/Profiles/Weather Profiles/Legacy/Heavy Snow.asset
 0.2 kb	 0.0% Packages/com.distantlands.cozy.core/Content/Resources/Profiles/Weather Profiles/Legacy/Heavy Rain.asset
 0.2 kb	 0.0% Packages/com.distantlands.cozy.core/Content/Resources/Profiles/FX/Cloud FX/Partly Cloudy.asset
 0.2 kb	 0.0% Packages/com.distantlands.cozy.core/Content/Resources/Profiles/FX/Cloud FX/Overcast Clouds.asset
 0.2 kb	 0.0% Packages/com.distantlands.cozy.core/Content/Resources/Profiles/FX/Cloud FX/Mostly Cloudy.asset
 0.2 kb	 0.0% Packages/com.distantlands.cozy.core/Content/Resources/Profiles/FX/Cloud FX/Cirrus Clouds.asset
 0.2 kb	 0.0% Packages/com.distantlands.cozy.core/Content/Resources/Profiles/FX/Cloud FX/Chemtrail Clouds.asset
 0.2 kb	 0.0% Packages/com.distantlands.cozy.core/Content/Resources/Default Profiles/Default Clouds.asset
 0.2 kb	 0.0% Assets/_Game/Data/Items/I_Pelt.asset
 0.2 kb	 0.0% Packages/com.unity.render-pipelines.core/Runtime-PrivateShared/InternalRenderPipelineGlobalSettingsUtils.cs
 0.2 kb	 0.0% Packages/com.distantlands.cozy.core/Content/Resources/Profiles/FX/Filter FX/Imminent Storm Filter.asset
 0.2 kb	 0.0% Packages/com.distantlands.cozy.core/Content/Resources/Profiles/FX/Filter FX/Electric Storm Filter.asset
 0.2 kb	 0.0% Packages/com.distantlands.cozy.core/Content/Resources/Profiles/FX/Filter FX/Desaturated Fog Filter.asset
 0.2 kb	 0.0% Packages/com.distantlands.cozy.core/Content/Resources/Profiles/FX/Cloud FX/Mixed Clouds.asset
 0.2 kb	 0.0% Packages/com.distantlands.cozy.core/Content/Resources/Profiles/FX/Cloud FX/Fog Light.asset
 0.2 kb	 0.0% Packages/com.distantlands.cozy.core/Content/Resources/Profiles/FX/Cloud FX/Fog Heavy.asset
 0.2 kb	 0.0% Packages/com.distantlands.cozy.core/Content/Resources/Profiles/FX/Cloud FX/Fog Dense.asset
 0.2 kb	 0.0% Assets/_Game/Data/Talents/TL_Bloodthirst.asset
 0.2 kb	 0.0% Assets/_Game/Data/Talents/TL_Bleeding.asset
 0.2 kb	 0.0% Packages/com.unity.render-pipelines.universal/Runtime/Debug/UniversalRenderPipelineVolumeDebugSettings.deprecated.cs
 0.2 kb	 0.0% Packages/com.distantlands.cozy.core/Content/Resources/Profiles/Weather Profiles/Legacy/Thunder Storm.asset
 0.2 kb	 0.0% Packages/com.distantlands.cozy.core/Content/Resources/Profiles/FX/Filter FX/Light Storm Filter.asset
 0.2 kb	 0.0% Packages/com.distantlands.cozy.core/Content/Resources/Profiles/FX/Filter FX/Dust Storm Filter.asset
 0.2 kb	 0.0% Assets/_Game/Data/Talents/TL_Precision.asset
 0.2 kb	 0.0% Assets/_Game/Data/Talents/TL_ColdBlood.asset
 0.2 kb	 0.0% Packages/com.distantlands.cozy.core/Content/Resources/Profiles/Forecast Profiles/Simple Forecast Profile.asset
 0.2 kb	 0.0% Packages/com.unity.render-pipelines.universal/Runtime/RenderPipelineResources/UniversalRenderPipelineRuntimeXRResources.cs
 0.2 kb	 0.0% Packages/com.unity.render-pipelines.universal/Runtime/RenderPipelineResources/UniversalRenderPipelineRuntimeTerrainShaders.cs
 0.2 kb	 0.0% Packages/com.unity.render-pipelines.universal/Runtime/Debug/UniversalRenderPipelineVolumeDebugSettings.cs
 0.2 kb	 0.0% Packages/com.unity.render-pipelines.universal/Runtime/Debug/UniversalRenderPipelineDebugDisplaySettings.cs
 0.2 kb	 0.0% Packages/com.distantlands.cozy.core/Content/Resources/Profiles/Weather Profiles/Storm Eye.asset
 0.2 kb	 0.0% Packages/com.distantlands.cozy.core/Content/Resources/Profiles/Weather Profiles/Imminent Storm.asset
 0.2 kb	 0.0% Packages/com.unity.render-pipelines.core/Runtime/RenderGraph/RenderGraphResourceAccelerationStructure.cs
 0.2 kb	 0.0% Packages/com.distantlands.cozy.core/Content/Resources/Profiles/Weather Profiles/Legacy/Light Snow.asset
 0.2 kb	 0.0% Assets/_Game/Data/Talents/TL_Execution.asset
 0.2 kb	 0.0% Assets/_Game/Data/Talents/TL_Evasion.asset
 0.2 kb	 0.0% Packages/com.unity.render-pipelines.universal/Runtime/UniversalRenderPipelineGlobalSettings.cs
 0.2 kb	 0.0% Packages/com.unity.render-pipelines.universal/Runtime/RenderPipelineResources/UniversalRenderPipelineRuntimeTextures.cs
 0.2 kb	 0.0% Packages/com.unity.render-pipelines.universal/Runtime/RenderPipelineResources/UniversalRenderPipelineRuntimeShaders.cs
 0.2 kb	 0.0% Packages/com.unity.render-pipelines.universal/Runtime/RenderPipelineResources/UniversalRenderPipelineEditorMaterials.cs
 0.2 kb	 0.0% Packages/com.unity.render-pipelines.universal/Runtime/Debug/UniversalRenderPipelineDebugDisplayStats.cs
 0.2 kb	 0.0% Packages/com.unity.render-pipelines.core/Runtime-PrivateShared/InternalRenderGraphValidation.cs
 0.2 kb	 0.0% Packages/com.distantlands.cozy.core/Content/Resources/Profiles/FX/Thunder FX/Torrential Thunder.asset
 0.2 kb	 0.0% Packages/com.distantlands.cozy.core/Content/Resources/Profiles/FX/Thunder FX/Intermittent Thunder.asset
 0.2 kb	 0.0% Assets/_Game/Data/Talents/TL_Slip.asset
 0.2 kb	 0.0% Packages/com.unity.render-pipelines.universal/Runtime/2D/Shadows/Providers/ShadowShape2DProvider_SpriteRenderer.cs
 0.2 kb	 0.0% Packages/com.unity.render-pipelines.core/Runtime/Stripping/RenderPipelineGraphicsSettingsStripperFetcher.cs
 0.2 kb	 0.0% Packages/com.unity.render-pipelines.core/Runtime/RenderGraph/IRenderGraphEnabledRenderPipeline.cs
 0.2 kb	 0.0% Packages/com.unity.multiplayer.center/Common/IOnboardingSectionAnalyticsProvider.cs
 0.2 kb	 0.0% Packages/com.distantlands.cozy.core/Content/Resources/Profiles/Satellites/Sprite Based Moon.asset
 0.2 kb	 0.0% Packages/com.distantlands.cozy.core/Content/Resources/Profiles/Satellites/Additional Satellite.asset
 0.2 kb	 0.0% Packages/com.distantlands.cozy.core/Content/Resources/Profiles/FX/Thunder FX/Tranquil Thunder.asset
 0.2 kb	 0.0% Packages/com.distantlands.cozy.core/Content/Resources/Profiles/FX/Thunder FX/Heavy Thunder.asset
 0.2 kb	 0.0% Packages/com.distantlands.cozy.core/Content/Resources/Default Profiles/Default Thunder.asset
 0.2 kb	 0.0% Assets/_Game/Data/Talents/TL_Brutality.asset
 0.2 kb	 0.0% Assets/_Game/Data/Talents/TL_Ambush.asset
 0.2 kb	 0.0% Packages/com.unity.render-pipelines.universal/Runtime/RenderPipelineResources/UniversalRenderPipelineEditorShaders.cs
 0.2 kb	 0.0% Packages/com.unity.render-pipelines.universal/Runtime/RenderPipelineResources/UniversalRenderPipelineEditorAssets.cs
 0.2 kb	 0.0% Packages/com.unity.render-pipelines.universal/Runtime/RenderPipelineResources/UniversalRenderPipelineDebugShaders.cs
 0.2 kb	 0.0% Packages/com.unity.render-pipelines.universal/Runtime/Passes/PostProcess/TemporalAntiAliasingPostProcessPass.cs
 0.2 kb	 0.0% Packages/com.unity.render-pipelines.universal/Runtime/Passes/PostProcess/LensFlareScreenSpacePostProcessPass.cs
 0.2 kb	 0.0% Packages/com.unity.render-pipelines.universal/Runtime/Passes/PostProcess/LensFlareDataDrivenPostProcessPass.cs
 0.2 kb	 0.0% Packages/com.unity.render-pipelines.universal/Runtime/Passes/PostProcess/DepthOfFieldGaussianPostProcessPass.cs
 0.2 kb	 0.0% Packages/com.unity.render-pipelines.universal/Runtime/Passes/AdditionalLightsShadowCasterPass.cs
 0.2 kb	 0.0% Packages/com.unity.render-pipelines.universal/Runtime/Passes/AdditionalLightsShadowAtlasLayout.cs
 0.2 kb	 0.0% Packages/com.unity.render-pipelines.core/Runtime/Stripping/RenderPipelineGraphicsSettingsStripperReport.cs
 0.2 kb	 0.0% Packages/com.unity.render-pipelines.core/Runtime/RenderGraph/Compiler/NativePassCompiler.Debug.cs
 0.2 kb	 0.0% Packages/com.unity.render-pipelines.core/Runtime/GPUDriven/Culling/OcclusionCullingCommonShaderVariables.cs
 0.2 kb	 0.0% Packages/com.unity.render-pipelines.core/Runtime/GPUDriven/Culling/InstanceOcclusionCullerShaderVariables.cs
 0.2 kb	 0.0% Packages/com.distantlands.cozy.core/Content/Resources/Profiles/Weather Profiles/Legacy/Light Rain.asset
 0.2 kb	 0.0% Packages/com.distantlands.cozy.core/Content/Resources/Profiles/Satellites/Stylized Moon.asset
 0.2 kb	 0.0% Packages/com.distantlands.cozy.core/Content/Resources/Profiles/FX/Filter FX/Heavy Storm Filter.asset
 0.2 kb	 0.0% Packages/com.distantlands.cozy.core/Content/Resources/Profiles/FX/Filter FX/Filtered Fog Filter.asset
 0.2 kb	 0.0% Assets/_Game/Data/Talents/TL_Parry.asset
 0.2 kb	 0.0% Assets/_Game/Video/MainMenuBackground.mp4
 0.2 kb	 0.0% Packages/com.unity.visualscripting/Runtime/VisualScripting.Core/Listeners/UI/UnityOnScrollbarValueChangedMessageListener.cs
 0.2 kb	 0.0% Packages/com.unity.visualscripting/Runtime/VisualScripting.Core/Listeners/UI/UnityOnScrollRectValueChangedMessageListener.cs
 0.2 kb	 0.0% Packages/com.unity.visualscripting/Runtime/VisualScripting.Core/Listeners/UI/UnityOnInputFieldValueChangedMessageListener.cs
 0.2 kb	 0.0% Packages/com.unity.visualscripting/Runtime/VisualScripting.Core/Listeners/UI/UnityOnDropdownValueChangedMessageListener.cs
 0.2 kb	 0.0% Packages/com.unity.visualscripting/Runtime/VisualScripting.Core/Listeners/MonoBehaviour/UnityOnTransformChildrenChangedMListener.cs
 0.2 kb	 0.0% Packages/com.unity.visualscripting/Runtime/VisualScripting.Core/Listeners/MonoBehaviour/UnityOnControllerColliderHitMessageListener.cs
 0.2 kb	 0.0% Packages/com.unity.render-pipelines.universal/Runtime/2D/Shadows/Providers/ShadowShape2DProvider_Collider.cs
 0.2 kb	 0.0% Packages/com.unity.render-pipelines.universal/Runtime/2D/CinemachineUniversalPixelPerfect.cs
 0.2 kb	 0.0% Packages/com.unity.render-pipelines.core/Runtime/Stripping/RenderPipelineGraphicsSettingsStripper.cs
 0.2 kb	 0.0% Packages/com.unity.render-pipelines.core/Runtime/RenderPipeline/RenderPipelineGraphicsSettingsContainer.cs
 0.2 kb	 0.0% Packages/com.unity.render-pipelines.core/Runtime/RenderGraph/Compiler/NativePassCompiler.cs
 0.2 kb	 0.0% Packages/com.unity.render-pipelines.core/Runtime/RenderGraph/Compiler/CompilerContextData.cs
 0.2 kb	 0.0% Packages/com.unity.render-pipelines.core/Runtime/Common/IVirtualTexturingEnabledRenderPipeline.cs
 0.2 kb	 0.0% Packages/com.distantlands.cozy.core/Content/Resources/Profiles/Satellites/Satellite.asset
 0.2 kb	 0.0% Packages/com.distantlands.cozy.core/Content/Resources/Profiles/Satellites/Cutout Moon.asset
 0.2 kb	 0.0% Packages/com.distantlands.cozy.core/Content/Resources/Default Profiles/Default Filter.asset
 0.2 kb	 0.0% Assets/_Game/Data/Talents/TL_Silence.asset
 0.2 kb	 0.0% Assets/_Game/Data/Talents/TL_Shadow.asset
 0.2 kb	 0.0% Assets/_Game/Art/Materials/TL_T_FFE_Forestfloor01.terrainlayer
 0.2 kb	 0.0% Packages/com.unity.visualscripting/Runtime/VisualScripting.Core/Listeners/MonoBehaviour/UnityOnTransformParentChangedMListener.cs
 0.2 kb	 0.0% Packages/com.unity.visualscripting/Runtime/VisualScripting.Core/Dependencies/AssemblyQualifiedNameParser/ParsedAssemblyQualifiedName.cs
 0.2 kb	 0.0% Packages/com.unity.render-pipelines.universal/Textures/BayerMatrix.png
 0.2 kb	 0.0% Packages/com.unity.render-pipelines.universal/Runtime/VolumeRequiresRendererFeatures.cs
 0.2 kb	 0.0% Packages/com.unity.render-pipelines.universal/Runtime/UniversalAdditionalCameraData.cs
 0.2 kb	 0.0% Packages/com.unity.render-pipelines.universal/Runtime/Settings/URPDefaultVolumeProfileSetting.cs
 0.2 kb	 0.0% Packages/com.unity.render-pipelines.universal/Runtime/RendererFeatures/FullScreenPassRendererFeature.cs
 0.2 kb	 0.0% Packages/com.unity.render-pipelines.universal/Runtime/RendererFeatures/DisallowMultipleRendererFeature.cs
 0.2 kb	 0.0% Packages/com.unity.render-pipelines.universal/Runtime/Passes/ScreenSpaceAmbientOcclusionPass.cs
 0.2 kb	 0.0% Packages/com.unity.render-pipelines.universal/Runtime/Passes/PostProcess/PaniniProjectionPostProcessPass.cs
 0.2 kb	 0.0% Packages/com.unity.render-pipelines.universal/Runtime/Passes/MainLightShadowCasterPass.cs
 0.2 kb	 0.0% Packages/com.unity.render-pipelines.universal/Runtime/Passes/InvokeOnRenderObjectCallbackPass.cs
 0.2 kb	 0.0% Packages/com.unity.render-pipelines.universal/Runtime/Decal/Entities/DecalUpdateCullingGroupSystem.cs
 0.2 kb	 0.0% Packages/com.unity.render-pipelines.universal/Runtime/Debug/DebugDisplaySettingsRendering.cs
 0.2 kb	 0.0% Packages/com.unity.render-pipelines.core/Runtime/UnifiedRayTracing/Hardware/HardwareRayTracingAccelStruct.cs
 0.2 kb	 0.0% Packages/com.unity.render-pipelines.core/Runtime/RenderGraph/RenderGraphUtilsResources.cs
 0.2 kb	 0.0% Packages/com.unity.render-pipelines.core/Runtime/Lighting/ProbeVolume/ProbeReferenceVolume.ReflProbeNormalization.cs
 0.2 kb	 0.0% Packages/com.unity.render-pipelines.core/Runtime/GPUDriven/Culling/OcclusionCullingDebugShaderVariables.cs
 0.2 kb	 0.0% Packages/com.unity.render-pipelines.core/Runtime-PrivateShared/OnTileValidationLayer.cs
 0.2 kb	 0.0% Packages/com.distantlands.cozy.core/Content/Resources/Profiles/Weather Profiles/Partly Cloudy.asset
 0.2 kb	 0.0% Assets/_Game/Data/Talents/TL_Toughness.asset
 0.2 kb	 0.0% Packages/com.unity.visualscripting/Runtime/VisualScripting.Core/Listeners/UI/UnityOnToggleValueChangedMessageListener.cs
 0.2 kb	 0.0% Packages/com.unity.visualscripting/Runtime/VisualScripting.Core/Listeners/UI/UnityOnSliderValueChangedMessageListener.cs
 0.2 kb	 0.0% Packages/com.unity.visualscripting/Runtime/VisualScripting.Core/Listeners/UI/UnityOnInputFieldEndEditMessageListener.cs
 0.2 kb	 0.0% Packages/com.unity.visualscripting/Runtime/VisualScripting.Core/Listeners/MonoBehaviour/UnityOnParticleCollisionMessageListener.cs
 0.2 kb	 0.0% Packages/com.unity.visualscripting/Runtime/VisualScripting.Core/Listeners/MonoBehaviour/UnityOnMouseUpAsButtonMessageListener.cs
 0.2 kb	 0.0% Packages/com.unity.visualscripting/Runtime/VisualScripting.Core/Listeners/MonoBehaviour/UnityOnCollisionStay2DMessageListener.cs
 0.2 kb	 0.0% Packages/com.unity.visualscripting/Runtime/VisualScripting.Core/Listeners/MonoBehaviour/UnityOnCollisionExit2DMessageListener.cs
 0.2 kb	 0.0% Packages/com.unity.visualscripting/Runtime/VisualScripting.Core/Listeners/MonoBehaviour/UnityOnCollisionEnter2DMessageListener.cs
 0.2 kb	 0.0% Packages/com.unity.visualscripting/Runtime/VisualScripting.Core/Listeners/MonoBehaviour/UnityOnBecameInvisibleMessageListener.cs
 0.2 kb	 0.0% Packages/com.unity.render-pipelines.universal/Runtime/UniversalRenderPipelineRenderGraph.cs
 0.2 kb	 0.0% Packages/com.unity.render-pipelines.universal/Runtime/Passes/PostProcess/DepthOfFieldBokehProcessPass.cs
 0.2 kb	 0.0% Packages/com.unity.render-pipelines.universal/Runtime/2D/Sources/Shadow2DSource_ShapeEditor.cs
 0.2 kb	 0.0% Packages/com.unity.render-pipelines.universal/Runtime/2D/Shadows/ShadowCasterGroup2DManager.cs
 0.2 kb	 0.0% Packages/com.unity.render-pipelines.universal/Runtime/2D/Rendergraph/CopyCameraSortingLayerPass.cs
 0.2 kb	 0.0% Packages/com.unity.render-pipelines.universal/Runtime/2D/RendererFeatures/ScriptableRendererFeature2D.cs
 0.2 kb	 0.0% Packages/com.unity.render-pipelines.universal/Runtime/2D/PixelPerfectCameraInternal.cs
 0.2 kb	 0.0% Packages/com.unity.render-pipelines.core/Runtime/Vrs/VrsRenderPipelineRuntimeResources.cs
 0.2 kb	 0.0% Packages/com.unity.render-pipelines.core/Runtime/Settings/RenderingDebuggerRuntimeResources.cs
 0.2 kb	 0.0% Packages/com.unity.render-pipelines.core/Runtime/RenderPipeline/RenderPipelineGlobalSettingsUtils.cs
 0.2 kb	 0.0% Packages/com.unity.render-pipelines.core/Runtime/RenderGraph/RenderGraphValidationLayer.cs
 0.2 kb	 0.0% Packages/com.unity.render-pipelines.core/Runtime/RenderGraph/RenderGraphResourceRegistry.cs
 0.2 kb	 0.0% Packages/com.unity.render-pipelines.core/Runtime/RenderGraph/RenderGraphDefaultResources.cs
 0.2 kb	 0.0% Packages/com.unity.render-pipelines.core/Runtime/RenderGraph/Compiler/ResourcesData.cs
 0.2 kb	 0.0% Packages/com.unity.render-pipelines.core/Runtime/Lighting/ProbeVolume/ProbeVolumeConstantRuntimeResources.cs
 0.2 kb	 0.0% Packages/com.unity.render-pipelines.core/Runtime/Lighting/ProbeVolume/ProbeVolumeBakingSetWeakReference.cs
 0.2 kb	 0.0% Packages/com.unity.render-pipelines.core/Runtime/Lighting/ProbeVolume/IProbeVolumeEnabledRenderPipeline.cs
 0.2 kb	 0.0% Packages/com.distantlands.cozy.core/Content/Resources/Profiles/Weather Profiles/Mixed Clouds.asset
 0.2 kb	 0.0% Packages/com.distantlands.cozy.core/Content/Resources/Profiles/Satellites/Moon.asset
 0.2 kb	 0.0% Assets/_Game/Art/Materials/TL_T_FFE_Grass01.terrainlayer
 0.2 kb	 0.0% Assets/_Game/Art/Materials/TL_T_FFE_Dirt2.terrainlayer
 0.2 kb	 0.0% Assets/_Game/Art/Materials/TL_T_FFE_Dirt01.terrainlayer
 0.2 kb	 0.0% Packages/com.unity.visualscripting/Runtime/VisualScripting.Core/Dependencies/FullSerializer/Converters/Unity/GUIStyleState_DirectConverter.cs
 0.2 kb	 0.0% Packages/com.unity.visualscripting/Runtime/VisualScripting.Core/Dependencies/FullSerializer/Converters/Unity/AnimationCurve_DirectConverter.cs
 0.2 kb	 0.0% Packages/com.unity.render-pipelines.universal/Runtime/UniversalAdditionalLightData.cs
 0.2 kb	 0.0% Packages/com.unity.render-pipelines.universal/Runtime/Tiling/ReflectionProbeMinMaxZJob.cs
 0.2 kb	 0.0% Packages/com.unity.render-pipelines.universal/Runtime/Settings/URPShaderStrippingSetting.cs
 0.2 kb	 0.0% Packages/com.unity.render-pipelines.universal/Runtime/ScriptableRendererFeature.cs
 0.2 kb	 0.0% Packages/com.unity.render-pipelines.universal/Runtime/RendererFeatures/ScreenSpaceAmbientOcclusion.cs
 0.2 kb	 0.0% Packages/com.unity.render-pipelines.universal/Runtime/RendererFeatures/OnTilePostProcessResource.cs
 0.2 kb	 0.0% Packages/com.unity.render-pipelines.universal/Runtime/RenderTargetBufferSystem.cs
 0.2 kb	 0.0% Packages/com.unity.render-pipelines.universal/Runtime/RenderPipelineResources/UniversalRendererResources.cs
 0.2 kb	 0.0% Packages/com.unity.render-pipelines.universal/Runtime/Passes/StencilCrossFadeRenderPass.cs
 0.2 kb	 0.0% Packages/com.unity.render-pipelines.universal/Runtime/Passes/PostProcess/ScalingSetupPostProcessPass.cs
 0.2 kb	 0.0% Packages/com.unity.render-pipelines.universal/Runtime/Passes/PostProcess/MotionBlurPostProcessPass.cs
 0.2 kb	 0.0% Packages/com.unity.render-pipelines.universal/Runtime/Passes/PostProcess/Fsr1UpscalePostProcessPass.cs
 0.2 kb	 0.0% Packages/com.unity.render-pipelines.universal/Runtime/Overrides/ShadowsMidtonesHighlights.cs
 0.2 kb	 0.0% Packages/com.unity.render-pipelines.universal/Runtime/FrameData/UniversalPostProcessingData.cs
 0.2 kb	 0.0% Packages/com.unity.render-pipelines.universal/Runtime/Decal/ScreenSpace/DecalScreenSpaceRenderPass.cs
 0.2 kb	 0.0% Packages/com.unity.render-pipelines.universal/Runtime/Decal/Entities/DecalCreateDrawCallSystem.cs
 0.2 kb	 0.0% Packages/com.unity.render-pipelines.universal/Runtime/Debug/DebugDisplaySettingsMaterial.cs
 0.2 kb	 0.0% Packages/com.unity.render-pipelines.universal/Runtime/Debug/DebugDisplaySettingsLighting.cs
 0.2 kb	 0.0% Packages/com.unity.render-pipelines.universal/Runtime/Debug/DebugDisplaySettingsCommon.cs
 0.2 kb	 0.0% Packages/com.unity.render-pipelines.universal/Runtime/Data/UniversalRenderPipelineAsset.cs
 0.2 kb	 0.0% Packages/com.unity.render-pipelines.core/Runtime/UnifiedRayTracing/UnifiedRayTracingException.cs
 0.2 kb	 0.0% Packages/com.unity.render-pipelines.core/Runtime/UnifiedRayTracing/Hardware/HardwareRayTracingBackend.cs
 0.2 kb	 0.0% Packages/com.unity.render-pipelines.core/Runtime/UnifiedRayTracing/Compute/ComputeRayTracingAccelStruct.cs
 0.2 kb	 0.0% Packages/com.unity.render-pipelines.core/Runtime/RenderGraph/RenderGraphResourceRendererList.cs
 0.2 kb	 0.0% Packages/com.unity.render-pipelines.core/Runtime/RenderGraph/Compiler/PassesData.cs
 0.2 kb	 0.0% Packages/com.unity.render-pipelines.core/Runtime/GPUDriven/Debug/DebugDisplayGPUResidentDrawer.cs
 0.2 kb	 0.0% Packages/com.unity.render-pipelines.core/Runtime/GPUDriven/Culling/OccluderDepthPyramidConstants.cs
 0.2 kb	 0.0% Packages/com.unity.collections/Unity.Collections/GenerateTestsForBurstCompatibilityAttribute.cs
 0.2 kb	 0.0% Packages/com.unity.visualscripting/Runtime/VisualScripting.Core/SerializedProperties/SerializedPropertyProviderAttribute.cs
 0.2 kb	 0.0% Packages/com.unity.visualscripting/Runtime/VisualScripting.Core/Listeners/UIInterfaces/UnityOnPointerExitMessageListener.cs
 0.2 kb	 0.0% Packages/com.unity.visualscripting/Runtime/VisualScripting.Core/Listeners/UIInterfaces/UnityOnPointerEnterMessageListener.cs
 0.2 kb	 0.0% Packages/com.unity.visualscripting/Runtime/VisualScripting.Core/Listeners/UIInterfaces/UnityOnPointerDownMessageListener.cs
 0.2 kb	 0.0% Packages/com.unity.visualscripting/Runtime/VisualScripting.Core/Listeners/UIInterfaces/UnityOnPointerClickMessageListener.cs
 0.2 kb	 0.0% Packages/com.unity.visualscripting/Runtime/VisualScripting.Core/Listeners/UI/UnityOnButtonClickMessageListener.cs
 0.2 kb	 0.0% Packages/com.unity.visualscripting/Runtime/VisualScripting.Core/Listeners/MonoBehaviour/UnityOnTriggerEnterMessageListener.cs
 0.2 kb	 0.0% Packages/com.unity.visualscripting/Runtime/VisualScripting.Core/Listeners/MonoBehaviour/UnityOnJointBreak2DMessageListener.cs
 0.2 kb	 0.0% Packages/com.unity.visualscripting/Runtime/VisualScripting.Core/Listeners/MonoBehaviour/UnityOnCollisionStayMessageListener.cs
 0.2 kb	 0.0% Packages/com.unity.visualscripting/Runtime/VisualScripting.Core/Listeners/MonoBehaviour/UnityOnCollisionExitMessageListener.cs
 0.2 kb	 0.0% Packages/com.unity.visualscripting/Runtime/VisualScripting.Core/Listeners/MonoBehaviour/UnityOnCollisionEnterMessageListener.cs
 0.2 kb	 0.0% Packages/com.unity.visualscripting/Runtime/VisualScripting.Core/Listeners/MonoBehaviour/UnityOnBecameVisibleMessageListener.cs
 0.2 kb	 0.0% Packages/com.unity.visualscripting/Runtime/VisualScripting.Core/EditorBinding/Inspector/InspectorActionDirectionAttribute.cs
 0.2 kb	 0.0% Packages/com.unity.visualscripting/Runtime/VisualScripting.Core/EditorBinding/Inspector/InspectViaImplementationsAttribute.cs
 0.2 kb	 0.0% Packages/com.unity.visualscripting/Runtime/VisualScripting.Core/Dependencies/FullSerializer/Internal/fsCyclicReferenceManager.cs
 0.2 kb	 0.0% Packages/com.unity.visualscripting/Runtime/VisualScripting.Core/Dependencies/FullSerializer/Converters/Unity/UnityEvent_Converter.cs
 0.2 kb	 0.0% Packages/com.unity.render-pipelines.universal/Runtime/UniversalRenderPipelineCore.cs
 0.2 kb	 0.0% Packages/com.unity.render-pipelines.universal/Runtime/FrameData/UniversalResourceBase.cs
 0.2 kb	 0.0% Packages/com.unity.render-pipelines.universal/Runtime/2D/URP2D_GraphicsExtensions.cs
 0.2 kb	 0.0% Packages/com.unity.render-pipelines.universal/Runtime/2D/Sources/Shadow2DProviderSources.cs
 0.2 kb	 0.0% Packages/com.unity.render-pipelines.universal/Runtime/2D/Sources/Shadow2DProviderSource.cs
 0.2 kb	 0.0% Packages/com.unity.render-pipelines.universal/Runtime/2D/Sources/Light2DSource_BuiltIn.cs
 0.2 kb	 0.0% Packages/com.unity.render-pipelines.universal/Runtime/2D/Sources/Light2DProviderSources.cs
 0.2 kb	 0.0% Packages/com.unity.render-pipelines.universal/Runtime/2D/Sources/Light2DProviderSource.cs
 0.2 kb	 0.0% Packages/com.unity.render-pipelines.universal/Runtime/2D/Shadows/Providers/ShadowShape2DProvider.cs
 0.2 kb	 0.0% Packages/com.unity.render-pipelines.universal/Runtime/2D/Shadows/CompositeShadowCaster2D.cs
 0.2 kb	 0.0% Packages/com.unity.render-pipelines.universal/Runtime/2D/RendererFeatures/ScriptableRenderPass2D.cs
 0.2 kb	 0.0% Packages/com.unity.render-pipelines.universal/Runtime/2D/FrameData/Universal2DRenderingData.cs
 0.2 kb	 0.0% Packages/com.unity.render-pipelines.core/Runtime/Utilities/CoreRenderPipelinePreferences.cs
 0.2 kb	 0.0% Packages/com.unity.render-pipelines.core/Runtime/Settings/IDefaultVolumeProfileSettings.cs
 0.2 kb	 0.0% Packages/com.unity.render-pipelines.core/Runtime/RenderGraph/RenderGraphResourcePool.cs
 0.2 kb	 0.0% Packages/com.unity.render-pipelines.core/Runtime/RenderGraph/RenderGraphObjectPool.cs
 0.2 kb	 0.0% Packages/com.unity.render-pipelines.core/Runtime/RenderGraph/Debug/RenderGraphDebugSession.cs
 0.2 kb	 0.0% Packages/com.unity.render-pipelines.core/Runtime/RenderGraph/Debug/RenderGraphDebugParams.cs
 0.2 kb	 0.0% Packages/com.unity.render-pipelines.core/Runtime/RenderGraph/Debug/RenderGraph.DebugDataSerialization.cs
 0.2 kb	 0.0% Packages/com.unity.render-pipelines.core/Runtime/RenderGraph/Debug/DebugDisplaySettingsRenderGraph.cs
 0.2 kb	 0.0% Packages/com.unity.render-pipelines.core/Runtime/Lighting/ProbeVolume/ProbeVolumeBakingProcessSettings.cs
 0.2 kb	 0.0% Packages/com.unity.render-pipelines.core/Runtime/Debugging/ISerializedDebugDisplaySettings.cs
 0.2 kb	 0.0% Packages/com.unity.render-pipelines.core/Runtime/Debugging/DebugDisplaySettingsHDROutput.cs
 0.2 kb	 0.0% Packages/com.unity.render-pipelines.core/Runtime/Common/GlobalDynamicResolutionSettings.cs
 0.2 kb	 0.0% Packages/com.unity.inputsystem/InputSystem/Runtime/Devices/Commands/QueryEditorWindowCoordinatesCommand.cs
 0.2 kb	 0.0% Packages/com.unity.inputsystem/InputSystem/Runtime/Devices/Commands/InitiateUserAccountPairingCommand.cs
 0.2 kb	 0.0% Packages/com.unity.inputsystem/InputSystem/Editor/UITKAssetEditor/Views/CompositePartBindingPropertiesView.cs
 0.2 kb	 0.0% Packages/com.unity.inputsystem/InputSystem/Editor/UITKAssetEditor/Views/CollectionViewSelectionChangeFilter.cs
 0.2 kb	 0.0% Packages/com.unity.inputsystem/InputSystem/Editor/UITKAssetEditor/InputActionsEditorSettingsProvider.cs
 0.2 kb	 0.0% Packages/com.unity.inputsystem/InputSystem/Editor/PropertyDrawers/InputActionReferenceSearchProviders.cs
 0.2 kb	 0.0% Packages/com.unity.inputsystem/InputSystem/Editor/PropertyDrawers/InputActionReferencePropertyDrawer.cs
 0.2 kb	 0.0% Packages/com.unity.inputsystem/InputSystem/Editor/Devices/Remote/RemoteInputPlayerConnectionEditor.cs
 0.2 kb	 0.0% Packages/com.unity.inputsystem/InputSystem/Editor/Analytics/InputActionsEditorSessionAnalytic.cs
 0.2 kb	 0.0% Packages/com.unity.inputsystem/InputSystem/Editor/Actions/InputControlSchemeEditorExtensions.cs
 0.2 kb	 0.0% Packages/com.distantlands.cozy.core/Content/Resources/Profiles/Weather Profiles/Cirrus Clouds.asset
 0.2 kb	 0.0% Packages/com.distantlands.cozy.core/Content/Resources/Profiles/FX/Audio FX/Light Rain Atmosphere SFX.asset
 0.2 kb	 0.0% Packages/com.distantlands.cozy.core/Content/Demo/Terrain/Grass.terrainlayer
 0.2 kb	 0.0% Assets/Synty/InterfaceFantasyMenus/Samples/Scripts/SampleScrollRectSelectableListItem.cs
 0.2 kb	 0.0% Assets/Synty/AnimationGoblinLocomotion/Samples/Scripts/GBL_SamplePlayerAnimationController.cs
 0.2 kb	 0.0% Packages/com.unity.visualscripting/Runtime/VisualScripting.Core/Listeners/MonoBehaviour/UnityOnTriggerStay2DMListener.cs
 0.2 kb	 0.0% Packages/com.unity.visualscripting/Runtime/VisualScripting.Core/Listeners/MonoBehaviour/UnityOnTriggerExit2DMListener.cs
 0.2 kb	 0.0% Packages/com.unity.visualscripting/Runtime/VisualScripting.Core/Listeners/MonoBehaviour/UnityOnTriggerEnter2DMListener.cs
 0.2 kb	 0.0% Packages/com.unity.visualscripting/Runtime/VisualScripting.Core/Dependencies/FullSerializer/fsISerializationCallbacks.cs
 0.2 kb	 0.0% Packages/com.unity.visualscripting/Runtime/VisualScripting.Core/Dependencies/FullSerializer/Converters/Unity/RectOffset_DirectConverter.cs
 0.2 kb	 0.0% Packages/com.unity.visualscripting/Runtime/VisualScripting.Core/Dependencies/FullSerializer/Converters/Unity/LayerMask_DirectConverter.cs
 0.2 kb	 0.0% Packages/com.unity.visualscripting/Runtime/VisualScripting.Core/Dependencies/FullSerializer/Converters/Unity/InputAction_DirectConverter.cs
 0.2 kb	 0.0% Packages/com.unity.render-pipelines.universal/Runtime/UniversalRendererRenderGraph.cs
 0.2 kb	 0.0% Packages/com.unity.render-pipelines.universal/Runtime/UniversalRendererData.cs
 0.2 kb	 0.0% Packages/com.unity.render-pipelines.universal/Runtime/UniversalRenderPipeline.cs
 0.2 kb	 0.0% Packages/com.unity.render-pipelines.universal/Runtime/UniversalCameraHistory.cs
 0.2 kb	 0.0% Packages/com.unity.render-pipelines.universal/Runtime/Tiling/TileRangeExpansionJob.cs
 0.2 kb	 0.0% Packages/com.unity.render-pipelines.universal/Runtime/SupportedOnRenderer.cs
 0.2 kb	 0.0% Packages/com.unity.render-pipelines.universal/Runtime/Settings/URPTerrainShaderSetting.cs
 0.2 kb	 0.0% Packages/com.unity.render-pipelines.universal/Runtime/Settings/URPReflectionProbeSettings.cs
 0.2 kb	 0.0% Packages/com.unity.render-pipelines.universal/Runtime/ScriptableRendererData.cs
 0.2 kb	 0.0% Packages/com.unity.render-pipelines.universal/Runtime/RendererFeatures/FullScreenPassRendererFeature_OldGUID.cs
 0.2 kb	 0.0% Packages/com.unity.render-pipelines.universal/Runtime/ReflectionProbeManager.cs
 0.2 kb	 0.0% Packages/com.unity.render-pipelines.universal/Runtime/Passes/TransparentSettingsPass.cs
 0.2 kb	 0.0% Packages/com.unity.render-pipelines.universal/Runtime/Passes/PostProcess/UpscalerPostProcessPass.cs
 0.2 kb	 0.0% Packages/com.unity.render-pipelines.universal/Runtime/Passes/PostProcess/StopNanPostProcessPass.cs
 0.2 kb	 0.0% Packages/com.unity.render-pipelines.universal/Runtime/Passes/MotionVectorRenderPass.cs
 0.2 kb	 0.0% Packages/com.unity.render-pipelines.universal/Runtime/Passes/DrawScreenSpaceUIPass.cs
 0.2 kb	 0.0% Packages/com.unity.render-pipelines.universal/Runtime/Passes/DepthNormalOnlyPass.cs
 0.2 kb	 0.0% Packages/com.unity.render-pipelines.universal/Runtime/Passes/ColorGradingLutPass.cs
 0.2 kb	 0.0% Packages/com.unity.render-pipelines.universal/Runtime/NormalReconstruction.cs
 0.2 kb	 0.0% Packages/com.unity.render-pipelines.universal/Runtime/FrameData/UniversalResourceData.cs
 0.2 kb	 0.0% Packages/com.unity.render-pipelines.universal/Runtime/FrameData/UniversalRenderingData.cs
 0.2 kb	 0.0% Packages/com.unity.render-pipelines.universal/Runtime/FrameData/Universal2DResourceData.cs
 0.2 kb	 0.0% Packages/com.unity.render-pipelines.universal/Runtime/Decal/ScreenSpace/DecalGBufferRenderPass.cs
 0.2 kb	 0.0% Packages/com.unity.render-pipelines.universal/Runtime/Decal/Entities/DecalUpdateCulledSystem.cs
 0.2 kb	 0.0% Packages/com.unity.render-pipelines.universal/Runtime/Decal/Entities/DecalUpdateCachedSystem.cs
 0.2 kb	 0.0% Packages/com.unity.render-pipelines.universal/Runtime/Decal/Entities/DecalSkipCulledSystem.cs
 0.2 kb	 0.0% Packages/com.unity.render-pipelines.universal/Runtime/Decal/DBuffer/DecalForwardEmissivePass.cs
 0.2 kb	 0.0% Packages/com.unity.render-pipelines.core/Runtime/XR/XRBuiltinShaderConstants.cs
 0.2 kb	 0.0% Packages/com.unity.render-pipelines.core/Runtime/UnifiedRayTracing/IRayTracingAccelStruct.cs
 0.2 kb	 0.0% Packages/com.unity.render-pipelines.core/Runtime/UnifiedRayTracing/Hardware/HardwareRayTracingShader.cs
 0.2 kb	 0.0% Packages/com.unity.render-pipelines.core/Runtime/UnifiedRayTracing/Compute/ComputeRayTracingShader.cs
 0.2 kb	 0.0% Packages/com.unity.render-pipelines.core/Runtime/UnifiedRayTracing/Compute/ComputeRayTracingBackend.cs
 0.2 kb	 0.0% Packages/com.unity.render-pipelines.core/Runtime/Settings/IDefaultVolumeProfileResource.cs
 0.2 kb	 0.0% Packages/com.unity.render-pipelines.core/Runtime/RenderGraph/RenderGraphResourceTexture.cs
 0.2 kb	 0.0% Packages/com.unity.render-pipelines.core/Runtime/RenderGraph/RenderGraph.ExceptionMessages.cs
 0.2 kb	 0.0% Packages/com.unity.render-pipelines.core/Runtime/RenderGraph/IRenderGraphBuilder.cs
 0.2 kb	 0.0% Packages/com.unity.render-pipelines.core/Runtime/PathTracing/UnityComputeProbeIntegrator.cs
 0.2 kb	 0.0% Packages/com.unity.render-pipelines.core/Runtime/PathTracing/LightmapResourceCache.cs
 0.2 kb	 0.0% Packages/com.unity.render-pipelines.core/Runtime/PathTracing/LightmapIntegrationHelpers.cs
 0.2 kb	 0.0% Packages/com.unity.render-pipelines.core/Runtime/PathTracing/Environment/EnvironmentImportanceSampling.cs
 0.2 kb	 0.0% Packages/com.unity.render-pipelines.core/Runtime/GPUDriven/SceneProcessors/SpeedTreeWindGPUDataUpdater.cs
 0.2 kb	 0.0% Packages/com.unity.render-pipelines.core/Runtime/GPUDriven/SceneProcessors/MeshRendererProcessorBurst.cs
 0.2 kb	 0.0% Packages/com.unity.render-pipelines.core/Runtime/GPUDriven/IGPUResidentRenderPipeline.cs
 0.2 kb	 0.0% Packages/com.unity.render-pipelines.core/Runtime/GPUDriven/GPUResidentDrawerResources.cs
 0.2 kb	 0.0% Packages/com.unity.render-pipelines.core/Runtime/GPUDriven/Components/DisallowGPUDrivenRendering.cs
 0.2 kb	 0.0% Packages/com.unity.render-pipelines.core/Runtime/GPUDriven/Batching/InstanceCullingBatcherBurst.cs
 0.2 kb	 0.0% Packages/com.unity.render-pipelines.core/Runtime/GPUDriven/Batching/InstanceCullingBatcher.Jobs.cs
 0.2 kb	 0.0% Packages/com.unity.render-pipelines.core/Runtime-PrivateShared/AssemblyInfo.cs
 0.2 kb	 0.0% Packages/com.unity.inputsystem/InputSystem/Editor/Plugins/UI/StandaloneInputModuleEditor.cs
 0.2 kb	 0.0% Packages/com.unity.inputsystem/InputSystem/Editor/Plugins/UI/InputSystemUIInputModuleEditor.cs
 0.2 kb	 0.0% Packages/com.distantlands.cozy.core/Content/Resources/Profiles/Weather Profiles/Mostly Clear.asset
 0.2 kb	 0.0% Packages/com.distantlands.cozy.core/Content/Resources/Profiles/Weather Profiles/Chemtrails.asset
 0.2 kb	 0.0% Packages/com.distantlands.cozy.core/Content/Resources/Profiles/FX/Particle FX/Autumnal Leaves Light Particle FX.asset
 0.2 kb	 0.0% Packages/com.distantlands.cozy.core/Content/Resources/Profiles/FX/Particle FX/Autumnal Leaves Heavy Particle FX.asset
 0.2 kb	 0.0% Packages/com.distantlands.cozy.core/Content/Resources/Profiles/FX/Particle FX/Aurora Borealis (Red) Particle FX.asset
 0.2 kb	 0.0% Packages/com.distantlands.cozy.core/Content/Resources/Profiles/FX/Particle FX/Aurora Borealis (Green) Particle FX.asset
 0.2 kb	 0.0% Packages/com.distantlands.cozy.core/Content/Resources/Profiles/FX/Particle FX/Aurora Borealis (Cool) Particle FX.asset
 0.2 kb	 0.0% Assets/Synty/AnimationBaseLocomotion/Samples/Scripts/SamplePlayerAnimationController.cs
 0.2 kb	 0.0% Assets/GSpawn - Level Designer/Scripts/Prefabs/PrefabsFromObjectGroupsCreationSettingsWindow.cs
 0.2 kb	 0.0% Assets/GSpawn - Level Designer/Scripts/Prefabs/PrefabFromSelectedObjectsCreationSettingsWindow.cs
 0.2 kb	 0.0% Assets/GSpawn - Level Designer/Scripts/Prefabs/ObjectGroupsFromPrefabLibsCreationSettingsWindow.cs
 0.1 kb	 0.0% Packages/com.unity.visualscripting/Runtime/VisualScripting.Flow/Ports/MissingValuePortInputException.cs
 0.1 kb	 0.0% Packages/com.unity.visualscripting/Runtime/VisualScripting.Flow/EditorBinding/UnitHeaderInspectableAttribute.cs
 0.1 kb	 0.0% Packages/com.unity.visualscripting/Runtime/VisualScripting.Flow/Dependencies/NCalc/LogicalExpressionVisitor.cs
 0.1 kb	 0.0% Packages/com.unity.visualscripting/Runtime/VisualScripting.Core/Variables/VariableDeclarationCollection.cs
 0.1 kb	 0.0% Packages/com.unity.visualscripting/Runtime/VisualScripting.Core/Variables/InspectorVariableNameAttribute.cs
 0.1 kb	 0.0% Packages/com.unity.visualscripting/Runtime/VisualScripting.Core/Serialization/SerializationVersionAttribute.cs
 0.1 kb	 0.0% Packages/com.unity.visualscripting/Runtime/VisualScripting.Core/Listeners/UIInterfaces/UnityOnPointerUpMessageListener.cs
 0.1 kb	 0.0% Packages/com.unity.visualscripting/Runtime/VisualScripting.Core/Listeners/UIInterfaces/UnityOnEndDragMessageListener.cs
 0.1 kb	 0.0% Packages/com.unity.visualscripting/Runtime/VisualScripting.Core/Listeners/UIInterfaces/UnityOnDeselectMessageListener.cs
 0.1 kb	 0.0% Packages/com.unity.visualscripting/Runtime/VisualScripting.Core/Listeners/UIInterfaces/UnityOnBeginDragMessageListener.cs
 0.1 kb	 0.0% Packages/com.unity.visualscripting/Runtime/VisualScripting.Core/Listeners/MonoBehaviour/UnityOnTriggerStayMListener.cs
 0.1 kb	 0.0% Packages/com.unity.visualscripting/Runtime/VisualScripting.Core/Listeners/MonoBehaviour/UnityOnTriggerExitMListener.cs
 0.1 kb	 0.0% Packages/com.unity.visualscripting/Runtime/VisualScripting.Core/Listeners/MonoBehaviour/UnityOnMouseUpMessageListener.cs
 0.1 kb	 0.0% Packages/com.unity.visualscripting/Runtime/VisualScripting.Core/Listeners/MonoBehaviour/UnityOnMouseOverMessageListener.cs
 0.1 kb	 0.0% Packages/com.unity.visualscripting/Runtime/VisualScripting.Core/Listeners/MonoBehaviour/UnityOnMouseExitMessageListener.cs
 0.1 kb	 0.0% Packages/com.unity.visualscripting/Runtime/VisualScripting.Core/Listeners/MonoBehaviour/UnityOnMouseEnterMessageListener.cs
 0.1 kb	 0.0% Packages/com.unity.visualscripting/Runtime/VisualScripting.Core/Listeners/MonoBehaviour/UnityOnMouseDragMessageListener.cs
 0.1 kb	 0.0% Packages/com.unity.visualscripting/Runtime/VisualScripting.Core/Listeners/MonoBehaviour/UnityOnMouseDownMessageListener.cs
 0.1 kb	 0.0% Packages/com.unity.visualscripting/Runtime/VisualScripting.Core/Listeners/MonoBehaviour/UnityOnJointBreakMessageListener.cs
 0.1 kb	 0.0% Packages/com.unity.visualscripting/Runtime/VisualScripting.Core/Exceptions/InvalidImplementationException.cs
 0.1 kb	 0.0% Packages/com.unity.visualscripting/Runtime/VisualScripting.Core/EditorBinding/Inspector/InspectorExpandTooltipAttribute.cs
 0.1 kb	 0.0% Packages/com.unity.visualscripting/Runtime/VisualScripting.Core/EditorBinding/Inspector/InspectorAdaptiveWidthAttribute.cs
 0.1 kb	 0.0% Packages/com.unity.visualscripting/Runtime/VisualScripting.Core/Dependencies/FullSerializer/Internal/fsPortableReflection.cs
 0.1 kb	 0.0% Packages/com.unity.visualscripting/Runtime/VisualScripting.Core/Attributes/VisualScriptingHelpURLAttribute.cs
 0.1 kb	 0.0% Packages/com.unity.render-pipelines.universal/Runtime/UniversalRendererDebug.cs
 0.1 kb	 0.0% Packages/com.unity.render-pipelines.universal/Runtime/MotionVectors.cs
 0.1 kb	 0.0% Packages/com.unity.render-pipelines.universal/Runtime/Decal/DecalDrawErrorRenderPass.cs
 0.1 kb	 0.0% Packages/com.unity.render-pipelines.universal/Runtime/2D/Sources/IProvider2DSources.cs
 0.1 kb	 0.0% Packages/com.unity.render-pipelines.universal/Runtime/2D/Shadows/ShadowCasterGroup2D.cs
 0.1 kb	 0.0% Packages/com.unity.render-pipelines.universal/Runtime/2D/Shadows/Shadow Provider Utility/ShapeProviderUtility.cs
 0.1 kb	 0.0% Packages/com.unity.render-pipelines.universal/Runtime/2D/Rendergraph/GlobalPropertiesPass.cs
 0.1 kb	 0.0% Packages/com.unity.render-pipelines.universal/Runtime/2D/Rendergraph/DrawRenderer2DPass.cs
 0.1 kb	 0.0% Packages/com.unity.render-pipelines.universal/Runtime/2D/PixelPerfectCamera.cs
 0.1 kb	 0.0% Packages/com.unity.render-pipelines.universal/Runtime/2D/Passes/Utility/Light2DLookupTexture.cs
 0.1 kb	 0.0% Packages/com.unity.render-pipelines.universal/Runtime/2D/Lights/Light2DCullResult.cs
 0.1 kb	 0.0% Packages/com.unity.render-pipelines.universal/Runtime/2D/Lights/Light2DBlendStyle.cs
 0.1 kb	 0.0% Packages/com.unity.render-pipelines.core/Runtime/Utilities/BatchRendererGroupGlobals.cs
 0.1 kb	 0.0% Packages/com.unity.render-pipelines.core/Runtime/Settings/IncludeRenderPipelineAsset.cs
 0.1 kb	 0.0% Packages/com.unity.render-pipelines.core/Runtime/STP/ISTPEnabledRenderPipeline.cs
 0.1 kb	 0.0% Packages/com.unity.render-pipelines.core/Runtime/RenderGraph/RenderGraphUtilsBlit.cs
 0.1 kb	 0.0% Packages/com.unity.render-pipelines.core/Runtime/RenderGraph/RenderGraphResourceBuffer.cs
 0.1 kb	 0.0% Packages/com.unity.render-pipelines.core/Runtime/RenderGraph/RenderGraphGlobalSettings.cs
 0.1 kb	 0.0% Packages/com.unity.render-pipelines.core/Runtime/RenderGraph/RenderGraphBuilders.cs
 0.1 kb	 0.0% Packages/com.unity.render-pipelines.core/Runtime/RenderGraph/IRenderGraphRecorder.cs
 0.1 kb	 0.0% Packages/com.unity.render-pipelines.core/Runtime/RenderGraph/Debug/DebugMessageHandler.cs
 0.1 kb	 0.0% Packages/com.unity.render-pipelines.core/Runtime/Lighting/ProbeVolume/ShaderVariablesProbeVolumes.cs
 0.1 kb	 0.0% Packages/com.unity.render-pipelines.core/Runtime/Lighting/ProbeVolume/ProbeVolumeStreamableAsset.cs
 0.1 kb	 0.0% Packages/com.unity.render-pipelines.core/Runtime/Lighting/ProbeVolume/ProbeVolumeScratchBufferPool.cs
 0.1 kb	 0.0% Packages/com.unity.render-pipelines.core/Runtime/Lighting/ProbeVolume/ProbeVolumeGlobalSettings.cs
 0.1 kb	 0.0% Packages/com.unity.render-pipelines.core/Runtime/GPUDriven/GPUResidentDrawerTypes.cs
 0.1 kb	 0.0% Packages/com.unity.render-pipelines.core/Runtime/GPUDriven/CoreDataSystems/LODGroupDataSystem.Jobs.cs
 0.1 kb	 0.0% Packages/com.unity.render-pipelines.core/Runtime/GPUDriven/CoreDataSystems/InstanceWindDataUpdateDefs.cs
 0.1 kb	 0.0% Packages/com.unity.render-pipelines.core/Runtime/GPUDriven/CoreDataSystems/InstanceTransformUpdateDefs.cs
 0.1 kb	 0.0% Packages/com.unity.render-pipelines.core/Runtime/Debugging/IDebugDisplaySettingsQuery.cs
 0.1 kb	 0.0% Packages/com.unity.render-pipelines.core/Runtime/Debugging/IDebugDisplaySettingsPanel.cs
 0.1 kb	 0.0% Packages/com.unity.render-pipelines.core/Runtime/Debugging/IDebugDisplaySettingsData.cs
 0.1 kb	 0.0% Packages/com.unity.render-pipelines.core/Runtime/Debugging/DebugDisplaySettingsVolumes.cs
 0.1 kb	 0.0% Packages/com.unity.render-pipelines.core/Runtime/Debugging/DebugDisplaySettingsPanel.cs
 0.1 kb	 0.0% Packages/com.unity.inputsystem/InputSystem/Runtime/Devices/Commands/QuerySamplingFrequencyCommand.cs
 0.1 kb	 0.0% Packages/com.unity.inputsystem/InputSystem/Runtime/Devices/Commands/QueryPairedUserAccountCommand.cs
 0.1 kb	 0.0% Packages/com.unity.inputsystem/InputSystem/Editor/UITKAssetEditor/Views/CompositeBindingPropertiesView.cs
 0.1 kb	 0.0% Packages/com.unity.inputsystem/InputSystem/Editor/UITKAssetEditor/InputActionsEditorWindowUtils.cs
 0.1 kb	 0.0% Packages/com.unity.inputsystem/InputSystem/Editor/PropertyDrawers/InputActionAssetSearchProvider.cs
 0.1 kb	 0.0% Packages/com.unity.inputsystem/InputSystem/Editor/ProjectWideActions/ProjectWideActionsBuildProvider.cs
 0.1 kb	 0.0% Packages/com.unity.inputsystem/InputSystem/Editor/Plugins/OnScreen/UGUIOnScreenControlEditorUtils.cs
 0.1 kb	 0.0% Packages/com.unity.inputsystem/InputSystem/Editor/Internal/SerializedPropertyLinqExtensions.cs
 0.1 kb	 0.0% Packages/com.unity.inputsystem/InputSystem/Editor/Internal/InputActionSerializationHelpers.cs
 0.1 kb	 0.0% Packages/com.unity.inputsystem/InputSystem/Editor/EditorInputControlLayoutCache.cs
 0.1 kb	 0.0% Packages/com.unity.inputsystem/InputSystem/Editor/ControlPicker/Layouts/TouchscreenControlPickerLayout.cs
 0.1 kb	 0.0% Packages/com.unity.inputsystem/InputSystem/Editor/ControlPicker/Layouts/DefaultInputControlPickerLayout.cs
 0.1 kb	 0.0% Packages/com.unity.inputsystem/InputSystem/Editor/Analytics/VirtualMouseInputEditorAnalytic.cs
 0.1 kb	 0.0% Packages/com.unity.inputsystem/InputSystem/Editor/Analytics/PlayerInputManagerEditorAnalytic.cs
 0.1 kb	 0.0% Packages/com.distantlands.cozy.core/Content/Resources/Profiles/FX/Audio FX/Rain and Thunder SFX.asset
 0.1 kb	 0.0% Packages/com.distantlands.cozy.core/Content/Resources/Profiles/FX/Audio FX/Futuristic Radio SFX.asset
 0.1 kb	 0.0% Packages/com.distantlands.cozy.core/Content/Resources/Profiles/FX/Audio FX/Blizzard Wind SFX.asset
 0.1 kb	 0.0% Assets/Synty/InterfaceFantasyMenus/Samples/Scripts/SampleSelectedObjectActivator.cs
 0.1 kb	 0.0% Packages/com.unity.visualscripting/Runtime/VisualScripting.Core/Dependencies/FullSerializer/fsExceptions.cs
 0.1 kb	 0.0% Packages/com.unity.visualscripting/Runtime/VisualScripting.Core/Dependencies/FullSerializer/fsAotCompilationManager.cs
 0.1 kb	 0.0% Packages/com.unity.visualscripting/Runtime/VisualScripting.Core/Dependencies/FullSerializer/Converters/fsWeakReferenceConverter.cs
 0.1 kb	 0.0% Packages/com.unity.visualscripting/Runtime/VisualScripting.Core/Dependencies/FullSerializer/Converters/fsKeyValuePairConverter.cs
 0.1 kb	 0.0% Packages/com.unity.visualscripting/Runtime/VisualScripting.Core/Dependencies/FullSerializer/Converters/fsIEnumerableConverter.cs
 0.1 kb	 0.0% Packages/com.unity.visualscripting/Runtime/VisualScripting.Core/Dependencies/FullSerializer/Converters/fsDictionaryConverter.cs
 0.1 kb	 0.0% Packages/com.unity.visualscripting/Runtime/VisualScripting.Core/Dependencies/FullSerializer/Converters/Unity/Keyframe_DirectConverter.cs
 0.1 kb	 0.0% Packages/com.unity.visualscripting/Runtime/VisualScripting.Core/Dependencies/FullSerializer/Converters/Unity/Gradient_DirectConverter.cs
 0.1 kb	 0.0% Packages/com.unity.visualscripting/Runtime/VisualScripting.Core/Dependencies/FullSerializer/Converters/Unity/GUIStyle_DirectConverter.cs
 0.1 kb	 0.0% Packages/com.unity.visualscripting/Runtime/VisualScripting.Core/Dependencies/FullSerializer/Converters/Unity/Bounds_DirectConverter.cs
 0.1 kb	 0.0% Packages/com.unity.render-pipelines.universal/Runtime/XR/XRSystemUniversal.cs
 0.1 kb	 0.0% Packages/com.unity.render-pipelines.universal/Runtime/ValidationHandler.cs
 0.1 kb	 0.0% Packages/com.unity.render-pipelines.universal/Runtime/UniversalRenderer.cs
 0.1 kb	 0.0% Packages/com.unity.render-pipelines.universal/Runtime/SpaceFillingCurves.cs
 0.1 kb	 0.0% Packages/com.unity.render-pipelines.universal/Runtime/Settings/RenderGraphSettings.cs
 0.1 kb	 0.0% Packages/com.unity.render-pipelines.universal/Runtime/ScriptableRenderer.cs
 0.1 kb	 0.0% Packages/com.unity.render-pipelines.universal/Runtime/SceneViewDrawMode.cs
 0.1 kb	 0.0% Packages/com.unity.render-pipelines.universal/Runtime/RenderingLayerUtils.cs
 0.1 kb	 0.0% Packages/com.unity.render-pipelines.universal/Runtime/RendererFeatures/ScreenSpaceShadows.cs
 0.1 kb	 0.0% Packages/com.unity.render-pipelines.universal/Runtime/RendererFeatures/DecalRendererFeature.cs
 0.1 kb	 0.0% Packages/com.unity.render-pipelines.universal/Runtime/RenderTargetHandle.cs
 0.1 kb	 0.0% Packages/com.unity.render-pipelines.universal/Runtime/RenderPipelineResources/Renderer2DResources.cs
 0.1 kb	 0.0% Packages/com.unity.render-pipelines.universal/Runtime/Passes/XROcclusionMeshPass.cs
 0.1 kb	 0.0% Packages/com.unity.render-pipelines.universal/Runtime/Passes/XRDepthMotionPass.cs
 0.1 kb	 0.0% Packages/com.unity.render-pipelines.universal/Runtime/Passes/ScriptableRenderPass.cs
 0.1 kb	 0.0% Packages/com.unity.render-pipelines.universal/Runtime/Passes/RenderObjectsPass.cs
 0.1 kb	 0.0% Packages/com.unity.render-pipelines.universal/Runtime/Passes/ProbeVolumeDebugPass.cs
 0.1 kb	 0.0% Packages/com.unity.render-pipelines.universal/Runtime/Passes/PostProcess/UberPostProcessPass.cs
 0.1 kb	 0.0% Packages/com.unity.render-pipelines.universal/Runtime/Passes/PostProcess/StpPostProcessPass.cs
 0.1 kb	 0.0% Packages/com.unity.render-pipelines.universal/Runtime/Passes/PostProcess/SmaaPostProcessPass.cs
 0.1 kb	 0.0% Packages/com.unity.render-pipelines.universal/Runtime/Passes/PostProcess/FinalPostProcessPass.cs
 0.1 kb	 0.0% Packages/com.unity.render-pipelines.universal/Runtime/Passes/PostProcess/BloomPostProcessPass.cs
 0.1 kb	 0.0% Packages/com.unity.render-pipelines.universal/Runtime/Passes/FinalBlitPass.cs
 0.1 kb	 0.0% Packages/com.unity.render-pipelines.universal/Runtime/Passes/DrawObjectsPass.cs
 0.1 kb	 0.0% Packages/com.unity.render-pipelines.universal/Runtime/Passes/DepthOnlyPass.cs
 0.1 kb	 0.0% Packages/com.unity.render-pipelines.universal/Runtime/Passes/CopyDepthPass.cs
 0.1 kb	 0.0% Packages/com.unity.render-pipelines.universal/Runtime/Passes/CopyColorPass.cs
 0.1 kb	 0.0% Packages/com.unity.render-pipelines.universal/Runtime/Overrides/ScreenSpaceLensFlare.cs
 0.1 kb	 0.0% Packages/com.unity.render-pipelines.universal/Runtime/Overrides/ChromaticAberration.cs
 0.1 kb	 0.0% Packages/com.unity.render-pipelines.universal/Runtime/LightCookieManager.cs
 0.1 kb	 0.0% Packages/com.unity.render-pipelines.universal/Runtime/History/SingleHistoryBase.cs
 0.1 kb	 0.0% Packages/com.unity.render-pipelines.universal/Runtime/FrameData/UniversalShadowData.cs
 0.1 kb	 0.0% Packages/com.unity.render-pipelines.universal/Runtime/FrameData/UniversalLightData.cs
 0.1 kb	 0.0% Packages/com.unity.render-pipelines.universal/Runtime/FrameData/UniversalCameraData.cs
 0.1 kb	 0.0% Packages/com.unity.render-pipelines.universal/Runtime/ForwardRendererData.cs
 0.1 kb	 0.0% Packages/com.unity.render-pipelines.universal/Runtime/ForwardLights.cs
 0.1 kb	 0.0% Packages/com.unity.render-pipelines.universal/Runtime/DeferredLights.cs
 0.1 kb	 0.0% Packages/com.unity.render-pipelines.universal/Runtime/Decal/Entities/DecalEntityManager.cs
 0.1 kb	 0.0% Packages/com.unity.render-pipelines.universal/Runtime/Decal/DecalShaderPassNames.cs
 0.1 kb	 0.0% Packages/com.unity.render-pipelines.universal/Runtime/Decal/DBuffer/DBufferRenderPass.cs
 0.1 kb	 0.0% Packages/com.unity.render-pipelines.universal/Runtime/Decal/DBuffer/DBufferDepthCopyPass.cs
 0.1 kb	 0.0% Packages/com.unity.render-pipelines.universal/Runtime/2D/Sources/SelectionSource2D.cs
 0.1 kb	 0.0% Packages/com.unity.render-pipelines.universal/Runtime/2D/Rendergraph/Renderer2DRendergraph.cs
 0.1 kb	 0.0% Packages/com.unity.render-pipelines.core/Runtime/UnifiedRayTracing/RayTracingResources.cs
 0.1 kb	 0.0% Packages/com.unity.render-pipelines.core/Runtime/UnifiedRayTracing/RayTracingContext.cs
 0.1 kb	 0.0% Packages/com.unity.render-pipelines.core/Runtime/UnifiedRayTracing/IRayTracingShader.cs
 0.1 kb	 0.0% Packages/com.unity.render-pipelines.core/Runtime/UnifiedRayTracing/IRayTracingBackend.cs
 0.1 kb	 0.0% Packages/com.unity.render-pipelines.core/Runtime/UnifiedRayTracing/Compute/BLASPositionsPool.cs
 0.1 kb	 0.0% Packages/com.unity.render-pipelines.core/Runtime/UnifiedRayTracing/Common/GeometryPool/GeometryPoolDefs.cs
 0.1 kb	 0.0% Packages/com.unity.render-pipelines.core/Runtime/UnifiedRayTracing/Common/AccelStructInstances.cs
 0.1 kb	 0.0% Packages/com.unity.render-pipelines.core/Runtime/UnifiedRayTracing/Common/AccelStructAdapter.cs
 0.1 kb	 0.0% Packages/com.unity.render-pipelines.core/Runtime/RenderGraph/RenderGraphResources.cs
 0.1 kb	 0.0% Packages/com.unity.render-pipelines.core/Runtime/RenderGraph/Debug/RenderGraph.DebugData.cs
 0.1 kb	 0.0% Packages/com.unity.render-pipelines.core/Runtime/PathTracing/UnityComputeDeviceContext.cs
 0.1 kb	 0.0% Packages/com.unity.render-pipelines.core/Runtime/PathTracing/UVAccelerationStructure.cs
 0.1 kb	 0.0% Packages/com.unity.render-pipelines.core/Runtime/PathTracing/LightmapIntegration.cs
 0.1 kb	 0.0% Packages/com.unity.render-pipelines.core/Runtime/PathTracing/AdaptiveSamplingHelpers.cs
 0.1 kb	 0.0% Packages/com.unity.render-pipelines.core/Runtime/Lighting/ProbeVolume/ProbeReferenceVolume.Streaming.cs
 0.1 kb	 0.0% Packages/com.unity.render-pipelines.core/Runtime/Lighting/ProbeVolume/ProbeReferenceVolume.Debug.cs
 0.1 kb	 0.0% Packages/com.unity.render-pipelines.core/Runtime/GPUDriven/Utilities/ParallelSortExtensions.cs
 0.1 kb	 0.0% Packages/com.unity.render-pipelines.core/Runtime/GPUDriven/Utilities/NativeHandleAllocator.cs
 0.1 kb	 0.0% Packages/com.unity.render-pipelines.core/Runtime/GPUDriven/SceneProcessors/MeshRendererUpdateBatch.cs
 0.1 kb	 0.0% Packages/com.unity.render-pipelines.core/Runtime/GPUDriven/SceneProcessors/MeshRendererProcessor.cs
 0.1 kb	 0.0% Packages/com.unity.render-pipelines.core/Runtime/GPUDriven/GPUResidentDrawer.Validator.cs
 0.1 kb	 0.0% Packages/com.unity.render-pipelines.core/Runtime/GPUDriven/Debug/GPUResidentDrawerDebug.cs
 0.1 kb	 0.0% Packages/com.unity.render-pipelines.core/Runtime/GPUDriven/Culling/OcclusionCullingCommon.cs
 0.1 kb	 0.0% Packages/com.unity.render-pipelines.core/Runtime/GPUDriven/CoreDataSystems/LODGroupDataSystemBurst.cs
 0.1 kb	 0.0% Packages/com.unity.render-pipelines.core/Runtime/GPUDriven/CoreDataSystems/InstanceDataSystemBurst.cs
 0.1 kb	 0.0% Packages/com.unity.render-pipelines.core/Runtime/GPUDriven/CoreDataSystems/GPUInstanceDataBuffer.cs
 0.1 kb	 0.0% Packages/com.unity.render-pipelines.core/Runtime/GPUDriven/Components/DisallowSmallMeshCulling.cs
 0.1 kb	 0.0% Packages/com.unity.render-pipelines.core/Runtime/GPUDriven/Batching/InstanceCullingBatcher.cs
 0.1 kb	 0.0% Packages/com.unity.render-pipelines.core/Runtime/GPUDriven/Batching/CPUDrawInstanceDataBurst.cs
 0.1 kb	 0.0% Packages/com.unity.multiplayer.center/Common/SelectedSolutionsData.cs
 0.1 kb	 0.0% Packages/com.unity.inputsystem/InputSystem/Runtime/Utilities/DisplayStringFormatAttribute.cs
 0.1 kb	 0.0% Packages/com.unity.inputsystem/InputSystem/Runtime/Plugins/XR/Haptics/SendBufferedHapticsCommand.cs
 0.1 kb	 0.0% Packages/com.unity.inputsystem/InputSystem/Runtime/Plugins/XR/Haptics/GetHapticCapabilitiesCommand.cs
 0.1 kb	 0.0% Packages/com.unity.inputsystem/InputSystem/Runtime/Plugins/XR/Haptics/GetCurrentHapticStateCommand.cs
 0.1 kb	 0.0% Packages/com.unity.inputsystem/InputSystem/Runtime/Plugins/UI/ExtendedSubmitCancelEventData.cs
 0.1 kb	 0.0% Packages/com.unity.inputsystem/InputSystem/Runtime/Plugins/Android/AndroidGameController.cs
 0.1 kb	 0.0% Packages/com.unity.inputsystem/InputSystem/Runtime/Controls/Processors/NormalizeVector3Processor.cs
 0.1 kb	 0.0% Packages/com.unity.inputsystem/InputSystem/Runtime/Controls/Processors/NormalizeVector2Processor.cs
 0.1 kb	 0.0% Packages/com.unity.inputsystem/InputSystem/Runtime/Controls/Processors/EditorWindowSpaceProcessor.cs
 0.1 kb	 0.0% Packages/com.unity.inputsystem/InputSystem/Runtime/Controls/Processors/CompensateRotationProcessor.cs
 0.1 kb	 0.0% Packages/com.unity.inputsystem/InputSystem/Runtime/Controls/Processors/CompensateDirectionProcessor.cs
 0.1 kb	 0.0% Packages/com.unity.inputsystem/InputSystem/Editor/Plugins/HID/HIDSupportEditorInitializer.cs
 0.1 kb	 0.0% Packages/com.unity.inputsystem/InputSystem/Editor/Controls/Processors/StickDeadzoneProcessorEditor.cs
 0.1 kb	 0.0% Packages/com.unity.inputsystem/InputSystem/Editor/Controls/Processors/AxisDeadzoneProcessorEditor.cs
 0.1 kb	 0.0% Packages/com.unity.inputsystem/InputSystem/Editor/Actions/Interactions/MultiTapInteractionEditor.cs
 0.1 kb	 0.0% Packages/com.unity.collections/Unity.Collections/UnsafeParallelHashSetExtensions.gen.cs
 0.1 kb	 0.0% Packages/com.unity.collections/Unity.Collections/UnsafeParallelHashMap.cs
 0.1 kb	 0.0% Packages/com.distantlands.cozy.core/Content/Resources/Profiles/Weather Profiles/Receeding Storm.asset
 0.1 kb	 0.0% Packages/com.distantlands.cozy.core/Content/Resources/Profiles/Weather Profiles/Mostly Cloudy.asset
 0.1 kb	 0.0% Packages/com.distantlands.cozy.core/Content/Resources/Profiles/FX/Visual FX/Electric Fog Conduction.asset
 0.1 kb	 0.0% Packages/com.distantlands.cozy.core/Content/Resources/Profiles/FX/Particle FX/Vulture Circle Particle FX.asset
 0.1 kb	 0.0% Packages/com.distantlands.cozy.core/Content/Resources/Profiles/FX/Particle FX/Swirling Wind Particle FX.asset
 0.1 kb	 0.0% Packages/com.distantlands.cozy.core/Content/Resources/Profiles/FX/Particle FX/Meteor Shower Particle FX.asset
 0.1 kb	 0.0% Packages/com.distantlands.cozy.core/Content/Resources/Profiles/FX/Particle FX/Cirrus Clouds Particle FX.asset
 0.1 kb	 0.0% Packages/com.distantlands.cozy.core/Content/Resources/Profiles/FX/Particle FX/Blustery Wind Particle FX.asset
 0.1 kb	 0.0% Packages/com.distantlands.cozy.core/Content/Resources/Profiles/FX/Particle FX/Bird V Multiple Particle FX.asset
 0.1 kb	 0.0% Packages/com.distantlands.cozy.core/Content/Resources/Profiles/FX/Particle FX/Billowing Snow Particle FX.asset
 0.1 kb	 0.0% Packages/com.distantlands.cozy.core/Content/Resources/Profiles/FX/Particle FX/Airborne Pollen Particle FX.asset
 0.1 kb	 0.0% Packages/com.distantlands.cozy.core/Content/Resources/Profiles/FX/Audio FX/Meadow Wind SFX.asset
 0.1 kb	 0.0% Packages/com.distantlands.cozy.core/Content/Resources/Profiles/FX/Audio FX/Light Rain SFX 2.asset
 0.1 kb	 0.0% Packages/com.distantlands.cozy.core/Content/Resources/Profiles/FX/Audio FX/Light Rain SFX 1.asset
 0.1 kb	 0.0% Packages/com.distantlands.cozy.core/Content/Resources/Profiles/FX/Audio FX/Forest Wind SFX.asset
 0.1 kb	 0.0% Packages/com.distantlands.cozy.core/Content/Resources/Profiles/FX/Audio FX/Desert Wind SFX.asset
 0.1 kb	 0.0% Packages/com.distantlands.cozy.core/Content/Resources/Profiles/FX/Audio FX/Arctic Wind SFX.asset
 0.1 kb	 0.0% Assets/GSpawn - Level Designer/Scripts/Prefabs/PrefabsFromObjectGroupsCreationSettingsUI.cs
 0.1 kb	 0.0% Assets/GSpawn - Level Designer/Scripts/Prefabs/PrefabFromSelectedObjectsCreationSettingsUI.cs
 0.1 kb	 0.0% Assets/GSpawn - Level Designer/Scripts/Prefabs/PrefabFromSelectedObjectsCreationSettings.cs
 0.1 kb	 0.0% Assets/GSpawn - Level Designer/Scripts/Prefabs/ObjectGroupsFromPrefabLibsCreationSettingsUI.cs
 0.1 kb	 0.0% Assets/GSpawn - Level Designer/Scripts/Prefabs/ObjectGroupsFromPrefabLibsCreationSettings.cs
 0.1 kb	 0.0% Packages/com.unity.visualscripting/Runtime/VisualScripting.State/IStateTransitionDebugData.cs
 0.1 kb	 0.0% Packages/com.unity.visualscripting/Runtime/VisualScripting.Flow/Ports/IUnitOutputPortDefinition.cs
 0.1 kb	 0.0% Packages/com.unity.visualscripting/Runtime/VisualScripting.Flow/Ports/IUnitControlPortDefinition.cs
 0.1 kb	 0.0% Packages/com.unity.visualscripting/Runtime/VisualScripting.Flow/Framework/Variables/Obsolete/IsApplicationVariableDefined.cs
 0.1 kb	 0.0% Packages/com.unity.visualscripting/Runtime/VisualScripting.Flow/Framework/Events/Hierarchy/OnTransformChildrenChanged.cs
 0.1 kb	 0.0% Packages/com.unity.visualscripting/Runtime/VisualScripting.Flow/Dependencies/NCalc/TernaryExpression.cs
 0.1 kb	 0.0% Packages/com.unity.visualscripting/Runtime/VisualScripting.Flow/Dependencies/NCalc/SerializationVisitor.cs
 0.1 kb	 0.0% Packages/com.unity.visualscripting/Runtime/VisualScripting.Flow/Dependencies/NCalc/LogicalExpression.cs
 0.1 kb	 0.0% Packages/com.unity.visualscripting/Runtime/VisualScripting.Flow/Dependencies/NCalc/IdentifierExpression.cs
 0.1 kb	 0.0% Packages/com.unity.visualscripting/Runtime/VisualScripting.Flow/Dependencies/NCalc/FunctionExpression.cs
 0.1 kb	 0.0% Packages/com.unity.visualscripting/Runtime/VisualScripting.Flow/Dependencies/NCalc/EvaluationVisitor.cs
 0.1 kb	 0.0% Packages/com.unity.visualscripting/Runtime/VisualScripting.Flow/Dependencies/NCalc/EvaluationException.cs
 0.1 kb	 0.0% Packages/com.unity.visualscripting/Runtime/VisualScripting.Core/Variables/VariableDeclarationsCloner.cs
 0.1 kb	 0.0% Packages/com.unity.visualscripting/Runtime/VisualScripting.Core/Utilities/ReferenceEqualityComparer.cs
 0.1 kb	 0.0% Packages/com.unity.visualscripting/Runtime/VisualScripting.Core/Unity/UnityObjectOwnershipUtility.cs
 0.1 kb	 0.0% Packages/com.unity.visualscripting/Runtime/VisualScripting.Core/Unity/RequiresUnityAPIAttribute.cs
 0.1 kb	 0.0% Packages/com.unity.visualscripting/Runtime/VisualScripting.Core/SerializedProperties/ISerializedPropertyProvider.cs
 0.1 kb	 0.0% Packages/com.unity.visualscripting/Runtime/VisualScripting.Core/Serialization/Converters/LooseAssemblyNameConverter.cs
 0.1 kb	 0.0% Packages/com.unity.visualscripting/Runtime/VisualScripting.Core/Reflection/RenamedNamespaceAttribute.cs
 0.1 kb	 0.0% Packages/com.unity.visualscripting/Runtime/VisualScripting.Core/Reflection/Optimization/ReflectionPropertyAccessor.cs
 0.1 kb	 0.0% Packages/com.unity.visualscripting/Runtime/VisualScripting.Core/Reflection/Operators/GreaterThanOrEqualHandler.cs
 0.1 kb	 0.0% Packages/com.unity.visualscripting/Runtime/VisualScripting.Core/Reflection/Operators/AmbiguousOperatorException.cs
 0.1 kb	 0.0% Packages/com.unity.visualscripting/Runtime/VisualScripting.Core/Profiling/ProfiledSegmentCollection.cs
 0.1 kb	 0.0% Packages/com.unity.visualscripting/Runtime/VisualScripting.Core/Listeners/UIInterfaces/UnityOnSubmitMessageListener.cs
 0.1 kb	 0.0% Packages/com.unity.visualscripting/Runtime/VisualScripting.Core/Listeners/UIInterfaces/UnityOnSelectMessageListener.cs
 0.1 kb	 0.0% Packages/com.unity.visualscripting/Runtime/VisualScripting.Core/Listeners/UIInterfaces/UnityOnScrollMessageListener.cs
 0.1 kb	 0.0% Packages/com.unity.visualscripting/Runtime/VisualScripting.Core/Listeners/UIInterfaces/UnityOnMoveMessageListener.cs
 0.1 kb	 0.0% Packages/com.unity.visualscripting/Runtime/VisualScripting.Core/Listeners/UIInterfaces/UnityOnDropMessageListener.cs
 0.1 kb	 0.0% Packages/com.unity.visualscripting/Runtime/VisualScripting.Core/Listeners/UIInterfaces/UnityOnDragMessageListener.cs
 0.1 kb	 0.0% Packages/com.unity.visualscripting/Runtime/VisualScripting.Core/Listeners/UIInterfaces/UnityOnCancelMessageListener.cs
 0.1 kb	 0.0% Packages/com.unity.visualscripting/Runtime/VisualScripting.Core/Graphs/MergedGraphElementCollection.cs
 0.1 kb	 0.0% Packages/com.unity.visualscripting/Runtime/VisualScripting.Core/Graphs/IGraphElementWithDebugData.cs
 0.1 kb	 0.0% Packages/com.unity.visualscripting/Runtime/VisualScripting.Core/Exceptions/InvalidConversionException.cs
 0.1 kb	 0.0% Packages/com.unity.visualscripting/Runtime/VisualScripting.Core/EditorBinding/WarnBeforeRemovingAttribute.cs
 0.1 kb	 0.0% Packages/com.unity.visualscripting/Runtime/VisualScripting.Core/EditorBinding/WarnBeforeEditingAttribute.cs
 0.1 kb	 0.0% Packages/com.unity.visualscripting/Runtime/VisualScripting.Core/EditorBinding/TypeIconPriorityAttribute.cs
 0.1 kb	 0.0% Packages/com.unity.visualscripting/Runtime/VisualScripting.Core/EditorBinding/Inspector/InspectorToggleLeftAttribute.cs
 0.1 kb	 0.0% Packages/com.unity.visualscripting/Runtime/VisualScripting.Core/EditorBinding/Inspector/InspectorTextAreaAttribute.cs
 0.1 kb	 0.0% Packages/com.unity.visualscripting/Runtime/VisualScripting.Core/EditorBinding/Inspector/InspectorDelayedAttribute.cs
 0.1 kb	 0.0% Packages/com.unity.visualscripting/Runtime/VisualScripting.Core/EditorBinding/IncludeInSettingsAttribute.cs
 0.1 kb	 0.0% Packages/com.unity.visualscripting/Runtime/VisualScripting.Core/EditorBinding/DisableAnnotationAttribute.cs
 0.1 kb	 0.0% Packages/com.unity.visualscripting/Runtime/VisualScripting.Core/Dependencies/FullSerializer/Internal/fsVersionedType.cs
 0.1 kb	 0.0% Packages/com.unity.visualscripting/Runtime/VisualScripting.Core/Dependencies/FullSerializer/Internal/fsVersionManager.cs
 0.1 kb	 0.0% Packages/com.unity.visualscripting/Runtime/VisualScripting.Core/Dependencies/FullSerializer/Internal/fsTypeExtensions.cs
 0.1 kb	 0.0% Packages/com.unity.visualscripting/Runtime/VisualScripting.Core/Connections/InvalidConnectionException.cs
 0.1 kb	 0.0% Packages/com.unity.render-pipelines.universal/Runtime/RTHandleUtils.cs
 0.1 kb	 0.0% Packages/com.unity.render-pipelines.universal/Runtime/Documentation.cs
 0.1 kb	 0.0% Packages/com.unity.render-pipelines.universal/Runtime/2D/Sources/Provider2DSource.cs
 0.1 kb	 0.0% Packages/com.unity.render-pipelines.universal/Runtime/2D/Sources/Provider2DRef.cs
 0.1 kb	 0.0% Packages/com.unity.render-pipelines.universal/Runtime/2D/Sources/Provider2DKVPair.cs
 0.1 kb	 0.0% Packages/com.unity.render-pipelines.universal/Runtime/2D/Sources/IProvider2DCache.cs
 0.1 kb	 0.0% Packages/com.unity.render-pipelines.universal/Runtime/2D/Shadows/ShadowRendering.cs
 0.1 kb	 0.0% Packages/com.unity.render-pipelines.universal/Runtime/2D/Shadows/ShadowCaster2D.cs
 0.1 kb	 0.0% Packages/com.unity.render-pipelines.universal/Runtime/2D/Shadows/Shadow Provider Utility/ShadowUtility.cs
 0.1 kb	 0.0% Packages/com.unity.render-pipelines.universal/Runtime/2D/Shadows/Shadow Provider Utility/ShadowShape2D.cs
 0.1 kb	 0.0% Packages/com.unity.render-pipelines.universal/Runtime/2D/Shadows/Shadow Provider Utility/EdgeDictionary.cs
 0.1 kb	 0.0% Packages/com.unity.render-pipelines.universal/Runtime/2D/Rendergraph/DrawShadow2DPass.cs
 0.1 kb	 0.0% Packages/com.unity.render-pipelines.universal/Runtime/2D/Rendergraph/DrawNormal2DPass.cs
 0.1 kb	 0.0% Packages/com.unity.render-pipelines.universal/Runtime/2D/Rendergraph/DrawLight2DPass.cs
 0.1 kb	 0.0% Packages/com.unity.render-pipelines.universal/Runtime/2D/Renderer2DData.cs
 0.1 kb	 0.0% Packages/com.unity.render-pipelines.universal/Runtime/2D/Passes/Utility/RendererLighting.cs
 0.1 kb	 0.0% Packages/com.unity.render-pipelines.universal/Runtime/2D/Lights/Providers/Light2DProvider.cs
 0.1 kb	 0.0% Packages/com.unity.render-pipelines.universal/Runtime/2D/Lights/Light2DManager.cs
 0.1 kb	 0.0% Packages/com.unity.render-pipelines.universal-config/Runtime/ShaderConfig.cs
 0.1 kb	 0.0% Packages/com.unity.render-pipelines.core/Runtime/XR/XRGraphicsAutomatedTests.cs
 0.1 kb	 0.0% Packages/com.unity.render-pipelines.core/Runtime/Textures/PowerOfTwoTextureAtlas.cs
 0.1 kb	 0.0% Packages/com.unity.render-pipelines.core/Runtime/Textures/BufferedRTHandleSystem.cs
 0.1 kb	 0.0% Packages/com.unity.render-pipelines.core/Runtime/Settings/ShaderStrippingSetting.cs
 0.1 kb	 0.0% Packages/com.unity.render-pipelines.core/Runtime/Settings/LightmapSamplingSettings.cs
 0.1 kb	 0.0% Packages/com.unity.render-pipelines.core/Runtime/Sampling/SamplingResources.cs
 0.1 kb	 0.0% Packages/com.unity.render-pipelines.core/Runtime/RenderPipeline/RenderPipelineResources.cs
 0.1 kb	 0.0% Packages/com.unity.render-pipelines.core/Runtime/RenderGraph/RenderGraphPass.cs
 0.1 kb	 0.0% Packages/com.unity.render-pipelines.core/Runtime/RenderGraph/RenderGraph.Compiler.cs
 0.1 kb	 0.0% Packages/com.unity.render-pipelines.core/Runtime/RenderGraph/Deprecated.cs
 0.1 kb	 0.0% Packages/com.unity.render-pipelines.core/Runtime/PostProcessing/LensFlareComponentSRP.cs
 0.1 kb	 0.0% Packages/com.unity.render-pipelines.core/Runtime/PostProcessing/IPostProcessComponent.cs
 0.1 kb	 0.0% Packages/com.unity.render-pipelines.core/Runtime/PathTracing/ProbePostProcessor.cs
 0.1 kb	 0.0% Packages/com.unity.render-pipelines.core/Runtime/Lighting/ProbeVolume/ProbeVolumePositioning.cs
 0.1 kb	 0.0% Packages/com.unity.render-pipelines.core/Runtime/Lighting/ProbeVolume/ProbeVolumePerSceneData.cs
 0.1 kb	 0.0% Packages/com.unity.render-pipelines.core/Runtime/Lighting/ProbeVolume/ProbeReferenceVolume.Binding.cs
 0.1 kb	 0.0% Packages/com.unity.render-pipelines.core/Runtime/Lighting/ProbeVolume/ProbeAdjustmentVolume.cs
 0.1 kb	 0.0% Packages/com.unity.render-pipelines.core/Runtime/GPUDriven/Culling/InstanceOcclusionCuller.cs
 0.1 kb	 0.0% Packages/com.unity.render-pipelines.core/Runtime/GPUDriven/CoreDataSystems/InstanceDataSystem.Jobs.cs
 0.1 kb	 0.0% Packages/com.unity.render-pipelines.core/Runtime/Debugging/ShaderDebugPrintManager.cs
 0.1 kb	 0.0% Packages/com.unity.render-pipelines.core/Runtime/Debugging/RuntimePersistentDebugUI.cs
 0.1 kb	 0.0% Packages/com.unity.render-pipelines.core/Runtime/Debugging/IDebugDisplaySettings.cs
 0.1 kb	 0.0% Packages/com.unity.render-pipelines.core/Runtime/Debugging/DebugDisplaySettingsUI.cs
 0.1 kb	 0.0% Packages/com.unity.render-pipelines.core/Runtime/Debugging/DebugDisplaySerializer.cs
 0.1 kb	 0.0% Packages/com.unity.render-pipelines.core/Runtime/Common/RemoveRange.Extensions.cs
 0.1 kb	 0.0% Packages/com.unity.render-pipelines.core/Runtime/Common/DynamicResolutionHandler.cs
 0.1 kb	 0.0% Packages/com.unity.render-pipelines.core/Runtime/CommandBuffers/IComputeCommandBuffer.cs
 0.1 kb	 0.0% Packages/com.unity.render-pipelines.core/Runtime/Camera/CameraHistory.cs
 0.1 kb	 0.0% Packages/com.unity.inputsystem/InputSystem/Runtime/State/IInputStateCallbackReceiver.cs
 0.1 kb	 0.0% Packages/com.unity.inputsystem/InputSystem/Runtime/Plugins/InputForUI/InputSystemProvider.cs
 0.1 kb	 0.0% Packages/com.unity.inputsystem/InputSystem/Runtime/Plugins/DualShock/DualShockGamepadHID.cs
 0.1 kb	 0.0% Packages/com.unity.inputsystem/InputSystem/Runtime/Devices/IInputUpdateCallbackReceiver.cs
 0.1 kb	 0.0% Packages/com.unity.inputsystem/InputSystem/Runtime/Devices/Commands/SetSamplingFrequencyCommand.cs
 0.1 kb	 0.0% Packages/com.unity.inputsystem/InputSystem/Runtime/Devices/Commands/SetIMECursorPositionCommand.cs
 0.1 kb	 0.0% Packages/com.unity.inputsystem/InputSystem/Runtime/Devices/Commands/QueryKeyboardLayoutCommand.cs
 0.1 kb	 0.0% Packages/com.unity.inputsystem/InputSystem/Runtime/Devices/Commands/EnableIMECompositionCommand.cs
 0.1 kb	 0.0% Packages/com.unity.inputsystem/InputSystem/Runtime/Controls/InputControlLayoutAttribute.cs
 0.1 kb	 0.0% Packages/com.unity.inputsystem/InputSystem/Runtime/Actions/InputActionRebindingExtensions.cs
 0.1 kb	 0.0% Packages/com.unity.inputsystem/InputSystem/Runtime/Actions/DeferBindingResolutionContext.cs
 0.1 kb	 0.0% Packages/com.unity.inputsystem/InputSystem/Editor/UITKAssetEditor/Views/NameAndParametersListView.cs
 0.1 kb	 0.0% Packages/com.unity.inputsystem/InputSystem/Editor/UITKAssetEditor/Views/InputActionMapsTreeViewItem.cs
 0.1 kb	 0.0% Packages/com.unity.inputsystem/InputSystem/Editor/UITKAssetEditor/InputActionsEditorConstants.cs
 0.1 kb	 0.0% Packages/com.unity.inputsystem/InputSystem/Editor/Settings/InputSettingsBuildProvider.cs
 0.1 kb	 0.0% Packages/com.unity.inputsystem/InputSystem/Editor/Settings/EditorPlayerSettingHelpers.cs
 0.1 kb	 0.0% Packages/com.unity.inputsystem/InputSystem/Editor/PropertyDrawers/InputActionPropertyDrawer.cs
 0.1 kb	 0.0% Packages/com.unity.inputsystem/InputSystem/Editor/PropertyDrawers/GamepadButtonPropertyDrawer.cs
 0.1 kb	 0.0% Packages/com.unity.inputsystem/InputSystem/Editor/Internal/SerializedPropertyHelpers.cs
 0.1 kb	 0.0% Packages/com.unity.inputsystem/InputSystem/Editor/Internal/AdvancedDropdown/AdvancedDropdownDataSource.cs
 0.1 kb	 0.0% Packages/com.unity.inputsystem/InputSystem/Editor/InputSystemPackageControl.cs
 0.1 kb	 0.0% Packages/com.unity.inputsystem/InputSystem/Editor/InputSystemEditorInitializer.cs
 0.1 kb	 0.0% Packages/com.unity.inputsystem/InputSystem/Editor/Debugger/SampleFrequencyCalculator.cs
 0.1 kb	 0.0% Packages/com.unity.inputsystem/InputSystem/Editor/Debugger/InputDeviceDebuggerWindow.cs
 0.1 kb	 0.0% Packages/com.unity.inputsystem/InputSystem/Editor/Debugger/InputActionDebuggerWindow.cs
 0.1 kb	 0.0% Packages/com.unity.inputsystem/InputSystem/Editor/ControlPicker/InputControlPickerDropdown.cs
 0.1 kb	 0.0% Packages/com.unity.inputsystem/InputSystem/Editor/ControlPicker/IInputControlPickerLayout.cs
 0.1 kb	 0.0% Packages/com.unity.inputsystem/InputSystem/Editor/AssetImporter/InputActionImporterEditor.cs
 0.1 kb	 0.0% Packages/com.unity.inputsystem/InputSystem/Editor/AssetImporter/InputActionAssetIconLoader.cs
 0.1 kb	 0.0% Packages/com.unity.inputsystem/InputSystem/Editor/AssetEditor/InputBindingPropertiesView.cs
 0.1 kb	 0.0% Packages/com.unity.inputsystem/InputSystem/Editor/AssetEditor/InputActionPropertiesView.cs
 0.1 kb	 0.0% Packages/com.unity.inputsystem/InputSystem/Editor/Analytics/PlayerInputEditorAnalytic.cs
 0.1 kb	 0.0% Packages/com.unity.inputsystem/InputSystem/Editor/Analytics/OnScreenStickEditorAnalytic.cs
 0.1 kb	 0.0% Packages/com.unity.inputsystem/InputSystem/Editor/Analytics/InputExitPlayModeAnalytic.cs
 0.1 kb	 0.0% Packages/com.unity.inputsystem/InputSystem/Editor/Analytics/InputComponentEditorAnalytic.cs
 0.1 kb	 0.0% Packages/com.unity.collections/Unity.Collections/UnsafeNotBurstCompatible.cs
 0.1 kb	 0.0% Packages/com.distantlands.cozy.core/Runtime/Shaders/Compiler Scripts/CozyShaderPostProcessor.cs
 0.1 kb	 0.0% Packages/com.distantlands.cozy.core/Content/Resources/Profiles/FX/Particle FX/Thunderstorm Particle FX.asset
 0.1 kb	 0.0% Packages/com.distantlands.cozy.core/Content/Resources/Profiles/FX/Particle FX/Thundersnow Particle FX.asset
 0.1 kb	 0.0% Packages/com.distantlands.cozy.core/Content/Resources/Profiles/FX/Particle FX/Light Wind Particle FX.asset
 0.1 kb	 0.0% Packages/com.distantlands.cozy.core/Content/Resources/Profiles/FX/Particle FX/Light Snow Particle FX.asset
 0.1 kb	 0.0% Packages/com.distantlands.cozy.core/Content/Resources/Profiles/FX/Particle FX/Light Rain Particle FX.asset
 0.1 kb	 0.0% Packages/com.distantlands.cozy.core/Content/Resources/Profiles/FX/Particle FX/Heavy Snow Particle FX.asset
 0.1 kb	 0.0% Packages/com.distantlands.cozy.core/Content/Resources/Profiles/FX/Particle FX/Heavy Rain Particle FX.asset
 0.1 kb	 0.0% Packages/com.distantlands.cozy.core/Content/Resources/Profiles/FX/Particle FX/Fireflies Particle FX.asset
 0.1 kb	 0.0% Packages/com.distantlands.cozy.core/Content/Resources/Profiles/FX/Particle FX/Dust Storm Particle FX.asset
 0.1 kb	 0.0% Packages/com.distantlands.cozy.core/Content/Resources/Profiles/FX/Particle FX/Dust Motes Particle FX.asset
 0.1 kb	 0.0% Packages/com.distantlands.cozy.core/Content/Resources/Profiles/FX/Particle FX/Butterflies Particle FX.asset
 0.1 kb	 0.0% Packages/com.distantlands.cozy.core/Content/Resources/Profiles/FX/Particle FX/Bird V Small Particle FX.asset
 0.1 kb	 0.0% Packages/com.distantlands.cozy.core/Content/Resources/Profiles/FX/Particle FX/Bird V Large Particle FX.asset
 0.1 kb	 0.0% Packages/com.distantlands.cozy.core/Content/Resources/Profiles/FX/Audio FX/Crickets SFX.asset
 0.1 kb	 0.0% Packages/com.distantlands.cozy.core/Content/Resources/Profiles/FX/Audio FX/Birds SFX.asset
 0.1 kb	 0.0% Assets/Synty/InterfaceFantasyMenus/Samples/Scripts/SampleToggleObjectActivator.cs
 0.1 kb	 0.0% Assets/Synty/InterfaceFantasyMenus/Samples/Scripts/SampleToggleAnimatorEvents.cs
 0.1 kb	 0.0% Assets/Synty/InterfaceFantasyMenus/Samples/Scripts/SampleSettingsArrayObject.cs
 0.1 kb	 0.0% Assets/Synty/InterfaceFantasyMenus/Samples/Scripts/SampleSelectedObjectHelper.cs
 0.1 kb	 0.0% Assets/Synty/AnimationGoblinLocomotion/Samples/Scripts/GBL_SampleCameraController.cs
 0.1 kb	 0.0% Assets/GSpawn - Level Designer/Scripts/Commands/ObjectTransformSessionsCommands.cs
 0.1 kb	 0.0% Assets/ExplosiveLLC/RPG Character Mecanim Animation Pack/Code/RPGCharacterInputSystemController.cs
 0.1 kb	 0.0% Assets/DarkPixelRPGUI/Scripts/UI/Equipment/InventorySlotItemDropTarget.cs
 0.1 kb	 0.0% Packages/com.unity.visualscripting/Runtime/VisualScripting.Flow/Framework/Events/Input/InputSystem/OnInputSystemEvent.cs
 0.1 kb	 0.0% Packages/com.unity.visualscripting/Runtime/VisualScripting.Core/Dependencies/FullSerializer/fsPropertyAttribute.cs
 0.1 kb	 0.0% Packages/com.unity.visualscripting/Runtime/VisualScripting.Core/Dependencies/FullSerializer/fsObjectProcessor.cs
 0.1 kb	 0.0% Packages/com.unity.visualscripting/Runtime/VisualScripting.Core/Dependencies/FullSerializer/fsObjectAttribute.cs
 0.1 kb	 0.0% Packages/com.unity.visualscripting/Runtime/VisualScripting.Core/Dependencies/FullSerializer/fsIgnoreAttribute.cs
 0.1 kb	 0.0% Packages/com.unity.visualscripting/Runtime/VisualScripting.Core/Dependencies/FullSerializer/fsDirectConverter.cs
 0.1 kb	 0.0% Packages/com.unity.visualscripting/Runtime/VisualScripting.Core/Dependencies/FullSerializer/fsConverterRegistrar.cs
 0.1 kb	 0.0% Packages/com.unity.visualscripting/Runtime/VisualScripting.Core/Dependencies/FullSerializer/Reflection/fsReflectionUtility.cs
 0.1 kb	 0.0% Packages/com.unity.visualscripting/Runtime/VisualScripting.Core/Dependencies/FullSerializer/Converters/fsReflectedConverter.cs
 0.1 kb	 0.0% Packages/com.unity.visualscripting/Runtime/VisualScripting.Core/Dependencies/FullSerializer/Converters/fsPrimitiveConverter.cs
 0.1 kb	 0.0% Packages/com.unity.visualscripting/Runtime/VisualScripting.Core/Dependencies/FullSerializer/Converters/fsNullableConverter.cs
 0.1 kb	 0.0% Packages/com.unity.visualscripting/Runtime/VisualScripting.Core/Dependencies/FullSerializer/Converters/fsForwardConverter.cs
 0.1 kb	 0.0% Packages/com.unity.visualscripting/Runtime/VisualScripting.Core/Dependencies/FullSerializer/Converters/Unity/Rect_DirectConverter.cs
 0.1 kb	 0.0% Packages/com.unity.ugui/Runtime/UGUI/EventSystem/UIElements/UIToolkitInteroperabilityBridge.cs
 0.1 kb	 0.0% Packages/com.unity.render-pipelines.universal/Runtime/XR/XRPassUniversal.cs
 0.1 kb	 0.0% Packages/com.unity.render-pipelines.universal/Runtime/Tiling/LightMinMaxZJob.cs
 0.1 kb	 0.0% Packages/com.unity.render-pipelines.universal/Runtime/Tiling/InclusiveRange.cs
 0.1 kb	 0.0% Packages/com.unity.render-pipelines.universal/Runtime/ShadowCulling.cs
 0.1 kb	 0.0% Packages/com.unity.render-pipelines.universal/Runtime/ShaderBitArray.cs
 0.1 kb	 0.0% Packages/com.unity.render-pipelines.universal/Runtime/RenderingUtils.cs
 0.1 kb	 0.0% Packages/com.unity.render-pipelines.universal/Runtime/RendererFeatures/RenderObjects.cs
 0.1 kb	 0.0% Packages/com.unity.render-pipelines.universal/Runtime/PostProcessUtils.cs
 0.1 kb	 0.0% Packages/com.unity.render-pipelines.universal/Runtime/Passes/PostProcess/PostProcessPass.cs
 0.1 kb	 0.0% Packages/com.unity.render-pipelines.universal/Runtime/Passes/HDRDebugViewPass.cs
 0.1 kb	 0.0% Packages/com.unity.render-pipelines.universal/Runtime/Passes/GBufferPass.cs
 0.1 kb	 0.0% Packages/com.unity.render-pipelines.universal/Runtime/Passes/DrawSkyboxPass.cs
 0.1 kb	 0.0% Packages/com.unity.render-pipelines.universal/Runtime/Passes/DeferredPass.cs
 0.1 kb	 0.0% Packages/com.unity.render-pipelines.universal/Runtime/Overrides/PaniniProjection.cs
 0.1 kb	 0.0% Packages/com.unity.render-pipelines.universal/Runtime/Overrides/LiftGammaGain.cs
 0.1 kb	 0.0% Packages/com.unity.render-pipelines.universal/Runtime/Overrides/LensDistortion.cs
 0.1 kb	 0.0% Packages/com.unity.render-pipelines.universal/Runtime/Overrides/ColorAdjustments.cs
 0.1 kb	 0.0% Packages/com.unity.render-pipelines.universal/Runtime/Memory/BuddyAllocator.cs
 0.1 kb	 0.0% Packages/com.unity.render-pipelines.universal/Runtime/History/RawDepthHistory.cs
 0.1 kb	 0.0% Packages/com.unity.render-pipelines.universal/Runtime/History/RawColorHistory.cs
 0.1 kb	 0.0% Packages/com.unity.render-pipelines.universal/Runtime/Deprecated.cs
 0.1 kb	 0.0% Packages/com.unity.render-pipelines.universal/Runtime/Decal/Entities/DecalDrawSystem.cs
 0.1 kb	 0.0% Packages/com.unity.render-pipelines.universal/Runtime/Decal/DecalProjector.cs
 0.1 kb	 0.0% Packages/com.unity.render-pipelines.universal/Runtime/Decal/DecalPreviewPass.cs
 0.1 kb	 0.0% Packages/com.unity.render-pipelines.universal/Runtime/Debug/DebugRenderSetup.cs
 0.1 kb	 0.0% Packages/com.unity.render-pipelines.universal/Runtime/Data/RenderStateData.cs
 0.1 kb	 0.0% Packages/com.unity.render-pipelines.universal/Runtime/Data/PostProcessData.cs
 0.1 kb	 0.0% Packages/com.unity.render-pipelines.universal/Runtime/ComponentUtility.cs
 0.1 kb	 0.0% Packages/com.unity.render-pipelines.universal/Runtime/2D/Shadows/Providers/ShadowShapeProvider2D_Utility.cs
 0.1 kb	 0.0% Packages/com.unity.render-pipelines.core/Runtime/XR/XRVisibleMesh.cs
 0.1 kb	 0.0% Packages/com.unity.render-pipelines.core/Runtime/XR/XROcclusionMesh.cs
 0.1 kb	 0.0% Packages/com.unity.render-pipelines.core/Runtime/XR/XRLayoutStack.cs
 0.1 kb	 0.0% Packages/com.unity.render-pipelines.core/Runtime/UnifiedRayTracing/Compute/RadeonRays/HlbvhTopLevelBuilder.cs
 0.1 kb	 0.0% Packages/com.unity.render-pipelines.core/Runtime/UnifiedRayTracing/Common/Utilities/GraphicsHelpers.cs
 0.1 kb	 0.0% Packages/com.unity.render-pipelines.core/Runtime/UnifiedRayTracing/Common/Utilities/BlockAllocator.cs
 0.1 kb	 0.0% Packages/com.unity.render-pipelines.core/Runtime/UnifiedRayTracing/Common/Utilities/BackendHelpers.cs
 0.1 kb	 0.0% Packages/com.unity.render-pipelines.core/Runtime/UnifiedRayTracing/Common/TerrainToMesh.cs
 0.1 kb	 0.0% Packages/com.unity.render-pipelines.core/Runtime/PathTracing/WriteRenderTexture.cs
 0.1 kb	 0.0% Packages/com.unity.render-pipelines.core/Runtime/PathTracing/UnityComputeWorld.cs
 0.1 kb	 0.0% Packages/com.unity.render-pipelines.core/Runtime/PathTracing/SphericalHarmonicsUtil.cs
 0.1 kb	 0.0% Packages/com.unity.render-pipelines.core/Runtime/PathTracing/LightmappingContext.cs
 0.1 kb	 0.0% Packages/com.unity.render-pipelines.core/Runtime/PathTracing/Lightmapping/UVOverlapDetection.cs
 0.1 kb	 0.0% Packages/com.unity.render-pipelines.core/Runtime/PathTracing/Lightmapping/ChartIdentification.cs
 0.1 kb	 0.0% Packages/com.unity.render-pipelines.core/Runtime/PathTracing/LightmapExpansion.cs
 0.1 kb	 0.0% Packages/com.unity.render-pipelines.core/Runtime/PathTracing/BakeLightmapDriver.cs
 0.1 kb	 0.0% Packages/com.unity.render-pipelines.core/Runtime/Lighting/ProbeVolume/ProbeIndexOfIndices.cs
 0.1 kb	 0.0% Packages/com.unity.render-pipelines.core/Runtime/GPUDriven/Utilities/LODRenderingUtils.cs
 0.1 kb	 0.0% Packages/com.unity.render-pipelines.core/Runtime/GPUDriven/Utilities/JaggedJobRangeBurst.cs
 0.1 kb	 0.0% Packages/com.unity.render-pipelines.core/Runtime/GPUDriven/SceneProcessors/WorldProcessorBurst.cs
 0.1 kb	 0.0% Packages/com.unity.render-pipelines.core/Runtime/GPUDriven/SceneProcessors/LODGroupUpdateBatch.cs
 0.1 kb	 0.0% Packages/com.unity.render-pipelines.core/Runtime/GPUDriven/SceneProcessors/LODGroupProcessor.cs
 0.1 kb	 0.0% Packages/com.unity.render-pipelines.core/Runtime/GPUDriven/GPUResidentDrawer.cs
 0.1 kb	 0.0% Packages/com.unity.render-pipelines.core/Runtime/GPUDriven/GPUResidentContext.cs
 0.1 kb	 0.0% Packages/com.unity.render-pipelines.core/Runtime/GPUDriven/Culling/InstanceCullerBurst.cs
 0.1 kb	 0.0% Packages/com.unity.render-pipelines.core/Runtime/GPUDriven/CoreDataSystems/LODGroupDataSystem.cs
 0.1 kb	 0.0% Packages/com.unity.render-pipelines.core/Runtime/GPUDriven/CoreDataSystems/InstanceDataSystem.cs
 0.1 kb	 0.0% Packages/com.unity.render-pipelines.core/Runtime/GPUDriven/CoreDataSystems/InstanceAllocators.cs
 0.1 kb	 0.0% Packages/com.unity.render-pipelines.core/Runtime/GPUDriven/CoreDataSystems/GPUArchetypeManager.cs
 0.1 kb	 0.0% Packages/com.unity.render-pipelines.core/Runtime/GPUDriven/CoreDataSystems/DefaultGPUComponents.cs
 0.1 kb	 0.0% Packages/com.unity.render-pipelines.core/Runtime/GPUDriven/Batching/CPUDrawInstanceData.cs
 0.1 kb	 0.0% Packages/com.unity.render-pipelines.core/Runtime/Debugging/DebugUI.Fields.cs
 0.1 kb	 0.0% Packages/com.unity.render-pipelines.core/Runtime/Debugging/DebugManager.SchedulerTracker.cs
 0.1 kb	 0.0% Packages/com.unity.multiplayer.center/Common/IOnboardingSection.cs
 0.1 kb	 0.0% Packages/com.unity.inputsystem/InputSystem/Runtime/Utilities/Observables/ForDeviceEventObservable.cs
 0.1 kb	 0.0% Packages/com.unity.inputsystem/InputSystem/Runtime/Plugins/XR/Haptics/SendHapticImpulseCommand.cs
 0.1 kb	 0.0% Packages/com.unity.inputsystem/InputSystem/Runtime/Plugins/Android/AndroidSensors.cs
 0.1 kb	 0.0% Packages/com.unity.inputsystem/InputSystem/Runtime/Controls/Processors/StickDeadzoneProcessor.cs
 0.1 kb	 0.0% Packages/com.unity.inputsystem/InputSystem/Runtime/Controls/Processors/ScaleVector3Processor.cs
 0.1 kb	 0.0% Packages/com.unity.inputsystem/InputSystem/Runtime/Controls/Processors/ScaleVector2Processor.cs
 0.1 kb	 0.0% Packages/com.unity.inputsystem/InputSystem/Runtime/Controls/Processors/InvertVector3Processor.cs
 0.1 kb	 0.0% Packages/com.unity.inputsystem/InputSystem/Runtime/Controls/Processors/InvertVector2Processor.cs
 0.1 kb	 0.0% Packages/com.unity.inputsystem/InputSystem/Runtime/Controls/Processors/AxisDeadzoneProcessor.cs
 0.1 kb	 0.0% Packages/com.unity.inputsystem/InputSystem/Runtime/Actions/Composites/TwoModifiersComposite.cs
 0.1 kb	 0.0% Packages/com.unity.inputsystem/InputSystem/Runtime/Actions/Composites/ButtonWithTwoModifiers.cs
 0.1 kb	 0.0% Packages/com.unity.inputsystem/InputSystem/Runtime/Actions/Composites/ButtonWithOneModifier.cs
 0.1 kb	 0.0% Packages/com.unity.inputsystem/InputSystem/Editor/AssetEditor/NameAndParameterListView.cs
 0.1 kb	 0.0% Packages/com.unity.inputsystem/InputSystem/Editor/Actions/Interactions/SlowTapInteractionEditor.cs
 0.1 kb	 0.0% Packages/com.unity.inputsystem/InputSystem/Editor/Actions/Interactions/PressInteractionEditor.cs
 0.1 kb	 0.0% Packages/com.unity.inputsystem/InputSystem/Editor/Actions/Interactions/HoldInteractionEditor.cs
 0.1 kb	 0.0% Packages/com.unity.inputsystem/InputSystem/Editor/Actions/Composites/Vector3CompositeEditor.cs
 0.1 kb	 0.0% Packages/com.unity.inputsystem/InputSystem/Editor/Actions/Composites/Vector2CompositeEditor.cs
 0.1 kb	 0.0% Packages/com.unity.collections/Unity.Collections/UnsafeScratchAllocator.cs
 0.1 kb	 0.0% Packages/com.unity.collections/Unity.Collections/NativeParallelHashMapExtensions.cs
 0.1 kb	 0.0% Packages/com.distantlands.cozy.core/Runtime/Utility/RaiseOnWeatherTypeExample.cs
 0.1 kb	 0.0% Packages/com.distantlands.cozy.core/Content/Resources/Profiles/FX/Precipitation FX/Light Snowfall.asset
 0.1 kb	 0.0% Packages/com.distantlands.cozy.core/Content/Resources/Profiles/FX/Precipitation FX/Light Rainfall.asset
 0.1 kb	 0.0% Packages/com.distantlands.cozy.core/Content/Resources/Profiles/FX/Precipitation FX/Heavy Snowfall.asset
 0.1 kb	 0.0% Packages/com.distantlands.cozy.core/Content/Resources/Profiles/FX/Precipitation FX/Heavy Rainfall.asset
 0.1 kb	 0.0% Packages/com.distantlands.cozy.core/Content/Resources/Profiles/FX/Particle FX/Wisps Particle FX.asset
 0.1 kb	 0.0% Packages/com.distantlands.cozy.core/Content/Resources/Profiles/FX/Particle FX/Day Bugs Particle FX.asset
 0.1 kb	 0.0% Packages/com.distantlands.cozy.core/Content/Resources/Profiles/FX/Audio FX/Owl SFX.asset
 0.1 kb	 0.0% Assets/Synty/AnimationBaseLocomotion/Samples/Scripts/SampleCameraController.cs
 0.1 kb	 0.0% Assets/GSpawn - Level Designer/Scripts/Prefabs/PrefabsFromObjectGroupsCreationSettings.cs
 0.1 kb	 0.0% Assets/GSpawn - Level Designer/Scripts/Level Design/Object Spawn/SegmentsObjectSpawnSettingsProfileDbUI.cs
 0.1 kb	 0.0% Packages/com.unity.visualscripting/Runtime/VisualScripting.State/TriggerStateTransition.cs
 0.1 kb	 0.0% Packages/com.unity.visualscripting/Runtime/VisualScripting.State/INesterStateTransition.cs
 0.1 kb	 0.0% Packages/com.unity.visualscripting/Runtime/VisualScripting.Flow/UnitCategoryConverter.cs
 0.1 kb	 0.0% Packages/com.unity.visualscripting/Runtime/VisualScripting.Flow/Ports/ValueOutputDefinition.cs
 0.1 kb	 0.0% Packages/com.unity.visualscripting/Runtime/VisualScripting.Flow/Ports/IUnitValuePortDefinition.cs
 0.1 kb	 0.0% Packages/com.unity.visualscripting/Runtime/VisualScripting.Flow/Ports/IUnitInputPortDefinition.cs
 0.1 kb	 0.0% Packages/com.unity.visualscripting/Runtime/VisualScripting.Flow/Ports/ControlPortDefinition.cs
 0.1 kb	 0.0% Packages/com.unity.visualscripting/Runtime/VisualScripting.Flow/Ports/ControlOutputDefinition.cs
 0.1 kb	 0.0% Packages/com.unity.visualscripting/Runtime/VisualScripting.Flow/Ports/ControlInputDefinition.cs
 0.1 kb	 0.0% Packages/com.unity.visualscripting/Runtime/VisualScripting.Flow/Framework/Variables/Obsolete/SetApplicationVariable.cs
 0.1 kb	 0.0% Packages/com.unity.visualscripting/Runtime/VisualScripting.Flow/Framework/Variables/Obsolete/IsVariableDefinedUnit.cs
 0.1 kb	 0.0% Packages/com.unity.visualscripting/Runtime/VisualScripting.Flow/Framework/Variables/Obsolete/IsSceneVariableDefined.cs
 0.1 kb	 0.0% Packages/com.unity.visualscripting/Runtime/VisualScripting.Flow/Framework/Variables/Obsolete/IsSavedVariableDefined.cs
 0.1 kb	 0.0% Packages/com.unity.visualscripting/Runtime/VisualScripting.Flow/Framework/Variables/Obsolete/IsObjectVariableDefined.cs
 0.1 kb	 0.0% Packages/com.unity.visualscripting/Runtime/VisualScripting.Flow/Framework/Variables/Obsolete/IsGraphVariableDefined.cs
 0.1 kb	 0.0% Packages/com.unity.visualscripting/Runtime/VisualScripting.Flow/Framework/Variables/Obsolete/IApplicationVariableUnit.cs
 0.1 kb	 0.0% Packages/com.unity.visualscripting/Runtime/VisualScripting.Flow/Framework/Variables/Obsolete/GetApplicationVariable.cs
 0.1 kb	 0.0% Packages/com.unity.visualscripting/Runtime/VisualScripting.Flow/Framework/Time/WaitForEndOfFrameUnit.cs
 0.1 kb	 0.0% Packages/com.unity.visualscripting/Runtime/VisualScripting.Flow/Framework/Logic/NotApproximatelyEqual.cs
 0.1 kb	 0.0% Packages/com.unity.visualscripting/Runtime/VisualScripting.Flow/Framework/Events/Physics/OnControllerColliderHit.cs
 0.1 kb	 0.0% Packages/com.unity.visualscripting/Runtime/VisualScripting.Flow/Framework/Events/Hierarchy/OnTransformParentChanged.cs
 0.1 kb	 0.0% Packages/com.unity.visualscripting/Runtime/VisualScripting.Flow/Framework/Events/GUI/OnScrollbarValueChanged.cs
 0.1 kb	 0.0% Packages/com.unity.visualscripting/Runtime/VisualScripting.Flow/Framework/Events/GUI/OnScrollRectValueChanged.cs
 0.1 kb	 0.0% Packages/com.unity.visualscripting/Runtime/VisualScripting.Flow/Framework/Events/GUI/OnInputFieldValueChanged.cs
 0.1 kb	 0.0% Packages/com.unity.visualscripting/Runtime/VisualScripting.Flow/Framework/Events/GUI/OnDropdownValueChanged.cs
 0.1 kb	 0.0% Packages/com.unity.visualscripting/Runtime/VisualScripting.Flow/Framework/Events/Application/OnApplicationLostFocus.cs
 0.1 kb	 0.0% Packages/com.unity.visualscripting/Runtime/VisualScripting.Flow/Framework/Events/Animation/BoltNamedAnimationEvent.cs
 0.1 kb	 0.0% Packages/com.unity.visualscripting/Runtime/VisualScripting.Flow/Framework/Collections/Dictionaries/DictionaryContainsKey.cs
 0.1 kb	 0.0% Packages/com.unity.visualscripting/Runtime/VisualScripting.Flow/EditorBinding/UnitSurtitleAttribute.cs
 0.1 kb	 0.0% Packages/com.unity.visualscripting/Runtime/VisualScripting.Flow/EditorBinding/UnitSubtitleAttribute.cs
 0.1 kb	 0.0% Packages/com.unity.visualscripting/Runtime/VisualScripting.Flow/EditorBinding/UnitShortTitleAttribute.cs
 0.1 kb	 0.0% Packages/com.unity.visualscripting/Runtime/VisualScripting.Flow/EditorBinding/UnitFooterPortsAttribute.cs
 0.1 kb	 0.0% Packages/com.unity.visualscripting/Runtime/VisualScripting.Flow/EditorBinding/PortLabelHiddenAttribute.cs
 0.1 kb	 0.0% Packages/com.unity.visualscripting/Runtime/VisualScripting.Flow/Dependencies/NCalc/ValueExpression.cs
 0.1 kb	 0.0% Packages/com.unity.visualscripting/Runtime/VisualScripting.Flow/Dependencies/NCalc/UnaryExpression.cs
 0.1 kb	 0.0% Packages/com.unity.visualscripting/Runtime/VisualScripting.Flow/Dependencies/NCalc/ParameterArgs.cs
 0.1 kb	 0.0% Packages/com.unity.visualscripting/Runtime/VisualScripting.Flow/Dependencies/NCalc/BinaryExpression.cs
 0.1 kb	 0.0% Packages/com.unity.visualscripting/Runtime/VisualScripting.Flow/Connections/UnitConnectionDebugData.cs
 0.1 kb	 0.0% Packages/com.unity.visualscripting/Runtime/VisualScripting.Flow/Connections/IUnitConnectionDebugData.cs
 0.1 kb	 0.0% Packages/com.unity.visualscripting/Runtime/VisualScripting.Core/Variables/VariableKindAttribute.cs
 0.1 kb	 0.0% Packages/com.unity.visualscripting/Runtime/VisualScripting.Core/Variables/IGraphDataWithVariables.cs
 0.1 kb	 0.0% Packages/com.unity.visualscripting/Runtime/VisualScripting.Core/Utilities/RuntimeVSUsageUtility.cs
 0.1 kb	 0.0% Packages/com.unity.visualscripting/Runtime/VisualScripting.Core/Utilities/IAnalyticsIdentifiable.cs
 0.1 kb	 0.0% Packages/com.unity.visualscripting/Runtime/VisualScripting.Core/Utilities/ComponentHolderProtocol.cs
 0.1 kb	 0.0% Packages/com.unity.visualscripting/Runtime/VisualScripting.Core/Unity/MacroScriptableObject.cs
 0.1 kb	 0.0% Packages/com.unity.visualscripting/Runtime/VisualScripting.Core/Unity/LudiqScriptableObject.cs
 0.1 kb	 0.0% Packages/com.unity.visualscripting/Runtime/VisualScripting.Core/Serialization/SerializationOperation.cs
 0.1 kb	 0.0% Packages/com.unity.visualscripting/Runtime/VisualScripting.Core/Serialization/ISerializationDepender.cs
 0.1 kb	 0.0% Packages/com.unity.visualscripting/Runtime/VisualScripting.Core/Serialization/ISerializationDependency.cs
 0.1 kb	 0.0% Packages/com.unity.visualscripting/Runtime/VisualScripting.Core/Serialization/DoNotSerializeAttribute.cs
 0.1 kb	 0.0% Packages/com.unity.visualscripting/Runtime/VisualScripting.Core/Reflection/RenamedAssemblyAttribute.cs
 0.1 kb	 0.0% Packages/com.unity.visualscripting/Runtime/VisualScripting.Core/Reflection/Optimization/StaticActionInvokerBase.cs
 0.1 kb	 0.0% Packages/com.unity.visualscripting/Runtime/VisualScripting.Core/Reflection/Optimization/ReflectionFieldAccessor.cs
 0.1 kb	 0.0% Packages/com.unity.visualscripting/Runtime/VisualScripting.Core/Reflection/Operators/NumericNegationHandler.cs
 0.1 kb	 0.0% Packages/com.unity.visualscripting/Runtime/VisualScripting.Core/Reflection/Operators/MultiplicationHandler.cs
 0.1 kb	 0.0% Packages/com.unity.visualscripting/Runtime/VisualScripting.Core/Reflection/Operators/LogicalNegationHandler.cs
 0.1 kb	 0.0% Packages/com.unity.visualscripting/Runtime/VisualScripting.Core/Reflection/Operators/LessThanOrEqualHandler.cs
 0.1 kb	 0.0% Packages/com.unity.visualscripting/Runtime/VisualScripting.Core/Reflection/Operators/InvalidOperatorException.cs
 0.1 kb	 0.0% Packages/com.unity.visualscripting/Runtime/VisualScripting.Core/Reflection/Operators/BinaryOperatorHandler.cs
 0.1 kb	 0.0% Packages/com.unity.visualscripting/Runtime/VisualScripting.Core/Reflection/GenericClosingException.cs
 0.1 kb	 0.0% Packages/com.unity.visualscripting/Runtime/VisualScripting.Core/Platforms/AotIncompatibleAttribute.cs
 0.1 kb	 0.0% Packages/com.unity.visualscripting/Runtime/VisualScripting.Core/Listeners/IGraphEventListenerData.cs
 0.1 kb	 0.0% Packages/com.unity.visualscripting/Runtime/VisualScripting.Core/Listeners/GlobalMessageListener.cs
 0.1 kb	 0.0% Packages/com.unity.visualscripting/Runtime/VisualScripting.Core/Listeners/AnimatorMessageListener.cs
 0.1 kb	 0.0% Packages/com.unity.visualscripting/Runtime/VisualScripting.Core/Graphs/IGraphElementWithData.cs
 0.1 kb	 0.0% Packages/com.unity.visualscripting/Runtime/VisualScripting.Core/Graphs/IGraphElementDebugData.cs
 0.1 kb	 0.0% Packages/com.unity.visualscripting/Runtime/VisualScripting.Core/Graphs/GraphsExceptionUtility.cs
 0.1 kb	 0.0% Packages/com.unity.visualscripting/Runtime/VisualScripting.Core/Graphs/GraphPointerException.cs
 0.1 kb	 0.0% Packages/com.unity.visualscripting/Runtime/VisualScripting.Core/EditorBinding/NullMeansSelfAttribute.cs
 0.1 kb	 0.0% Packages/com.unity.visualscripting/Runtime/VisualScripting.Core/EditorBinding/Inspector/InspectorWideAttribute.cs
 0.1 kb	 0.0% Packages/com.unity.visualscripting/Runtime/VisualScripting.Core/EditorBinding/Inspector/InspectorRangeAttribute.cs
 0.1 kb	 0.0% Packages/com.unity.visualscripting/Runtime/VisualScripting.Core/EditorBinding/Inspector/InspectorLabelAttribute.cs
 0.1 kb	 0.0% Packages/com.unity.visualscripting/Runtime/VisualScripting.Core/EditorBinding/InspectableIfAttribute.cs
 0.1 kb	 0.0% Packages/com.unity.visualscripting/Runtime/VisualScripting.Core/EditorBinding/IInspectableAttribute.cs
 0.1 kb	 0.0% Packages/com.unity.visualscripting/Runtime/VisualScripting.Core/EditorBinding/ExpectedTypeAttribute.cs
 0.1 kb	 0.0% Packages/com.unity.visualscripting/Runtime/VisualScripting.Core/Collections/INotifiedCollectionItem.cs
 0.1 kb	 0.0% Packages/com.unity.visualscripting/Runtime/VisualScripting.Core/Cloning/Cloners/FakeSerializationCloner.cs
 0.1 kb	 0.0% Packages/com.unity.ugui/Runtime/TMP/TMP_SpriteAssetImportFormats.cs
 0.1 kb	 0.0% Packages/com.unity.timeline/Runtime/Animation/AnimationPreviewUpdateCallback.cs
 0.1 kb	 0.0% Packages/com.unity.timeline/Runtime/Animation/AnimationOutputWeightProcessor.cs
 0.1 kb	 0.0% Packages/com.unity.shadergraph/ShaderGraphLibrary/DummyShaderGraphLibrary.cs
 0.1 kb	 0.0% Packages/com.unity.render-pipelines.universal/ShaderLibrary/ShaderTypes.cs
 0.1 kb	 0.0% Packages/com.unity.render-pipelines.universal/ShaderLibrary/Deprecated.cs
 0.1 kb	 0.0% Packages/com.unity.render-pipelines.universal/Runtime/Tiling/TileSize.cs
 0.1 kb	 0.0% Packages/com.unity.render-pipelines.universal/Runtime/2D/URP2D_CRC32.cs
 0.1 kb	 0.0% Packages/com.unity.render-pipelines.universal/Runtime/2D/Shadows/Shadow Provider Utility/ShadowMesh2D.cs
 0.1 kb	 0.0% Packages/com.unity.render-pipelines.universal/Runtime/2D/Shadows/Shadow Provider Utility/ShadowEdge.cs
 0.1 kb	 0.0% Packages/com.unity.render-pipelines.universal/Runtime/2D/Shadows/Shadow Provider Utility/IEdgeStore.cs
 0.1 kb	 0.0% Packages/com.unity.render-pipelines.universal/Runtime/2D/Rendergraph/UpscalePass.cs
 0.1 kb	 0.0% Packages/com.unity.render-pipelines.universal/Runtime/2D/Provider2D.cs
 0.1 kb	 0.0% Packages/com.unity.render-pipelines.universal/Runtime/2D/Passes/Utility/LightBatch.cs
 0.1 kb	 0.0% Packages/com.unity.render-pipelines.universal/Runtime/2D/Passes/Utility/LayerUtility.cs
 0.1 kb	 0.0% Packages/com.unity.render-pipelines.universal/Runtime/2D/Passes/Utility/LayerDebug.cs
 0.1 kb	 0.0% Packages/com.unity.render-pipelines.universal/Runtime/2D/Lights/LightUtility.cs
 0.1 kb	 0.0% Packages/com.unity.render-pipelines.core/Runtime/Utilities/SweepLineRectUtils.cs
 0.1 kb	 0.0% Packages/com.unity.render-pipelines.core/Runtime/Utilities/SceneRenderPipeline.cs
 0.1 kb	 0.0% Packages/com.unity.render-pipelines.core/Runtime/Utilities/MaterialQuality.cs
 0.1 kb	 0.0% Packages/com.unity.render-pipelines.core/Runtime/Utilities/CullContextData.cs
 0.1 kb	 0.0% Packages/com.unity.render-pipelines.core/Runtime/Utilities/CameraCaptureBridge.cs
 0.1 kb	 0.0% Packages/com.unity.render-pipelines.core/Runtime/ShaderGenerator/ShaderGeneratorAttributes.cs
 0.1 kb	 0.0% Packages/com.unity.render-pipelines.core/Runtime/RenderGraph/RenderGraph.cs
 0.1 kb	 0.0% Packages/com.unity.render-pipelines.core/Runtime/PostProcessing/LensFlareCommonSRP.cs
 0.1 kb	 0.0% Packages/com.unity.render-pipelines.core/Runtime/PathTracing/WorldResources.cs
 0.1 kb	 0.0% Packages/com.unity.render-pipelines.core/Runtime/LookDev/IDataProvider.cs
 0.1 kb	 0.0% Packages/com.unity.render-pipelines.core/Runtime/Lighting/SphericalHarmonics.cs
 0.1 kb	 0.0% Packages/com.unity.render-pipelines.core/Runtime/Lighting/ProbeVolume/ProbeVolumesOptions.cs
 0.1 kb	 0.0% Packages/com.unity.render-pipelines.core/Runtime/Lighting/ProbeVolume/ProbeVolumeSceneData.cs
 0.1 kb	 0.0% Packages/com.unity.render-pipelines.core/Runtime/Lighting/ProbeVolume/ProbeVolumeGIContributor.cs
 0.1 kb	 0.0% Packages/com.unity.render-pipelines.core/Runtime/Lighting/ProbeVolume/ProbeVolumeBakingSet.cs
 0.1 kb	 0.0% Packages/com.unity.render-pipelines.core/Runtime/Lighting/ProbeVolume/ProbeVolumeAsset.cs
 0.1 kb	 0.0% Packages/com.unity.render-pipelines.core/Runtime/Lighting/ProbeVolume/ProbeReferenceVolume.cs
 0.1 kb	 0.0% Packages/com.unity.render-pipelines.core/Runtime/Documentation.cs
 0.1 kb	 0.0% Packages/com.unity.render-pipelines.core/Runtime/Debugging/RuntimeDebugWindow.cs
 0.1 kb	 0.0% Packages/com.unity.render-pipelines.core/Runtime/Debugging/MousePositionDebug.cs
 0.1 kb	 0.0% Packages/com.unity.render-pipelines.core/Runtime/Debugging/IVolumeDebugSettings.cs
 0.1 kb	 0.0% Packages/com.unity.render-pipelines.core/Runtime/Debugging/FrameTiming/FrameTimeBottleneck.cs
 0.1 kb	 0.0% Packages/com.unity.render-pipelines.core/Runtime/Common/Swap.Extensions.cs
 0.1 kb	 0.0% Packages/com.unity.render-pipelines.core/Runtime/Common/ReloadGroupAttribute.cs
 0.1 kb	 0.0% Packages/com.unity.render-pipelines.core/Runtime/Common/CommandBufferPool.cs
 0.1 kb	 0.0% Packages/com.unity.render-pipelines.core/Runtime/CommandBuffers/UnsafeCommandBuffer.cs
 0.1 kb	 0.0% Packages/com.unity.render-pipelines.core/Runtime/CommandBuffers/RasterCommandBuffer.cs
 0.1 kb	 0.0% Packages/com.unity.render-pipelines.core/Runtime/CommandBuffers/IUnsafeCommandBuffer.cs
 0.1 kb	 0.0% Packages/com.unity.render-pipelines.core/Runtime/CommandBuffers/IRasterCommandBuffer.cs
 0.1 kb	 0.0% Packages/com.unity.render-pipelines.core/Runtime/CommandBuffers/IBaseCommandBuffer.cs
 0.1 kb	 0.0% Packages/com.unity.render-pipelines.core/Runtime/CommandBuffers/ComputeCommandBuffer.cs
 0.1 kb	 0.0% Packages/com.unity.render-pipelines.core/Runtime/CommandBuffers/CommandBufferHelpers.cs
 0.1 kb	 0.0% Packages/com.unity.multiplayer.center/Common/StyleConstants.cs
 0.1 kb	 0.0% Packages/com.unity.inputsystem/InputSystem/Runtime/State/IInputStateChangeMonitor.cs
 0.1 kb	 0.0% Packages/com.unity.inputsystem/InputSystem/Runtime/Plugins/iOS/IOSGameController.cs
 0.1 kb	 0.0% Packages/com.unity.inputsystem/InputSystem/Runtime/Plugins/XInput/XInputControllerWindows.cs
 0.1 kb	 0.0% Packages/com.unity.inputsystem/InputSystem/Runtime/Plugins/Users/InputUserAccountHandle.cs
 0.1 kb	 0.0% Packages/com.unity.inputsystem/InputSystem/Runtime/Plugins/Switch/SwitchProControllerHID.cs
 0.1 kb	 0.0% Packages/com.unity.inputsystem/InputSystem/Runtime/Plugins/OSX/OSXGameController.cs
 0.1 kb	 0.0% Packages/com.unity.inputsystem/InputSystem/Runtime/Plugins/EnhancedTouch/EnhancedTouchSupport.cs
 0.1 kb	 0.0% Packages/com.unity.inputsystem/InputSystem/Runtime/InputManagerStateMonitors.cs
 0.1 kb	 0.0% Packages/com.unity.inputsystem/InputSystem/Runtime/Events/DeviceConfigurationEvent.cs
 0.1 kb	 0.0% Packages/com.unity.inputsystem/InputSystem/Runtime/Devices/Remote/RemoteInputPlayerConnection.cs
 0.1 kb	 0.0% Packages/com.unity.inputsystem/InputSystem/Runtime/Devices/InputDeviceDescription.cs
 0.1 kb	 0.0% Packages/com.unity.inputsystem/InputSystem/Runtime/Devices/Haptics/DualMotorRumbleCommand.cs
 0.1 kb	 0.0% Packages/com.unity.inputsystem/InputSystem/Runtime/Devices/Commands/WarpMousePositionCommand.cs
 0.1 kb	 0.0% Packages/com.unity.inputsystem/InputSystem/Runtime/Devices/Commands/QueryEnabledStateCommand.cs
 0.1 kb	 0.0% Packages/com.unity.inputsystem/InputSystem/Runtime/Devices/Commands/QueryDimensionsCommand.cs
 0.1 kb	 0.0% Packages/com.unity.inputsystem/InputSystem/Runtime/Devices/Commands/QueryCanRunInBackground.cs
 0.1 kb	 0.0% Packages/com.unity.inputsystem/InputSystem/Runtime/Devices/Commands/IInputDeviceCommandInfo.cs
 0.1 kb	 0.0% Packages/com.unity.inputsystem/InputSystem/Runtime/Controls/InputControlAttribute.cs
 0.1 kb	 0.0% Packages/com.unity.inputsystem/InputSystem/Runtime/Controls/DiscreteButtonControl.cs
 0.1 kb	 0.0% Packages/com.unity.inputsystem/InputSystem/Runtime/Actions/InputBindingCompositeContext.cs
 0.1 kb	 0.0% Packages/com.unity.inputsystem/InputSystem/Runtime/Actions/InputActionSetupExtensions.cs
 0.1 kb	 0.0% Packages/com.unity.inputsystem/InputSystem/Runtime/Actions/InputActionParameters.cs
 0.1 kb	 0.0% Packages/com.unity.inputsystem/InputSystem/Editor/UITKAssetEditor/Views/VisualElementExtensions.cs
 0.1 kb	 0.0% Packages/com.unity.inputsystem/InputSystem/Editor/UITKAssetEditor/Views/InputActionsTreeViewItem.cs
 0.1 kb	 0.0% Packages/com.unity.inputsystem/InputSystem/Editor/UITKAssetEditor/Views/InputActionsEditorView.cs
 0.1 kb	 0.0% Packages/com.unity.inputsystem/InputSystem/Editor/UITKAssetEditor/Views/BindingPropertiesView.cs
 0.1 kb	 0.0% Packages/com.unity.inputsystem/InputSystem/Editor/UITKAssetEditor/SerializedInputBinding.cs
 0.1 kb	 0.0% Packages/com.unity.inputsystem/InputSystem/Editor/UITKAssetEditor/SerializedInputActionMap.cs
 0.1 kb	 0.0% Packages/com.unity.inputsystem/InputSystem/Editor/UITKAssetEditor/SerializedInputAction.cs
 0.1 kb	 0.0% Packages/com.unity.inputsystem/InputSystem/Editor/UITKAssetEditor/InputActionsEditorWindow.cs
 0.1 kb	 0.0% Packages/com.unity.inputsystem/InputSystem/Editor/UITKAssetEditor/InputActionsEditorState.cs
 0.1 kb	 0.0% Packages/com.unity.inputsystem/InputSystem/Editor/UITKAssetEditor/Commands/ControlSchemeCommands.cs
 0.1 kb	 0.0% Packages/com.unity.inputsystem/InputSystem/Editor/Settings/InputSettingsProvider.cs
 0.1 kb	 0.0% Packages/com.unity.inputsystem/InputSystem/Editor/PropertyDrawers/InputControlPathDrawer.cs
 0.1 kb	 0.0% Packages/com.unity.inputsystem/InputSystem/Editor/PropertyDrawers/InputActionDrawerBase.cs
 0.1 kb	 0.0% Packages/com.unity.inputsystem/InputSystem/Editor/PropertyDrawers/InputActionAssetDrawer.cs
 0.1 kb	 0.0% Packages/com.unity.inputsystem/InputSystem/Editor/ProjectWideActions/ProjectWideActionsAsset.cs
 0.1 kb	 0.0% Packages/com.unity.inputsystem/InputSystem/Editor/Plugins/PlayerInput/PlayerInputManagerEditor.cs
 0.1 kb	 0.0% Packages/com.unity.inputsystem/InputSystem/Editor/Plugins/EnhancedTouch/TouchSimulationEditor.cs
 0.1 kb	 0.0% Packages/com.unity.inputsystem/InputSystem/Editor/Internal/AdvancedDropdown/AdvancedDropdownWindow.cs
 0.1 kb	 0.0% Packages/com.unity.inputsystem/InputSystem/Editor/Internal/AdvancedDropdown/AdvancedDropdownState.cs
 0.1 kb	 0.0% Packages/com.unity.inputsystem/InputSystem/Editor/InputSystemPluginControl.cs
 0.1 kb	 0.0% Packages/com.unity.inputsystem/InputSystem/Editor/InputLayoutCodeGenerator.cs
 0.1 kb	 0.0% Packages/com.unity.inputsystem/InputSystem/Editor/InputAssetEditorUtils.cs
 0.1 kb	 0.0% Packages/com.unity.inputsystem/InputSystem/Editor/Debugger/InputLatencyCalculator.cs
 0.1 kb	 0.0% Packages/com.unity.inputsystem/InputSystem/Editor/ControlPicker/InputControlPickerState.cs
 0.1 kb	 0.0% Packages/com.unity.inputsystem/InputSystem/Editor/ControlPicker/InputControlPathEditor.cs
 0.1 kb	 0.0% Packages/com.unity.inputsystem/InputSystem/Editor/ControlPicker/InputControlDropdownItem.cs
 0.1 kb	 0.0% Packages/com.unity.inputsystem/InputSystem/Editor/AssetImporter/InputActionCodeGenerator.cs
 0.1 kb	 0.0% Packages/com.unity.inputsystem/InputSystem/Editor/AssetImporter/InputActionAssetEditor.cs
 0.1 kb	 0.0% Packages/com.unity.inputsystem/InputSystem/Editor/AssetImporter/IInputActionAssetEditor.cs
 0.1 kb	 0.0% Packages/com.unity.inputsystem/InputSystem/Editor/AssetEditor/InputActionAssetManager.cs
 0.1 kb	 0.0% Packages/com.unity.inputsystem/InputSystem/Actions/InputActionStateMonitorIndex.cs
 0.1 kb	 0.0% Packages/com.unity.collections/Unity.Collections/UnsafeAtomicCounter.cs
 0.1 kb	 0.0% Packages/com.distantlands.cozy.core/Runtime/Shaders/Compiler Scripts/CozyShaderPackage.cs
 0.1 kb	 0.0% Packages/com.distantlands.cozy.core/Runtime/Shaders/Compiler Scripts/CozyShaderImporter.cs
 0.1 kb	 0.0% Packages/com.distantlands.cozy.core/Runtime/Data/MaterialManagerProfile.cs
 0.1 kb	 0.0% Packages/com.distantlands.cozy.core/Content/Resources/Profiles/FX/Wind FX/Turbulent Wind.asset
 0.1 kb	 0.0% Packages/com.distantlands.cozy.core/Content/Resources/Profiles/FX/Wind FX/Tempestuous Wind.asset
 0.1 kb	 0.0% Packages/com.distantlands.cozy.core/Content/Resources/Profiles/FX/Wind FX/Blustery Wind.asset
 0.1 kb	 0.0% Packages/com.distantlands.cozy.core/Content/Resources/Profiles/FX/Particle FX/Hail Particle FX.asset
 0.1 kb	 0.0% Packages/com.distantlands.cozy.core/Content/Resources/Profiles/FX/Event FX/Snowing Event.asset
 0.1 kb	 0.0% Packages/com.distantlands.cozy.core/Content/Resources/Profiles/FX/Event FX/Raining Event.asset
 0.1 kb	 0.0% Assets/TextMesh Pro/Resources/LineBreaking Leading Characters.txt
 0.1 kb	 0.0% Assets/Synty/InterfaceFantasyMenus/Samples/Scripts/SampleScrollRectExtensions.cs
 0.1 kb	 0.0% Assets/Synty/InterfaceFantasyMenus/Samples/Scripts/SampleRadialMenuInput.cs
 0.1 kb	 0.0% Assets/Synty/InterfaceFantasyMenus/Samples/Scripts/SampleOscillateSliders.cs
 0.1 kb	 0.0% Assets/Synty/InterfaceFantasyMenus/Samples/Scripts/SampleOnHighlightedEvents.cs
 0.1 kb	 0.0% Assets/Synty/InterfaceFantasyMenus/Samples/Scripts/SampleDefaultSelectable.cs
 0.1 kb	 0.0% Assets/Synty/InterfaceFantasyMenus/Samples/Scripts/SampleButtonDescriptions.cs
 0.1 kb	 0.0% Assets/Synty/InterfaceFantasyMenus/Samples/Scripts/SampleBrightnessDisplay.cs
 0.1 kb	 0.0% Assets/Synty/AnimationGoblinLocomotion/Samples/Scripts/InputSystem/GBL_InputReader.cs
 0.1 kb	 0.0% Assets/Synty/AnimationGoblinLocomotion/Samples/Scripts/GBL_SampleObjectLockOn.cs
 0.1 kb	 0.0% Assets/ExplosiveLLC/RPG Character Mecanim Animation Pack/Code/RPGCharacterNavigationController.cs
 0.1 kb	 0.0% Assets/ExplosiveLLC/RPG Character Mecanim Animation Pack/Code/RPGCharacterMovementController.cs
 0.1 kb	 0.0% Assets/DarkPixelRPGUI/Scripts/UI/NullableSerializableField.cs
 0.1 kb	 0.0% Assets/DarkPixelRPGUI/Scripts/UI/Equipment/InventorySlotItemGrab.cs
 0.1 kb	 0.0% Assets/DarkPixelRPGUI/Scripts/UI/DropdownHideCaptionBorder.cs
 0.1 kb	 0.0% Packages/com.unity.visualscripting/Runtime/VisualScripting.Core/Reflection/Optimization/StaticActionInvoker_5.cs
 0.1 kb	 0.0% Packages/com.unity.visualscripting/Runtime/VisualScripting.Core/Reflection/Optimization/StaticActionInvoker_4.cs
 0.1 kb	 0.0% Packages/com.unity.visualscripting/Runtime/VisualScripting.Core/Reflection/Optimization/StaticActionInvoker_3.cs
 0.1 kb	 0.0% Packages/com.unity.visualscripting/Runtime/VisualScripting.Core/Reflection/Optimization/StaticActionInvoker_2.cs
 0.1 kb	 0.0% Packages/com.unity.visualscripting/Runtime/VisualScripting.Core/Reflection/Optimization/StaticActionInvoker_1.cs
 0.1 kb	 0.0% Packages/com.unity.visualscripting/Runtime/VisualScripting.Core/Reflection/Optimization/StaticActionInvoker_0.cs
 0.1 kb	 0.0% Packages/com.unity.visualscripting/Runtime/VisualScripting.Core/Ensure/EnsureThat.NullableValueTypes.cs
 0.1 kb	 0.0% Packages/com.unity.visualscripting/Runtime/VisualScripting.Core/Dependencies/FullSerializer/fsJsonPrinter.cs
 0.1 kb	 0.0% Packages/com.unity.visualscripting/Runtime/VisualScripting.Core/Dependencies/FullSerializer/fsBaseConverter.cs
 0.1 kb	 0.0% Packages/com.unity.visualscripting/Runtime/VisualScripting.Core/Dependencies/FullSerializer/Reflection/fsMetaProperty.cs
 0.1 kb	 0.0% Packages/com.unity.visualscripting/Runtime/VisualScripting.Core/Dependencies/FullSerializer/Converters/fsTypeConverter.cs
 0.1 kb	 0.0% Packages/com.unity.visualscripting/Runtime/VisualScripting.Core/Dependencies/FullSerializer/Converters/fsGuidConverter.cs
 0.1 kb	 0.0% Packages/com.unity.visualscripting/Runtime/VisualScripting.Core/Dependencies/FullSerializer/Converters/fsEnumConverter.cs
 0.1 kb	 0.0% Packages/com.unity.visualscripting/Runtime/VisualScripting.Core/Dependencies/FullSerializer/Converters/fsDateConverter.cs
 0.1 kb	 0.0% Packages/com.unity.visualscripting/Runtime/VisualScripting.Core/Dependencies/FullSerializer/Converters/fsArrayConverter.cs
 0.1 kb	 0.0% Packages/com.unity.ugui/Runtime/UGUI/UI/Core/Layout/HorizontalOrVerticalLayoutGroup.cs
 0.1 kb	 0.0% Packages/com.unity.render-pipelines.universal/Runtime/Tiling/ZBinningJob.cs
 0.1 kb	 0.0% Packages/com.unity.render-pipelines.universal/Runtime/Tiling/TilingJob.cs
 0.1 kb	 0.0% Packages/com.unity.render-pipelines.universal/Runtime/TemporalAA.cs
 0.1 kb	 0.0% Packages/com.unity.render-pipelines.universal/Runtime/ShadowUtils.cs
 0.1 kb	 0.0% Packages/com.unity.render-pipelines.universal/Runtime/ShaderUtils.cs
 0.1 kb	 0.0% Packages/com.unity.render-pipelines.universal/Runtime/ShaderData.cs
 0.1 kb	 0.0% Packages/com.unity.render-pipelines.universal/Runtime/PostProcess.cs
 0.1 kb	 0.0% Packages/com.unity.render-pipelines.universal/Runtime/Passes/CapturePass.cs
 0.1 kb	 0.0% Packages/com.unity.render-pipelines.universal/Runtime/Overrides/WhiteBalance.cs
 0.1 kb	 0.0% Packages/com.unity.render-pipelines.universal/Runtime/Overrides/Tonemapping.cs
 0.1 kb	 0.0% Packages/com.unity.render-pipelines.universal/Runtime/Overrides/SplitToning.cs
 0.1 kb	 0.0% Packages/com.unity.render-pipelines.universal/Runtime/Overrides/MotionBlur.cs
 0.1 kb	 0.0% Packages/com.unity.render-pipelines.universal/Runtime/Overrides/FilmGrain.cs
 0.1 kb	 0.0% Packages/com.unity.render-pipelines.universal/Runtime/Overrides/DepthOfField.cs
 0.1 kb	 0.0% Packages/com.unity.render-pipelines.universal/Runtime/Overrides/ColorLookup.cs
 0.1 kb	 0.0% Packages/com.unity.render-pipelines.universal/Runtime/Overrides/ColorCurves.cs
 0.1 kb	 0.0% Packages/com.unity.render-pipelines.universal/Runtime/Overrides/ChannelMixer.cs
 0.1 kb	 0.0% Packages/com.unity.render-pipelines.universal/Runtime/History/TaaHistory.cs
 0.1 kb	 0.0% Packages/com.unity.render-pipelines.universal/Runtime/History/StpHistory.cs
 0.1 kb	 0.0% Packages/com.unity.render-pipelines.universal/Runtime/Decal/Entities/DecalChunk.cs
 0.1 kb	 0.0% Packages/com.unity.render-pipelines.universal/Runtime/Debug/DebugHandler.cs
 0.1 kb	 0.0% Packages/com.unity.render-pipelines.core/Runtime/XR/XRMirrorView.cs
 0.1 kb	 0.0% Packages/com.unity.render-pipelines.core/Runtime/Utilities/GPUPrefixSum/GPUPrefixSum.ShaderIDs.cs
 0.1 kb	 0.0% Packages/com.unity.render-pipelines.core/Runtime/UnifiedRayTracing/Compute/RadeonRays/RestructureBvh.cs
 0.1 kb	 0.0% Packages/com.unity.render-pipelines.core/Runtime/UnifiedRayTracing/Compute/RadeonRays/RadeonRaysAPI.cs
 0.1 kb	 0.0% Packages/com.unity.render-pipelines.core/Runtime/UnifiedRayTracing/Common/GeometryPool/GeometryPool.cs
 0.1 kb	 0.0% Packages/com.unity.render-pipelines.core/Runtime/PathTracing/UVFallbackBuffer.cs
 0.1 kb	 0.0% Packages/com.unity.render-pipelines.core/Runtime/PathTracing/SegmentedReduction.cs
 0.1 kb	 0.0% Packages/com.unity.render-pipelines.core/Runtime/PathTracing/ProbeIntegrator.cs
 0.1 kb	 0.0% Packages/com.unity.render-pipelines.core/Runtime/PathTracing/MaterialPool/MaterialAspectOracle.cs
 0.1 kb	 0.0% Packages/com.unity.render-pipelines.core/Runtime/PathTracing/ManyLightSampling.cs
 0.1 kb	 0.0% Packages/com.unity.render-pipelines.core/Runtime/PathTracing/Lightmapping/ChartRasterizer.cs
 0.1 kb	 0.0% Packages/com.unity.render-pipelines.core/Runtime/PathTracing/Core/TextureSlotAllocator.cs
 0.1 kb	 0.0% Packages/com.unity.render-pipelines.core/Runtime/PathTracing/BakeLightmap.cs
 0.1 kb	 0.0% Packages/com.unity.render-pipelines.core/Runtime/GPUDriven/Utilities/ParallelBitArray.cs
 0.1 kb	 0.0% Packages/com.unity.render-pipelines.core/Runtime/GPUDriven/Utilities/MemoryUtilities.cs
 0.1 kb	 0.0% Packages/com.unity.render-pipelines.core/Runtime/GPUDriven/Utilities/JaggedJobRange.cs
 0.1 kb	 0.0% Packages/com.unity.render-pipelines.core/Runtime/GPUDriven/Utilities/GPUResidentUtils.cs
 0.1 kb	 0.0% Packages/com.unity.render-pipelines.core/Runtime/GPUDriven/SceneProcessors/WorldProcessor.cs
 0.1 kb	 0.0% Packages/com.unity.render-pipelines.core/Runtime/GPUDriven/Culling/InstanceCuller.cs
 0.1 kb	 0.0% Packages/com.unity.render-pipelines.core/Runtime/Deprecated.cs
 0.1 kb	 0.0% Packages/com.unity.render-pipelines.core/Runtime/Common/CoreAttributes.cs
 0.1 kb	 0.0% Packages/com.unity.render-pipelines.core/Runtime/CommandBuffers/BaseCommandBufer.cs
 0.1 kb	 0.0% Packages/com.unity.inputsystem/InputSystem/Runtime/Utilities/NameAndParameters.cs
 0.1 kb	 0.0% Packages/com.unity.inputsystem/InputSystem/Runtime/Utilities/CSharpCodeHelpers.cs
 0.1 kb	 0.0% Packages/com.unity.inputsystem/InputSystem/Runtime/Plugins/UI/TrackedDeviceRaycaster.cs
 0.1 kb	 0.0% Packages/com.unity.inputsystem/InputSystem/Runtime/Plugins/UI/MultiplayerEventSystem.cs
 0.1 kb	 0.0% Packages/com.unity.inputsystem/InputSystem/Runtime/Plugins/UI/InputSystemUIInputModule.cs
 0.1 kb	 0.0% Packages/com.unity.inputsystem/InputSystem/Runtime/Plugins/UI/ExtendedPointerEventData.cs
 0.1 kb	 0.0% Packages/com.unity.inputsystem/InputSystem/Runtime/Plugins/UI/ExtendedAxisEventData.cs
 0.1 kb	 0.0% Packages/com.unity.inputsystem/InputSystem/Runtime/Plugins/DualShock/IDualShockHaptics.cs
 0.1 kb	 0.0% Packages/com.unity.inputsystem/InputSystem/Runtime/Controls/Processors/NormalizeProcessor.cs
 0.1 kb	 0.0% Packages/com.unity.inputsystem/InputSystem/Runtime/Actions/Interactions/SlowTapInteraction.cs
 0.1 kb	 0.0% Packages/com.unity.inputsystem/InputSystem/Runtime/Actions/Interactions/MultiTapInteraction.cs
 0.1 kb	 0.0% Packages/com.unity.inputsystem/InputSystem/Runtime/Actions/Composites/OneModifierComposite.cs
 0.1 kb	 0.0% Packages/com.unity.inputsystem/InputSystem/Editor/Utilities/DirtyAssetTracker.cs
 0.1 kb	 0.0% Packages/com.unity.inputsystem/InputSystem/Editor/Plugins/HID/HIDDescriptorWindow.cs
 0.1 kb	 0.0% Packages/com.unity.inputsystem/InputSystem/Editor/AssetEditor/ParameterListView.cs
 0.1 kb	 0.0% Packages/com.unity.inputsystem/InputSystem/Editor/AssetEditor/InputActionTreeViewItems.cs
 0.1 kb	 0.0% Packages/com.unity.inputsystem/InputSystem/Editor/Actions/Interactions/TapInteractionEditor.cs
 0.1 kb	 0.0% Packages/com.unity.inputsystem/InputSystem/Editor/Actions/Composites/AxisCompositeEditor.cs
 0.1 kb	 0.0% Packages/com.unity.collections/Unity.Collections/UnsafeUtilityEx.cs
 0.1 kb	 0.0% Packages/com.unity.collections/Unity.Collections/UnsafeAppendBuffer.cs
 0.1 kb	 0.0% Packages/com.unity.collections/Unity.Collections/NativeParallelHashSetExtensions.gen.cs
 0.1 kb	 0.0% Packages/com.unity.collections/Unity.Collections/Jobs/RegisterGenericJobTypeAttribute.cs
 0.1 kb	 0.0% Packages/com.unity.collections/Unity.Collections/DoubleRewindableAllocators.cs
 0.1 kb	 0.0% Packages/com.unity.collections/Unity.Collections/DataStreamExtensions.cs
 0.1 kb	 0.0% Packages/com.distantlands.cozy.core/Runtime/Utility/CozyForecastManagement.cs
 0.1 kb	 0.0% Packages/com.distantlands.cozy.core/Runtime/Modules/CozyReflectionsModule.cs
 0.1 kb	 0.0% Packages/com.distantlands.cozy.core/Runtime/Modules/CozyInteractionsModule.cs
 0.1 kb	 0.0% Packages/com.distantlands.cozy.core/Content/Resources/Profiles/Weather Profiles/Particle Based Clouds.asset
 0.1 kb	 0.0% Packages/com.distantlands.cozy.core/Content/Resources/Profiles/FX/Wind FX/Light Wind.asset
 0.1 kb	 0.0% Packages/com.distantlands.cozy.core/Content/Resources/Profiles/FX/Wind FX/Breezy Wind.asset
 0.1 kb	 0.0% Packages/com.distantlands.cozy.core/Content/Resources/Profiles/FX/Event FX/Fog Event.asset
 0.1 kb	 0.0% Packages/com.distantlands.cozy.core/Content/Resources/Profiles/FX/Climate FX/Wet Weather.asset
 0.1 kb	 0.0% Packages/com.distantlands.cozy.core/Content/Resources/Profiles/FX/Climate FX/Warm Weather.asset
 0.1 kb	 0.0% Packages/com.distantlands.cozy.core/Content/Resources/Profiles/FX/Climate FX/Hot Weather.asset
 0.1 kb	 0.0% Packages/com.distantlands.cozy.core/Content/Resources/Profiles/FX/Climate FX/Dry Weather.asset
 0.1 kb	 0.0% Packages/com.distantlands.cozy.core/Content/Resources/Profiles/FX/Climate FX/Cool Weather.asset
 0.1 kb	 0.0% Packages/com.distantlands.cozy.core/Content/Resources/Profiles/FX/Climate FX/Cold Weather.asset
 0.1 kb	 0.0% Packages/com.distantlands.cozy.core/Content/Resources/Default Profiles/Default Wind.asset
 0.1 kb	 0.0% Assets/Synty/AnimationBaseLocomotion/Samples/Scripts/SampleObjectLockOn.cs
 0.1 kb	 0.0% Assets/GSpawn - Level Designer/Scripts/Prefabs/ScatterBrushPrefabProfileDbWindow.cs
 0.1 kb	 0.0% Assets/GSpawn - Level Designer/Scripts/Level Design/Object Spawn/SegmentsObjectSpawnSettingsProfileDb.cs
 0.1 kb	 0.0% Assets/GSpawn - Level Designer/Scripts/Level Design/Object Spawn/SegmentsObjectSpawnSettingsProfile.cs
 0.1 kb	 0.0% Assets/GSpawn - Level Designer/Scripts/Level Design/Object Spawn/CurveObjectSpawnSettingsProfileDb.cs
 0.1 kb	 0.0% Assets/GSpawn - Level Designer/Scripts/Level Design/Object Spawn/BoxObjectSpawnSettingsProfileDbUI.cs
 0.1 kb	 0.0% Assets/BruteForce-GrassShader/Scripts/BF_SetInteractiveShaderEffectsTriplanar.cs
 0.1 kb	 0.0% Packages/com.unity.visualscripting/Runtime/VisualScripting.State/FlowStateTransition.cs
 0.1 kb	 0.0% Packages/com.unity.visualscripting/Runtime/VisualScripting.Flow/Ports/ValuePortDefinition.cs
 0.1 kb	 0.0% Packages/com.unity.visualscripting/Runtime/VisualScripting.Flow/Ports/ValueInputDefinition.cs
 0.1 kb	 0.0% Packages/com.unity.visualscripting/Runtime/VisualScripting.Flow/Ports/UnitPortDefinition.cs
 0.1 kb	 0.0% Packages/com.unity.visualscripting/Runtime/VisualScripting.Flow/Ports/IUnitPortDefinition.cs
 0.1 kb	 0.0% Packages/com.unity.visualscripting/Runtime/VisualScripting.Flow/Framework/Variables/UnifiedVariableUnit.cs
 0.1 kb	 0.0% Packages/com.unity.visualscripting/Runtime/VisualScripting.Flow/Framework/Variables/Obsolete/SetObjectVariable.cs
 0.1 kb	 0.0% Packages/com.unity.visualscripting/Runtime/VisualScripting.Flow/Framework/Variables/Obsolete/ISceneVariableUnit.cs
 0.1 kb	 0.0% Packages/com.unity.visualscripting/Runtime/VisualScripting.Flow/Framework/Variables/Obsolete/ISavedVariableUnit.cs
 0.1 kb	 0.0% Packages/com.unity.visualscripting/Runtime/VisualScripting.Flow/Framework/Variables/Obsolete/IObjectVariableUnit.cs
 0.1 kb	 0.0% Packages/com.unity.visualscripting/Runtime/VisualScripting.Flow/Framework/Variables/Obsolete/IGraphVariableUnit.cs
 0.1 kb	 0.0% Packages/com.unity.visualscripting/Runtime/VisualScripting.Flow/Framework/Variables/Obsolete/GetObjectVariable.cs
 0.1 kb	 0.0% Packages/com.unity.visualscripting/Runtime/VisualScripting.Flow/Framework/Variables/IsVariableDefined.cs
 0.1 kb	 0.0% Packages/com.unity.visualscripting/Runtime/VisualScripting.Flow/Framework/Variables/IUnifiedVariableUnit.cs
 0.1 kb	 0.0% Packages/com.unity.visualscripting/Runtime/VisualScripting.Flow/Framework/Time/WaitForSecondsUnit.cs
 0.1 kb	 0.0% Packages/com.unity.visualscripting/Runtime/VisualScripting.Flow/Framework/Time/WaitForNextFrameUnit.cs
 0.1 kb	 0.0% Packages/com.unity.visualscripting/Runtime/VisualScripting.Flow/Framework/Math/Vector4/Vector4MoveTowards.cs
 0.1 kb	 0.0% Packages/com.unity.visualscripting/Runtime/VisualScripting.Flow/Framework/Math/Vector4/Vector4DotProduct.cs
 0.1 kb	 0.0% Packages/com.unity.visualscripting/Runtime/VisualScripting.Flow/Framework/Math/Vector4/DeprecatedVector4Add.cs
 0.1 kb	 0.0% Packages/com.unity.visualscripting/Runtime/VisualScripting.Flow/Framework/Math/Vector3/Vector3MoveTowards.cs
 0.1 kb	 0.0% Packages/com.unity.visualscripting/Runtime/VisualScripting.Flow/Framework/Math/Vector3/Vector3DotProduct.cs
 0.1 kb	 0.0% Packages/com.unity.visualscripting/Runtime/VisualScripting.Flow/Framework/Math/Vector3/Vector3CrossProduct.cs
 0.1 kb	 0.0% Packages/com.unity.visualscripting/Runtime/VisualScripting.Flow/Framework/Math/Vector3/DeprecatedVector3Add.cs
 0.1 kb	 0.0% Packages/com.unity.visualscripting/Runtime/VisualScripting.Flow/Framework/Math/Vector2/Vector2MoveTowards.cs
 0.1 kb	 0.0% Packages/com.unity.visualscripting/Runtime/VisualScripting.Flow/Framework/Math/Vector2/Vector2DotProduct.cs
 0.1 kb	 0.0% Packages/com.unity.visualscripting/Runtime/VisualScripting.Flow/Framework/Math/Vector2/DeprecatedVector2Add.cs
 0.1 kb	 0.0% Packages/com.unity.visualscripting/Runtime/VisualScripting.Flow/Framework/Math/Scalar/ScalarMoveTowards.cs
 0.1 kb	 0.0% Packages/com.unity.visualscripting/Runtime/VisualScripting.Flow/Framework/Math/Scalar/ScalarExponentiate.cs
 0.1 kb	 0.0% Packages/com.unity.visualscripting/Runtime/VisualScripting.Flow/Framework/Math/Scalar/DeprecatedScalarAdd.cs
 0.1 kb	 0.0% Packages/com.unity.visualscripting/Runtime/VisualScripting.Flow/Framework/Math/Generic/DeprecatedGenericAdd.cs
 0.1 kb	 0.0% Packages/com.unity.visualscripting/Runtime/VisualScripting.Flow/Framework/Logic/NumericComparison.cs
 0.1 kb	 0.0% Packages/com.unity.visualscripting/Runtime/VisualScripting.Flow/Framework/Logic/EqualityComparison.cs
 0.1 kb	 0.0% Packages/com.unity.visualscripting/Runtime/VisualScripting.Flow/Framework/Logic/BinaryComparisonUnit.cs
 0.1 kb	 0.0% Packages/com.unity.visualscripting/Runtime/VisualScripting.Flow/Framework/Logic/ApproximatelyEqual.cs
 0.1 kb	 0.0% Packages/com.unity.visualscripting/Runtime/VisualScripting.Flow/Framework/Events/TriggerCustomEvent.cs
 0.1 kb	 0.0% Packages/com.unity.visualscripting/Runtime/VisualScripting.Flow/Framework/Events/Rendering/OnBecameInvisible.cs
 0.1 kb	 0.0% Packages/com.unity.visualscripting/Runtime/VisualScripting.Flow/Framework/Events/Physics2D/TriggerEvent2DUnit.cs
 0.1 kb	 0.0% Packages/com.unity.visualscripting/Runtime/VisualScripting.Flow/Framework/Events/Physics2D/OnCollisionStay2D.cs
 0.1 kb	 0.0% Packages/com.unity.visualscripting/Runtime/VisualScripting.Flow/Framework/Events/Physics2D/OnCollisionExit2D.cs
 0.1 kb	 0.0% Packages/com.unity.visualscripting/Runtime/VisualScripting.Flow/Framework/Events/Physics2D/OnCollisionEnter2D.cs
 0.1 kb	 0.0% Packages/com.unity.visualscripting/Runtime/VisualScripting.Flow/Framework/Events/Physics2D/CollisionEvent2DUnit.cs
 0.1 kb	 0.0% Packages/com.unity.visualscripting/Runtime/VisualScripting.Flow/Framework/Events/Physics/OnParticleCollision.cs
 0.1 kb	 0.0% Packages/com.unity.visualscripting/Runtime/VisualScripting.Flow/Framework/Events/Physics/CollisionEventUnit.cs
 0.1 kb	 0.0% Packages/com.unity.visualscripting/Runtime/VisualScripting.Flow/Framework/Events/Navigation/OnDestinationReached.cs
 0.1 kb	 0.0% Packages/com.unity.visualscripting/Runtime/VisualScripting.Flow/Framework/Events/Input/OnMouseUpAsButton.cs
 0.1 kb	 0.0% Packages/com.unity.visualscripting/Runtime/VisualScripting.Flow/Framework/Events/GUI/OnToggleValueChanged.cs
 0.1 kb	 0.0% Packages/com.unity.visualscripting/Runtime/VisualScripting.Flow/Framework/Events/GUI/OnSliderValueChanged.cs
 0.1 kb	 0.0% Packages/com.unity.visualscripting/Runtime/VisualScripting.Flow/Framework/Events/GUI/OnInputFieldEndEdit.cs
 0.1 kb	 0.0% Packages/com.unity.visualscripting/Runtime/VisualScripting.Flow/Framework/Events/GUI/GenericGuiEventUnit.cs
 0.1 kb	 0.0% Packages/com.unity.visualscripting/Runtime/VisualScripting.Flow/Framework/Events/Editor/OnDrawGizmosSelected.cs
 0.1 kb	 0.0% Packages/com.unity.visualscripting/Runtime/VisualScripting.Flow/Framework/Events/Application/OnApplicationResume.cs
 0.1 kb	 0.0% Packages/com.unity.visualscripting/Runtime/VisualScripting.Flow/Framework/Events/Application/OnApplicationQuit.cs
 0.1 kb	 0.0% Packages/com.unity.visualscripting/Runtime/VisualScripting.Flow/Framework/Events/Application/OnApplicationPause.cs
 0.1 kb	 0.0% Packages/com.unity.visualscripting/Runtime/VisualScripting.Flow/Framework/Events/Application/OnApplicationFocus.cs
 0.1 kb	 0.0% Packages/com.unity.visualscripting/Runtime/VisualScripting.Flow/Framework/Events/Animation/BoltAnimationEvent.cs
 0.1 kb	 0.0% Packages/com.unity.visualscripting/Runtime/VisualScripting.Flow/Framework/Collections/Dictionaries/SetDictionaryItem.cs
 0.1 kb	 0.0% Packages/com.unity.visualscripting/Runtime/VisualScripting.Flow/Framework/Collections/Dictionaries/RemoveDictionaryItem.cs
 0.1 kb	 0.0% Packages/com.unity.visualscripting/Runtime/VisualScripting.Flow/Framework/Collections/Dictionaries/MergeDictionaries.cs
 0.1 kb	 0.0% Packages/com.unity.visualscripting/Runtime/VisualScripting.Flow/Framework/Collections/Dictionaries/GetDictionaryItem.cs
 0.1 kb	 0.0% Packages/com.unity.visualscripting/Runtime/VisualScripting.Flow/Framework/Collections/Dictionaries/AddDictionaryItem.cs
 0.1 kb	 0.0% Packages/com.unity.visualscripting/Runtime/VisualScripting.Flow/EditorBinding/UnitTitleAttribute.cs
 0.1 kb	 0.0% Packages/com.unity.visualscripting/Runtime/VisualScripting.Flow/EditorBinding/UnitOrderAttribute.cs
 0.1 kb	 0.0% Packages/com.unity.visualscripting/Runtime/VisualScripting.Flow/EditorBinding/SpecialUnitAttribute.cs
 0.1 kb	 0.0% Packages/com.unity.visualscripting/Runtime/VisualScripting.Flow/EditorBinding/PortLabelAttribute.cs
 0.1 kb	 0.0% Packages/com.unity.visualscripting/Runtime/VisualScripting.Flow/Dependencies/NCalc/NCalcParser.cs
 0.1 kb	 0.0% Packages/com.unity.visualscripting/Runtime/VisualScripting.Flow/Dependencies/NCalc/NCalcLexer.cs
 0.1 kb	 0.0% Packages/com.unity.visualscripting/Runtime/VisualScripting.Flow/Dependencies/NCalc/FunctionArgs.cs
 0.1 kb	 0.0% Packages/com.unity.visualscripting/Runtime/VisualScripting.Flow/Dependencies/NCalc/Expression.cs
 0.1 kb	 0.0% Packages/com.unity.visualscripting/Runtime/VisualScripting.Flow/Connections/InvalidConnection.cs
 0.1 kb	 0.0% Packages/com.unity.visualscripting/Runtime/VisualScripting.Flow/Connections/ControlConnection.cs
 0.1 kb	 0.0% Packages/com.unity.visualscripting/Runtime/VisualScripting.Core/Variables/VariableDeclarations.cs
 0.1 kb	 0.0% Packages/com.unity.visualscripting/Runtime/VisualScripting.Core/Variables/VariableDeclaration.cs
 0.1 kb	 0.0% Packages/com.unity.visualscripting/Runtime/VisualScripting.Core/Variables/IGraphWithVariables.cs
 0.1 kb	 0.0% Packages/com.unity.visualscripting/Runtime/VisualScripting.Core/Variables/ApplicationVariables.cs
 0.1 kb	 0.0% Packages/com.unity.visualscripting/Runtime/VisualScripting.Core/Utilities/UnityObjectUtility.cs
 0.1 kb	 0.0% Packages/com.unity.visualscripting/Runtime/VisualScripting.Core/Utilities/ReferenceCollector.cs
 0.1 kb	 0.0% Packages/com.unity.visualscripting/Runtime/VisualScripting.Core/Utilities/CSharpNameUtility.cs
 0.1 kb	 0.0% Packages/com.unity.visualscripting/Runtime/VisualScripting.Core/Unity/SingletonAttribute.cs
 0.1 kb	 0.0% Packages/com.unity.visualscripting/Runtime/VisualScripting.Core/Unity/IUnityObjectOwnable.cs
 0.1 kb	 0.0% Packages/com.unity.visualscripting/Runtime/VisualScripting.Core/Serialization/SerializeAttribute.cs
 0.1 kb	 0.0% Packages/com.unity.visualscripting/Runtime/VisualScripting.Core/Serialization/SerializeAsAttribute.cs
 0.1 kb	 0.0% Packages/com.unity.visualscripting/Runtime/VisualScripting.Core/Serialization/SerializationData.cs
 0.1 kb	 0.0% Packages/com.unity.visualscripting/Runtime/VisualScripting.Core/Serialization/Converters/UnityObjectConverter.cs
 0.1 kb	 0.0% Packages/com.unity.visualscripting/Runtime/VisualScripting.Core/Serialization/Converters/NamespaceConverter.cs
 0.1 kb	 0.0% Packages/com.unity.visualscripting/Runtime/VisualScripting.Core/Reflection/RenamedFromAttribute.cs
 0.1 kb	 0.0% Packages/com.unity.visualscripting/Runtime/VisualScripting.Core/Reflection/Optimization/StaticInvokerBase.cs
 0.1 kb	 0.0% Packages/com.unity.visualscripting/Runtime/VisualScripting.Core/Reflection/Optimization/ReflectionInvoker.cs
 0.1 kb	 0.0% Packages/com.unity.visualscripting/Runtime/VisualScripting.Core/Reflection/Optimization/OptimizedReflection.cs
 0.1 kb	 0.0% Packages/com.unity.visualscripting/Runtime/VisualScripting.Core/Reflection/Optimization/IOptimizedInvoker.cs
 0.1 kb	 0.0% Packages/com.unity.visualscripting/Runtime/VisualScripting.Core/Reflection/Optimization/IOptimizedAccessor.cs
 0.1 kb	 0.0% Packages/com.unity.visualscripting/Runtime/VisualScripting.Core/Reflection/Operators/UnaryOperatorHandler.cs
 0.1 kb	 0.0% Packages/com.unity.visualscripting/Runtime/VisualScripting.Core/Reflection/Operators/SubtractionHandler.cs
 0.1 kb	 0.0% Packages/com.unity.visualscripting/Runtime/VisualScripting.Core/Reflection/Operators/RightShiftHandler.cs
 0.1 kb	 0.0% Packages/com.unity.visualscripting/Runtime/VisualScripting.Core/Reflection/Operators/OperatorException.cs
 0.1 kb	 0.0% Packages/com.unity.visualscripting/Runtime/VisualScripting.Core/Reflection/Operators/InequalityHandler.cs
 0.1 kb	 0.0% Packages/com.unity.visualscripting/Runtime/VisualScripting.Core/Reflection/Operators/GreaterThanHandler.cs
 0.1 kb	 0.0% Packages/com.unity.visualscripting/Runtime/VisualScripting.Core/Reflection/Operators/ExclusiveOrHandler.cs
 0.1 kb	 0.0% Packages/com.unity.visualscripting/Runtime/VisualScripting.Core/Reflection/MemberInfoComparer.cs
 0.1 kb	 0.0% Packages/com.unity.visualscripting/Runtime/VisualScripting.Core/Reflection/LooseAssemblyName.cs
 0.1 kb	 0.0% Packages/com.unity.visualscripting/Runtime/VisualScripting.Core/Reflection/IAttributeProvider.cs
 0.1 kb	 0.0% Packages/com.unity.visualscripting/Runtime/VisualScripting.Core/Reflection/ConversionUtility.cs
 0.1 kb	 0.0% Packages/com.unity.visualscripting/Runtime/VisualScripting.Core/Listeners/UnityMessageListener.cs
 0.1 kb	 0.0% Packages/com.unity.visualscripting/Runtime/VisualScripting.Core/Listeners/IGraphEventListener.cs
 0.1 kb	 0.0% Packages/com.unity.visualscripting/Runtime/VisualScripting.Core/Graphs/IGraphParentElement.cs
 0.1 kb	 0.0% Packages/com.unity.visualscripting/Runtime/VisualScripting.Core/Graphs/IGraphNesterElement.cs
 0.1 kb	 0.0% Packages/com.unity.visualscripting/Runtime/VisualScripting.Core/Graphs/IGraphElementData.cs
 0.1 kb	 0.0% Packages/com.unity.visualscripting/Runtime/VisualScripting.Core/Events/FrameDelayedCallback.cs
 0.1 kb	 0.0% Packages/com.unity.visualscripting/Runtime/VisualScripting.Core/Events/EventHookComparer.cs
 0.1 kb	 0.0% Packages/com.unity.visualscripting/Runtime/VisualScripting.Core/Ensure/ExceptionMessages.cs
 0.1 kb	 0.0% Packages/com.unity.visualscripting/Runtime/VisualScripting.Core/EditorBinding/TypeIconAttribute.cs
 0.1 kb	 0.0% Packages/com.unity.visualscripting/Runtime/VisualScripting.Core/EditorBinding/PredictableAttribute.cs
 0.1 kb	 0.0% Packages/com.unity.visualscripting/Runtime/VisualScripting.Core/EditorBinding/InspectableAttribute.cs
 0.1 kb	 0.0% Packages/com.unity.visualscripting/Runtime/VisualScripting.Core/EditorBinding/EditorTimeBinding.cs
 0.1 kb	 0.0% Packages/com.unity.visualscripting/Runtime/VisualScripting.Core/EditorBinding/EditorBindingUtility.cs
 0.1 kb	 0.0% Packages/com.unity.visualscripting/Runtime/VisualScripting.Core/EditorBinding/AllowsNullAttribute.cs
 0.1 kb	 0.0% Packages/com.unity.visualscripting/Runtime/VisualScripting.Core/Dependencies/FullSerializer/Internal/fsOption.cs
 0.1 kb	 0.0% Packages/com.unity.visualscripting/Runtime/VisualScripting.Core/Decorators/IDecoratorAttribute.cs
 0.1 kb	 0.0% Packages/com.unity.visualscripting/Runtime/VisualScripting.Core/Cloning/Cloners/AnimationCurveCloner.cs
 0.1 kb	 0.0% Packages/com.unity.ugui/Runtime/TMP/TMP_DynamicFontAssetUtilities.cs
 0.1 kb	 0.0% Packages/com.unity.timeline/Runtime/Utilities/AnimationPreviewUtilities.cs
 0.1 kb	 0.0% Packages/com.unity.timeline/Runtime/Playables/TimeNotificationBehaviour.cs
 0.1 kb	 0.0% Packages/com.unity.timeline/Runtime/Playables/ActivationControlPlayable.cs
 0.1 kb	 0.0% Packages/com.unity.timeline/Runtime/Events/INotificationOptionProvider.cs
 0.1 kb	 0.0% Packages/com.unity.render-pipelines.universal/Runtime/NoAllocUtils.cs
 0.1 kb	 0.0% Packages/com.unity.render-pipelines.universal/Runtime/2D/Lights/Light2D.cs
 0.1 kb	 0.0% Packages/com.unity.render-pipelines.universal/Runtime/2D/Clipper.cs
 0.1 kb	 0.0% Packages/com.unity.render-pipelines.core/Runtime/XR/XRSRPSettings.cs
 0.1 kb	 0.0% Packages/com.unity.render-pipelines.core/Runtime/Volume/VolumeProfile.cs
 0.1 kb	 0.0% Packages/com.unity.render-pipelines.core/Runtime/Volume/VolumeParameter.cs
 0.1 kb	 0.0% Packages/com.unity.render-pipelines.core/Runtime/Volume/VolumeManager.cs
 0.1 kb	 0.0% Packages/com.unity.render-pipelines.core/Runtime/Volume/VolumeDebugData.cs
 0.1 kb	 0.0% Packages/com.unity.render-pipelines.core/Runtime/Volume/VolumeComponent.cs
 0.1 kb	 0.0% Packages/com.unity.render-pipelines.core/Runtime/Volume/VolumeCollection.cs
 0.1 kb	 0.0% Packages/com.unity.render-pipelines.core/Runtime/Volume/KeyframeUtility.cs
 0.1 kb	 0.0% Packages/com.unity.render-pipelines.core/Runtime/Utilities/TileLayoutUtils.cs
 0.1 kb	 0.0% Packages/com.unity.render-pipelines.core/Runtime/Utilities/TextureGradient.cs
 0.1 kb	 0.0% Packages/com.unity.render-pipelines.core/Runtime/Utilities/ResourceReloader.cs
 0.1 kb	 0.0% Packages/com.unity.render-pipelines.core/Runtime/Utilities/LightUnitUtils.cs
 0.1 kb	 0.0% Packages/com.unity.render-pipelines.core/Runtime/Utilities/HaltonSequence.cs
 0.1 kb	 0.0% Packages/com.unity.render-pipelines.core/Runtime/Utilities/HDROutputUtils.cs
 0.1 kb	 0.0% Packages/com.unity.render-pipelines.core/Runtime/Utilities/GPUPrefixSum/GPUPrefixSum.Data.cs
 0.1 kb	 0.0% Packages/com.unity.render-pipelines.core/Runtime/Utilities/DelegateUtility.cs
 0.1 kb	 0.0% Packages/com.unity.render-pipelines.core/Runtime/Utilities/CoreMatrixUtils.cs
 0.1 kb	 0.0% Packages/com.unity.render-pipelines.core/Runtime/Utilities/ColorSpaceUtils.cs
 0.1 kb	 0.0% Packages/com.unity.render-pipelines.core/Runtime/Utilities/ArrayExtensions.cs
 0.1 kb	 0.0% Packages/com.unity.render-pipelines.core/Runtime/Textures/Texture2DAtlas.cs
 0.1 kb	 0.0% Packages/com.unity.render-pipelines.core/Runtime/Textures/RTHandleSystem.cs
 0.1 kb	 0.0% Packages/com.unity.render-pipelines.core/Runtime/Sampling/SobolData.cs
 0.1 kb	 0.0% Packages/com.unity.render-pipelines.core/Runtime/RenderPipeline/IVolumetricCloud.cs
 0.1 kb	 0.0% Packages/com.unity.render-pipelines.core/Runtime/RenderPipeline/ICloudBackground.cs
 0.1 kb	 0.0% Packages/com.unity.render-pipelines.core/Runtime/RenderGraph/RenderGraphCompilationCache.cs
 0.1 kb	 0.0% Packages/com.unity.render-pipelines.core/Runtime/PostProcessing/LensFlareDataSRP.cs
 0.1 kb	 0.0% Packages/com.unity.render-pipelines.core/Runtime/Lighting/ProbeVolume/ProbeVolumeUtil.cs
 0.1 kb	 0.0% Packages/com.unity.render-pipelines.core/Runtime/Lighting/ProbeVolume/ProbeBrickPool.cs
 0.1 kb	 0.0% Packages/com.unity.render-pipelines.core/Runtime/Lighting/ProbeVolume/ProbeBrickIndex.cs
 0.1 kb	 0.0% Packages/com.unity.render-pipelines.core/Runtime/Debugging/ProfilingScope.cs
 0.1 kb	 0.0% Packages/com.unity.render-pipelines.core/Runtime/Debugging/FrameTiming/FrameTimeSample.cs
 0.1 kb	 0.0% Packages/com.unity.render-pipelines.core/Runtime/Debugging/DebugManager.UIState.cs
 0.1 kb	 0.0% Packages/com.unity.render-pipelines.core/Runtime/Debugging/DebugManager.Input.cs
 0.1 kb	 0.0% Packages/com.unity.render-pipelines.core/Runtime/Debugging/DebugFrameTiming.cs
 0.1 kb	 0.0% Packages/com.unity.render-pipelines.core/Runtime/Common/SerializableEnum.cs
 0.1 kb	 0.0% Packages/com.unity.render-pipelines.core/Runtime/Common/ReloadAttribute.cs
 0.1 kb	 0.0% Packages/com.unity.render-pipelines.core/Runtime/Common/IAdditionalData.cs
 0.1 kb	 0.0% Packages/com.unity.render-pipelines.core/Runtime/Common/DynamicString.cs
 0.1 kb	 0.0% Packages/com.unity.render-pipelines.core/Runtime/Common/CoreUnsafeUtils.cs
 0.1 kb	 0.0% Packages/com.unity.render-pipelines.core/Runtime/Common/ContextContainer.cs
 0.1 kb	 0.0% Packages/com.unity.render-pipelines.core/Runtime/Common/ConstantBuffer.cs
 0.1 kb	 0.0% Packages/com.unity.render-pipelines.core/Runtime/Camera/CameraSwitcher.cs
 0.1 kb	 0.0% Packages/com.unity.inputsystem/InputSystem/Runtime/Utilities/Comparers.cs
 0.1 kb	 0.0% Packages/com.unity.inputsystem/InputSystem/Runtime/State/InputStateHistory.cs
 0.1 kb	 0.0% Packages/com.unity.inputsystem/InputSystem/Runtime/State/InputStateBuffers.cs
 0.1 kb	 0.0% Packages/com.unity.inputsystem/InputSystem/Runtime/State/IInputStateTypeInfo.cs
 0.1 kb	 0.0% Packages/com.unity.inputsystem/InputSystem/Runtime/Plugins/Users/InputUserSettings.cs
 0.1 kb	 0.0% Packages/com.unity.inputsystem/InputSystem/Runtime/Plugins/Switch/SwitchProController.cs
 0.1 kb	 0.0% Packages/com.unity.inputsystem/InputSystem/Runtime/Plugins/EnhancedTouch/TouchSimulation.cs
 0.1 kb	 0.0% Packages/com.unity.inputsystem/InputSystem/Runtime/NativeInputRuntime.cs
 0.1 kb	 0.0% Packages/com.unity.inputsystem/InputSystem/Runtime/InputEditorUserSettings.cs
 0.1 kb	 0.0% Packages/com.unity.inputsystem/InputSystem/Runtime/Events/InputEventListener.cs
 0.1 kb	 0.0% Packages/com.unity.inputsystem/InputSystem/Runtime/Events/IMECompositionEvent.cs
 0.1 kb	 0.0% Packages/com.unity.inputsystem/InputSystem/Runtime/Events/IInputEventTypeInfo.cs
 0.1 kb	 0.0% Packages/com.unity.inputsystem/InputSystem/Runtime/Events/DeviceRemoveEvent.cs
 0.1 kb	 0.0% Packages/com.unity.inputsystem/InputSystem/Runtime/Devices/InputDeviceMatcher.cs
 0.1 kb	 0.0% Packages/com.unity.inputsystem/InputSystem/Runtime/Devices/InputDeviceBuilder.cs
 0.1 kb	 0.0% Packages/com.unity.inputsystem/InputSystem/Runtime/Devices/ITextInputReceiver.cs
 0.1 kb	 0.0% Packages/com.unity.inputsystem/InputSystem/Runtime/Devices/IEventPreProcessor.cs
 0.1 kb	 0.0% Packages/com.unity.inputsystem/InputSystem/Runtime/Devices/ICustomDeviceReset.cs
 0.1 kb	 0.0% Packages/com.unity.inputsystem/InputSystem/Runtime/Devices/Commands/RequestSyncCommand.cs
 0.1 kb	 0.0% Packages/com.unity.inputsystem/InputSystem/Runtime/Devices/Commands/RequestResetCommand.cs
 0.1 kb	 0.0% Packages/com.unity.inputsystem/InputSystem/Runtime/Devices/Commands/QueryUserIdCommand.cs
 0.1 kb	 0.0% Packages/com.unity.inputsystem/InputSystem/Runtime/Devices/Commands/QueryKeyNameCommand.cs
 0.1 kb	 0.0% Packages/com.unity.inputsystem/InputSystem/Runtime/Devices/Commands/InputDeviceCommand.cs
 0.1 kb	 0.0% Packages/com.unity.inputsystem/InputSystem/Runtime/Devices/Commands/EnableDeviceCommand.cs
 0.1 kb	 0.0% Packages/com.unity.inputsystem/InputSystem/Runtime/Devices/Commands/DisableDeviceCommand.cs
 0.1 kb	 0.0% Packages/com.unity.inputsystem/InputSystem/Runtime/Controls/TouchPressControl.cs
 0.1 kb	 0.0% Packages/com.unity.inputsystem/InputSystem/Runtime/Controls/TouchPhaseControl.cs
 0.1 kb	 0.0% Packages/com.unity.inputsystem/InputSystem/Runtime/Controls/QuaternionControl.cs
 0.1 kb	 0.0% Packages/com.unity.inputsystem/InputSystem/Runtime/Controls/InputControlLayout.cs
 0.1 kb	 0.0% Packages/com.unity.inputsystem/InputSystem/Runtime/Controls/InputControlExtensions.cs
 0.1 kb	 0.0% Packages/com.unity.inputsystem/InputSystem/Runtime/Actions/InputInteractionContext.cs
 0.1 kb	 0.0% Packages/com.unity.inputsystem/InputSystem/Runtime/Actions/InputBindingComposite.cs
 0.1 kb	 0.0% Packages/com.unity.inputsystem/InputSystem/Runtime/Actions/IInputActionCollection.cs
 0.1 kb	 0.0% Packages/com.unity.inputsystem/InputSystem/Editor/VirtualMouseInputEditor.cs
 0.1 kb	 0.0% Packages/com.unity.inputsystem/InputSystem/Editor/UITKAssetEditor/Views/MatchingControlPaths.cs
 0.1 kb	 0.0% Packages/com.unity.inputsystem/InputSystem/Editor/UITKAssetEditor/Views/IViewStateCollection.cs
 0.1 kb	 0.0% Packages/com.unity.inputsystem/InputSystem/Editor/UITKAssetEditor/Views/ControlSchemesView.cs
 0.1 kb	 0.0% Packages/com.unity.inputsystem/InputSystem/Editor/UITKAssetEditor/Views/ActionPropertiesView.cs
 0.1 kb	 0.0% Packages/com.unity.inputsystem/InputSystem/Editor/UITKAssetEditor/EnumerableExtensions.cs
 0.1 kb	 0.0% Packages/com.unity.inputsystem/InputSystem/Editor/PropertyDrawers/InputActionMapDrawer.cs
 0.1 kb	 0.0% Packages/com.unity.inputsystem/InputSystem/Editor/PropertyDrawers/InputActionDrawer.cs
 0.1 kb	 0.0% Packages/com.unity.inputsystem/InputSystem/Editor/Plugins/iOS/InputSettingsiOSProvider.cs
 0.1 kb	 0.0% Packages/com.unity.inputsystem/InputSystem/Editor/Plugins/PlayerInput/PlayerInputEditor.cs
 0.1 kb	 0.0% Packages/com.unity.inputsystem/InputSystem/Editor/Plugins/OnScreen/OnScreenStickEditor.cs
 0.1 kb	 0.0% Packages/com.unity.inputsystem/InputSystem/Editor/Plugins/OnScreen/OnScreenButtonEditor.cs
 0.1 kb	 0.0% Packages/com.unity.inputsystem/InputSystem/Editor/Internal/InputEventTreeView.cs
 0.1 kb	 0.0% Packages/com.unity.inputsystem/InputSystem/Editor/Internal/InputControlTreeView.cs
 0.1 kb	 0.0% Packages/com.unity.inputsystem/InputSystem/Editor/Internal/BuildProviderHelpers.cs
 0.1 kb	 0.0% Packages/com.unity.inputsystem/InputSystem/Editor/Internal/AdvancedDropdown/MultiLevelDataSource.cs
 0.1 kb	 0.0% Packages/com.unity.inputsystem/InputSystem/Editor/Internal/AdvancedDropdown/CallbackDataSource.cs
 0.1 kb	 0.0% Packages/com.unity.inputsystem/InputSystem/Editor/Internal/AdvancedDropdown/AdvancedDropdownItem.cs
 0.1 kb	 0.0% Packages/com.unity.inputsystem/InputSystem/Editor/Internal/AdvancedDropdown/AdvancedDropdownGUI.cs
 0.1 kb	 0.0% Packages/com.unity.inputsystem/InputSystem/Editor/InputSystemStateManager.cs
 0.1 kb	 0.0% Packages/com.unity.inputsystem/InputSystem/Editor/InputParameterEditor.cs
 0.1 kb	 0.0% Packages/com.unity.inputsystem/InputSystem/Editor/DeviceSimulator/InputSystemPlugin.cs
 0.1 kb	 0.0% Packages/com.unity.inputsystem/InputSystem/Editor/Debugger/InputDebuggerWindow.cs
 0.1 kb	 0.0% Packages/com.unity.inputsystem/InputSystem/Editor/ControlPicker/InputControlPicker.cs
 0.1 kb	 0.0% Packages/com.unity.inputsystem/InputSystem/Editor/BuildPipeline/LinkFileGenerator.cs
 0.1 kb	 0.0% Packages/com.unity.inputsystem/InputSystem/Editor/AssetImporter/InputActionImporter.cs
 0.1 kb	 0.0% Packages/com.unity.inputsystem/InputSystem/Editor/AssetEditor/PropertiesViewBase.cs
 0.1 kb	 0.0% Packages/com.unity.inputsystem/InputSystem/Editor/AssetEditor/InputActionTreeView.cs
 0.1 kb	 0.0% Packages/com.unity.inputsystem/InputSystem/Editor/Analytics/InputEditorAnalytics.cs
 0.1 kb	 0.0% Packages/com.unity.inputsystem/InputSystem/Editor/Analytics/InputBuildAnalytic.cs
 0.1 kb	 0.0% Packages/com.unity.collections/Unity.Collections/NativeNotBurstCompatible.cs
 0.1 kb	 0.0% Packages/com.distantlands.cozy.core/Runtime/Shaders/Compiler Scripts/EmptyShaderGUI.cs
 0.1 kb	 0.0% Packages/com.distantlands.cozy.core/Runtime/Data/AtmosphereProfile.cs
 0.1 kb	 0.0% Packages/com.distantlands.cozy.core/Content/Resources/Profiles/Weather Profiles/Approaching Storm.asset
 0.1 kb	 0.0% Assets/Synty/InterfaceFantasyMenus/Samples/Scripts/SampleUIButtonInput.cs
 0.1 kb	 0.0% Assets/Synty/InterfaceFantasyMenus/Samples/Scripts/SampleToggleHelper.cs
 0.1 kb	 0.0% Assets/Synty/InterfaceFantasyMenus/Samples/Scripts/SampleSettingsToggle.cs
 0.1 kb	 0.0% Assets/Synty/InterfaceFantasyMenus/Samples/Scripts/SampleSettingsSlider.cs
 0.1 kb	 0.0% Assets/Synty/InterfaceFantasyMenus/Samples/Scripts/SampleSettingsArray.cs
 0.1 kb	 0.0% Assets/Synty/InterfaceFantasyMenus/Samples/Scripts/SampleScrollerInputs.cs
 0.1 kb	 0.0% Assets/Synty/InterfaceFantasyMenus/Samples/Scripts/SampleSceneLoader.cs
 0.1 kb	 0.0% Assets/Synty/InterfaceFantasyMenus/Samples/Scripts/SampleNavInputHelper.cs
 0.1 kb	 0.0% Assets/Synty/AnimationBaseLocomotion/Samples/Scripts/InputSystem/InputReader.cs
 0.1 kb	 0.0% Assets/ExplosiveLLC/RPG Character Mecanim Animation Pack/Code/RPGCharacterWeaponController.cs
 0.1 kb	 0.0% Assets/ExplosiveLLC/RPG Character Mecanim Animation Pack/Code/RPGCharacterInputController.cs
 0.1 kb	 0.0% Assets/ExplosiveLLC/RPG Character Mecanim Animation Pack/Code/RPGCharacterAnimatorEvents.cs
 0.1 kb	 0.0% Assets/DarkPixelRPGUI/Scripts/UI/Equipment/SlotItemDropTarget.cs
 0.1 kb	 0.0% Packages/com.unity.visualscripting/Runtime/VisualScripting.Core/Ensure/EnsureThat.ValueTypes.cs
 0.1 kb	 0.0% Packages/com.unity.visualscripting/Runtime/VisualScripting.Core/Ensure/EnsureThat.Reflection.cs
 0.1 kb	 0.0% Packages/com.unity.visualscripting/Runtime/VisualScripting.Core/Ensure/EnsureThat.Comparables.cs
 0.1 kb	 0.0% Packages/com.unity.visualscripting/Runtime/VisualScripting.Core/Ensure/EnsureThat.Collections.cs
 0.1 kb	 0.0% Packages/com.unity.visualscripting/Runtime/VisualScripting.Core/Dependencies/FullSerializer/fsSerializer.cs
 0.1 kb	 0.0% Packages/com.unity.visualscripting/Runtime/VisualScripting.Core/Dependencies/FullSerializer/fsJsonParser.cs
 0.1 kb	 0.0% Packages/com.unity.visualscripting/Runtime/VisualScripting.Core/Dependencies/FullSerializer/fsConverter.cs
 0.1 kb	 0.0% Packages/com.unity.visualscripting/Runtime/VisualScripting.Core/Dependencies/FullSerializer/fsContext.cs
 0.1 kb	 0.0% Packages/com.unity.visualscripting/Runtime/VisualScripting.Core/Dependencies/FullSerializer/Reflection/fsTypeCache.cs
 0.1 kb	 0.0% Packages/com.unity.visualscripting/Runtime/VisualScripting.Core/Dependencies/FullSerializer/Reflection/fsMetaType.cs
 0.1 kb	 0.0% Packages/com.unity.ugui/Runtime/UGUI/EventSystem/UIElements/WorldDocumentRaycaster.cs
 0.1 kb	 0.0% Packages/com.unity.ugui/Runtime/UGUI/EventSystem/InputModules/StandaloneInputModule.cs
 0.1 kb	 0.0% Packages/com.unity.render-pipelines.universal/Runtime/StpUtils.cs
 0.1 kb	 0.0% Packages/com.unity.render-pipelines.universal/Runtime/RendererFeatures/OnTilePostProcessPass.cs
 0.1 kb	 0.0% Packages/com.unity.render-pipelines.universal/Runtime/RendererFeatures/OnTilePostProcessFeature.cs
 0.1 kb	 0.0% Packages/com.unity.render-pipelines.universal/Runtime/Overrides/Vignette.cs
 0.1 kb	 0.0% Packages/com.unity.render-pipelines.universal/Runtime/Overrides/Bloom.cs
 0.1 kb	 0.0% Packages/com.unity.render-pipelines.core/Runtime/XR/XRView.cs
 0.1 kb	 0.0% Packages/com.unity.render-pipelines.core/Runtime/XR/XRSystem.cs
 0.1 kb	 0.0% Packages/com.unity.render-pipelines.core/Runtime/XR/XRPass.cs
 0.1 kb	 0.0% Packages/com.unity.render-pipelines.core/Runtime/XR/XRLayout.cs
 0.1 kb	 0.0% Packages/com.unity.render-pipelines.core/Runtime/UnifiedRayTracing/StringIDs.cs
 0.1 kb	 0.0% Packages/com.unity.render-pipelines.core/Runtime/UnifiedRayTracing/Compute/RadeonRays/RadixSort.cs
 0.1 kb	 0.0% Packages/com.unity.render-pipelines.core/Runtime/UnifiedRayTracing/Compute/RadeonRays/HlbvhBuilder.cs
 0.1 kb	 0.0% Packages/com.unity.render-pipelines.core/Runtime/UnifiedRayTracing/Common/Utilities/Utils.cs
 0.1 kb	 0.0% Packages/com.unity.render-pipelines.core/Runtime/PathTracing/ShaderProperties.cs
 0.1 kb	 0.0% Packages/com.unity.render-pipelines.core/Runtime/PathTracing/LightFalloffLUT.cs
 0.1 kb	 0.0% Packages/com.unity.render-pipelines.core/Runtime/PathTracing/Environment/CubemapRender.cs
 0.1 kb	 0.0% Packages/com.unity.render-pipelines.core/Runtime/PathTracing/Core/TextureQuadTree.cs
 0.1 kb	 0.0% Packages/com.unity.render-pipelines.core/Runtime/GPUDriven/CoreDataSystems/RenderWorld.cs
 0.1 kb	 0.0% Packages/com.unity.render-pipelines.core/Runtime/GPUDriven/BatchLayers.cs
 0.1 kb	 0.0% Packages/com.unity.render-pipelines.core/Runtime/Debugging/DebugUI.FieldUtils.cs
 0.1 kb	 0.0% Packages/com.unity.render-pipelines.core/Runtime/Debugging/DebugUI.Containers.cs
 0.1 kb	 0.0% Packages/com.unity.multiplayer.center/Common/AnswerData.cs
 0.1 kb	 0.0% Packages/com.unity.inputsystem/InputSystem/Runtime/Utilities/StringHelpers.cs
 0.1 kb	 0.0% Packages/com.unity.inputsystem/InputSystem/Runtime/Utilities/SpriteUtilities.cs
 0.1 kb	 0.0% Packages/com.unity.inputsystem/InputSystem/Runtime/Utilities/PrimitiveValue.cs
 0.1 kb	 0.0% Packages/com.unity.inputsystem/InputSystem/Runtime/Utilities/PredictiveParser.cs
 0.1 kb	 0.0% Packages/com.unity.inputsystem/InputSystem/Runtime/Utilities/NumberHelpers.cs
 0.1 kb	 0.0% Packages/com.unity.inputsystem/InputSystem/Runtime/Utilities/MemoryHelpers.cs
 0.1 kb	 0.0% Packages/com.unity.inputsystem/InputSystem/Runtime/Utilities/InternedString.cs
 0.1 kb	 0.0% Packages/com.unity.inputsystem/InputSystem/Runtime/Utilities/ExceptionHelpers.cs
 0.1 kb	 0.0% Packages/com.unity.inputsystem/InputSystem/Runtime/Utilities/DelegateHelpers.cs
 0.1 kb	 0.0% Packages/com.unity.inputsystem/InputSystem/Runtime/Plugins/iOS/iOSStepCounter.cs
 0.1 kb	 0.0% Packages/com.unity.inputsystem/InputSystem/Runtime/Plugins/XR/TrackedPoseDriver.cs
 0.1 kb	 0.0% Packages/com.unity.inputsystem/InputSystem/Runtime/Plugins/XR/Haptics/BufferedRumble.cs
 0.1 kb	 0.0% Packages/com.unity.inputsystem/InputSystem/Runtime/Plugins/UI/VirtualMouseInput.cs
 0.1 kb	 0.0% Packages/com.unity.inputsystem/InputSystem/Runtime/Plugins/UI/INavigationEventData.cs
 0.1 kb	 0.0% Packages/com.unity.inputsystem/InputSystem/Runtime/Plugins/UI/BaseInputOverride.cs
 0.1 kb	 0.0% Packages/com.unity.inputsystem/InputSystem/Runtime/Plugins/DualShock/DualShockSupport.cs
 0.1 kb	 0.0% Packages/com.unity.inputsystem/InputSystem/Runtime/Plugins/DualShock/DualShockGamepad.cs
 0.1 kb	 0.0% Packages/com.unity.inputsystem/InputSystem/Runtime/Controls/Processors/ScaleProcessor.cs
 0.1 kb	 0.0% Packages/com.unity.inputsystem/InputSystem/Runtime/Controls/Processors/InvertProcessor.cs
 0.1 kb	 0.0% Packages/com.unity.inputsystem/InputSystem/Runtime/Controls/Processors/ClampProcessor.cs
 0.1 kb	 0.0% Packages/com.unity.inputsystem/InputSystem/Runtime/Actions/Interactions/TapInteraction.cs
 0.1 kb	 0.0% Packages/com.unity.inputsystem/InputSystem/Runtime/Actions/Interactions/PressInteraction.cs
 0.1 kb	 0.0% Packages/com.unity.inputsystem/InputSystem/Runtime/Actions/Interactions/HoldInteraction.cs
 0.1 kb	 0.0% Packages/com.unity.inputsystem/InputSystem/Runtime/Actions/InputActionTrace.cs
 0.1 kb	 0.0% Packages/com.unity.inputsystem/InputSystem/Runtime/Actions/Composites/Vector3Composite.cs
 0.1 kb	 0.0% Packages/com.unity.inputsystem/InputSystem/Runtime/Actions/Composites/Vector2Composite.cs
 0.1 kb	 0.0% Packages/com.unity.inputsystem/InputSystem/Runtime/Actions/Composites/AxisComposite.cs
 0.1 kb	 0.0% Packages/com.unity.collections/Unity.Collections/UnsafeBitArray.cs
 0.1 kb	 0.0% Packages/com.unity.collections/Unity.Collections/UTF8ArrayUnsafeUtility.cs
 0.1 kb	 0.0% Packages/com.unity.collections/Unity.Collections/StreamCompressionModel.cs
 0.1 kb	 0.0% Packages/com.unity.collections/Unity.Collections/NativeArrayExtensions.cs
 0.1 kb	 0.0% Packages/com.unity.collections/Unity.Collections/FixedStringInternalMethods.cs
 0.1 kb	 0.0% Packages/com.unity.collections/Unity.Collections/FixedStringFormatMethods.gen.cs
 0.1 kb	 0.0% Packages/com.unity.burst/Runtime/CompilerServices/SkipLocalsInitAttribute.cs
 0.1 kb	 0.0% Packages/com.unity.burst/Runtime/CompilerServices/IgnoreWarningAttribute.cs
 0.1 kb	 0.0% Packages/com.unity.ai.navigation/Runtime/NavMeshModifierVolume.cs
 0.1 kb	 0.0% Packages/com.distantlands.cozy.core/Runtime/Utility/WeightedRandomChance.cs
 0.1 kb	 0.0% Packages/com.distantlands.cozy.core/Runtime/Utility/Weighted Random Chance/SimpleChanceEffector.cs
 0.1 kb	 0.0% Packages/com.distantlands.cozy.core/Runtime/Utility/Weighted Random Chance/BoolChanceEffector.cs
 0.1 kb	 0.0% Packages/com.distantlands.cozy.core/Runtime/Utility/CustomCollisionShape.cs
 0.1 kb	 0.0% Packages/com.distantlands.cozy.core/Runtime/Utility/Auxillary/CozyThunderManager.cs
 0.1 kb	 0.0% Packages/com.distantlands.cozy.core/Runtime/Utility/Auxillary/CozySetMoonDirection.cs
 0.1 kb	 0.0% Packages/com.distantlands.cozy.core/Runtime/Modules/CozyWeatherModule.cs
 0.1 kb	 0.0% Packages/com.distantlands.cozy.core/Runtime/Modules/CozyTransitModule.cs
 0.1 kb	 0.0% Packages/com.distantlands.cozy.core/Runtime/Modules/CozySaveLoadModule.cs
 0.1 kb	 0.0% Packages/com.distantlands.cozy.core/Runtime/Modules/CozySatelliteModule.cs
 0.1 kb	 0.0% Packages/com.distantlands.cozy.core/Runtime/Modules/CozyPureNatureModule.cs
 0.1 kb	 0.0% Packages/com.distantlands.cozy.core/Runtime/Modules/CozyMicrosplatModule.cs
 0.1 kb	 0.0% Packages/com.distantlands.cozy.core/Runtime/Modules/CozyClimateModule.cs
 0.1 kb	 0.0% Packages/com.distantlands.cozy.core/Runtime/Modules/CozyAtmosphereModule.cs
 0.1 kb	 0.0% Packages/com.distantlands.cozy.core/Runtime/Modules/CozyAmbienceModule.cs
 0.1 kb	 0.0% Assets/GSpawn - Level Designer/Scripts/Prefabs/ScatterBrushPrefabProfileDbUI.cs
 0.1 kb	 0.0% Assets/GSpawn - Level Designer/Scripts/Prefabs/ModularWallPrefabProfileDbWindow.cs
 0.1 kb	 0.0% Assets/GSpawn - Level Designer/Scripts/Prefabs/ModularWallPrefabPieceDetector.cs
 0.1 kb	 0.0% Assets/GSpawn - Level Designer/Scripts/Prefabs/IntRangePrefabProfileDbWindow.cs
 0.1 kb	 0.0% Assets/GSpawn - Level Designer/Scripts/PluginAssetModificationProcessor.cs
 0.1 kb	 0.0% Assets/GSpawn - Level Designer/Scripts/Objects/Transform/TransformRandomizationSettings.cs
 0.1 kb	 0.0% Assets/GSpawn - Level Designer/Scripts/Objects/Transform Sessions/ObjectTransformSessionSurface.cs
 0.1 kb	 0.0% Assets/GSpawn - Level Designer/Scripts/Objects/Transform Sessions/ObjectSurfaceSnapTargetParent.cs
 0.1 kb	 0.0% Assets/GSpawn - Level Designer/Scripts/Objects/Transform Sessions/ObjectModularSnapTargetParent.cs
 0.1 kb	 0.0% Assets/GSpawn - Level Designer/Scripts/Objects/Projection/ObjectOnUnityTerrainProjector.cs
 0.1 kb	 0.0% Assets/GSpawn - Level Designer/Scripts/Level Design/Object Spawn/ScatterBrushObjectSpawnSettings.cs
 0.1 kb	 0.0% Assets/GSpawn - Level Designer/Scripts/Level Design/Object Spawn/ModularWallsObjectSpawnSettings.cs
 0.1 kb	 0.0% Assets/GSpawn - Level Designer/Scripts/Level Design/Object Spawn/CurveObjectSpawnSettingsProfile.cs
 0.1 kb	 0.0% Assets/GSpawn - Level Designer/Scripts/Level Design/Object Spawn/BoxObjectSpawnSettingsProfileDb.cs
 0.1 kb	 0.0% Assets/GSpawn - Level Designer/Scripts/Level Design/Object Spawn/BoxObjectSpawnSettingsProfile.cs
 0.1 kb	 0.0% Packages/com.unity.visualscripting/Runtime/VisualScripting.State/Units/SetStateGraph.cs
 0.1 kb	 0.0% Packages/com.unity.visualscripting/Runtime/VisualScripting.State/Units/GetStateGraphs.cs
 0.1 kb	 0.0% Packages/com.unity.visualscripting/Runtime/VisualScripting.State/Units/GetStateGraph.cs
 0.1 kb	 0.0% Packages/com.unity.visualscripting/Runtime/VisualScripting.State/StateTransition.cs
 0.1 kb	 0.0% Packages/com.unity.visualscripting/Runtime/VisualScripting.State/StateGraphData.cs
 0.1 kb	 0.0% Packages/com.unity.visualscripting/Runtime/VisualScripting.State/StateGraphAsset.cs
 0.1 kb	 0.0% Packages/com.unity.visualscripting/Runtime/VisualScripting.State/StateEventHooks.cs
 0.1 kb	 0.0% Packages/com.unity.visualscripting/Runtime/VisualScripting.State/IStateTransition.cs
 0.1 kb	 0.0% Packages/com.unity.visualscripting/Runtime/VisualScripting.State/IStateDebugData.cs
 0.1 kb	 0.0% Packages/com.unity.visualscripting/Runtime/VisualScripting.State/Framework/Graph/HasStateGraph.cs
 0.1 kb	 0.0% Packages/com.unity.visualscripting/Runtime/VisualScripting.Flow/UnitPreservation.cs
 0.1 kb	 0.0% Packages/com.unity.visualscripting/Runtime/VisualScripting.Flow/ScriptMachine.cs
 0.1 kb	 0.0% Packages/com.unity.visualscripting/Runtime/VisualScripting.Flow/ScriptGraphAsset.cs
 0.1 kb	 0.0% Packages/com.unity.visualscripting/Runtime/VisualScripting.Flow/Ports/InvalidOutput.cs
 0.1 kb	 0.0% Packages/com.unity.visualscripting/Runtime/VisualScripting.Flow/Ports/IUnitValuePort.cs
 0.1 kb	 0.0% Packages/com.unity.visualscripting/Runtime/VisualScripting.Flow/Ports/IUnitOutputPort.cs
 0.1 kb	 0.0% Packages/com.unity.visualscripting/Runtime/VisualScripting.Flow/Ports/IUnitInvalidPort.cs
 0.1 kb	 0.0% Packages/com.unity.visualscripting/Runtime/VisualScripting.Flow/Ports/IUnitInputPort.cs
 0.1 kb	 0.0% Packages/com.unity.visualscripting/Runtime/VisualScripting.Flow/Ports/IUnitControlPort.cs
 0.1 kb	 0.0% Packages/com.unity.visualscripting/Runtime/VisualScripting.Flow/Ports/ControlOutput.cs
 0.1 kb	 0.0% Packages/com.unity.visualscripting/Runtime/VisualScripting.Flow/MultiInputUnit.cs
 0.1 kb	 0.0% Packages/com.unity.visualscripting/Runtime/VisualScripting.Flow/IUnitDebugData.cs
 0.1 kb	 0.0% Packages/com.unity.visualscripting/Runtime/VisualScripting.Flow/Framework/Variables/SaveVariables.cs
 0.1 kb	 0.0% Packages/com.unity.visualscripting/Runtime/VisualScripting.Flow/Framework/Variables/Obsolete/SetVariableUnit.cs
 0.1 kb	 0.0% Packages/com.unity.visualscripting/Runtime/VisualScripting.Flow/Framework/Variables/Obsolete/SetSceneVariable.cs
 0.1 kb	 0.0% Packages/com.unity.visualscripting/Runtime/VisualScripting.Flow/Framework/Variables/Obsolete/SetSavedVariable.cs
 0.1 kb	 0.0% Packages/com.unity.visualscripting/Runtime/VisualScripting.Flow/Framework/Variables/Obsolete/SetGraphVariable.cs
 0.1 kb	 0.0% Packages/com.unity.visualscripting/Runtime/VisualScripting.Flow/Framework/Variables/Obsolete/IVariableUnit.cs
 0.1 kb	 0.0% Packages/com.unity.visualscripting/Runtime/VisualScripting.Flow/Framework/Variables/Obsolete/GetVariableUnit.cs
 0.1 kb	 0.0% Packages/com.unity.visualscripting/Runtime/VisualScripting.Flow/Framework/Variables/Obsolete/GetSceneVariable.cs
 0.1 kb	 0.0% Packages/com.unity.visualscripting/Runtime/VisualScripting.Flow/Framework/Variables/Obsolete/GetSavedVariable.cs
 0.1 kb	 0.0% Packages/com.unity.visualscripting/Runtime/VisualScripting.Flow/Framework/Variables/Obsolete/GetGraphVariable.cs
 0.1 kb	 0.0% Packages/com.unity.visualscripting/Runtime/VisualScripting.Flow/Framework/Time/WaitWhileUnit.cs
 0.1 kb	 0.0% Packages/com.unity.visualscripting/Runtime/VisualScripting.Flow/Framework/Time/WaitUntilUnit.cs
 0.1 kb	 0.0% Packages/com.unity.visualscripting/Runtime/VisualScripting.Flow/Framework/Math/Vector4/Vector4Subtract.cs
 0.1 kb	 0.0% Packages/com.unity.visualscripting/Runtime/VisualScripting.Flow/Framework/Math/Vector4/Vector4PerSecond.cs
 0.1 kb	 0.0% Packages/com.unity.visualscripting/Runtime/VisualScripting.Flow/Framework/Math/Vector4/Vector4Normalize.cs
 0.1 kb	 0.0% Packages/com.unity.visualscripting/Runtime/VisualScripting.Flow/Framework/Math/Vector4/Vector4Multiply.cs
 0.1 kb	 0.0% Packages/com.unity.visualscripting/Runtime/VisualScripting.Flow/Framework/Math/Vector4/Vector4Modulo.cs
 0.1 kb	 0.0% Packages/com.unity.visualscripting/Runtime/VisualScripting.Flow/Framework/Math/Vector4/Vector4Minimum.cs
 0.1 kb	 0.0% Packages/com.unity.visualscripting/Runtime/VisualScripting.Flow/Framework/Math/Vector4/Vector4Maximum.cs
 0.1 kb	 0.0% Packages/com.unity.visualscripting/Runtime/VisualScripting.Flow/Framework/Math/Vector4/Vector4Divide.cs
 0.1 kb	 0.0% Packages/com.unity.visualscripting/Runtime/VisualScripting.Flow/Framework/Math/Vector4/Vector4Distance.cs
 0.1 kb	 0.0% Packages/com.unity.visualscripting/Runtime/VisualScripting.Flow/Framework/Math/Vector4/Vector4Average.cs
 0.1 kb	 0.0% Packages/com.unity.visualscripting/Runtime/VisualScripting.Flow/Framework/Math/Vector4/Vector4Absolute.cs
 0.1 kb	 0.0% Packages/com.unity.visualscripting/Runtime/VisualScripting.Flow/Framework/Math/Vector3/Vector3Subtract.cs
 0.1 kb	 0.0% Packages/com.unity.visualscripting/Runtime/VisualScripting.Flow/Framework/Math/Vector3/Vector3Project.cs
 0.1 kb	 0.0% Packages/com.unity.visualscripting/Runtime/VisualScripting.Flow/Framework/Math/Vector3/Vector3PerSecond.cs
 0.1 kb	 0.0% Packages/com.unity.visualscripting/Runtime/VisualScripting.Flow/Framework/Math/Vector3/Vector3Normalize.cs
 0.1 kb	 0.0% Packages/com.unity.visualscripting/Runtime/VisualScripting.Flow/Framework/Math/Vector3/Vector3Multiply.cs
 0.1 kb	 0.0% Packages/com.unity.visualscripting/Runtime/VisualScripting.Flow/Framework/Math/Vector3/Vector3Modulo.cs
 0.1 kb	 0.0% Packages/com.unity.visualscripting/Runtime/VisualScripting.Flow/Framework/Math/Vector3/Vector3Minimum.cs
 0.1 kb	 0.0% Packages/com.unity.visualscripting/Runtime/VisualScripting.Flow/Framework/Math/Vector3/Vector3Maximum.cs
 0.1 kb	 0.0% Packages/com.unity.visualscripting/Runtime/VisualScripting.Flow/Framework/Math/Vector3/Vector3Divide.cs
 0.1 kb	 0.0% Packages/com.unity.visualscripting/Runtime/VisualScripting.Flow/Framework/Math/Vector3/Vector3Distance.cs
 0.1 kb	 0.0% Packages/com.unity.visualscripting/Runtime/VisualScripting.Flow/Framework/Math/Vector3/Vector3Average.cs
 0.1 kb	 0.0% Packages/com.unity.visualscripting/Runtime/VisualScripting.Flow/Framework/Math/Vector3/Vector3Absolute.cs
 0.1 kb	 0.0% Packages/com.unity.visualscripting/Runtime/VisualScripting.Flow/Framework/Math/Vector2/Vector2Subtract.cs
 0.1 kb	 0.0% Packages/com.unity.visualscripting/Runtime/VisualScripting.Flow/Framework/Math/Vector2/Vector2Project.cs
 0.1 kb	 0.0% Packages/com.unity.visualscripting/Runtime/VisualScripting.Flow/Framework/Math/Vector2/Vector2PerSecond.cs
 0.1 kb	 0.0% Packages/com.unity.visualscripting/Runtime/VisualScripting.Flow/Framework/Math/Vector2/Vector2Normalize.cs
 0.1 kb	 0.0% Packages/com.unity.visualscripting/Runtime/VisualScripting.Flow/Framework/Math/Vector2/Vector2Multiply.cs
 0.1 kb	 0.0% Packages/com.unity.visualscripting/Runtime/VisualScripting.Flow/Framework/Math/Vector2/Vector2Modulo.cs
 0.1 kb	 0.0% Packages/com.unity.visualscripting/Runtime/VisualScripting.Flow/Framework/Math/Vector2/Vector2Minimum.cs
 0.1 kb	 0.0% Packages/com.unity.visualscripting/Runtime/VisualScripting.Flow/Framework/Math/Vector2/Vector2Maximum.cs
 0.1 kb	 0.0% Packages/com.unity.visualscripting/Runtime/VisualScripting.Flow/Framework/Math/Vector2/Vector2Divide.cs
 0.1 kb	 0.0% Packages/com.unity.visualscripting/Runtime/VisualScripting.Flow/Framework/Math/Vector2/Vector2Distance.cs
 0.1 kb	 0.0% Packages/com.unity.visualscripting/Runtime/VisualScripting.Flow/Framework/Math/Vector2/Vector2Average.cs
 0.1 kb	 0.0% Packages/com.unity.visualscripting/Runtime/VisualScripting.Flow/Framework/Math/Vector2/Vector2Absolute.cs
 0.1 kb	 0.0% Packages/com.unity.visualscripting/Runtime/VisualScripting.Flow/Framework/Math/Scalar/ScalarSubtract.cs
 0.1 kb	 0.0% Packages/com.unity.visualscripting/Runtime/VisualScripting.Flow/Framework/Math/Scalar/ScalarPerSecond.cs
 0.1 kb	 0.0% Packages/com.unity.visualscripting/Runtime/VisualScripting.Flow/Framework/Math/Scalar/ScalarNormalize.cs
 0.1 kb	 0.0% Packages/com.unity.visualscripting/Runtime/VisualScripting.Flow/Framework/Math/Scalar/ScalarMultiply.cs
 0.1 kb	 0.0% Packages/com.unity.visualscripting/Runtime/VisualScripting.Flow/Framework/Math/Scalar/ScalarMinimum.cs
 0.1 kb	 0.0% Packages/com.unity.visualscripting/Runtime/VisualScripting.Flow/Framework/Math/Scalar/ScalarMaximum.cs
 0.1 kb	 0.0% Packages/com.unity.visualscripting/Runtime/VisualScripting.Flow/Framework/Math/Scalar/ScalarAverage.cs
 0.1 kb	 0.0% Packages/com.unity.visualscripting/Runtime/VisualScripting.Flow/Framework/Math/Scalar/ScalarAbsolute.cs
 0.1 kb	 0.0% Packages/com.unity.visualscripting/Runtime/VisualScripting.Flow/Framework/Math/Generic/GenericSubtract.cs
 0.1 kb	 0.0% Packages/com.unity.visualscripting/Runtime/VisualScripting.Flow/Framework/Math/Generic/GenericMultiply.cs
 0.1 kb	 0.0% Packages/com.unity.visualscripting/Runtime/VisualScripting.Flow/Framework/Math/Generic/GenericModulo.cs
 0.1 kb	 0.0% Packages/com.unity.visualscripting/Runtime/VisualScripting.Flow/Framework/Math/Generic/GenericDivide.cs
 0.1 kb	 0.0% Packages/com.unity.visualscripting/Runtime/VisualScripting.Flow/Framework/Logic/GreaterOrEqual.cs
 0.1 kb	 0.0% Packages/com.unity.visualscripting/Runtime/VisualScripting.Flow/Framework/Graph/SetScriptGraph.cs
 0.1 kb	 0.0% Packages/com.unity.visualscripting/Runtime/VisualScripting.Flow/Framework/Graph/HasScriptGraph.cs
 0.1 kb	 0.0% Packages/com.unity.visualscripting/Runtime/VisualScripting.Flow/Framework/Graph/GetScriptGraphs.cs
 0.1 kb	 0.0% Packages/com.unity.visualscripting/Runtime/VisualScripting.Flow/Framework/Graph/GetScriptGraph.cs
 0.1 kb	 0.0% Packages/com.unity.visualscripting/Runtime/VisualScripting.Flow/Framework/Events/Time/OnTimerElapsed.cs
 0.1 kb	 0.0% Packages/com.unity.visualscripting/Runtime/VisualScripting.Flow/Framework/Events/Rendering/OnBecameVisible.cs
 0.1 kb	 0.0% Packages/com.unity.visualscripting/Runtime/VisualScripting.Flow/Framework/Events/Physics2D/OnTriggerStay2D.cs
 0.1 kb	 0.0% Packages/com.unity.visualscripting/Runtime/VisualScripting.Flow/Framework/Events/Physics2D/OnTriggerExit2D.cs
 0.1 kb	 0.0% Packages/com.unity.visualscripting/Runtime/VisualScripting.Flow/Framework/Events/Physics2D/OnTriggerEnter2D.cs
 0.1 kb	 0.0% Packages/com.unity.visualscripting/Runtime/VisualScripting.Flow/Framework/Events/Physics2D/OnJointBreak2D.cs
 0.1 kb	 0.0% Packages/com.unity.visualscripting/Runtime/VisualScripting.Flow/Framework/Events/Physics/TriggerEventUnit.cs
 0.1 kb	 0.0% Packages/com.unity.visualscripting/Runtime/VisualScripting.Flow/Framework/Events/Physics/OnTriggerStay.cs
 0.1 kb	 0.0% Packages/com.unity.visualscripting/Runtime/VisualScripting.Flow/Framework/Events/Physics/OnTriggerExit.cs
 0.1 kb	 0.0% Packages/com.unity.visualscripting/Runtime/VisualScripting.Flow/Framework/Events/Physics/OnTriggerEnter.cs
 0.1 kb	 0.0% Packages/com.unity.visualscripting/Runtime/VisualScripting.Flow/Framework/Events/Physics/OnCollisionStay.cs
 0.1 kb	 0.0% Packages/com.unity.visualscripting/Runtime/VisualScripting.Flow/Framework/Events/Physics/OnCollisionExit.cs
 0.1 kb	 0.0% Packages/com.unity.visualscripting/Runtime/VisualScripting.Flow/Framework/Events/Physics/OnCollisionEnter.cs
 0.1 kb	 0.0% Packages/com.unity.visualscripting/Runtime/VisualScripting.Flow/Framework/Events/Input/OnKeyboardInput.cs
 0.1 kb	 0.0% Packages/com.unity.visualscripting/Runtime/VisualScripting.Flow/Framework/Events/Input/OnButtonInput.cs
 0.1 kb	 0.0% Packages/com.unity.visualscripting/Runtime/VisualScripting.Flow/Framework/Events/Input/IMouseEventUnit.cs
 0.1 kb	 0.0% Packages/com.unity.visualscripting/Runtime/VisualScripting.Flow/Framework/Events/GUI/PointerEventUnit.cs
 0.1 kb	 0.0% Packages/com.unity.visualscripting/Runtime/VisualScripting.Flow/Framework/Events/GUI/OnPointerExit.cs
 0.1 kb	 0.0% Packages/com.unity.visualscripting/Runtime/VisualScripting.Flow/Framework/Events/GUI/OnPointerEnter.cs
 0.1 kb	 0.0% Packages/com.unity.visualscripting/Runtime/VisualScripting.Flow/Framework/Events/GUI/OnPointerDown.cs
 0.1 kb	 0.0% Packages/com.unity.visualscripting/Runtime/VisualScripting.Flow/Framework/Events/GUI/OnPointerClick.cs
 0.1 kb	 0.0% Packages/com.unity.visualscripting/Runtime/VisualScripting.Flow/Framework/Events/GUI/OnButtonClick.cs
 0.1 kb	 0.0% Packages/com.unity.visualscripting/Runtime/VisualScripting.Flow/Framework/Events/CustomEventArgs.cs
 0.1 kb	 0.0% Packages/com.unity.visualscripting/Runtime/VisualScripting.Flow/Framework/Events/BoltUnityEvent.cs
 0.1 kb	 0.0% Packages/com.unity.visualscripting/Runtime/VisualScripting.Flow/Framework/Events/Animation/OnAnimatorMove.cs
 0.1 kb	 0.0% Packages/com.unity.visualscripting/Runtime/VisualScripting.Flow/Framework/Control/SwitchOnString.cs
 0.1 kb	 0.0% Packages/com.unity.visualscripting/Runtime/VisualScripting.Flow/Framework/Control/SwitchOnInteger.cs
 0.1 kb	 0.0% Packages/com.unity.visualscripting/Runtime/VisualScripting.Flow/Framework/Control/SelectOnString.cs
 0.1 kb	 0.0% Packages/com.unity.visualscripting/Runtime/VisualScripting.Flow/Framework/Control/SelectOnInteger.cs
 0.1 kb	 0.0% Packages/com.unity.visualscripting/Runtime/VisualScripting.Flow/Framework/Collections/Lists/RemoveListItemAt.cs
 0.1 kb	 0.0% Packages/com.unity.visualscripting/Runtime/VisualScripting.Flow/Framework/Collections/Lists/RemoveListItem.cs
 0.1 kb	 0.0% Packages/com.unity.visualscripting/Runtime/VisualScripting.Flow/Framework/Collections/Lists/ListContainsItem.cs
 0.1 kb	 0.0% Packages/com.unity.visualscripting/Runtime/VisualScripting.Flow/Framework/Collections/Lists/InsertListItem.cs
 0.1 kb	 0.0% Packages/com.unity.visualscripting/Runtime/VisualScripting.Flow/Framework/Collections/Dictionaries/CreateDictionary.cs
 0.1 kb	 0.0% Packages/com.unity.visualscripting/Runtime/VisualScripting.Flow/Framework/Collections/Dictionaries/ClearDictionary.cs
 0.1 kb	 0.0% Packages/com.unity.visualscripting/Runtime/VisualScripting.Flow/FlowGraphData.cs
 0.1 kb	 0.0% Packages/com.unity.visualscripting/Runtime/VisualScripting.Flow/EditorBinding/PortKeyAttribute.cs
 0.1 kb	 0.0% Packages/com.unity.visualscripting/Runtime/VisualScripting.Flow/Connections/ValueConnection.cs
 0.1 kb	 0.0% Packages/com.unity.visualscripting/Runtime/VisualScripting.Flow/Connections/IUnitRelation.cs
 0.1 kb	 0.0% Packages/com.unity.visualscripting/Runtime/VisualScripting.Flow/Connections/IUnitConnection.cs
 0.1 kb	 0.0% Packages/com.unity.visualscripting/Runtime/VisualScripting.Core/Variables/VariablesSaver.cs
 0.1 kb	 0.0% Packages/com.unity.visualscripting/Runtime/VisualScripting.Core/Variables/VariablesAsset.cs
 0.1 kb	 0.0% Packages/com.unity.visualscripting/Runtime/VisualScripting.Core/Variables/SceneVariables.cs
 0.1 kb	 0.0% Packages/com.unity.visualscripting/Runtime/VisualScripting.Core/Variables/SavedVariables.cs
 0.1 kb	 0.0% Packages/com.unity.visualscripting/Runtime/VisualScripting.Core/Variables/ObjectVariables.cs
 0.1 kb	 0.0% Packages/com.unity.visualscripting/Runtime/VisualScripting.Core/Utilities/StringUtility.cs
 0.1 kb	 0.0% Packages/com.unity.visualscripting/Runtime/VisualScripting.Core/Utilities/IInitializable.cs
 0.1 kb	 0.0% Packages/com.unity.visualscripting/Runtime/VisualScripting.Core/Utilities/IIdentifiable.cs
 0.1 kb	 0.0% Packages/com.unity.visualscripting/Runtime/VisualScripting.Core/Utilities/ExceptionUtility.cs
 0.1 kb	 0.0% Packages/com.unity.visualscripting/Runtime/VisualScripting.Core/Utilities/CoroutineRunner.cs
 0.1 kb	 0.0% Packages/com.unity.visualscripting/Runtime/VisualScripting.Core/Unity/LudiqBehaviour.cs
 0.1 kb	 0.0% Packages/com.unity.visualscripting/Runtime/VisualScripting.Core/Serialization/Serialization.cs
 0.1 kb	 0.0% Packages/com.unity.visualscripting/Runtime/VisualScripting.Core/Serialization/SerializableType.cs
 0.1 kb	 0.0% Packages/com.unity.visualscripting/Runtime/VisualScripting.Core/Serialization/DictionaryAsset.cs
 0.1 kb	 0.0% Packages/com.unity.visualscripting/Runtime/VisualScripting.Core/Serialization/Converters/Ray2DConverter.cs
 0.1 kb	 0.0% Packages/com.unity.visualscripting/Runtime/VisualScripting.Core/Reflection/RuntimeCodebase.cs
 0.1 kb	 0.0% Packages/com.unity.visualscripting/Runtime/VisualScripting.Core/Reflection/Operators/OperatorUtility.cs
 0.1 kb	 0.0% Packages/com.unity.visualscripting/Runtime/VisualScripting.Core/Reflection/Operators/OperatorHandler.cs
 0.1 kb	 0.0% Packages/com.unity.visualscripting/Runtime/VisualScripting.Core/Reflection/Operators/ModuloHandler.cs
 0.1 kb	 0.0% Packages/com.unity.visualscripting/Runtime/VisualScripting.Core/Reflection/Operators/LessThanHandler.cs
 0.1 kb	 0.0% Packages/com.unity.visualscripting/Runtime/VisualScripting.Core/Reflection/Operators/LeftShiftHandler.cs
 0.1 kb	 0.0% Packages/com.unity.visualscripting/Runtime/VisualScripting.Core/Reflection/Operators/IncrementHandler.cs
 0.1 kb	 0.0% Packages/com.unity.visualscripting/Runtime/VisualScripting.Core/Reflection/Operators/EqualityHandler.cs
 0.1 kb	 0.0% Packages/com.unity.visualscripting/Runtime/VisualScripting.Core/Reflection/Operators/DivisionHandler.cs
 0.1 kb	 0.0% Packages/com.unity.visualscripting/Runtime/VisualScripting.Core/Reflection/Operators/DecrementHandler.cs
 0.1 kb	 0.0% Packages/com.unity.visualscripting/Runtime/VisualScripting.Core/Reflection/Operators/AdditionHandler.cs
 0.1 kb	 0.0% Packages/com.unity.visualscripting/Runtime/VisualScripting.Core/Reflection/MemberUtility.cs
 0.1 kb	 0.0% Packages/com.unity.visualscripting/Runtime/VisualScripting.Core/Reflection/AttributeUtility.cs
 0.1 kb	 0.0% Packages/com.unity.visualscripting/Runtime/VisualScripting.Core/Profiling/ProfilingUtility.cs
 0.1 kb	 0.0% Packages/com.unity.visualscripting/Runtime/VisualScripting.Core/Profiling/ProfilingScope.cs
 0.1 kb	 0.0% Packages/com.unity.visualscripting/Runtime/VisualScripting.Core/Profiling/ProfiledSegment.cs
 0.1 kb	 0.0% Packages/com.unity.visualscripting/Runtime/VisualScripting.Core/Platforms/PlatformUtility.cs
 0.1 kb	 0.0% Packages/com.unity.visualscripting/Runtime/VisualScripting.Core/Platforms/IAotStubbable.cs
 0.1 kb	 0.0% Packages/com.unity.visualscripting/Runtime/VisualScripting.Core/Listeners/MessageListener.cs
 0.1 kb	 0.0% Packages/com.unity.visualscripting/Runtime/VisualScripting.Core/Graphs/IGraphElement.cs
 0.1 kb	 0.0% Packages/com.unity.visualscripting/Runtime/VisualScripting.Core/Graphs/IGraphDebugData.cs
 0.1 kb	 0.0% Packages/com.unity.visualscripting/Runtime/VisualScripting.Core/Graphs/GraphReference.cs
 0.1 kb	 0.0% Packages/com.unity.visualscripting/Runtime/VisualScripting.Core/Graphs/GraphInstances.cs
 0.1 kb	 0.0% Packages/com.unity.visualscripting/Runtime/VisualScripting.Core/Graphs/GraphDebugData.cs
 0.1 kb	 0.0% Packages/com.unity.visualscripting/Runtime/VisualScripting.Core/Events/IEventMachine.cs
 0.1 kb	 0.0% Packages/com.unity.visualscripting/Runtime/VisualScripting.Core/Events/EmptyEventArgs.cs
 0.1 kb	 0.0% Packages/com.unity.visualscripting/Runtime/VisualScripting.Core/Ensure/EnsureThat.Strings.cs
 0.1 kb	 0.0% Packages/com.unity.visualscripting/Runtime/VisualScripting.Core/Ensure/EnsureThat.Objects.cs
 0.1 kb	 0.0% Packages/com.unity.visualscripting/Runtime/VisualScripting.Core/Ensure/EnsureThat.Booleans.cs
 0.1 kb	 0.0% Packages/com.unity.visualscripting/Runtime/VisualScripting.Core/EditorBinding/TypeSetAttribute.cs
 0.1 kb	 0.0% Packages/com.unity.visualscripting/Runtime/VisualScripting.Core/Decorators/ValueAttribute.cs
 0.1 kb	 0.0% Packages/com.unity.visualscripting/Runtime/VisualScripting.Core/Collections/AotDictionary.cs
 0.1 kb	 0.0% Packages/com.unity.visualscripting/Runtime/VisualScripting.Core/Cloning/ISpecifiesCloner.cs
 0.1 kb	 0.0% Packages/com.unity.visualscripting/Runtime/VisualScripting.Core/Cloning/CloningContext.cs
 0.1 kb	 0.0% Packages/com.unity.visualscripting/Runtime/VisualScripting.Core/Cloning/Cloners/ReflectedCloner.cs
 0.1 kb	 0.0% Packages/com.unity.visualscripting/Runtime/VisualScripting.Core/Cloning/Cloners/GradientCloner.cs
 0.1 kb	 0.0% Packages/com.unity.visualscripting/Runtime/VisualScripting.Core/Cloning/Cloners/EnumerableCloner.cs
 0.1 kb	 0.0% Packages/com.unity.visualscripting/Runtime/VisualScripting.Core/Cloning/Cloners/DictionaryCloner.cs
 0.1 kb	 0.0% Packages/com.unity.ugui/Runtime/TMP/TMP_ScrollbarEventHandler.cs
 0.1 kb	 0.0% Packages/com.unity.ugui/Runtime/TMP/TMP_PackageResourceImporter.cs
 0.1 kb	 0.0% Packages/com.unity.ugui/Runtime/InternalBridge/ObjectUtilsBridge.cs
 0.1 kb	 0.0% Packages/com.unity.timeline/Runtime/Utilities/TimelineCreateUtilities.cs
 0.1 kb	 0.0% Packages/com.unity.timeline/Runtime/Utilities/TimelineClipExtensions.cs
 0.1 kb	 0.0% Packages/com.unity.timeline/Runtime/Utilities/NotificationUtilities.cs
 0.1 kb	 0.0% Packages/com.unity.timeline/Runtime/Playables/PrefabControlPlayable.cs
 0.1 kb	 0.0% Packages/com.unity.timeline/Runtime/Playables/ParticleControlPlayable.cs
 0.1 kb	 0.0% Packages/com.unity.timeline/Runtime/Playables/DirectorControlPlayable.cs
 0.1 kb	 0.0% Packages/com.unity.timeline/Runtime/Events/Signals/CustomSignalEventDrawer.cs
 0.1 kb	 0.0% Packages/com.unity.timeline/Runtime/Attributes/TimelineHelpURLAttribute.cs
 0.1 kb	 0.0% Packages/com.unity.timeline/Runtime/Animation/AnimationPlayableAsset.cs
 0.1 kb	 0.0% Packages/com.unity.timeline/Runtime/Activation/ActivationPlayableAsset.cs
 0.1 kb	 0.0% Packages/com.unity.timeline/Runtime/Activation/ActivationMixerPlayable.cs
 0.1 kb	 0.0% Packages/com.unity.render-pipelines.core/Runtime/Vrs/VrsShaders.cs
 0.1 kb	 0.0% Packages/com.unity.render-pipelines.core/Runtime/Vrs/VrsResources.cs
 0.1 kb	 0.0% Packages/com.unity.render-pipelines.core/Runtime/Volume/VolumeStack.cs
 0.1 kb	 0.0% Packages/com.unity.render-pipelines.core/Runtime/Utilities/TextureCurve.cs
 0.1 kb	 0.0% Packages/com.unity.render-pipelines.core/Runtime/Utilities/MeshGizmo.cs
 0.1 kb	 0.0% Packages/com.unity.render-pipelines.core/Runtime/Utilities/HashFNV1A32.cs
 0.1 kb	 0.0% Packages/com.unity.render-pipelines.core/Runtime/Utilities/HableCurve.cs
 0.1 kb	 0.0% Packages/com.unity.render-pipelines.core/Runtime/Utilities/GPUPrefixSum/GPUPrefixSum.cs
 0.1 kb	 0.0% Packages/com.unity.render-pipelines.core/Runtime/Utilities/CoreUtils.cs
 0.1 kb	 0.0% Packages/com.unity.render-pipelines.core/Runtime/Utilities/ColorUtils.cs
 0.1 kb	 0.0% Packages/com.unity.render-pipelines.core/Runtime/Textures/TextureXR.cs
 0.1 kb	 0.0% Packages/com.unity.render-pipelines.core/Runtime/Textures/RTHandles.cs
 0.1 kb	 0.0% Packages/com.unity.render-pipelines.core/Runtime/Stripping/IStripper.cs
 0.1 kb	 0.0% Packages/com.unity.render-pipelines.core/Runtime/ShaderLibrary/Sampling/Hammersley.cs
 0.1 kb	 0.0% Packages/com.unity.render-pipelines.core/Runtime/Lighting/ProbeVolume/ProbeVolume.cs
 0.1 kb	 0.0% Packages/com.unity.render-pipelines.core/Runtime/GPUDriven/Utilities/FrustumPlanes.cs
 0.1 kb	 0.0% Packages/com.unity.render-pipelines.core/Runtime/Debugging/DebugUpdater.cs
 0.1 kb	 0.0% Packages/com.unity.render-pipelines.core/Runtime/Debugging/DebugUI.Panel.cs
 0.1 kb	 0.0% Packages/com.unity.render-pipelines.core/Runtime/Debugging/DebugShapes.cs
 0.1 kb	 0.0% Packages/com.unity.render-pipelines.core/Runtime/Debugging/DebugOverlay.cs
 0.1 kb	 0.0% Packages/com.unity.render-pipelines.core/Runtime/Debugging/DebugManager.cs
 0.1 kb	 0.0% Packages/com.unity.render-pipelines.core/Runtime/Camera/FreeCamera.cs
 0.1 kb	 0.0% Packages/com.unity.inputsystem/InputSystem/Runtime/State/InputStateBlock.cs
 0.1 kb	 0.0% Packages/com.unity.inputsystem/InputSystem/Runtime/Plugins/XInput/XInputSupport.cs
 0.1 kb	 0.0% Packages/com.unity.inputsystem/InputSystem/Runtime/Plugins/XInput/XInputController.cs
 0.1 kb	 0.0% Packages/com.unity.inputsystem/InputSystem/Runtime/Plugins/XInput/IXboxOneRumble.cs
 0.1 kb	 0.0% Packages/com.unity.inputsystem/InputSystem/Runtime/Plugins/WebGL/WebGLJoystick.cs
 0.1 kb	 0.0% Packages/com.unity.inputsystem/InputSystem/Runtime/Plugins/Switch/SwitchSupportHID.cs
 0.1 kb	 0.0% Packages/com.unity.inputsystem/InputSystem/Runtime/Plugins/PlayerInput/PlayerInputManager.cs
 0.1 kb	 0.0% Packages/com.unity.inputsystem/InputSystem/Runtime/Plugins/PlayerInput/DefaultInputActions.cs
 0.1 kb	 0.0% Packages/com.unity.inputsystem/InputSystem/Runtime/Plugins/OnScreen/OnScreenSupport.cs
 0.1 kb	 0.0% Packages/com.unity.inputsystem/InputSystem/Runtime/Plugins/OnScreen/OnScreenStick.cs
 0.1 kb	 0.0% Packages/com.unity.inputsystem/InputSystem/Runtime/Plugins/OnScreen/OnScreenControl.cs
 0.1 kb	 0.0% Packages/com.unity.inputsystem/InputSystem/Runtime/Plugins/OnScreen/OnScreenButton.cs
 0.1 kb	 0.0% Packages/com.unity.inputsystem/InputSystem/Runtime/Plugins/Linux/SDLDeviceBuilder.cs
 0.1 kb	 0.0% Packages/com.unity.inputsystem/InputSystem/Runtime/Plugins/EnhancedTouch/TouchHistory.cs
 0.1 kb	 0.0% Packages/com.unity.inputsystem/InputSystem/Runtime/Plugins/Android/AndroidSupport.cs
 0.1 kb	 0.0% Packages/com.unity.inputsystem/InputSystem/Runtime/InputSystemTestHooks.cs
 0.1 kb	 0.0% Packages/com.unity.inputsystem/InputSystem/Runtime/InputFeatureNames.cs
 0.1 kb	 0.0% Packages/com.unity.inputsystem/InputSystem/Runtime/IInputRuntime.cs
 0.1 kb	 0.0% Packages/com.unity.inputsystem/InputSystem/Runtime/IInputDiagnostics.cs
 0.1 kb	 0.0% Packages/com.unity.inputsystem/InputSystem/Runtime/Events/InputEventTrace.cs
 0.1 kb	 0.0% Packages/com.unity.inputsystem/InputSystem/Runtime/Events/InputEventStream.cs
 0.1 kb	 0.0% Packages/com.unity.inputsystem/InputSystem/Runtime/Events/InputEventPtr.cs
 0.1 kb	 0.0% Packages/com.unity.inputsystem/InputSystem/Runtime/Events/InputEventBuffer.cs
 0.1 kb	 0.0% Packages/com.unity.inputsystem/InputSystem/Runtime/Events/DeviceResetEvent.cs
 0.1 kb	 0.0% Packages/com.unity.inputsystem/InputSystem/Runtime/Events/DeltaStateEvent.cs
 0.1 kb	 0.0% Packages/com.unity.inputsystem/InputSystem/Runtime/Devices/Haptics/IDualMotorRumble.cs
 0.1 kb	 0.0% Packages/com.unity.inputsystem/InputSystem/Runtime/Devices/Haptics/DualMotorRumble.cs
 0.1 kb	 0.0% Packages/com.unity.inputsystem/InputSystem/Runtime/Controls/Vector3Control.cs
 0.1 kb	 0.0% Packages/com.unity.inputsystem/InputSystem/Runtime/Controls/Vector2Control.cs
 0.1 kb	 0.0% Packages/com.unity.inputsystem/InputSystem/Runtime/Controls/IntegerControl.cs
 0.1 kb	 0.0% Packages/com.unity.inputsystem/InputSystem/Runtime/Controls/DoubleControl.cs
 0.1 kb	 0.0% Packages/com.unity.inputsystem/InputSystem/Runtime/Controls/ButtonControl.cs
 0.1 kb	 0.0% Packages/com.unity.inputsystem/InputSystem/Runtime/Controls/AnyKeyControl.cs
 0.1 kb	 0.0% Packages/com.unity.inputsystem/InputSystem/Runtime/Actions/InputControlScheme.cs
 0.1 kb	 0.0% Packages/com.unity.inputsystem/InputSystem/Runtime/Actions/InputBindingResolver.cs
 0.1 kb	 0.0% Packages/com.unity.inputsystem/InputSystem/Runtime/Actions/InputActionReference.cs
 0.1 kb	 0.0% Packages/com.unity.inputsystem/InputSystem/Runtime/Actions/InputActionProperty.cs
 0.1 kb	 0.0% Packages/com.unity.inputsystem/InputSystem/Runtime/Actions/IInputInteraction.cs
 0.1 kb	 0.0% Packages/com.unity.inputsystem/InputSystem/Editor/UITKAssetEditor/Views/PropertiesView.cs
 0.1 kb	 0.0% Packages/com.unity.inputsystem/InputSystem/Editor/UITKAssetEditor/Views/DropManipulator.cs
 0.1 kb	 0.0% Packages/com.unity.inputsystem/InputSystem/Editor/UITKAssetEditor/Views/CopyPasteHelper.cs
 0.1 kb	 0.0% Packages/com.unity.inputsystem/InputSystem/Editor/UITKAssetEditor/Views/ActionsTreeView.cs
 0.1 kb	 0.0% Packages/com.unity.inputsystem/InputSystem/Editor/UITKAssetEditor/Views/ActionMapsView.cs
 0.1 kb	 0.0% Packages/com.unity.inputsystem/InputSystem/Editor/UITKAssetEditor/StateContainer.cs
 0.1 kb	 0.0% Packages/com.unity.inputsystem/InputSystem/Editor/UITKAssetEditor/ExpressionUtils.cs
 0.1 kb	 0.0% Packages/com.unity.inputsystem/InputSystem/Editor/Plugins/iOS/iOSPostProcessBuild.cs
 0.1 kb	 0.0% Packages/com.unity.inputsystem/InputSystem/Editor/Plugins/UnityRemote/UnityRemoteSupport.cs
 0.1 kb	 0.0% Packages/com.unity.inputsystem/InputSystem/Editor/Internal/TreeViewHelpers.cs
 0.1 kb	 0.0% Packages/com.unity.inputsystem/InputSystem/Editor/Internal/InputStateWindow.cs
 0.1 kb	 0.0% Packages/com.unity.inputsystem/InputSystem/Editor/Internal/EditorHelpers.cs
 0.1 kb	 0.0% Packages/com.unity.inputsystem/InputSystem/Editor/Internal/AdvancedDropdown/AdvancedDropdown.cs
 0.1 kb	 0.0% Packages/com.unity.inputsystem/InputSystem/Editor/InputSystemObject.cs
 0.1 kb	 0.0% Packages/com.unity.inputsystem/InputSystem/Editor/InputDiagnostics.cs
 0.1 kb	 0.0% Packages/com.unity.collections/Unity.Collections/UnsafeList.cs
 0.1 kb	 0.0% Packages/com.unity.collections/Unity.Collections/FixedStringParseMethods.cs
 0.1 kb	 0.0% Packages/com.unity.collections/Unity.Collections/FixedStringAppendMethods.cs
 0.1 kb	 0.0% Packages/com.distantlands.cozy.core/Runtime/Data/WeatherProfile.cs
 0.1 kb	 0.0% Packages/com.distantlands.cozy.core/Runtime/Data/SatelliteProfile.cs
 0.1 kb	 0.0% Packages/com.distantlands.cozy.core/Runtime/Data/PerennialProfile.cs
 0.1 kb	 0.0% Packages/com.distantlands.cozy.core/Runtime/Data/ForecastProfile.cs
 0.1 kb	 0.0% Packages/com.distantlands.cozy.core/Runtime/Data/FX/PrecipitationFX.cs
 0.1 kb	 0.0% Packages/com.distantlands.cozy.core/Runtime/Data/FX/MultiFXProfile.cs
 0.1 kb	 0.0% Packages/com.distantlands.cozy.core/Runtime/Data/ClimateProfile.cs
 0.1 kb	 0.0% Packages/com.distantlands.cozy.core/Runtime/Data/AmbienceProfile.cs
 0.1 kb	 0.0% Assets/ExplosiveLLC/RPG Character Mecanim Animation Pack/Code/RPGCharacterController.cs
 0.1 kb	 0.0% Assets/ExplosiveLLC/RPG Character Mecanim Animation Pack/Code/Lookups/AnimationParameters.cs
 0.1 kb	 0.0% Assets/ExplosiveLLC/RPG Character Mecanim Animation Pack/Code/Extensions/ControllerExtensions.cs
 0.1 kb	 0.0% Assets/ExplosiveLLC/RPG Character Mecanim Animation Pack/Code/Extensions/CollectionExtensions.cs
 0.1 kb	 0.0% Assets/ExplosiveLLC/RPG Character Mecanim Animation Pack/Code/Extensions/AnimatorExtensions.cs
 0.1 kb	 0.0% Assets/ExplosiveLLC/RPG Character Mecanim Animation Pack/Code/Actions/SimpleActionHandler.cs
 0.1 kb	 0.0% Assets/ExplosiveLLC/RPG Character Mecanim Animation Pack/Code/Actions/Character/AttackCastContext.cs
 0.1 kb	 0.0% Assets/DarkPixelRPGUI/Scripts/UI/Equipment/DragItemHolder.cs
 0.1 kb	 0.0% Packages/com.unity.visualscripting/Runtime/VisualScripting.Core/Ensure/EnsureThat.Types.cs
 0.1 kb	 0.0% Packages/com.unity.visualscripting/Runtime/VisualScripting.Core/Ensure/EnsureThat.Guids.cs
 0.1 kb	 0.0% Packages/com.unity.visualscripting/Runtime/VisualScripting.Core/Dependencies/FullSerializer/fsResult.cs
 0.1 kb	 0.0% Packages/com.unity.visualscripting/Runtime/VisualScripting.Core/Dependencies/FullSerializer/fsData.cs
 0.1 kb	 0.0% Packages/com.unity.visualscripting/Runtime/VisualScripting.Core/Dependencies/FullSerializer/fsConfig.cs
 0.1 kb	 0.0% Packages/com.unity.ugui/Runtime/UGUI/UI/Core/Utility/ReflectionMethodsCache.cs
 0.1 kb	 0.0% Packages/com.unity.ugui/Runtime/UGUI/UI/Core/MultipleDisplayUtilities.cs
 0.1 kb	 0.0% Packages/com.unity.ugui/Runtime/UGUI/UI/Core/Layout/HorizontalLayoutGroup.cs
 0.1 kb	 0.0% Packages/com.unity.ugui/Runtime/UGUI/UI/Core/IGraphicEnabledDisabled.cs
 0.1 kb	 0.0% Packages/com.unity.ugui/Runtime/UGUI/UI/Core/GraphicRebuildTracker.cs
 0.1 kb	 0.0% Packages/com.unity.ugui/Runtime/UGUI/UI/Core/Culling/RectangularVertexClipper.cs
 0.1 kb	 0.0% Packages/com.unity.ugui/Runtime/UGUI/EventSystem/UIElements/PanelEventHandler.cs
 0.1 kb	 0.0% Packages/com.unity.ugui/Runtime/UGUI/EventSystem/Raycasters/Physics2DRaycaster.cs
 0.1 kb	 0.0% Packages/com.unity.ugui/Runtime/UGUI/EventSystem/InputModules/PointerInputModule.cs
 0.1 kb	 0.0% Packages/com.unity.timeline/Runtime/TimelinePlayable_Animation.cs
 0.1 kb	 0.0% Packages/com.unity.timeline/Runtime/TimelineAttributes.cs
 0.1 kb	 0.0% Packages/com.unity.timeline/Runtime/Playables/BasicScriptPlayable.cs
 0.1 kb	 0.0% Packages/com.unity.render-pipelines.core/ShaderLibrary/DummyShaderLibrary.cs
 0.1 kb	 0.0% Packages/com.unity.render-pipelines.core/Runtime/Utilities/GPUSort/GPUSort.Data.cs
 0.1 kb	 0.0% Packages/com.unity.render-pipelines.core/Runtime/Utilities/BitArray.cs
 0.1 kb	 0.0% Packages/com.unity.render-pipelines.core/Runtime/UnifiedRayTracing/Compute/RadeonRays/StringIDs.cs
 0.1 kb	 0.0% Packages/com.unity.render-pipelines.core/Runtime/UnifiedRayTracing/Compute/RadeonRays/Common.cs
 0.1 kb	 0.0% Packages/com.unity.render-pipelines.core/Runtime/UnifiedRayTracing/Compute/RadeonRays/BvhCheck.cs
 0.1 kb	 0.0% Packages/com.unity.render-pipelines.core/Runtime/PathTracing/UVMesh.cs
 0.1 kb	 0.0% Packages/com.unity.render-pipelines.core/Runtime/PathTracing/MaterialPool/MaterialPool.cs
 0.1 kb	 0.0% Packages/com.unity.render-pipelines.core/Runtime/Inputs/InputRegistering.cs
 0.1 kb	 0.0% Packages/com.unity.inputsystem/InputSystem/Runtime/Utilities/TypeTable.cs
 0.1 kb	 0.0% Packages/com.unity.inputsystem/InputSystem/Runtime/Utilities/TypeHelpers.cs
 0.1 kb	 0.0% Packages/com.unity.inputsystem/InputSystem/Runtime/Utilities/Substring.cs
 0.1 kb	 0.0% Packages/com.unity.inputsystem/InputSystem/Runtime/Utilities/SavedState.cs
 0.1 kb	 0.0% Packages/com.unity.inputsystem/InputSystem/Runtime/Utilities/Observables/Observable.cs
 0.1 kb	 0.0% Packages/com.unity.inputsystem/InputSystem/Runtime/Utilities/NamedValue.cs
 0.1 kb	 0.0% Packages/com.unity.inputsystem/InputSystem/Runtime/Utilities/MiscHelpers.cs
 0.1 kb	 0.0% Packages/com.unity.inputsystem/InputSystem/Runtime/Utilities/JsonParser.cs
 0.1 kb	 0.0% Packages/com.unity.inputsystem/InputSystem/Runtime/Utilities/ArrayHelpers.cs
 0.1 kb	 0.0% Packages/com.unity.inputsystem/InputSystem/Runtime/Plugins/iOS/InputSettingsiOS.cs
 0.1 kb	 0.0% Packages/com.unity.inputsystem/InputSystem/Runtime/Plugins/XR/XRLayoutBuilder.cs
 0.1 kb	 0.0% Packages/com.unity.inputsystem/InputSystem/Runtime/Plugins/UI/NavigationModel.cs
 0.1 kb	 0.0% Packages/com.unity.inputsystem/InputSystem/Runtime/InputUpdateType.cs
 0.1 kb	 0.0% Packages/com.unity.collections/Unity.Collections/UnsafeText.cs
 0.1 kb	 0.0% Packages/com.unity.collections/Unity.Collections/UnsafeStream.cs
 0.1 kb	 0.0% Packages/com.unity.collections/Unity.Collections/RewindableAllocator.cs
 0.1 kb	 0.0% Packages/com.unity.collections/Unity.Collections/FixedStringMethods.cs
 0.1 kb	 0.0% Packages/com.unity.collections/Unity.Collections/AutoFreeAllocator.cs
 0.1 kb	 0.0% Packages/com.unity.burst/Runtime/CompilerServices/AssumeRangeAttribute.cs
 0.1 kb	 0.0% Packages/com.distantlands.cozy.core/Runtime/Utility/Weighted Random Chance/ChanceEffector.cs
 0.1 kb	 0.0% Packages/com.distantlands.cozy.core/Runtime/Utility/LightListener.cs
 0.1 kb	 0.0% Packages/com.distantlands.cozy.core/Runtime/Utility/ICozyEcosystem.cs
 0.1 kb	 0.0% Packages/com.distantlands.cozy.core/Runtime/Utility/EditorUtilities.cs
 0.1 kb	 0.0% Packages/com.distantlands.cozy.core/Runtime/Utility/CustomProperty.cs
 0.1 kb	 0.0% Packages/com.distantlands.cozy.core/Runtime/Utility/CozyUtilities.cs
 0.1 kb	 0.0% Packages/com.distantlands.cozy.core/Runtime/Utility/CozyShaderIDs.cs
 0.1 kb	 0.0% Packages/com.distantlands.cozy.core/Runtime/Utility/CozySearchable.cs
 0.1 kb	 0.0% Packages/com.distantlands.cozy.core/Runtime/Utility/Auxillary/CozySatellite.cs
 0.1 kb	 0.0% Packages/com.distantlands.cozy.core/Runtime/Utility/Auxillary/CozyParticles.cs
 0.1 kb	 0.0% Packages/com.distantlands.cozy.core/Runtime/Modules/Utility Modules/CozyTimeOverride.cs
 0.1 kb	 0.0% Packages/com.distantlands.cozy.core/Runtime/Modules/Utility Modules/CozyDateOverride.cs
 0.1 kb	 0.0% Packages/com.distantlands.cozy.core/Runtime/Modules/SystemTimeModule.cs
 0.1 kb	 0.0% Packages/com.distantlands.cozy.core/Runtime/Modules/ExampleModule.cs
 0.1 kb	 0.0% Packages/com.distantlands.cozy.core/Runtime/Modules/CozyWindModule.cs
 0.1 kb	 0.0% Packages/com.distantlands.cozy.core/Runtime/Modules/CozyTimeModule.cs
 0.1 kb	 0.0% Packages/com.distantlands.cozy.core/Runtime/Modules/CozyTVEModule.cs
 0.1 kb	 0.0% Packages/com.distantlands.cozy.core/Runtime/Modules/CozyEventModule.cs
 0.1 kb	 0.0% Packages/com.distantlands.cozy.core/Runtime/Modules/CozyDebugModule.cs
 0.1 kb	 0.0% Packages/com.distantlands.cozy.core/Runtime/Modules/CozyButoModule.cs
 0.1 kb	 0.0% Packages/com.distantlands.cozy.core/Runtime/Core/CozyEcosystem.cs
 0.1 kb	 0.0% Packages/com.distantlands.cozy.core/Runtime/Core/CozyBiomeModule.cs
 0.1 kb	 0.0% Assets/_Game/Scripts/Runtime/Player/ClickToMoveController.cs
 0.1 kb	 0.0% Assets/_Game/Scripts/Runtime/Player/CharacterAnimatorDriver.cs
 0.1 kb	 0.0% Assets/GSpawn - Level Designer/Scripts/Scene/TerrainObjectOverlapFilter.cs
 0.1 kb	 0.0% Assets/GSpawn - Level Designer/Scripts/Scene/TerrainObjectOverlapConfig.cs
 0.1 kb	 0.0% Assets/GSpawn - Level Designer/Scripts/Prefs/ObjectTransformSessionPrefs.cs
 0.1 kb	 0.0% Assets/GSpawn - Level Designer/Scripts/Prefabs/ScatterBrushPrefabProfileDb.cs
 0.1 kb	 0.0% Assets/GSpawn - Level Designer/Scripts/Prefabs/ScatterBrushPrefabProfile.cs
 0.1 kb	 0.0% Assets/GSpawn - Level Designer/Scripts/Prefabs/RandomPrefabProfileDbWindow.cs
 0.1 kb	 0.0% Assets/GSpawn - Level Designer/Scripts/Prefabs/PluginPrefabManagerWindow.cs
 0.1 kb	 0.0% Assets/GSpawn - Level Designer/Scripts/Prefabs/ModularWallPrefabProfileDbUI.cs
 0.1 kb	 0.0% Assets/GSpawn - Level Designer/Scripts/Prefabs/ModularWallPrefabProfileDb.cs
 0.1 kb	 0.0% Assets/GSpawn - Level Designer/Scripts/Prefabs/IntRangePrefabProfileDbUI.cs
 0.1 kb	 0.0% Assets/GSpawn - Level Designer/Scripts/Prefabs/CurvePrefabProfileDbWindow.cs
 0.1 kb	 0.0% Assets/GSpawn - Level Designer/Scripts/Objects/Transform Sessions/ObjectSurfaceSnapSettings.cs
 0.1 kb	 0.0% Assets/GSpawn - Level Designer/Scripts/Objects/Transform Sessions/ObjectModularSnapSettings.cs
 0.1 kb	 0.0% Assets/GSpawn - Level Designer/Scripts/Objects/Projection/ObjectOnTerrainMeshProjector.cs
 0.1 kb	 0.0% Assets/GSpawn - Level Designer/Scripts/Objects/Layers/PluginObjectLayerDbWindow.cs
 0.1 kb	 0.0% Assets/GSpawn - Level Designer/Scripts/Level Design/Object Spawn/TileRuleObjectSpawnSettings.cs
 0.1 kb	 0.0% Assets/GSpawn - Level Designer/Scripts/Level Design/Object Spawn/ScatterBrushObjectSpawner.cs
 0.1 kb	 0.0% Assets/GSpawn - Level Designer/Scripts/Level Design/Object Spawn/PhysicsSimulationObjectMono.cs
 0.1 kb	 0.0% Assets/GSpawn - Level Designer/Scripts/Level Design/Object Spawn/PhysicsObjectSpawnSettings.cs
 0.1 kb	 0.0% Assets/GSpawn - Level Designer/Scripts/Level Design/Object Spawn/ObjectSpawnExtensionPlane.cs
 0.1 kb	 0.0% Assets/GSpawn - Level Designer/Scripts/Level Design/Object Spawn/ModularWallsObjectSpawnUI.cs
 0.1 kb	 0.0% Assets/GSpawn - Level Designer/Scripts/Level Design/Object Selection/ObjectSelectionGrowSettings.cs
 0.1 kb	 0.0% Assets/GSpawn - Level Designer/Scripts/Level Design/Object Erase/ObjectEraseCursorSettings.cs
 0.1 kb	 0.0% Assets/GSpawn - Level Designer/Scripts/Level Design/Object Erase/ObjectEraseBrush3DSettings.cs
 0.1 kb	 0.0% Assets/GSpawn - Level Designer/Scripts/Level Design/Object Erase/ObjectEraseBrush2DSettings.cs
 0.1 kb	 0.0% Assets/GSpawn - Level Designer/Scripts/Level Design/Gizmos/Object Mirror Gizmos/ObjectMirrorGizmoSettings.cs
 0.1 kb	 0.0% Assets/GSpawn - Level Designer/Scripts/Level Design/Gizmos/Object Extrude Gizmos/ObjectExtrudeGizmoSettings.cs
 0.1 kb	 0.0% Assets/GSpawn - Level Designer/Scripts/Grid/GridSettingsProfileDbWindow.cs
 0.1 kb	 0.0% Assets/GSpawn - Level Designer/Scripts/Commands/ObjectSpawnCommands.cs
 0.1 kb	 0.0% Assets/BruteForce-GrassShader/Scripts/BF_SetInteractiveShaderEffects.cs
 0.1 kb	 0.0% Packages/com.unity.visualscripting/Runtime/VisualScripting.State/SuperState.cs
 0.1 kb	 0.0% Packages/com.unity.visualscripting/Runtime/VisualScripting.State/StateUnit.cs
 0.1 kb	 0.0% Packages/com.unity.visualscripting/Runtime/VisualScripting.State/StateMachine.cs
 0.1 kb	 0.0% Packages/com.unity.visualscripting/Runtime/VisualScripting.State/StateGraph.cs
 0.1 kb	 0.0% Packages/com.unity.visualscripting/Runtime/VisualScripting.State/OnExitState.cs
 0.1 kb	 0.0% Packages/com.unity.visualscripting/Runtime/VisualScripting.State/OnEnterState.cs
 0.1 kb	 0.0% Packages/com.unity.visualscripting/Runtime/VisualScripting.State/INesterState.cs
 0.1 kb	 0.0% Packages/com.unity.visualscripting/Runtime/VisualScripting.State/FlowState.cs
 0.1 kb	 0.0% Packages/com.unity.visualscripting/Runtime/VisualScripting.Flow/UnitCategory.cs
 0.1 kb	 0.0% Packages/com.unity.visualscripting/Runtime/VisualScripting.Flow/SubgraphUnit.cs
 0.1 kb	 0.0% Packages/com.unity.visualscripting/Runtime/VisualScripting.Flow/Ports/ValueOutput.cs
 0.1 kb	 0.0% Packages/com.unity.visualscripting/Runtime/VisualScripting.Flow/Ports/ValueInput.cs
 0.1 kb	 0.0% Packages/com.unity.visualscripting/Runtime/VisualScripting.Flow/Ports/InvalidInput.cs
 0.1 kb	 0.0% Packages/com.unity.visualscripting/Runtime/VisualScripting.Flow/Ports/IUnitPort.cs
 0.1 kb	 0.0% Packages/com.unity.visualscripting/Runtime/VisualScripting.Flow/Ports/ControlInput.cs
 0.1 kb	 0.0% Packages/com.unity.visualscripting/Runtime/VisualScripting.Flow/INesterUnit.cs
 0.1 kb	 0.0% Packages/com.unity.visualscripting/Runtime/VisualScripting.Flow/Framework/Variables/SetVariable.cs
 0.1 kb	 0.0% Packages/com.unity.visualscripting/Runtime/VisualScripting.Flow/Framework/Variables/Obsolete/VariableUnit.cs
 0.1 kb	 0.0% Packages/com.unity.visualscripting/Runtime/VisualScripting.Flow/Framework/Variables/GetVariable.cs
 0.1 kb	 0.0% Packages/com.unity.visualscripting/Runtime/VisualScripting.Flow/Framework/Time/WaitForFlow.cs
 0.1 kb	 0.0% Packages/com.unity.visualscripting/Runtime/VisualScripting.Flow/Framework/Nulls/NullCoalesce.cs
 0.1 kb	 0.0% Packages/com.unity.visualscripting/Runtime/VisualScripting.Flow/Framework/Nulls/NullCheck.cs
 0.1 kb	 0.0% Packages/com.unity.visualscripting/Runtime/VisualScripting.Flow/Framework/Nesting/GraphOutput.cs
 0.1 kb	 0.0% Packages/com.unity.visualscripting/Runtime/VisualScripting.Flow/Framework/Nesting/GraphInput.cs
 0.1 kb	 0.0% Packages/com.unity.visualscripting/Runtime/VisualScripting.Flow/Framework/MissingType.cs
 0.1 kb	 0.0% Packages/com.unity.visualscripting/Runtime/VisualScripting.Flow/Framework/Math/Vector4/Vector4Sum.cs
 0.1 kb	 0.0% Packages/com.unity.visualscripting/Runtime/VisualScripting.Flow/Framework/Math/Vector4/Vector4Round.cs
 0.1 kb	 0.0% Packages/com.unity.visualscripting/Runtime/VisualScripting.Flow/Framework/Math/Vector4/Vector4Lerp.cs
 0.1 kb	 0.0% Packages/com.unity.visualscripting/Runtime/VisualScripting.Flow/Framework/Math/Vector3/Vector3Sum.cs
 0.1 kb	 0.0% Packages/com.unity.visualscripting/Runtime/VisualScripting.Flow/Framework/Math/Vector3/Vector3Round.cs
 0.1 kb	 0.0% Packages/com.unity.visualscripting/Runtime/VisualScripting.Flow/Framework/Math/Vector3/Vector3Lerp.cs
 0.1 kb	 0.0% Packages/com.unity.visualscripting/Runtime/VisualScripting.Flow/Framework/Math/Vector3/Vector3Angle.cs
 0.1 kb	 0.0% Packages/com.unity.visualscripting/Runtime/VisualScripting.Flow/Framework/Math/Vector2/Vector2Sum.cs
 0.1 kb	 0.0% Packages/com.unity.visualscripting/Runtime/VisualScripting.Flow/Framework/Math/Vector2/Vector2Round.cs
 0.1 kb	 0.0% Packages/com.unity.visualscripting/Runtime/VisualScripting.Flow/Framework/Math/Vector2/Vector2Lerp.cs
 0.1 kb	 0.0% Packages/com.unity.visualscripting/Runtime/VisualScripting.Flow/Framework/Math/Vector2/Vector2Angle.cs
 0.1 kb	 0.0% Packages/com.unity.visualscripting/Runtime/VisualScripting.Flow/Framework/Math/Scalar/ScalarSum.cs
 0.1 kb	 0.0% Packages/com.unity.visualscripting/Runtime/VisualScripting.Flow/Framework/Math/Scalar/ScalarRound.cs
 0.1 kb	 0.0% Packages/com.unity.visualscripting/Runtime/VisualScripting.Flow/Framework/Math/Scalar/ScalarRoot.cs
 0.1 kb	 0.0% Packages/com.unity.visualscripting/Runtime/VisualScripting.Flow/Framework/Math/Scalar/ScalarModulo.cs
 0.1 kb	 0.0% Packages/com.unity.visualscripting/Runtime/VisualScripting.Flow/Framework/Math/Scalar/ScalarLerp.cs
 0.1 kb	 0.0% Packages/com.unity.visualscripting/Runtime/VisualScripting.Flow/Framework/Math/Scalar/ScalarDivide.cs
 0.1 kb	 0.0% Packages/com.unity.visualscripting/Runtime/VisualScripting.Flow/Framework/Math/Generic/GenericSum.cs
 0.1 kb	 0.0% Packages/com.unity.visualscripting/Runtime/VisualScripting.Flow/Framework/Logic/LessOrEqual.cs
 0.1 kb	 0.0% Packages/com.unity.visualscripting/Runtime/VisualScripting.Flow/Framework/Logic/ExclusiveOr.cs
 0.1 kb	 0.0% Packages/com.unity.visualscripting/Runtime/VisualScripting.Flow/Framework/Logic/Comparison.cs
 0.1 kb	 0.0% Packages/com.unity.visualscripting/Runtime/VisualScripting.Flow/Framework/Events/Physics/OnJointBreak.cs
 0.1 kb	 0.0% Packages/com.unity.visualscripting/Runtime/VisualScripting.Flow/Framework/Events/Lifecycle/OnDisable.cs
 0.1 kb	 0.0% Packages/com.unity.visualscripting/Runtime/VisualScripting.Flow/Framework/Events/Lifecycle/OnDestroy.cs
 0.1 kb	 0.0% Packages/com.unity.visualscripting/Runtime/VisualScripting.Flow/Framework/Events/Lifecycle/LateUpdate.cs
 0.1 kb	 0.0% Packages/com.unity.visualscripting/Runtime/VisualScripting.Flow/Framework/Events/Lifecycle/FixedUpdate.cs
 0.1 kb	 0.0% Packages/com.unity.visualscripting/Runtime/VisualScripting.Flow/Framework/Events/Input/OnMouseUp.cs
 0.1 kb	 0.0% Packages/com.unity.visualscripting/Runtime/VisualScripting.Flow/Framework/Events/Input/OnMouseOver.cs
 0.1 kb	 0.0% Packages/com.unity.visualscripting/Runtime/VisualScripting.Flow/Framework/Events/Input/OnMouseInput.cs
 0.1 kb	 0.0% Packages/com.unity.visualscripting/Runtime/VisualScripting.Flow/Framework/Events/Input/OnMouseExit.cs
 0.1 kb	 0.0% Packages/com.unity.visualscripting/Runtime/VisualScripting.Flow/Framework/Events/Input/OnMouseEnter.cs
 0.1 kb	 0.0% Packages/com.unity.visualscripting/Runtime/VisualScripting.Flow/Framework/Events/Input/OnMouseDrag.cs
 0.1 kb	 0.0% Packages/com.unity.visualscripting/Runtime/VisualScripting.Flow/Framework/Events/Input/OnMouseDown.cs
 0.1 kb	 0.0% Packages/com.unity.visualscripting/Runtime/VisualScripting.Flow/Framework/Events/IEventUnit.cs
 0.1 kb	 0.0% Packages/com.unity.visualscripting/Runtime/VisualScripting.Flow/Framework/Events/GUI/OnPointerUp.cs
 0.1 kb	 0.0% Packages/com.unity.visualscripting/Runtime/VisualScripting.Flow/Framework/Events/GUI/OnEndDrag.cs
 0.1 kb	 0.0% Packages/com.unity.visualscripting/Runtime/VisualScripting.Flow/Framework/Events/GUI/OnDeselect.cs
 0.1 kb	 0.0% Packages/com.unity.visualscripting/Runtime/VisualScripting.Flow/Framework/Events/GUI/OnBeginDrag.cs
 0.1 kb	 0.0% Packages/com.unity.visualscripting/Runtime/VisualScripting.Flow/Framework/Events/Editor/OnDrawGizmos.cs
 0.1 kb	 0.0% Packages/com.unity.visualscripting/Runtime/VisualScripting.Flow/Framework/Events/CustomEvent.cs
 0.1 kb	 0.0% Packages/com.unity.visualscripting/Runtime/VisualScripting.Flow/Framework/Events/Animation/OnAnimatorIK.cs
 0.1 kb	 0.0% Packages/com.unity.visualscripting/Runtime/VisualScripting.Flow/Framework/Control/ToggleValue.cs
 0.1 kb	 0.0% Packages/com.unity.visualscripting/Runtime/VisualScripting.Flow/Framework/Control/ToggleFlow.cs
 0.1 kb	 0.0% Packages/com.unity.visualscripting/Runtime/VisualScripting.Flow/Framework/Control/SwitchOnEnum.cs
 0.1 kb	 0.0% Packages/com.unity.visualscripting/Runtime/VisualScripting.Flow/Framework/Control/SelectUnit_T.cs
 0.1 kb	 0.0% Packages/com.unity.visualscripting/Runtime/VisualScripting.Flow/Framework/Control/SelectUnit.cs
 0.1 kb	 0.0% Packages/com.unity.visualscripting/Runtime/VisualScripting.Flow/Framework/Control/SelectOnFlow.cs
 0.1 kb	 0.0% Packages/com.unity.visualscripting/Runtime/VisualScripting.Flow/Framework/Control/SelectOnEnum.cs
 0.1 kb	 0.0% Packages/com.unity.visualscripting/Runtime/VisualScripting.Flow/Framework/Control/ISelectUnit.cs
 0.1 kb	 0.0% Packages/com.unity.visualscripting/Runtime/VisualScripting.Flow/Framework/Control/IBranchUnit.cs
 0.1 kb	 0.0% Packages/com.unity.visualscripting/Runtime/VisualScripting.Flow/Framework/Collections/Lists/SetListItem.cs
 0.1 kb	 0.0% Packages/com.unity.visualscripting/Runtime/VisualScripting.Flow/Framework/Collections/Lists/MergeLists.cs
 0.1 kb	 0.0% Packages/com.unity.visualscripting/Runtime/VisualScripting.Flow/Framework/Collections/Lists/GetListItem.cs
 0.1 kb	 0.0% Packages/com.unity.visualscripting/Runtime/VisualScripting.Flow/Framework/Collections/Lists/CreateList.cs
 0.1 kb	 0.0% Packages/com.unity.visualscripting/Runtime/VisualScripting.Flow/Framework/Collections/Lists/ClearList.cs
 0.1 kb	 0.0% Packages/com.unity.visualscripting/Runtime/VisualScripting.Flow/Framework/Collections/Lists/AddListItem.cs
 0.1 kb	 0.0% Packages/com.unity.visualscripting/Runtime/VisualScripting.Flow/Framework/Collections/FirstItem.cs
 0.1 kb	 0.0% Packages/com.unity.visualscripting/Runtime/VisualScripting.Flow/Framework/Collections/CountItems.cs
 0.1 kb	 0.0% Packages/com.unity.visualscripting/Runtime/VisualScripting.Flow/Framework/Codebase/SetMember.cs
 0.1 kb	 0.0% Packages/com.unity.visualscripting/Runtime/VisualScripting.Flow/Framework/Codebase/MemberUnit.cs
 0.1 kb	 0.0% Packages/com.unity.visualscripting/Runtime/VisualScripting.Flow/Framework/Codebase/InvokeMember.cs
 0.1 kb	 0.0% Packages/com.unity.visualscripting/Runtime/VisualScripting.Flow/Framework/Codebase/GetMember.cs
 0.1 kb	 0.0% Packages/com.unity.visualscripting/Runtime/VisualScripting.Flow/Framework/Codebase/CreateStruct.cs
 0.1 kb	 0.0% Packages/com.unity.visualscripting/Runtime/VisualScripting.Flow/FlowGraph.cs
 0.1 kb	 0.0% Packages/com.unity.visualscripting/Runtime/VisualScripting.Flow/Connections/UnitRelation.cs
 0.1 kb	 0.0% Packages/com.unity.visualscripting/Runtime/VisualScripting.Core/Variables/Variables.cs
 0.1 kb	 0.0% Packages/com.unity.visualscripting/Runtime/VisualScripting.Core/Utilities/Recursion.cs
 0.1 kb	 0.0% Packages/com.unity.visualscripting/Runtime/VisualScripting.Core/Utilities/LinqUtility.cs
 0.1 kb	 0.0% Packages/com.unity.visualscripting/Runtime/VisualScripting.Core/Utilities/IGettable.cs
 0.1 kb	 0.0% Packages/com.unity.visualscripting/Runtime/VisualScripting.Core/Utilities/HashUtility.cs
 0.1 kb	 0.0% Packages/com.unity.visualscripting/Runtime/VisualScripting.Core/Utilities/EnumUtility.cs
 0.1 kb	 0.0% Packages/com.unity.visualscripting/Runtime/VisualScripting.Core/Unity/UnityThread.cs
 0.1 kb	 0.0% Packages/com.unity.visualscripting/Runtime/VisualScripting.Core/Unity/ISingleton.cs
 0.1 kb	 0.0% Packages/com.unity.visualscripting/Runtime/VisualScripting.Core/Unity/IGizmoDrawer.cs
 0.1 kb	 0.0% Packages/com.unity.visualscripting/Runtime/VisualScripting.Core/StickyNote/StickyNote.cs
 0.1 kb	 0.0% Packages/com.unity.visualscripting/Runtime/VisualScripting.Core/Serialization/Converters/RayConverter.cs
 0.1 kb	 0.0% Packages/com.unity.visualscripting/Runtime/VisualScripting.Core/Reflection/TypeUtility.cs
 0.1 kb	 0.0% Packages/com.unity.visualscripting/Runtime/VisualScripting.Core/Reflection/TypeFilter.cs
 0.1 kb	 0.0% Packages/com.unity.visualscripting/Runtime/VisualScripting.Core/Reflection/Optimization/InvokerBase.cs
 0.1 kb	 0.0% Packages/com.unity.visualscripting/Runtime/VisualScripting.Core/Reflection/Operators/PlusHandler.cs
 0.1 kb	 0.0% Packages/com.unity.visualscripting/Runtime/VisualScripting.Core/Reflection/Operators/OrHandler.cs
 0.1 kb	 0.0% Packages/com.unity.visualscripting/Runtime/VisualScripting.Core/Reflection/Operators/AndHandler.cs
 0.1 kb	 0.0% Packages/com.unity.visualscripting/Runtime/VisualScripting.Core/Reflection/Namespace.cs
 0.1 kb	 0.0% Packages/com.unity.visualscripting/Runtime/VisualScripting.Core/Reflection/MemberFilter.cs
 0.1 kb	 0.0% Packages/com.unity.visualscripting/Runtime/VisualScripting.Core/Reflection/IPrewarmable.cs
 0.1 kb	 0.0% Packages/com.unity.visualscripting/Runtime/VisualScripting.Core/Pooling/IPoolable.cs
 0.1 kb	 0.0% Packages/com.unity.visualscripting/Runtime/VisualScripting.Core/Groups/GraphGroup.cs
 0.1 kb	 0.0% Packages/com.unity.visualscripting/Runtime/VisualScripting.Core/Graphs/IGraphRoot.cs
 0.1 kb	 0.0% Packages/com.unity.visualscripting/Runtime/VisualScripting.Core/Graphs/IGraphParent.cs
 0.1 kb	 0.0% Packages/com.unity.visualscripting/Runtime/VisualScripting.Core/Graphs/IGraphNester.cs
 0.1 kb	 0.0% Packages/com.unity.visualscripting/Runtime/VisualScripting.Core/Graphs/IGraphNest.cs
 0.1 kb	 0.0% Packages/com.unity.visualscripting/Runtime/VisualScripting.Core/Graphs/IGraphItem.cs
 0.1 kb	 0.0% Packages/com.unity.visualscripting/Runtime/VisualScripting.Core/Graphs/IGraphData.cs
 0.1 kb	 0.0% Packages/com.unity.visualscripting/Runtime/VisualScripting.Core/Graphs/GraphStack.cs
 0.1 kb	 0.0% Packages/com.unity.visualscripting/Runtime/VisualScripting.Core/Graphs/GraphPointer.cs
 0.1 kb	 0.0% Packages/com.unity.visualscripting/Runtime/VisualScripting.Core/Exceptions/DebugUtility.cs
 0.1 kb	 0.0% Packages/com.unity.visualscripting/Runtime/VisualScripting.Core/Events/IEventGraph.cs
 0.1 kb	 0.0% Packages/com.unity.visualscripting/Runtime/VisualScripting.Core/Events/EventHooks.cs
 0.1 kb	 0.0% Packages/com.unity.visualscripting/Runtime/VisualScripting.Core/Events/EventHook.cs
 0.1 kb	 0.0% Packages/com.unity.visualscripting/Runtime/VisualScripting.Core/Ensure/Extensions/XComparable.cs
 0.1 kb	 0.0% Packages/com.unity.visualscripting/Runtime/VisualScripting.Core/Ensure/EnsureThat.cs
 0.1 kb	 0.0% Packages/com.unity.visualscripting/Runtime/VisualScripting.Core/Cloning/Cloners/ListCloner.cs
 0.1 kb	 0.0% Packages/com.unity.visualscripting/Runtime/VisualScripting.Core/Cloning/Cloners/FieldsCloner.cs
 0.1 kb	 0.0% Packages/com.unity.visualscripting/Runtime/VisualScripting.Core/Cloning/Cloners/ArrayCloner.cs
 0.1 kb	 0.0% Packages/com.unity.ugui/Runtime/UGUI/UI/Animation/CoroutineTween.cs
 0.1 kb	 0.0% Packages/com.unity.ugui/Runtime/UGUI/EventSystem/EventInterfaces.cs
 0.1 kb	 0.0% Packages/com.unity.ugui/Runtime/TMP/TMPro_ExtensionMethods.cs
 0.1 kb	 0.0% Packages/com.unity.ugui/Runtime/TMP/TMP_TextParsingUtilities.cs
 0.1 kb	 0.0% Packages/com.unity.ugui/Runtime/TMP/TMP_TextElement_Legacy.cs
 0.1 kb	 0.0% Packages/com.unity.ugui/Runtime/TMP/TMP_FontAssetUtilities.cs
 0.1 kb	 0.0% Packages/com.unity.ugui/Runtime/TMP/MaterialReferenceManager.cs
 0.1 kb	 0.0% Packages/com.unity.ugui/Runtime/TMP/FontFeatureCommonGSUB.cs
 0.1 kb	 0.0% Packages/com.unity.timeline/Runtime/Utilities/IPropertyCollector.cs
 0.1 kb	 0.0% Packages/com.unity.timeline/Runtime/Utilities/AnimatorBindingCache.cs
 0.1 kb	 0.0% Packages/com.unity.timeline/Runtime/Playables/TimeControlPlayable.cs
 0.1 kb	 0.0% Packages/com.unity.timeline/Runtime/Extensions/SelectionExtensions.cs
 0.1 kb	 0.0% Packages/com.unity.timeline/Runtime/Evaluation/ScheduleRuntimeClip.cs
 0.1 kb	 0.0% Packages/com.unity.timeline/Runtime/Evaluation/InfiniteRuntimeClip.cs
 0.1 kb	 0.0% Packages/com.unity.timeline/Runtime/Control/ControlPlayableAsset.cs
 0.1 kb	 0.0% Packages/com.unity.timeline/Runtime/Audio/AudioPlayableAsset.cs
 0.1 kb	 0.0% Packages/com.unity.timeline/Runtime/Audio/AudioMixerProperties.cs
 0.1 kb	 0.0% Packages/com.unity.timeline/Runtime/Audio/AudioClipProperties.cs
 0.1 kb	 0.0% Packages/com.unity.timeline/Runtime/Attributes/TrackColorAttribute.cs
 0.1 kb	 0.0% Packages/com.unity.render-pipelines.universal/Runtime/2D/Sources/Provider2DInfo.cs
 0.1 kb	 0.0% Packages/com.unity.render-pipelines.universal/Runtime/2D/Shadows/Shadow Provider Utility/VertexDictionary.cs
 0.1 kb	 0.0% Packages/com.unity.render-pipelines.core/Runtime/Vrs/VrsLut.cs
 0.1 kb	 0.0% Packages/com.unity.render-pipelines.core/Runtime/Volume/Volume.cs
 0.1 kb	 0.0% Packages/com.unity.render-pipelines.core/Runtime/Utilities/GPUSort/GPUSort.cs
 0.1 kb	 0.0% Packages/com.unity.render-pipelines.core/Runtime/Utilities/FSRUtils.cs
 0.1 kb	 0.0% Packages/com.unity.render-pipelines.core/Runtime/Utilities/Blitter.cs
 0.1 kb	 0.0% Packages/com.unity.render-pipelines.core/Runtime/Textures/RTHandle.cs
 0.1 kb	 0.0% Packages/com.unity.render-pipelines.core/Runtime/PathTracing/PathTracingUtil.cs
 0.1 kb	 0.0% Packages/com.unity.render-pipelines.core/Runtime/Debugging/DebugUI.cs
 0.1 kb	 0.0% Packages/com.unity.inputsystem/InputSystem/Runtime/Utilities/DynamicBitfield.cs
 0.1 kb	 0.0% Packages/com.unity.inputsystem/InputSystem/Runtime/State/InputState.cs
 0.1 kb	 0.0% Packages/com.unity.inputsystem/InputSystem/Runtime/Plugins/WebGL/WebGLSupport.cs
 0.1 kb	 0.0% Packages/com.unity.inputsystem/InputSystem/Runtime/Plugins/WebGL/WebGLGamepad.cs
 0.1 kb	 0.0% Packages/com.unity.inputsystem/InputSystem/Runtime/Plugins/Users/InputUser.cs
 0.1 kb	 0.0% Packages/com.unity.inputsystem/InputSystem/Runtime/Plugins/Linux/LinuxSupport.cs
 0.1 kb	 0.0% Packages/com.unity.inputsystem/InputSystem/Runtime/Plugins/EnhancedTouch/Touch.cs
 0.1 kb	 0.0% Packages/com.unity.inputsystem/InputSystem/Runtime/Plugins/EnhancedTouch/Finger.cs
 0.1 kb	 0.0% Packages/com.unity.inputsystem/InputSystem/Runtime/InputSystemState.cs
 0.1 kb	 0.0% Packages/com.unity.inputsystem/InputSystem/Runtime/InputSettings.cs
 0.1 kb	 0.0% Packages/com.unity.inputsystem/InputSystem/Runtime/InputMetrics.cs
 0.1 kb	 0.0% Packages/com.unity.inputsystem/InputSystem/Runtime/InputExtensions.cs
 0.1 kb	 0.0% Packages/com.unity.inputsystem/InputSystem/Runtime/InputAnalytics.cs
 0.1 kb	 0.0% Packages/com.unity.inputsystem/InputSystem/Runtime/Events/TextEvent.cs
 0.1 kb	 0.0% Packages/com.unity.inputsystem/InputSystem/Runtime/Events/StateEvent.cs
 0.1 kb	 0.0% Packages/com.unity.inputsystem/InputSystem/Runtime/Events/InputEvent.cs
 0.1 kb	 0.0% Packages/com.unity.inputsystem/InputSystem/Runtime/Events/ActionEvent.cs
 0.1 kb	 0.0% Packages/com.unity.inputsystem/InputSystem/Runtime/Devices/TrackedDevice.cs
 0.1 kb	 0.0% Packages/com.unity.inputsystem/InputSystem/Runtime/Devices/Remote/InputRemoting.cs
 0.1 kb	 0.0% Packages/com.unity.inputsystem/InputSystem/Runtime/Devices/Precompiled/FastTouchscreen.cs
 0.1 kb	 0.0% Packages/com.unity.inputsystem/InputSystem/Runtime/Devices/Precompiled/FastMouse.partial.cs
 0.1 kb	 0.0% Packages/com.unity.inputsystem/InputSystem/Runtime/Devices/IEventMerger.cs
 0.1 kb	 0.0% Packages/com.unity.inputsystem/InputSystem/Runtime/Controls/TouchControl.cs
 0.1 kb	 0.0% Packages/com.unity.inputsystem/InputSystem/Runtime/Controls/StickControl.cs
 0.1 kb	 0.0% Packages/com.unity.inputsystem/InputSystem/Runtime/Controls/KeyControl.cs
 0.1 kb	 0.0% Packages/com.unity.inputsystem/InputSystem/Runtime/Controls/InputProcessor.cs
 0.1 kb	 0.0% Packages/com.unity.inputsystem/InputSystem/Runtime/Controls/InputControlPath.cs
 0.1 kb	 0.0% Packages/com.unity.inputsystem/InputSystem/Runtime/Controls/DpadControl.cs
 0.1 kb	 0.0% Packages/com.unity.inputsystem/InputSystem/Runtime/Controls/DeltaControl.cs
 0.1 kb	 0.0% Packages/com.unity.inputsystem/InputSystem/Runtime/Controls/AxisControl.cs
 0.1 kb	 0.0% Packages/com.unity.inputsystem/InputSystem/Runtime/Actions/InputActionState.cs
 0.1 kb	 0.0% Packages/com.unity.inputsystem/InputSystem/Runtime/Actions/InputActionMap.cs
 0.1 kb	 0.0% Packages/com.unity.inputsystem/InputSystem/Runtime/Actions/InputActionAsset.cs
 0.1 kb	 0.0% Packages/com.unity.inputsystem/InputSystem/Editor/UITKAssetEditor/Views/Selectors.cs
 0.1 kb	 0.0% Packages/com.unity.inputsystem/InputSystem/Editor/UITKAssetEditor/Views/ContextMenu.cs
 0.1 kb	 0.0% Packages/com.unity.inputsystem/InputSystem/Editor/Internal/GUIHelpers.cs
 0.1 kb	 0.0% Packages/com.unity.collections/Unity.Collections/UnsafeQueue.cs
 0.1 kb	 0.0% Packages/com.unity.collections/Unity.Collections/NativeHashMap.cs
 0.1 kb	 0.0% Packages/com.unity.collections/Unity.Collections/FixedStringFormat.gen.cs
 0.1 kb	 0.0% Packages/com.unity.collections/Unity.Collections/FixedString.gen.cs
 0.1 kb	 0.0% Packages/com.distantlands.cozy.core/Runtime/Data/FX/ThunderFX.cs
 0.1 kb	 0.0% Packages/com.distantlands.cozy.core/Runtime/Data/FX/ParticleFX.cs
 0.1 kb	 0.0% Packages/com.distantlands.cozy.core/Runtime/Data/FX/FXProfile.cs
 0.1 kb	 0.0% Packages/com.distantlands.cozy.core/Runtime/Data/FX/ClimateFX.cs
 0.1 kb	 0.0% Packages/com.distantlands.cozy.core/Runtime/Core/CozyProfile.cs
 0.1 kb	 0.0% Assets/Synty/InterfaceFantasyMenus/Samples/Scripts/SampleURL.cs
 0.1 kb	 0.0% Assets/Synty/InterfaceFantasyMenus/Samples/Scripts/SamplePopup.cs
 0.1 kb	 0.0% Assets/Synty/InterfaceCore/Scripts/UnityUIExtensions/UIParticleSystem.cs
 0.1 kb	 0.0% Assets/Synty/InterfaceCore/Scripts/UnityUIExtensions/SoftMaskScript.cs
 0.1 kb	 0.0% Assets/Synty/InterfaceCore/Scripts/UnityUIExtensions/ShaderLibrary.cs
 0.1 kb	 0.0% Assets/GSpawn - Level Designer/Scripts/Commands/ObjectSelectionCommands.cs
 0.1 kb	 0.0% Assets/GSpawn - Level Designer/Scripts/Commands/ObjectEraseCommands.cs
 0.1 kb	 0.0% Assets/ExplosiveLLC/RPG Character Mecanim Animation Pack/Demo Elements/Code/HighJumpTrampoline.cs
 0.1 kb	 0.0% Assets/ExplosiveLLC/RPG Character Mecanim Animation Pack/Code/Lookups/WeaponGroupings.cs
 0.1 kb	 0.0% Assets/ExplosiveLLC/RPG Character Mecanim Animation Pack/Code/Extensions/WeaponExtensions.cs
 0.1 kb	 0.0% Assets/ExplosiveLLC/RPG Character Mecanim Animation Pack/Code/AnimationVariations.cs
 0.1 kb	 0.0% Assets/ExplosiveLLC/RPG Character Mecanim Animation Pack/Code/Actions/Character/AttackContext.cs
 0.1 kb	 0.0% Assets/ExplosiveLLC/RPG Character Mecanim Animation Pack/Code/Actions/ActionHandler.cs
 0.1 kb	 0.0% Assets/DarkPixelRPGUI/Scripts/UI/TooltipWindow.cs
 0.1 kb	 0.0% Assets/DarkPixelRPGUI/Scripts/UI/TooltipElement.cs
 0.1 kb	 0.0% Assets/DarkPixelRPGUI/Scripts/UI/SliderTextValue.cs
 0.1 kb	 0.0% Assets/DarkPixelRPGUI/Scripts/UI/Equipment/SlotItemGrab.cs
 0.1 kb	 0.0% Assets/DarkPixelRPGUI/Scripts/UI/Equipment/Inventory.cs
 0.1 kb	 0.0% Packages/com.unity.visualscripting/DocCodeExamples/VariableExamples.cs
 0.1 kb	 0.0% Packages/com.unity.visualscripting/DocCodeExamples/EventBusExamples.cs
 0.1 kb	 0.0% Packages/com.unity.ugui/Runtime/UGUI/UI/Core/SetPropertyUtility.cs
 0.1 kb	 0.0% Packages/com.unity.ugui/Runtime/UGUI/UI/Core/MaterialModifiers/IMaterialModifier.cs
 0.1 kb	 0.0% Packages/com.unity.ugui/Runtime/UGUI/UI/Core/Layout/VerticalLayoutGroup.cs
 0.1 kb	 0.0% Packages/com.unity.ugui/Runtime/UGUI/UI/Core/Layout/ContentSizeFitter.cs
 0.1 kb	 0.0% Packages/com.unity.ugui/Runtime/UGUI/UI/Core/Layout/AspectRatioFitter.cs
 0.1 kb	 0.0% Packages/com.unity.ugui/Runtime/UGUI/UI/Core/FontUpdateTracker.cs
 0.1 kb	 0.0% Packages/com.unity.ugui/Runtime/UGUI/UI/Core/CanvasUpdateRegistry.cs
 0.1 kb	 0.0% Packages/com.unity.ugui/Runtime/UGUI/UI/Core/AnimationTriggers.cs
 0.1 kb	 0.0% Packages/com.unity.ugui/Runtime/UGUI/EventSystem/UIElements/PanelRaycaster.cs
 0.1 kb	 0.0% Packages/com.unity.ugui/Runtime/UGUI/EventSystem/Raycasters/PhysicsRaycaster.cs
 0.1 kb	 0.0% Packages/com.unity.ugui/Runtime/UGUI/EventSystem/Raycasters/BaseRaycaster.cs
 0.1 kb	 0.0% Packages/com.unity.ugui/Runtime/UGUI/EventSystem/RaycasterManager.cs
 0.1 kb	 0.0% Packages/com.unity.ugui/Runtime/UGUI/EventSystem/RaycastResult.cs
 0.1 kb	 0.0% Packages/com.unity.ugui/Runtime/UGUI/EventSystem/InputModules/TouchInputModule.cs
 0.1 kb	 0.0% Packages/com.unity.ugui/Runtime/UGUI/EventSystem/InputModules/BaseInputModule.cs
 0.1 kb	 0.0% Packages/com.unity.ugui/Runtime/UGUI/EventSystem/ExecuteEvents.cs
 0.1 kb	 0.0% Packages/com.unity.ugui/Runtime/UGUI/EventSystem/EventData/PointerEventData.cs
 0.1 kb	 0.0% Packages/com.unity.ugui/Runtime/UGUI/EventSystem/EventData/BaseEventData.cs
 0.1 kb	 0.0% Packages/com.unity.ugui/Runtime/UGUI/EventSystem/EventData/AxisEventData.cs
 0.1 kb	 0.0% Packages/com.unity.ugui/Runtime/TMP/TMP_TextProcessingStack.cs
 0.1 kb	 0.0% Packages/com.unity.ugui/Runtime/TMP/TMP_FontFeaturesCommon.cs
 0.1 kb	 0.0% Packages/com.unity.timeline/Runtime/Extensions/TrackExtensions.cs
 0.1 kb	 0.0% Packages/com.unity.timeline/Runtime/ClipCaps.cs
 0.1 kb	 0.0% Packages/com.unity.render-pipelines.core/Runtime/UnifiedRayTracing/Compute/RadeonRays/Scan.cs
 0.1 kb	 0.0% Packages/com.unity.render-pipelines.core/Runtime/PathTracing/World.cs
 0.1 kb	 0.0% Packages/com.unity.render-pipelines.core/Runtime/Lights/LightAnchor.cs
 0.1 kb	 0.0% Packages/com.unity.render-pipelines.core/Runtime/GPUDriven/Utilities/AABB.cs
 0.1 kb	 0.0% Packages/com.unity.inputsystem/InputSystem/Runtime/Utilities/FourCC.cs
 0.1 kb	 0.0% Packages/com.unity.inputsystem/InputSystem/Runtime/Plugins/iOS/iOSSupport.cs
 0.1 kb	 0.0% Packages/com.unity.inputsystem/InputSystem/Runtime/Plugins/XR/XRSupport.cs
 0.1 kb	 0.0% Packages/com.unity.inputsystem/InputSystem/Runtime/Plugins/XR/GenericXRDevice.cs
 0.1 kb	 0.0% Packages/com.unity.inputsystem/InputSystem/Runtime/Plugins/XR/Devices/WindowsMR.cs
 0.1 kb	 0.0% Packages/com.unity.inputsystem/InputSystem/Runtime/Plugins/XR/Controls/PoseControl.cs
 0.1 kb	 0.0% Packages/com.unity.inputsystem/InputSystem/Runtime/Plugins/UI/UISupport.cs
 0.1 kb	 0.0% Packages/com.unity.inputsystem/InputSystem/Runtime/Plugins/UI/PointerModel.cs
 0.1 kb	 0.0% Packages/com.unity.inputsystem/InputSystem/Runtime/Plugins/OSX/OSXSupport.cs
 0.1 kb	 0.0% Packages/com.unity.inputsystem/InputSystem/Runtime/Plugins/HID/HIDSupport.cs
 0.1 kb	 0.0% Packages/com.unity.inputsystem/InputSystem/Runtime/Plugins/HID/HIDParser.cs
 0.1 kb	 0.0% Packages/com.unity.collections/Unity.Collections/xxHash3.StreamingState.cs
 0.1 kb	 0.0% Packages/com.unity.collections/Unity.Collections/NativeSort.cs
 0.1 kb	 0.0% Packages/com.unity.collections/Unity.Collections/NativeBitArray.cs
 0.1 kb	 0.0% Packages/com.unity.collections/Unity.Collections/ListExtensions.cs
 0.1 kb	 0.0% Packages/com.unity.collections/Unity.Collections/Jobs/IJobParallelForDefer.cs
 0.1 kb	 0.0% Packages/com.unity.collections/Unity.Collections/Jobs/IJobParallelForBatch.cs
 0.1 kb	 0.0% Packages/com.unity.collections/Unity.Collections/FixedStringUtils.cs
 0.1 kb	 0.0% Packages/com.unity.collections/Unity.Collections/DataStreamWriter.cs
 0.1 kb	 0.0% Packages/com.unity.collections/Unity.Collections/DataStreamReader.cs
 0.1 kb	 0.0% Packages/com.unity.collections/Unity.Collections/ConcurrentMask.cs
 0.1 kb	 0.0% Packages/com.unity.collections/Unity.Collections/CollectionHelper.cs
 0.1 kb	 0.0% Packages/com.unity.collections/Unity.Collections/AllocatorManager.cs
 0.1 kb	 0.0% Packages/com.unity.burst/Runtime/SafeStringArrayHelper.cs
 0.1 kb	 0.0% Packages/com.unity.burst/Runtime/Editor/BurstEditorOptions.cs
 0.1 kb	 0.0% Packages/com.unity.burst/Runtime/Editor/BurstCompileTarget.cs
 0.1 kb	 0.0% Packages/com.unity.burst/Runtime/Editor/BurstAssemblyDisable.cs
 0.1 kb	 0.0% Packages/com.unity.burst/Runtime/BurstCompileAttribute.cs
 0.1 kb	 0.0% Packages/com.unity.ai.navigation/Runtime/NavMeshSurface.cs
 0.1 kb	 0.0% Packages/com.unity.ai.navigation/Runtime/NavMeshModifier.cs
 0.1 kb	 0.0% Packages/com.distantlands.cozy.core/Runtime/Utility/MeridiemTime.cs
 0.1 kb	 0.0% Packages/com.distantlands.cozy.core/Runtime/Utility/Auxillary/CozyVolume.cs
 0.1 kb	 0.0% Packages/com.distantlands.cozy.core/Runtime/Utility/Auxillary/CozyThunder.cs
 0.1 kb	 0.0% Packages/com.distantlands.cozy.core/Runtime/Core/CozyWeather.cs
 0.1 kb	 0.0% Packages/com.distantlands.cozy.core/Runtime/Core/CozySystem.cs
 0.1 kb	 0.0% Packages/com.distantlands.cozy.core/Runtime/Core/CozyModule.cs
 0.1 kb	 0.0% Packages/com.distantlands.cozy.core/Runtime/Core/CozyBiome.cs
 0.1 kb	 0.0% Assets/_Game/Scripts/Runtime/Player/PlayerInputRouter.cs
 0.1 kb	 0.0% Assets/_Game/Scripts/Runtime/Combat/OverheadHealthBar.cs
 0.1 kb	 0.0% Assets/_Game/Scripts/Runtime/Combat/AbilityDefinition.cs
 0.1 kb	 0.0% Assets/TriForge Assets/Fantasy Forest Environment/Scripts/TF_FFE_WindController.cs
 0.1 kb	 0.0% Assets/GSpawn - Level Designer/Scripts/UI/General/CreateNewEntityWindow.cs
 0.1 kb	 0.0% Assets/GSpawn - Level Designer/Scripts/Shortcuts/UIShortcutCategoryItem.cs
 0.1 kb	 0.0% Assets/GSpawn - Level Designer/Scripts/Shortcuts/ShortcutCategoryNames.cs
 0.1 kb	 0.0% Assets/GSpawn - Level Designer/Scripts/Scene/TerrainObjectAABBTree.cs
 0.1 kb	 0.0% Assets/GSpawn - Level Designer/Scripts/Prefabs/UIScatterBrushPrefabItem.cs
 0.1 kb	 0.0% Assets/GSpawn - Level Designer/Scripts/Prefabs/UIModularWallPrefabItem.cs
 0.1 kb	 0.0% Assets/GSpawn - Level Designer/Scripts/Prefabs/RandomPrefabProfileDbUI.cs
 0.1 kb	 0.0% Assets/GSpawn - Level Designer/Scripts/Prefabs/RandomPrefabProfileDb.cs
 0.1 kb	 0.0% Assets/GSpawn - Level Designer/Scripts/Prefabs/PrefabLibProfileDbWindow.cs
 0.1 kb	 0.0% Assets/GSpawn - Level Designer/Scripts/Prefabs/PluginPrefabManagerUI.cs
 0.1 kb	 0.0% Assets/GSpawn - Level Designer/Scripts/Prefabs/ModularWallPrefabProfile.cs
 0.1 kb	 0.0% Assets/GSpawn - Level Designer/Scripts/Prefabs/IntRangePrefabProfileDb.cs
 0.1 kb	 0.0% Assets/GSpawn - Level Designer/Scripts/Prefabs/IntRangePrefabProfile.cs
 0.1 kb	 0.0% Assets/GSpawn - Level Designer/Scripts/Prefabs/CurvePrefabProfileDbUI.cs
 0.1 kb	 0.0% Assets/GSpawn - Level Designer/Scripts/PluginAssetPostProcessor.cs
 0.1 kb	 0.0% Assets/GSpawn - Level Designer/Scripts/Objects/Transform Sessions/ObjectVertexSnapSettings.cs
 0.1 kb	 0.0% Assets/GSpawn - Level Designer/Scripts/Objects/Transform Sessions/ObjectVertexSnapSession.cs
 0.1 kb	 0.0% Assets/GSpawn - Level Designer/Scripts/Objects/Transform Sessions/ObjectTransformSession.cs
 0.1 kb	 0.0% Assets/GSpawn - Level Designer/Scripts/Objects/Transform Sessions/ObjectSurfaceSnapSession.cs
 0.1 kb	 0.0% Assets/GSpawn - Level Designer/Scripts/Objects/Transform Sessions/ObjectProjectionSettings.cs
 0.1 kb	 0.0% Assets/GSpawn - Level Designer/Scripts/Objects/Transform Sessions/ObjectProjectionSession.cs
 0.1 kb	 0.0% Assets/GSpawn - Level Designer/Scripts/Objects/Transform Sessions/ObjectModularSnapSession.cs
 0.1 kb	 0.0% Assets/GSpawn - Level Designer/Scripts/Objects/Transform Sessions/ObjectBoxSnapSettings.cs
 0.1 kb	 0.0% Assets/GSpawn - Level Designer/Scripts/Objects/Projection/ObjectProjectionPivots.cs
 0.1 kb	 0.0% Assets/GSpawn - Level Designer/Scripts/Objects/Projection/ObjectOnSphereProjector.cs
 0.1 kb	 0.0% Assets/GSpawn - Level Designer/Scripts/Objects/Projection/ObjectOnPlaneProjector.cs
 0.1 kb	 0.0% Assets/GSpawn - Level Designer/Scripts/Objects/ObjectToObjectSnapData.cs
 0.1 kb	 0.0% Assets/GSpawn - Level Designer/Scripts/Objects/ObjectScaleStartDataMap.cs
 0.1 kb	 0.0% Assets/GSpawn - Level Designer/Scripts/Objects/ObjectPositionCalculator.cs
 0.1 kb	 0.0% Assets/GSpawn - Level Designer/Scripts/Objects/Object Groups/ObjectGroupActionFilters.cs
 0.1 kb	 0.0% Assets/GSpawn - Level Designer/Scripts/Objects/Masks/UIObjectMaskEntryItem.cs
 0.1 kb	 0.0% Assets/GSpawn - Level Designer/Scripts/Objects/Layers/UIPluginObjectLayerItem.cs
 0.1 kb	 0.0% Assets/GSpawn - Level Designer/Scripts/Objects/Layers/PluginObjectLayerDbUI.cs
 0.1 kb	 0.0% Assets/GSpawn - Level Designer/Scripts/Level Design/TerrainFlattenSettings.cs
 0.1 kb	 0.0% Assets/GSpawn - Level Designer/Scripts/Level Design/Object Spawn/UIObjectSpawnCurveItem.cs
 0.1 kb	 0.0% Assets/GSpawn - Level Designer/Scripts/Level Design/Object Spawn/TileRuleSegmentsBrush.cs
 0.1 kb	 0.0% Assets/GSpawn - Level Designer/Scripts/Level Design/Object Spawn/TileRuleProfileDbWindow.cs
 0.1 kb	 0.0% Assets/GSpawn - Level Designer/Scripts/Level Design/Object Spawn/TileRuleObjectSpawnUI.cs
 0.1 kb	 0.0% Assets/GSpawn - Level Designer/Scripts/Level Design/Object Spawn/TileRuleFlexiBoxBrush.cs
 0.1 kb	 0.0% Assets/GSpawn - Level Designer/Scripts/Level Design/Object Spawn/ScatterBrushObjectSpawn.cs
 0.1 kb	 0.0% Assets/GSpawn - Level Designer/Scripts/Level Design/Object Spawn/ObjectSpawnGuideSettings.cs
 0.1 kb	 0.0% Assets/GSpawn - Level Designer/Scripts/Level Design/Object Spawn/ObjectSpawnCellSegment.cs
 0.1 kb	 0.0% Assets/GSpawn - Level Designer/Scripts/Level Design/Object Spawn/ObjectDragSpawnSettings.cs
 0.1 kb	 0.0% Assets/GSpawn - Level Designer/Scripts/Level Design/Object Spawn/ModularWallsObjectSpawn.cs
 0.1 kb	 0.0% Assets/GSpawn - Level Designer/Scripts/Level Design/Object Spawn/ModularSnapObjectSpawn.cs
 0.1 kb	 0.0% Assets/GSpawn - Level Designer/Scripts/Level Design/Object Spawn/CurveObjectSpawnSettings.cs
 0.1 kb	 0.0% Assets/GSpawn - Level Designer/Scripts/Level Design/Object Selection/ObjectSelectionSettings.cs
 0.1 kb	 0.0% Assets/GSpawn - Level Designer/Scripts/Level Design/Object Selection/ObjectSelectionSegments.cs
 0.1 kb	 0.0% Assets/GSpawn - Level Designer/Scripts/Level Design/Object Selection/ObjectSelectionGizmos.cs
 0.1 kb	 0.0% Assets/GSpawn - Level Designer/Scripts/Level Design/Int Pattern/IntPatternTreeVisitor.cs
 0.1 kb	 0.0% Assets/GSpawn - Level Designer/Scripts/Grid/GridSettingsProfileDbUI.cs
 0.1 kb	 0.0% Assets/GSpawn - Level Designer/Scripts/Grid/GridSettingsProfileDb.cs
 0.1 kb	 0.0% Assets/GSpawn - Level Designer/Scripts/Core/EditorUpdateActionPool.cs
 0.1 kb	 0.0% Assets/ExplosiveLLC/PerfectLookAt/Code/PerfectLookAtLegStabilizer.cs
 0.1 kb	 0.0% Assets/DarkPixelRPGUI/Scripts/ApplicationExit.cs
 0.1 kb	 0.0% Packages/com.unity.visualscripting/Runtime/VisualScripting.State/State.cs
 0.1 kb	 0.0% Packages/com.unity.visualscripting/Runtime/VisualScripting.State/IState.cs
 0.1 kb	 0.0% Packages/com.unity.visualscripting/Runtime/VisualScripting.State/AnyState.cs
 0.1 kb	 0.0% Packages/com.unity.visualscripting/Runtime/VisualScripting.Flow/IUnit.cs
 0.1 kb	 0.0% Packages/com.unity.visualscripting/Runtime/VisualScripting.Flow/Framework/Time/WaitUnit.cs
 0.1 kb	 0.0% Packages/com.unity.visualscripting/Runtime/VisualScripting.Flow/Framework/Time/Timer.cs
 0.1 kb	 0.0% Packages/com.unity.visualscripting/Runtime/VisualScripting.Flow/Framework/Time/Cooldown.cs
 0.1 kb	 0.0% Packages/com.unity.visualscripting/Runtime/VisualScripting.Flow/Framework/Logic/NotEqual.cs
 0.1 kb	 0.0% Packages/com.unity.visualscripting/Runtime/VisualScripting.Flow/Framework/Logic/Negate.cs
 0.1 kb	 0.0% Packages/com.unity.visualscripting/Runtime/VisualScripting.Flow/Framework/Logic/Greater.cs
 0.1 kb	 0.0% Packages/com.unity.visualscripting/Runtime/VisualScripting.Flow/Framework/Logic/Equal.cs
 0.1 kb	 0.0% Packages/com.unity.visualscripting/Runtime/VisualScripting.Flow/Framework/Literal.cs
 0.1 kb	 0.0% Packages/com.unity.visualscripting/Runtime/VisualScripting.Flow/Framework/Formula.cs
 0.1 kb	 0.0% Packages/com.unity.visualscripting/Runtime/VisualScripting.Flow/Framework/Events/Lifecycle/Update.cs
 0.1 kb	 0.0% Packages/com.unity.visualscripting/Runtime/VisualScripting.Flow/Framework/Events/Lifecycle/Start.cs
 0.1 kb	 0.0% Packages/com.unity.visualscripting/Runtime/VisualScripting.Flow/Framework/Events/Lifecycle/OnEnable.cs
 0.1 kb	 0.0% Packages/com.unity.visualscripting/Runtime/VisualScripting.Flow/Framework/Events/GUI/OnSubmit.cs
 0.1 kb	 0.0% Packages/com.unity.visualscripting/Runtime/VisualScripting.Flow/Framework/Events/GUI/OnSelect.cs
 0.1 kb	 0.0% Packages/com.unity.visualscripting/Runtime/VisualScripting.Flow/Framework/Events/GUI/OnScroll.cs
 0.1 kb	 0.0% Packages/com.unity.visualscripting/Runtime/VisualScripting.Flow/Framework/Events/GUI/OnMove.cs
 0.1 kb	 0.0% Packages/com.unity.visualscripting/Runtime/VisualScripting.Flow/Framework/Events/GUI/OnGUI.cs
 0.1 kb	 0.0% Packages/com.unity.visualscripting/Runtime/VisualScripting.Flow/Framework/Events/GUI/OnDrop.cs
 0.1 kb	 0.0% Packages/com.unity.visualscripting/Runtime/VisualScripting.Flow/Framework/Events/GUI/OnDrag.cs
 0.1 kb	 0.0% Packages/com.unity.visualscripting/Runtime/VisualScripting.Flow/Framework/Events/GUI/OnCancel.cs
 0.1 kb	 0.0% Packages/com.unity.visualscripting/Runtime/VisualScripting.Flow/Framework/Control/While.cs
 0.1 kb	 0.0% Packages/com.unity.visualscripting/Runtime/VisualScripting.Flow/Framework/Control/TryCatch.cs
 0.1 kb	 0.0% Packages/com.unity.visualscripting/Runtime/VisualScripting.Flow/Framework/Control/Throw.cs
 0.1 kb	 0.0% Packages/com.unity.visualscripting/Runtime/VisualScripting.Flow/Framework/Control/Sequence.cs
 0.1 kb	 0.0% Packages/com.unity.visualscripting/Runtime/VisualScripting.Flow/Framework/Control/LoopUnit.cs
 0.1 kb	 0.0% Packages/com.unity.visualscripting/Runtime/VisualScripting.Flow/Framework/Control/ForEach.cs
 0.1 kb	 0.0% Packages/com.unity.visualscripting/Runtime/VisualScripting.Flow/Framework/Control/Cache.cs
 0.1 kb	 0.0% Packages/com.unity.visualscripting/Runtime/VisualScripting.Flow/Framework/Control/Break.cs
 0.1 kb	 0.0% Packages/com.unity.visualscripting/Runtime/VisualScripting.Flow/Framework/Collections/LastItem.cs
 0.1 kb	 0.0% Packages/com.unity.visualscripting/Runtime/VisualScripting.Flow/Framework/Codebase/Expose.cs
 0.1 kb	 0.0% Packages/com.unity.visualscripting/Runtime/VisualScripting.Core/Utilities/XColor.cs
 0.1 kb	 0.0% Packages/com.unity.visualscripting/Runtime/VisualScripting.Core/Reflection/TypeName.cs
 0.1 kb	 0.0% Packages/com.unity.visualscripting/Runtime/VisualScripting.Core/Reflection/Member.cs
 0.1 kb	 0.0% Packages/com.unity.visualscripting/Runtime/VisualScripting.Core/Macros/IMacro.cs
 0.1 kb	 0.0% Packages/com.unity.visualscripting/Runtime/VisualScripting.Core/Machines/IMachine.cs
 0.1 kb	 0.0% Packages/com.unity.visualscripting/Runtime/VisualScripting.Core/Graphs/IGraph.cs
 0.1 kb	 0.0% Packages/com.unity.visualscripting/Runtime/VisualScripting.Core/Graphs/Graph.cs
 0.1 kb	 0.0% Packages/com.unity.visualscripting/Runtime/VisualScripting.Core/Events/EventBus.cs
 0.1 kb	 0.0% Packages/com.unity.visualscripting/Runtime/VisualScripting.Core/Ensure/Extensions/XString.cs
 0.1 kb	 0.0% Packages/com.unity.visualscripting/Runtime/VisualScripting.Core/Ensure/Ensure.cs
 0.1 kb	 0.0% Packages/com.unity.visualscripting/Runtime/VisualScripting.Core/Collections/AotList.cs
 0.1 kb	 0.0% Packages/com.unity.visualscripting/Runtime/VisualScripting.Core/Cloning/ICloner.cs
 0.1 kb	 0.0% Packages/com.unity.visualscripting/Runtime/VisualScripting.Core/Cloning/Cloning.cs
 0.1 kb	 0.0% Packages/com.unity.ugui/Runtime/TMP/TMPro_EventManager.cs
 0.1 kb	 0.0% Packages/com.unity.ugui/Runtime/TMP/TMP_UpdateRegistery.cs
 0.1 kb	 0.0% Packages/com.unity.ugui/Runtime/TMP/TMP_UpdateManager.cs
 0.1 kb	 0.0% Packages/com.unity.ugui/Runtime/TMP/TMP_TextUtilities.cs
 0.1 kb	 0.0% Packages/com.unity.ugui/Runtime/TMP/TMP_TextProcessingCommon.cs
 0.1 kb	 0.0% Packages/com.unity.ugui/Runtime/TMP/TMP_SpriteCharacter.cs
 0.1 kb	 0.0% Packages/com.unity.ugui/Runtime/TMP/TMP_SpriteAnimator.cs
 0.1 kb	 0.0% Packages/com.unity.ugui/Runtime/TMP/TMP_SelectionCaret.cs
 0.1 kb	 0.0% Packages/com.unity.ugui/Runtime/TMP/TMP_ResourcesManager.cs
 0.1 kb	 0.0% Packages/com.unity.ugui/Runtime/TMP/TMP_MaterialManager.cs
 0.1 kb	 0.0% Packages/com.unity.ugui/Runtime/TMP/TMP_InputValidator.cs
 0.1 kb	 0.0% Packages/com.unity.ugui/Runtime/TMP/TMP_FontFeatureTable.cs
 0.1 kb	 0.0% Packages/com.unity.ugui/Runtime/TMP/TMP_DefaultControls.cs
 0.1 kb	 0.0% Packages/com.unity.ugui/Runtime/TMP/TMP_Compatibility.cs
 0.1 kb	 0.0% Packages/com.unity.ugui/Runtime/TMP/TMP_ColorGradient.cs
 0.1 kb	 0.0% Packages/com.unity.ugui/Runtime/TMP/TMP_CharacterInfo.cs
 0.1 kb	 0.0% Packages/com.unity.ugui/Runtime/TMP/ITextPreProcessor.cs
 0.1 kb	 0.0% Packages/com.unity.ugui/Runtime/TMP/FontFeatureCommonGPOS.cs
 0.1 kb	 0.0% Packages/com.unity.ugui/Runtime/InternalBridge/TMPHelpURL.cs
 0.1 kb	 0.0% Packages/com.unity.timeline/Runtime/Utilities/WeightUtility.cs
 0.1 kb	 0.0% Packages/com.unity.timeline/Runtime/Utilities/IPropertyPreview.cs
 0.1 kb	 0.0% Packages/com.unity.timeline/Runtime/Utilities/Extrapolation.cs
 0.1 kb	 0.0% Packages/com.unity.timeline/Runtime/TimelinePlayable.cs
 0.1 kb	 0.0% Packages/com.unity.timeline/Runtime/TimelineAsset.cs
 0.1 kb	 0.0% Packages/com.unity.timeline/Runtime/Scripting/PlayableTrack.cs
 0.1 kb	 0.0% Packages/com.unity.timeline/Runtime/Events/Signals/SignalReceiver.cs
 0.1 kb	 0.0% Packages/com.unity.timeline/Runtime/Events/Signals/SignalEmitter.cs
 0.1 kb	 0.0% Packages/com.unity.timeline/Runtime/Evaluation/RuntimeElement.cs
 0.1 kb	 0.0% Packages/com.unity.timeline/Runtime/Evaluation/RuntimeClipBase.cs
 0.1 kb	 0.0% Packages/com.unity.timeline/Runtime/CurveEditUtility.cs
 0.1 kb	 0.0% Packages/com.unity.timeline/Runtime/Animation/AnimationTrack.cs
 0.1 kb	 0.0% Packages/com.unity.timeline/Runtime/Activation/ActivationTrack.cs
 0.1 kb	 0.0% Packages/com.unity.render-pipelines.core/Runtime/Vrs/Vrs.cs
 0.1 kb	 0.0% Packages/com.unity.render-pipelines.core/Runtime/STP/STP.cs
 0.1 kb	 0.0% Packages/com.unity.inputsystem/InputSystem/Runtime/Plugins/PlayerInput/PlayerInput.cs
 0.1 kb	 0.0% Packages/com.unity.inputsystem/InputSystem/Runtime/Plugins/PlayerInput/InputValue.cs
 0.1 kb	 0.0% Packages/com.unity.inputsystem/InputSystem/Runtime/InputSystem.cs
 0.1 kb	 0.0% Packages/com.unity.inputsystem/InputSystem/Runtime/InputManager.cs
 0.1 kb	 0.0% Packages/com.unity.inputsystem/InputSystem/Runtime/Devices/Touchscreen.cs
 0.1 kb	 0.0% Packages/com.unity.inputsystem/InputSystem/Runtime/Devices/Precompiled/FastMouse.cs
 0.1 kb	 0.0% Packages/com.unity.inputsystem/InputSystem/Runtime/Devices/Precompiled/FastKeyboard.cs
 0.1 kb	 0.0% Packages/com.unity.inputsystem/InputSystem/Runtime/Devices/InputDevice.cs
 0.1 kb	 0.0% Packages/com.unity.inputsystem/InputSystem/Runtime/Devices/Haptics/IHaptics.cs
 0.1 kb	 0.0% Packages/com.unity.inputsystem/InputSystem/Runtime/Controls/InputControl.cs
 0.1 kb	 0.0% Packages/com.unity.inputsystem/InputSystem/Runtime/Controls/CommonUsages.cs
 0.1 kb	 0.0% Packages/com.unity.inputsystem/InputSystem/Runtime/Actions/InputBinding.cs
 0.1 kb	 0.0% Packages/com.unity.inputsystem/InputSystem/Runtime/Actions/InputAction.cs
 0.1 kb	 0.0% Packages/com.unity.inputsystem/InputSystem/Editor/UITKAssetEditor/Commands/Commands.cs
 0.1 kb	 0.0% Packages/com.unity.inputsystem/InputSystem/Editor/Dialog.cs
 0.1 kb	 0.0% Packages/com.unity.inputsystem/InputSystem/AssemblyInfo.cs
 0.1 kb	 0.0% Packages/com.unity.collections/Unity.Collections/NativeText.gen.cs
 0.1 kb	 0.0% Packages/com.unity.collections/Unity.Collections/FixedList.gen.cs
 0.1 kb	 0.0% Packages/com.distantlands.cozy.core/Runtime/Data/FX/WindFX.cs
 0.1 kb	 0.0% Packages/com.distantlands.cozy.core/Runtime/Data/FX/VisualFX.cs
 0.1 kb	 0.0% Packages/com.distantlands.cozy.core/Runtime/Data/FX/FilterFX.cs
 0.1 kb	 0.0% Packages/com.distantlands.cozy.core/Runtime/Data/FX/EventFX.cs
 0.1 kb	 0.0% Packages/com.distantlands.cozy.core/Runtime/Data/FX/CloudFX.cs
 0.1 kb	 0.0% Packages/com.distantlands.cozy.core/Runtime/Data/FX/AudioFX.cs
 0.1 kb	 0.0% Assets/_Game/Scripts/Runtime/Progression/TalentDefinition.cs
 0.1 kb	 0.0% Assets/_Game/Scripts/Runtime/Localization/LocalizedText.cs
 0.1 kb	 0.0% Assets/_Game/Scripts/Runtime/Localization/LanguagePicker.cs
 0.1 kb	 0.0% Assets/PolygonFantasyHeroCharacters/Scripts/CharacterRandomizer.cs
 0.1 kb	 0.0% Assets/GSpawn - Level Designer/Scripts/Core/PriorityQueue.cs
 0.1 kb	 0.0% Assets/GSpawn - Level Designer/Scripts/Core/PluginSettings.cs
 0.1 kb	 0.0% Assets/GSpawn - Level Designer/Scripts/Commands/GlobalCommands.cs
 0.1 kb	 0.0% Assets/ExplosiveLLC/RPG Character Mecanim Animation Pack/Demo Elements/Code/CameraController.cs
 0.1 kb	 0.0% Assets/ExplosiveLLC/RPG Character Mecanim Animation Pack/Code/Lookups/HandlerTypes.cs
 0.1 kb	 0.0% Assets/ExplosiveLLC/RPG Character Mecanim Animation Pack/Code/CoroutineQueue.cs
 0.1 kb	 0.0% Assets/ExplosiveLLC/RPG Character Mecanim Animation Pack/Code/AnimationData.cs
 0.1 kb	 0.0% Assets/ExplosiveLLC/RPG Character Mecanim Animation Pack/Code/Actions/Weapon/SwitchWeapon.cs
 0.1 kb	 0.0% Assets/ExplosiveLLC/RPG Character Mecanim Animation Pack/Code/Actions/Movement/Navigation.cs
 0.1 kb	 0.0% Assets/ExplosiveLLC/RPG Character Mecanim Animation Pack/Code/Actions/Movement/Knockdown.cs
 0.1 kb	 0.0% Assets/ExplosiveLLC/RPG Character Mecanim Animation Pack/Code/Actions/Movement/Knockback.cs
 0.1 kb	 0.0% Assets/ExplosiveLLC/RPG Character Mecanim Animation Pack/Code/Actions/Movement/HitContext.cs
 0.1 kb	 0.0% Assets/ExplosiveLLC/RPG Character Mecanim Animation Pack/Code/Actions/Movement/DoubleJump.cs
 0.1 kb	 0.0% Assets/ExplosiveLLC/RPG Character Mecanim Animation Pack/Code/Actions/Movement/ClimbLadder.cs
 0.1 kb	 0.0% Assets/ExplosiveLLC/RPG Character Mecanim Animation Pack/Code/Actions/EmptyContext.cs
 0.1 kb	 0.0% Assets/ExplosiveLLC/RPG Character Mecanim Animation Pack/Code/Actions/Character/EmoteCombat.cs
 0.1 kb	 0.0% Assets/ExplosiveLLC/RPG Character Mecanim Animation Pack/Code/Actions/Character/CastContext.cs
 0.1 kb	 0.0% Assets/ExplosiveLLC/RPG Character Mecanim Animation Pack/Code/Actions/Character/AttackCast.cs
 0.1 kb	 0.0% Packages/com.unity.ugui/Runtime/UGUI/UI/Core/VertexModifiers/PositionAsUV1.cs
 0.1 kb	 0.0% Packages/com.unity.ugui/Runtime/UGUI/UI/Core/VertexModifiers/IMeshModifier.cs
 0.1 kb	 0.0% Packages/com.unity.ugui/Runtime/UGUI/UI/Core/VertexModifiers/BaseMeshEffect.cs
 0.1 kb	 0.0% Packages/com.unity.ugui/Runtime/UGUI/UI/Core/StencilMaterial.cs
 0.1 kb	 0.0% Packages/com.unity.ugui/Runtime/UGUI/UI/Core/RaycastReceiver.cs
 0.1 kb	 0.0% Packages/com.unity.ugui/Runtime/UGUI/UI/Core/MaskableGraphic.cs
 0.1 kb	 0.0% Packages/com.unity.ugui/Runtime/UGUI/UI/Core/MaskUtilities.cs
 0.1 kb	 0.0% Packages/com.unity.ugui/Runtime/UGUI/UI/Core/Layout/LayoutUtility.cs
 0.1 kb	 0.0% Packages/com.unity.ugui/Runtime/UGUI/UI/Core/Layout/LayoutRebuilder.cs
 0.1 kb	 0.0% Packages/com.unity.ugui/Runtime/UGUI/UI/Core/Layout/LayoutElement.cs
 0.1 kb	 0.0% Packages/com.unity.ugui/Runtime/UGUI/UI/Core/Layout/ILayoutElement.cs
 0.1 kb	 0.0% Packages/com.unity.ugui/Runtime/UGUI/UI/Core/Layout/GridLayoutGroup.cs
 0.1 kb	 0.0% Packages/com.unity.ugui/Runtime/UGUI/UI/Core/GraphicRegistry.cs
 0.1 kb	 0.0% Packages/com.unity.ugui/Runtime/UGUI/UI/Core/GraphicRaycaster.cs
 0.1 kb	 0.0% Packages/com.unity.ugui/Runtime/UGUI/UI/Core/DefaultControls.cs
 0.1 kb	 0.0% Packages/com.unity.ugui/Runtime/UGUI/UI/Core/Culling/ClipperRegistry.cs
 0.1 kb	 0.0% Packages/com.unity.ugui/Runtime/UGUI/EventSystem/UIBehaviour.cs
 0.1 kb	 0.0% Packages/com.unity.ugui/Runtime/UGUI/EventSystem/InputModules/BaseInput.cs
 0.1 kb	 0.0% Packages/com.unity.ugui/Runtime/UGUI/EventSystem/EventTrigger.cs
 0.1 kb	 0.0% Packages/com.unity.ugui/Runtime/UGUI/EventSystem/EventSystem.cs
 0.1 kb	 0.0% Packages/com.unity.ugui/Runtime/TMP/TMPro_MeshUtilities.cs
 0.1 kb	 0.0% Packages/com.unity.ugui/Runtime/TMP/TMP_ShaderUtilities.cs
 0.1 kb	 0.0% Packages/com.unity.ugui/Runtime/TMP/TMP_RichTextTagsCommon.cs
 0.1 kb	 0.0% Packages/com.unity.ugui/Runtime/TMP/TMP_FontAssetCommon.cs
 0.1 kb	 0.0% Packages/com.unity.inputsystem/InputSystem/Runtime/Plugins/XR/Devices/Oculus.cs
 0.1 kb	 0.0% Packages/com.unity.collections/Unity.Collections/UIntFloat.cs
 0.1 kb	 0.0% Packages/com.unity.collections/Unity.Collections/NativeStream.cs
 0.1 kb	 0.0% Packages/com.unity.collections/Unity.Collections/Jobs/EarlyInitHelpers.cs
 0.1 kb	 0.0% Packages/com.unity.burst/Runtime/Intrinsics/SimdDebugViews.cs
 0.1 kb	 0.0% Packages/com.unity.burst/Runtime/Editor/BurstReflection.cs
 0.1 kb	 0.0% Packages/com.unity.burst/Runtime/BurstCompilerOptions.cs
 0.1 kb	 0.0% Packages/com.unity.ai.navigation/Runtime/NavMeshLink.cs
 0.1 kb	 0.0% Packages/com.distantlands.cozy.core/Runtime/Utility/FreeCam.cs
 0.1 kb	 0.0% Packages/com.distantlands.cozy.core/Runtime/Utility/FXParent.cs
 0.1 kb	 0.0% Assets/_Game/Scripts/Runtime/UI/TooltipTriggers.cs
 0.1 kb	 0.0% Assets/_Game/Scripts/Runtime/Quests/QuestDefinition.cs
 0.1 kb	 0.0% Assets/_Game/Scripts/Runtime/Quests/DialogueWindow.cs
 0.1 kb	 0.0% Assets/_Game/Scripts/Runtime/Player/HoverInspector.cs
 0.1 kb	 0.0% Assets/_Game/Scripts/Runtime/Combat/TargetSelector.cs
 0.1 kb	 0.0% Assets/_Game/Scripts/Runtime/Combat/SilhouetteVisual.cs
 0.1 kb	 0.0% Assets/_Game/Scripts/Runtime/Combat/RangedCombatant.cs
 0.1 kb	 0.0% Assets/_Game/Scripts/Runtime/Combat/MeleeCombatant.cs
 0.1 kb	 0.0% Assets/_Game/Scripts/Runtime/Combat/LevelUpRestore.cs
 0.1 kb	 0.0% Assets/_Game/Scripts/Runtime/Combat/LevelDifficulty.cs
 0.1 kb	 0.0% Assets/_Game/Scripts/Runtime/Combat/HandAttachments.cs
 0.1 kb	 0.0% Assets/_Game/Scripts/Runtime/Combat/FlickeringLight.cs
 0.1 kb	 0.0% Assets/_Game/Scripts/Runtime/Combat/ExperiencePopup.cs
 0.1 kb	 0.0% Assets/Synty/PolygonGeneric/Scripts/Generic_SimpleTranslate.cs
 0.1 kb	 0.0% Assets/GSpawn - Level Designer/Scripts/UI/UnityEditorWindows.cs
 0.1 kb	 0.0% Assets/GSpawn - Level Designer/Scripts/UI/SceneViewPrefabDrop.cs
 0.1 kb	 0.0% Assets/GSpawn - Level Designer/Scripts/UI/PluginProgressDialog.cs
 0.1 kb	 0.0% Assets/GSpawn - Level Designer/Scripts/UI/PluginInspectorUI.cs
 0.1 kb	 0.0% Assets/GSpawn - Level Designer/Scripts/UI/PluginGenericMenu.cs
 0.1 kb	 0.0% Assets/GSpawn - Level Designer/Scripts/UI/PluginDragAndDrop.cs
 0.1 kb	 0.0% Assets/GSpawn - Level Designer/Scripts/UI/Objects/ObjectTransformUI.cs
 0.1 kb	 0.0% Assets/GSpawn - Level Designer/Scripts/UI/IUIItemStateProvider.cs
 0.1 kb	 0.0% Assets/GSpawn - Level Designer/Scripts/UI/General/RenameEntityWindow.cs
 0.1 kb	 0.0% Assets/GSpawn - Level Designer/Scripts/UI/General/EntitySearchField.cs
 0.1 kb	 0.0% Assets/GSpawn - Level Designer/Scripts/UI/General/DeleteEntityWindow.cs
 0.1 kb	 0.0% Assets/GSpawn - Level Designer/Scripts/UI/General/CreateNewEntityUI.cs
 0.1 kb	 0.0% Assets/GSpawn - Level Designer/Scripts/Shortcuts/ShortcutProfileDbUI.cs
 0.1 kb	 0.0% Assets/GSpawn - Level Designer/Scripts/Shortcuts/ShortcutProfileDb.cs
 0.1 kb	 0.0% Assets/GSpawn - Level Designer/Scripts/Shortcuts/ShortcutContexts.cs
 0.1 kb	 0.0% Assets/GSpawn - Level Designer/Scripts/Scene/TerrainRaycastConfig.cs
 0.1 kb	 0.0% Assets/GSpawn - Level Designer/Scripts/Scene/SceneRaycastFilter.cs
 0.1 kb	 0.0% Assets/GSpawn - Level Designer/Scripts/Scene/ObjectRaycastConfig.cs
 0.1 kb	 0.0% Assets/GSpawn - Level Designer/Scripts/Scene/ObjectOverlapFilter.cs
 0.1 kb	 0.0% Assets/GSpawn - Level Designer/Scripts/Scene/ObjectOverlapConfig.cs
 0.1 kb	 0.0% Assets/GSpawn - Level Designer/Scripts/Prefs/ObjectSelectionPrefs.cs
 0.1 kb	 0.0% Assets/GSpawn - Level Designer/Scripts/Prefabs/UITileRulePrefabItem.cs
 0.1 kb	 0.0% Assets/GSpawn - Level Designer/Scripts/Prefabs/UIRandomPrefabItem.cs
 0.1 kb	 0.0% Assets/GSpawn - Level Designer/Scripts/Prefabs/UIPluginPrefabItem.cs
 0.1 kb	 0.0% Assets/GSpawn - Level Designer/Scripts/Prefabs/UIIntRangePrefabItem.cs
 0.1 kb	 0.0% Assets/GSpawn - Level Designer/Scripts/Prefabs/UICurvePrefabItem.cs
 0.1 kb	 0.0% Assets/GSpawn - Level Designer/Scripts/Prefabs/ScatterBrushPrefab.cs
 0.1 kb	 0.0% Assets/GSpawn - Level Designer/Scripts/Prefabs/RandomPrefabProfile.cs
 0.1 kb	 0.0% Assets/GSpawn - Level Designer/Scripts/Prefabs/PrefabPreviewScene.cs
 0.1 kb	 0.0% Assets/GSpawn - Level Designer/Scripts/Prefabs/PrefabPreviewFactory.cs
 0.1 kb	 0.0% Assets/GSpawn - Level Designer/Scripts/Prefabs/PrefabLibProfileDbUI.cs
 0.1 kb	 0.0% Assets/GSpawn - Level Designer/Scripts/Prefabs/PrefabLibProfileDb.cs
 0.1 kb	 0.0% Assets/GSpawn - Level Designer/Scripts/Prefabs/PrefabLibFolderPath.cs
 0.1 kb	 0.0% Assets/GSpawn - Level Designer/Scripts/Prefabs/PrefabInstancePool.cs
 0.1 kb	 0.0% Assets/GSpawn - Level Designer/Scripts/Prefabs/PrefabDragAndDrop.cs
 0.1 kb	 0.0% Assets/GSpawn - Level Designer/Scripts/Prefabs/PrefabDecorRuleDb.cs
 0.1 kb	 0.0% Assets/GSpawn - Level Designer/Scripts/Prefabs/PrefabCategoryName.cs
 0.1 kb	 0.0% Assets/GSpawn - Level Designer/Scripts/Prefabs/ModularWallPrefab.cs
 0.1 kb	 0.0% Assets/GSpawn - Level Designer/Scripts/Prefabs/CurvePrefabProfileDb.cs
 0.1 kb	 0.0% Assets/GSpawn - Level Designer/Scripts/Prefabs/CurvePrefabProfile.cs
 0.1 kb	 0.0% Assets/GSpawn - Level Designer/Scripts/PluginInstanceData.cs
 0.1 kb	 0.0% Assets/GSpawn - Level Designer/Scripts/Optimization/MeshCombineWindow.cs
 0.1 kb	 0.0% Assets/GSpawn - Level Designer/Scripts/Optimization/MeshCombineSettings.cs
 0.1 kb	 0.0% Assets/GSpawn - Level Designer/Scripts/Objects/Transform Sessions/ObjectBoxSnapSession.cs
 0.1 kb	 0.0% Assets/GSpawn - Level Designer/Scripts/Objects/SphericalMeshUtil.cs
 0.1 kb	 0.0% Assets/GSpawn - Level Designer/Scripts/Objects/ObjectVertexOverlap.cs
 0.1 kb	 0.0% Assets/GSpawn - Level Designer/Scripts/Objects/ObjectToObjectSnap.cs
 0.1 kb	 0.0% Assets/GSpawn - Level Designer/Scripts/Objects/ObjectScaleStartData.cs
 0.1 kb	 0.0% Assets/GSpawn - Level Designer/Scripts/Objects/Object Groups/UIObjectGroupItem.cs
 0.1 kb	 0.0% Assets/GSpawn - Level Designer/Scripts/Objects/Object Groups/ObjectGroupDbWindow.cs
 0.1 kb	 0.0% Assets/GSpawn - Level Designer/Scripts/Objects/Layers/PluginObjectLayerDb.cs
 0.1 kb	 0.0% Assets/GSpawn - Level Designer/Scripts/Objects/Layers/PluginObjectLayer.cs
 0.1 kb	 0.0% Assets/GSpawn - Level Designer/Scripts/Mesh/PluginMeshAABBTree.cs
 0.1 kb	 0.0% Assets/GSpawn - Level Designer/Scripts/Mesh/MeshRaycastConfig.cs
 0.1 kb	 0.0% Assets/GSpawn - Level Designer/Scripts/Math/Splines/CatmullRomSpline3D.cs
 0.1 kb	 0.0% Assets/GSpawn - Level Designer/Scripts/Level Design/Physics/PhysicsSimulation.cs
 0.1 kb	 0.0% Assets/GSpawn - Level Designer/Scripts/Level Design/Object Spawn/UITileRuleGridItem.cs
 0.1 kb	 0.0% Assets/GSpawn - Level Designer/Scripts/Level Design/Object Spawn/TileRuleProfileDbUI.cs
 0.1 kb	 0.0% Assets/GSpawn - Level Designer/Scripts/Level Design/Object Spawn/TileRuleProfileDb.cs
 0.1 kb	 0.0% Assets/GSpawn - Level Designer/Scripts/Level Design/Object Spawn/TileRuleObjectSpawn.cs
 0.1 kb	 0.0% Assets/GSpawn - Level Designer/Scripts/Level Design/Object Spawn/TileRuleGridSettings.cs
 0.1 kb	 0.0% Assets/GSpawn - Level Designer/Scripts/Level Design/Object Spawn/SegmentsObjectSpawn.cs
 0.1 kb	 0.0% Assets/GSpawn - Level Designer/Scripts/Level Design/Object Spawn/ScatterBrushNodeTree.cs
 0.1 kb	 0.0% Assets/GSpawn - Level Designer/Scripts/Level Design/Object Spawn/PhysicsObjectSpawn.cs
 0.1 kb	 0.0% Assets/GSpawn - Level Designer/Scripts/Level Design/Object Spawn/ObjectSpawnGuideMono.cs
 0.1 kb	 0.0% Assets/GSpawn - Level Designer/Scripts/Level Design/Object Spawn/ObjectSpawnCurveDb.cs
 0.1 kb	 0.0% Assets/GSpawn - Level Designer/Scripts/Level Design/Object Spawn/ObjectSpawnCellStack.cs
 0.1 kb	 0.0% Assets/GSpawn - Level Designer/Scripts/Level Design/Object Spawn/ObjectSpawnCellBox.cs
 0.1 kb	 0.0% Assets/GSpawn - Level Designer/Scripts/Level Design/Object Spawn/CurveObjectSpawnUI.cs
 0.1 kb	 0.0% Assets/GSpawn - Level Designer/Scripts/Level Design/Object Selection/ObjectSelectionUI.cs
 0.1 kb	 0.0% Assets/GSpawn - Level Designer/Scripts/Level Design/Object Selection/ObjectSelectionShape.cs
 0.1 kb	 0.0% Assets/GSpawn - Level Designer/Scripts/Level Design/Object Selection/ObjectSelectionRect.cs
 0.1 kb	 0.0% Assets/GSpawn - Level Designer/Scripts/Level Design/Object Selection/ObjectSelectionBox.cs
 0.1 kb	 0.0% Assets/GSpawn - Level Designer/Scripts/Level Design/Object Erase/ObjectEraseCursor.cs
 0.1 kb	 0.0% Assets/GSpawn - Level Designer/Scripts/Level Design/Object Erase/ObjectEraseBrush3D.cs
 0.1 kb	 0.0% Assets/GSpawn - Level Designer/Scripts/Level Design/Object Erase/ObjectEraseBrush2D.cs
 0.1 kb	 0.0% Assets/GSpawn - Level Designer/Scripts/Level Design/Int Pattern/IntPatternStatement.cs
 0.1 kb	 0.0% Assets/GSpawn - Level Designer/Scripts/Level Design/Int Pattern/IntPatternSampler.cs
 0.1 kb	 0.0% Assets/GSpawn - Level Designer/Scripts/Level Design/Int Pattern/IntPatternExpression.cs
 0.1 kb	 0.0% Assets/GSpawn - Level Designer/Scripts/Level Design/Int Pattern/IntPatternDbWindow.cs
 0.1 kb	 0.0% Assets/GSpawn - Level Designer/Scripts/Level Design/Gizmos/Object Transform Gizmos/ObjectUniversalGizmo.cs
 0.1 kb	 0.0% Assets/GSpawn - Level Designer/Scripts/Level Design/Gizmos/Object Transform Gizmos/ObjectTransformGizmo.cs
 0.1 kb	 0.0% Assets/GSpawn - Level Designer/Scripts/Level Design/Gizmos/Object Transform Gizmos/ObjectRotationGizmo.cs
 0.1 kb	 0.0% Assets/GSpawn - Level Designer/Scripts/Level Design/Gizmos/Object Mirror Gizmos/ObjectMirrorGizmo.cs
 0.1 kb	 0.0% Assets/GSpawn - Level Designer/Scripts/Level Design/Gizmos/Object Extrude Gizmos/ObjectExtrudeGizmo.cs
 0.1 kb	 0.0% Assets/GSpawn - Level Designer/Scripts/Input/NiceKeyCodeStrings.cs
 0.1 kb	 0.0% Assets/GSpawn - Level Designer/Scripts/Grid/GridSettingsProfile.cs
 0.1 kb	 0.0% Assets/GSpawn - Level Designer/Scripts/Export/DataExportSettings.cs
 0.1 kb	 0.0% Assets/GSpawn - Level Designer/Scripts/Events/PluginPrefabEvents.cs
 0.1 kb	 0.0% Assets/GSpawn - Level Designer/Scripts/Core/TransformDiffCheck.cs
 0.1 kb	 0.0% Assets/GSpawn - Level Designer/Scripts/Core/ObjectLayerDiffCheck.cs
 0.1 kb	 0.0% Assets/GSpawn - Level Designer/Scripts/Core/Extensions/ShortcutManagerEx.cs
 0.1 kb	 0.0% Assets/GSpawn - Level Designer/Scripts/Core/Extensions/SerializedPropertyEx.cs
 0.1 kb	 0.0% Assets/GSpawn - Level Designer/Scripts/Core/Extensions/ScriptableObjectEx.cs
 0.1 kb	 0.0% Assets/GSpawn - Level Designer/Scripts/Core/Extensions/DragPerformEventEx.cs
 0.1 kb	 0.0% Assets/GSpawn - Level Designer/Scripts/Core/EditorUpdateAction.cs
 0.1 kb	 0.0% Assets/GSpawn - Level Designer/Scripts/Core/DefaultSystemValues.cs
 0.1 kb	 0.0% Assets/GSpawn - Level Designer/Scripts/Commands/UnityEditorCommands.cs
 0.1 kb	 0.0% Assets/ExplosiveLLC/SuperCharacterController/Code/Examples/PlayerInputController.cs
 0.1 kb	 0.0% Assets/ExplosiveLLC/SuperCharacterController/Code/Core/SuperCharacterController.cs
 0.1 kb	 0.0% Assets/BruteForce-GrassShader/Scripts/BF_BallPlayerTriplanar.cs
 0.1 kb	 0.0% Packages/com.unity.visualscripting/Runtime/VisualScripting.Flow/Unit.cs
 0.1 kb	 0.0% Packages/com.unity.visualscripting/Runtime/VisualScripting.Flow/Framework/This.cs
 0.1 kb	 0.0% Packages/com.unity.visualscripting/Runtime/VisualScripting.Flow/Framework/Nulls/Null.cs
 0.1 kb	 0.0% Packages/com.unity.visualscripting/Runtime/VisualScripting.Flow/Framework/Logic/Or.cs
 0.1 kb	 0.0% Packages/com.unity.visualscripting/Runtime/VisualScripting.Flow/Framework/Logic/Less.cs
 0.1 kb	 0.0% Packages/com.unity.visualscripting/Runtime/VisualScripting.Flow/Framework/Logic/And.cs
 0.1 kb	 0.0% Packages/com.unity.visualscripting/Runtime/VisualScripting.Flow/Framework/Control/Once.cs
 0.1 kb	 0.0% Packages/com.unity.visualscripting/Runtime/VisualScripting.Flow/Framework/Control/If.cs
 0.1 kb	 0.0% Packages/com.unity.visualscripting/Runtime/VisualScripting.Flow/Framework/Control/For.cs
 0.1 kb	 0.0% Packages/com.unity.visualscripting/Runtime/VisualScripting.Flow/Flow.cs
 0.1 kb	 0.0% Packages/com.unity.ugui/Runtime/TMP/TextMeshProUGUI.cs
 0.1 kb	 0.0% Packages/com.unity.ugui/Runtime/TMP/TextContainer.cs
 0.1 kb	 0.0% Packages/com.unity.ugui/Runtime/TMP/TMP_TextElement.cs
 0.1 kb	 0.0% Packages/com.unity.ugui/Runtime/TMP/TMP_SubMeshUI.cs
 0.1 kb	 0.0% Packages/com.unity.ugui/Runtime/TMP/TMP_StyleSheet.cs
 0.1 kb	 0.0% Packages/com.unity.ugui/Runtime/TMP/TMP_SpriteGlyph.cs
 0.1 kb	 0.0% Packages/com.unity.ugui/Runtime/TMP/TMP_SpriteAsset.cs
 0.1 kb	 0.0% Packages/com.unity.ugui/Runtime/TMP/TMP_InputField.cs
 0.1 kb	 0.0% Packages/com.unity.ugui/Runtime/TMP/TMP_FontAsset.cs
 0.1 kb	 0.0% Packages/com.unity.ugui/Runtime/TMP/TMP_CoroutineTween.cs
 0.1 kb	 0.0% Packages/com.unity.ugui/Runtime/TMP/TMP_Character.cs
 0.1 kb	 0.0% Packages/com.unity.timeline/Runtime/Utilities/TimelineUndo.cs
 0.1 kb	 0.0% Packages/com.unity.timeline/Runtime/Utilities/TimeUtility.cs
 0.1 kb	 0.0% Packages/com.unity.timeline/Runtime/Utilities/HashUtility.cs
 0.1 kb	 0.0% Packages/com.unity.timeline/Runtime/Utilities/BlendUtility.cs
 0.1 kb	 0.0% Packages/com.unity.timeline/Runtime/TrackAsset.cs
 0.1 kb	 0.0% Packages/com.unity.timeline/Runtime/TimelineClip.cs
 0.1 kb	 0.0% Packages/com.unity.timeline/Runtime/Playables/ITimeControl.cs
 0.1 kb	 0.0% Packages/com.unity.timeline/Runtime/ILayerable.cs
 0.1 kb	 0.0% Packages/com.unity.timeline/Runtime/GroupTrack.cs
 0.1 kb	 0.0% Packages/com.unity.timeline/Runtime/Events/Signals/SignalAsset.cs
 0.1 kb	 0.0% Packages/com.unity.timeline/Runtime/Events/SignalTrack.cs
 0.1 kb	 0.0% Packages/com.unity.timeline/Runtime/Events/MarkerTrack.cs
 0.1 kb	 0.0% Packages/com.unity.timeline/Runtime/Events/MarkerList.cs
 0.1 kb	 0.0% Packages/com.unity.timeline/Runtime/Evaluation/RuntimeClip.cs
 0.1 kb	 0.0% Packages/com.unity.timeline/Runtime/Evaluation/IntervalTree.cs
 0.1 kb	 0.0% Packages/com.unity.timeline/Runtime/DiscreteTime.cs
 0.1 kb	 0.0% Packages/com.unity.timeline/Runtime/Control/ControlTrack.cs
 0.1 kb	 0.0% Packages/com.unity.timeline/Runtime/Audio/AudioTrack.cs
 0.1 kb	 0.0% Packages/com.unity.timeline/Runtime/AssetUpgrade/ClipUpgrade.cs
 0.1 kb	 0.0% Packages/com.unity.timeline/Runtime/Animation/ICurvesOwner.cs
 0.1 kb	 0.0% Packages/com.unity.render-pipelines.universal/Shaders/Shaders.cs
 0.1 kb	 0.0% Packages/com.unity.inputsystem/InputSystem/Runtime/Plugins/XR/Devices/GoogleVR.cs
 0.1 kb	 0.0% Packages/com.unity.inputsystem/InputSystem/Runtime/Devices/Sensor.cs
 0.1 kb	 0.0% Packages/com.unity.inputsystem/InputSystem/Runtime/Devices/Pointer.cs
 0.1 kb	 0.0% Packages/com.unity.inputsystem/InputSystem/Runtime/Devices/Mouse.cs
 0.1 kb	 0.0% Packages/com.unity.inputsystem/InputSystem/Runtime/Devices/Keyboard.cs
 0.1 kb	 0.0% Packages/com.unity.inputsystem/InputSystem/Runtime/Devices/Joystick.cs
 0.1 kb	 0.0% Packages/com.unity.inputsystem/InputSystem/Runtime/Devices/Gamepad.cs
 0.1 kb	 0.0% Packages/com.unity.inputsystem/InputSystem/Editor/DownloadableSample.cs
 0.1 kb	 0.0% Packages/com.unity.collections/Unity.Collections/xxHash3.AVX2.cs
 0.1 kb	 0.0% Packages/com.unity.burst/Runtime/Intrinsics/Arm/NEON_AArch64_rdma.cs
 0.1 kb	 0.0% Packages/com.unity.burst/Runtime/Intrinsics/Arm/NEON_AArch64_dotprod.cs
 0.1 kb	 0.0% Packages/com.unity.burst/Runtime/Intrinsics/Arm/NEON_AArch64_crypto.cs
 0.1 kb	 0.0% Assets/_Game/Scripts/Runtime/World/SkyDomeFollow.cs
 0.1 kb	 0.0% Assets/_Game/Scripts/Runtime/World/NavAgentRescue.cs
 0.1 kb	 0.0% Assets/_Game/Scripts/Runtime/UI/VideoBackground.cs
 0.1 kb	 0.0% Assets/_Game/Scripts/Runtime/UI/SettingsWindow.cs
 0.1 kb	 0.0% Assets/_Game/Scripts/Runtime/UI/MerchantWindow.cs
 0.1 kb	 0.0% Assets/_Game/Scripts/Runtime/UI/DraggableWindow.cs
 0.1 kb	 0.0% Assets/_Game/Scripts/Runtime/Progression/TalentStats.cs
 0.1 kb	 0.0% Assets/_Game/Scripts/Runtime/Progression/TalentBook.cs
 0.1 kb	 0.0% Assets/_Game/Scripts/Runtime/Items/TreasureChest.cs
 0.1 kb	 0.0% Assets/_Game/Scripts/Runtime/Items/SlotDragSource.cs
 0.1 kb	 0.0% Assets/_Game/Scripts/Runtime/Items/ItemDefinition.cs
 0.1 kb	 0.0% Assets/_Game/Scripts/Runtime/Items/CharacterPreview.cs
 0.1 kb	 0.0% Assets/_Game/Scripts/Runtime/Dev/ShowcaseJumper.cs
 0.1 kb	 0.0% Assets/_Game/Scripts/Runtime/Audio/FootstepPlayer.cs
 0.1 kb	 0.0% Assets/Layer Lab/Scripts/PanelView.cs
 0.1 kb	 0.0% Assets/Layer Lab/Scripts/PanelControl.cs
 0.1 kb	 0.0% Assets/GSpawn - Level Designer/Scripts/Shortcuts/ShortcutNames.cs
 0.1 kb	 0.0% Assets/ExplosiveLLC/RPG Character Mecanim Animation Pack/Demo Elements/Code/NoJumpSlime.cs
 0.1 kb	 0.0% Assets/ExplosiveLLC/RPG Character Mecanim Animation Pack/Demo Elements/Code/GUIControls.cs
 0.1 kb	 0.0% Assets/ExplosiveLLC/RPG Character Mecanim Animation Pack/Code/Actions/Weapon/Relax.cs
 0.1 kb	 0.0% Assets/ExplosiveLLC/RPG Character Mecanim Animation Pack/Code/Actions/Movement/GetHit.cs
 0.1 kb	 0.0% Assets/ExplosiveLLC/RPG Character Mecanim Animation Pack/Code/Actions/Movement/DiveRoll.cs
 0.1 kb	 0.0% Assets/ExplosiveLLC/RPG Character Mecanim Animation Pack/Code/Actions/Movement/Crawl.cs
 0.1 kb	 0.0% Assets/ExplosiveLLC/RPG Character Mecanim Animation Pack/Code/Actions/Character/SlowTime.cs
 0.1 kb	 0.0% Assets/ExplosiveLLC/RPG Character Mecanim Animation Pack/Code/Actions/Character/Shoot.cs
 0.1 kb	 0.0% Assets/ExplosiveLLC/RPG Character Mecanim Animation Pack/Code/Actions/Character/Reload.cs
 0.1 kb	 0.0% Assets/ExplosiveLLC/RPG Character Mecanim Animation Pack/Code/Actions/Character/Emote.cs
 0.1 kb	 0.0% Assets/ExplosiveLLC/RPG Character Mecanim Animation Pack/Code/Actions/Character/Dodge.cs
 0.1 kb	 0.0% Assets/ExplosiveLLC/RPG Character Mecanim Animation Pack/Code/Actions/Character/Attack.cs
 0.1 kb	 0.0% Assets/DarkPixelRPGUI/Scripts/UI/Equipment/Slot.cs
 0.1 kb	 0.0% Assets/DarkPixelRPGUI/Scripts/UI/Equipment/Item.cs
 0.1 kb	 0.0% Packages/com.unity.ugui/Runtime/UGUI/UI/Core/Utility/VertexHelper.cs
 0.1 kb	 0.0% Packages/com.unity.ugui/Runtime/UGUI/UI/Core/ToggleGroup.cs
 0.1 kb	 0.0% Packages/com.unity.ugui/Runtime/UGUI/UI/Core/SpriteState.cs
 0.1 kb	 0.0% Packages/com.unity.ugui/Runtime/UGUI/UI/Core/Selectable.cs
 0.1 kb	 0.0% Packages/com.unity.ugui/Runtime/UGUI/UI/Core/Scrollbar.cs
 0.1 kb	 0.0% Packages/com.unity.ugui/Runtime/UGUI/UI/Core/ScrollRect.cs
 0.1 kb	 0.0% Packages/com.unity.ugui/Runtime/UGUI/UI/Core/RectMask2D.cs
 0.1 kb	 0.0% Packages/com.unity.ugui/Runtime/UGUI/UI/Core/Navigation.cs
 0.1 kb	 0.0% Packages/com.unity.ugui/Runtime/UGUI/UI/Core/Layout/LayoutGroup.cs
 0.1 kb	 0.0% Packages/com.unity.ugui/Runtime/UGUI/UI/Core/Layout/CanvasScaler.cs
 0.1 kb	 0.0% Packages/com.unity.ugui/Runtime/UGUI/UI/Core/InputField.cs
 0.1 kb	 0.0% Packages/com.unity.ugui/Runtime/UGUI/UI/Core/IMaskable.cs
 0.1 kb	 0.0% Packages/com.unity.ugui/Runtime/UGUI/UI/Core/ColorBlock.cs
 0.1 kb	 0.0% Packages/com.unity.inputsystem/InputSystem/Runtime/Plugins/XR/Devices/OpenVR.cs
 0.1 kb	 0.0% Packages/com.unity.inputsystem/InputSystem/Runtime/Plugins/HID/HID.cs
 0.1 kb	 0.0% Packages/com.unity.collections/Unity.Collections/xxHash3.cs
 0.1 kb	 0.0% Packages/com.unity.collections/Unity.Collections/Unicode.cs
 0.1 kb	 0.0% Packages/com.unity.collections/Unity.Collections/Memory.cs
 0.1 kb	 0.0% Packages/com.unity.collections/Unity.Collections/Jobs/IJobFilter.cs
 0.1 kb	 0.0% Packages/com.unity.collections/Unity.Collections/BitField.cs
 0.1 kb	 0.0% Packages/com.unity.burst/Runtime/NoAliasAttribute.cs
 0.1 kb	 0.0% Packages/com.unity.burst/Runtime/FunctionPointer.cs
 0.1 kb	 0.0% Packages/com.unity.burst/Runtime/Editor/BurstLoader.cs
 0.1 kb	 0.0% Packages/com.unity.burst/Runtime/CompilerServices/Constant.cs
 0.1 kb	 0.0% Packages/com.unity.burst/Runtime/CompilerServices/Aliasing.cs
 0.1 kb	 0.0% Packages/com.unity.burst/Runtime/BurstString.Float.cs
 0.1 kb	 0.0% Packages/com.unity.burst/Runtime/BurstCompiler.cs
 0.1 kb	 0.0% Packages/com.unity.ai.navigation/Runtime/HelpUrls.cs
 0.1 kb	 0.0% Assets/_Game/Scripts/Runtime/Quests/QuestTracker.cs
 0.1 kb	 0.0% Assets/_Game/Scripts/Runtime/Quests/QuestGiver.cs
 0.1 kb	 0.0% Assets/_Game/Scripts/Runtime/Player/WorldPick.cs
 0.1 kb	 0.0% Assets/_Game/Scripts/Runtime/Player/KeyboardMove.cs
 0.1 kb	 0.0% Assets/_Game/Scripts/Runtime/Player/JumpGesture.cs
 0.1 kb	 0.0% Assets/_Game/Scripts/Runtime/Player/DebugTools.cs
 0.1 kb	 0.0% Assets/_Game/Scripts/Runtime/Combat/WeaponStats.cs
 0.1 kb	 0.0% Assets/_Game/Scripts/Runtime/Combat/Targetable.cs
 0.1 kb	 0.0% Assets/_Game/Scripts/Runtime/Combat/TargetRing.cs
 0.1 kb	 0.0% Assets/_Game/Scripts/Runtime/Combat/StunReceiver.cs
 0.1 kb	 0.0% Assets/_Game/Scripts/Runtime/Combat/StealthState.cs
 0.1 kb	 0.0% Assets/_Game/Scripts/Runtime/Combat/Respawner.cs
 0.1 kb	 0.0% Assets/_Game/Scripts/Runtime/Combat/ResourcePool.cs
 0.1 kb	 0.0% Assets/_Game/Scripts/Runtime/Combat/Projectile.cs
 0.1 kb	 0.0% Assets/_Game/Scripts/Runtime/Combat/Portraits.cs
 0.1 kb	 0.0% Assets/_Game/Scripts/Runtime/Combat/MonsterBrain.cs
 0.1 kb	 0.0% Assets/_Game/Scripts/Runtime/Combat/ICombatant.cs
 0.1 kb	 0.0% Assets/_Game/Scripts/Runtime/Combat/Experience.cs
 0.1 kb	 0.0% Assets/_Game/Scripts/Runtime/Combat/DefenseStats.cs
 0.1 kb	 0.0% Assets/_Game/Scripts/Runtime/Combat/DeathHandler.cs
 0.1 kb	 0.0% Assets/_Game/Scripts/Runtime/Combat/DamagePopup.cs
 0.1 kb	 0.0% Assets/_Game/Scripts/Runtime/Combat/ComboPoints.cs
 0.1 kb	 0.0% Assets/_Game/Scripts/Runtime/Combat/CombatMath.cs
 0.1 kb	 0.0% Assets/_Game/Scripts/Runtime/Combat/CombatLogHud.cs
 0.1 kb	 0.0% Assets/_Game/Scripts/Runtime/Combat/CombatLog.cs
 0.1 kb	 0.0% Assets/_Game/Scripts/Runtime/Combat/CombatHud.cs
 0.1 kb	 0.0% Assets/_Game/Scripts/Runtime/Combat/BodySpace.cs
 0.1 kb	 0.0% Assets/_Game/Scripts/Runtime/Combat/AbilityBook.cs
 0.1 kb	 0.0% Assets/_Game/Scripts/Runtime/Cameras/IsoCameraRig.cs
 0.1 kb	 0.0% Assets/Synty/PolygonGeneric/Scripts/Generic_SimpleRotate.cs
 0.1 kb	 0.0% Assets/GSpawn - Level Designer/Scripts/UI/Tree View/TreeViewState.cs
 0.1 kb	 0.0% Assets/GSpawn - Level Designer/Scripts/UI/Prefabs/PrefabPreviewUI.cs
 0.1 kb	 0.0% Assets/GSpawn - Level Designer/Scripts/UI/ListView/ListViewState.cs
 0.1 kb	 0.0% Assets/GSpawn - Level Designer/Scripts/UI/Grid View/GridViewState.cs
 0.1 kb	 0.0% Assets/GSpawn - Level Designer/Scripts/UI/General/RenameEntityUI.cs
 0.1 kb	 0.0% Assets/GSpawn - Level Designer/Scripts/UI/General/DeleteEntityUI.cs
 0.1 kb	 0.0% Assets/GSpawn - Level Designer/Scripts/Shortcuts/UIShortcutItem.cs
 0.1 kb	 0.0% Assets/GSpawn - Level Designer/Scripts/Shortcuts/ShortcutsWindow.cs
 0.1 kb	 0.0% Assets/GSpawn - Level Designer/Scripts/Shortcuts/ShortcutProfile.cs
 0.1 kb	 0.0% Assets/GSpawn - Level Designer/Scripts/Shortcuts/ShortcutLogger.cs
 0.1 kb	 0.0% Assets/GSpawn - Level Designer/Scripts/Shortcuts/ShortcutDefaults.cs
 0.1 kb	 0.0% Assets/GSpawn - Level Designer/Scripts/Shortcuts/ShortcutContext.cs
 0.1 kb	 0.0% Assets/GSpawn - Level Designer/Scripts/Shortcuts/ShortcutConflict.cs
 0.1 kb	 0.0% Assets/GSpawn - Level Designer/Scripts/Shortcuts/ShortcutCategory.cs
 0.1 kb	 0.0% Assets/GSpawn - Level Designer/Scripts/Shortcuts/FixedShortcuts.cs
 0.1 kb	 0.0% Assets/GSpawn - Level Designer/Scripts/Scene/SceneObjectTree.cs
 0.1 kb	 0.0% Assets/GSpawn - Level Designer/Scripts/Prefs/ObjectSpawnPrefs.cs
 0.1 kb	 0.0% Assets/GSpawn - Level Designer/Scripts/Prefs/ObjectErasePrefs.cs
 0.1 kb	 0.0% Assets/GSpawn - Level Designer/Scripts/Prefabs/UIPrefabLibItem.cs
 0.1 kb	 0.0% Assets/GSpawn - Level Designer/Scripts/Prefabs/TileRulePrefab.cs
 0.1 kb	 0.0% Assets/GSpawn - Level Designer/Scripts/Prefabs/PrefabPreview.cs
 0.1 kb	 0.0% Assets/GSpawn - Level Designer/Scripts/Prefabs/PrefabMeshObject.cs
 0.1 kb	 0.0% Assets/GSpawn - Level Designer/Scripts/Prefabs/PrefabLibProfile.cs
 0.1 kb	 0.0% Assets/GSpawn - Level Designer/Scripts/Prefabs/PrefabFactory.cs
 0.1 kb	 0.0% Assets/GSpawn - Level Designer/Scripts/Prefabs/IntRangePrefab.cs
 0.1 kb	 0.0% Assets/GSpawn - Level Designer/Scripts/PluginInspector.cs
 0.1 kb	 0.0% Assets/GSpawn - Level Designer/Scripts/PluginFolders.cs
 0.1 kb	 0.0% Assets/GSpawn - Level Designer/Scripts/Optimization/MeshCombineUI.cs
 0.1 kb	 0.0% Assets/GSpawn - Level Designer/Scripts/Objects/TerrainMeshUtil.cs
 0.1 kb	 0.0% Assets/GSpawn - Level Designer/Scripts/Objects/Projection/ObjectProjector.cs
 0.1 kb	 0.0% Assets/GSpawn - Level Designer/Scripts/Objects/Projection/ObjectProjection.cs
 0.1 kb	 0.0% Assets/GSpawn - Level Designer/Scripts/Objects/ObjectOutline.cs
 0.1 kb	 0.0% Assets/GSpawn - Level Designer/Scripts/Objects/ObjectAlignment.cs
 0.1 kb	 0.0% Assets/GSpawn - Level Designer/Scripts/Objects/Object Groups/ObjectGroupDbUI.cs
 0.1 kb	 0.0% Assets/GSpawn - Level Designer/Scripts/Objects/Object Groups/ObjectGroupDb.cs
 0.1 kb	 0.0% Assets/GSpawn - Level Designer/Scripts/Objects/Masks/ObjectMaskEntry.cs
 0.1 kb	 0.0% Assets/GSpawn - Level Designer/Scripts/Objects/GameObjectType.cs
 0.1 kb	 0.0% Assets/GSpawn - Level Designer/Scripts/Objects/GameObjectDataDb.cs
 0.1 kb	 0.0% Assets/GSpawn - Level Designer/Scripts/Math/PlaneDescriptor.cs
 0.1 kb	 0.0% Assets/GSpawn - Level Designer/Scripts/Math/AxisDescriptor.cs
 0.1 kb	 0.0% Assets/GSpawn - Level Designer/Scripts/Level Design/Object Spawn/TileRuleProfile.cs
 0.1 kb	 0.0% Assets/GSpawn - Level Designer/Scripts/Level Design/Object Spawn/TileRuleGridDb.cs
 0.1 kb	 0.0% Assets/GSpawn - Level Designer/Scripts/Level Design/Object Spawn/TileRuleConnect.cs
 0.1 kb	 0.0% Assets/GSpawn - Level Designer/Scripts/Level Design/Object Spawn/TileRuleCellBin.cs
 0.1 kb	 0.0% Assets/GSpawn - Level Designer/Scripts/Level Design/Object Spawn/TileRuleBrush.cs
 0.1 kb	 0.0% Assets/GSpawn - Level Designer/Scripts/Level Design/Object Spawn/TileRuleBoxBrush.cs
 0.1 kb	 0.0% Assets/GSpawn - Level Designer/Scripts/Level Design/Object Spawn/PropsObjectSpawn.cs
 0.1 kb	 0.0% Assets/GSpawn - Level Designer/Scripts/Level Design/Object Spawn/ObjectSpawnUI.cs
 0.1 kb	 0.0% Assets/GSpawn - Level Designer/Scripts/Level Design/Object Spawn/ObjectSpawnTool.cs
 0.1 kb	 0.0% Assets/GSpawn - Level Designer/Scripts/Level Design/Object Spawn/ObjectSpawnGuide.cs
 0.1 kb	 0.0% Assets/GSpawn - Level Designer/Scripts/Level Design/Object Spawn/ObjectSpawnCurve.cs
 0.1 kb	 0.0% Assets/GSpawn - Level Designer/Scripts/Level Design/Object Spawn/ObjectSpawnCell.cs
 0.1 kb	 0.0% Assets/GSpawn - Level Designer/Scripts/Level Design/Object Spawn/CurveObjectSpawn.cs
 0.1 kb	 0.0% Assets/GSpawn - Level Designer/Scripts/Level Design/Object Spawn/BoxObjectSpawn.cs
 0.1 kb	 0.0% Assets/GSpawn - Level Designer/Scripts/Level Design/Object Selection/ObjectSelection.cs
 0.1 kb	 0.0% Assets/GSpawn - Level Designer/Scripts/Level Design/Object Erase/ObjectEraseUI.cs
 0.1 kb	 0.0% Assets/GSpawn - Level Designer/Scripts/Level Design/Object Erase/ObjectEraseTool.cs
 0.1 kb	 0.0% Assets/GSpawn - Level Designer/Scripts/Level Design/Int Pattern/UIIntPatternItem.cs
 0.1 kb	 0.0% Assets/GSpawn - Level Designer/Scripts/Level Design/Int Pattern/IntPatternParser.cs
 0.1 kb	 0.0% Assets/GSpawn - Level Designer/Scripts/Level Design/Int Pattern/IntPatternLexer.cs
 0.1 kb	 0.0% Assets/GSpawn - Level Designer/Scripts/Level Design/Int Pattern/IntPatternDbUI.cs
 0.1 kb	 0.0% Assets/GSpawn - Level Designer/Scripts/Level Design/Gizmos/Object Transform Gizmos/ObjectScaleGizmo.cs
 0.1 kb	 0.0% Assets/GSpawn - Level Designer/Scripts/Level Design/Gizmos/Object Transform Gizmos/ObjectMoveGizmo.cs
 0.1 kb	 0.0% Assets/GSpawn - Level Designer/Scripts/Level Design/CircleBrush3D.cs
 0.1 kb	 0.0% Assets/GSpawn - Level Designer/Scripts/Export/DataExportWindow.cs
 0.1 kb	 0.0% Assets/GSpawn - Level Designer/Scripts/Core/UniqueNameGen.cs
 0.1 kb	 0.0% Assets/GSpawn - Level Designer/Scripts/Core/SerializableHashSet.cs
 0.1 kb	 0.0% Assets/GSpawn - Level Designer/Scripts/Core/Extensions/VisualElementEx.cs
 0.1 kb	 0.0% Assets/GSpawn - Level Designer/Scripts/Core/Extensions/SpriteRendererEx.cs
 0.1 kb	 0.0% Assets/GSpawn - Level Designer/Scripts/Core/Extensions/MouseUpEventEx.cs
 0.1 kb	 0.0% Assets/GSpawn - Level Designer/Scripts/Core/Extensions/MouseDownEventEx.cs
 0.1 kb	 0.0% Assets/GSpawn - Level Designer/Scripts/Core/Extensions/KeyDownEventEx.cs
 0.1 kb	 0.0% Assets/GSpawn - Level Designer/Scripts/Core/Extensions/IntegerFieldEx.cs
 0.1 kb	 0.0% Assets/GSpawn - Level Designer/Scripts/Core/Extensions/GenericMenuEx.cs
 0.1 kb	 0.0% Assets/GSpawn - Level Designer/Scripts/Core/CustomAttributes.cs
 0.1 kb	 0.0% Assets/GSpawn - Level Designer/Scripts/Commands/PluginCommand.cs
 0.1 kb	 0.0% Assets/GSpawn - Level Designer/Scripts/Commands/IPluginCommand.cs
 0.1 kb	 0.0% Assets/ExplosiveLLC/SuperCharacterController/Code/Examples/SimpleStateMachine.cs
 0.1 kb	 0.0% Assets/ExplosiveLLC/SuperCharacterController/Code/Examples/PlayerMachineDebug.cs
 0.1 kb	 0.0% Assets/ExplosiveLLC/SuperCharacterController/Code/Core/SuperStateMachine.cs
 0.1 kb	 0.0% Assets/ExplosiveLLC/SuperCharacterController/Code/Core/SuperCollisionType.cs
 0.1 kb	 0.0% Assets/ExplosiveLLC/PerfectLookAt/Code/PerfectLookAtData.cs
 0.1 kb	 0.0% Assets/ExplosiveLLC/PerfectLookAt/Code/Demo/MoveObjectTestCode.cs
 0.1 kb	 0.0% Assets/BruteForce-GrassShader/Scripts/InputSystemSwitcher.cs
 0.1 kb	 0.0% Assets/BruteForce-GrassShader/Scripts/BF_TractorController.cs
 0.1 kb	 0.0% Assets/BruteForce-GrassShader/Scripts/BF_RotatorDisplay.cs
 0.1 kb	 0.0% Assets/BruteForce-GrassShader/Scripts/BF_FxOnMouseClick.cs
 0.1 kb	 0.0% Assets/BruteForce-GrassShader/Extra/AA/Scripts/VelocityBufferTag.cs
 0.1 kb	 0.0% Assets/BruteForce-GrassShader/Extra/AA/Scripts/TemporalReprojection.cs
 0.1 kb	 0.0% Packages/com.unity.ugui/Runtime/UGUI/UI/Core/Culling/IClipRegion.cs
 0.1 kb	 0.0% Packages/com.unity.ugui/Runtime/TMP/TextMeshPro.cs
 0.1 kb	 0.0% Packages/com.unity.ugui/Runtime/TMP/TMP_TextInfo.cs
 0.1 kb	 0.0% Packages/com.unity.ugui/Runtime/TMP/TMP_SubMesh.cs
 0.1 kb	 0.0% Packages/com.unity.ugui/Runtime/TMP/TMP_Style.cs
 0.1 kb	 0.0% Packages/com.unity.ugui/Runtime/TMP/TMP_Sprite.cs
 0.1 kb	 0.0% Packages/com.unity.ugui/Runtime/TMP/TMP_Settings.cs
 0.1 kb	 0.0% Packages/com.unity.ugui/Runtime/TMP/TMP_MeshInfo.cs
 0.1 kb	 0.0% Packages/com.unity.ugui/Runtime/TMP/TMP_LineInfo.cs
 0.1 kb	 0.0% Packages/com.unity.ugui/Runtime/TMP/TMP_Dropdown.cs
 0.1 kb	 0.0% Packages/com.unity.ugui/Runtime/TMP/TMP_Asset.cs
 0.1 kb	 0.0% Packages/com.unity.ugui/Runtime/TMP/FastAction.cs
 0.1 kb	 0.0% Packages/com.unity.timeline/Runtime/ObjectId.cs
 0.1 kb	 0.0% Packages/com.unity.timeline/Runtime/Events/Marker.cs
 0.1 kb	 0.0% Packages/com.unity.timeline/Runtime/Events/IMarker.cs
 0.1 kb	 0.0% Packages/com.unity.inputsystem/InputSystem/Runtime/Devices/Pen.cs
 0.1 kb	 0.0% Packages/com.unity.burst/Runtime/Intrinsics/Common.cs
 0.1 kb	 0.0% Packages/com.unity.burst/Runtime/Intrinsics/Arm/NEON_ctor.cs
 0.1 kb	 0.0% Packages/com.unity.burst/Runtime/Intrinsics/Arm/NEON_AArch64.cs
 0.1 kb	 0.0% Assets/_Game/Scripts/Runtime/World/FaceCamera.cs
 0.1 kb	 0.0% Assets/_Game/Scripts/Runtime/UI/WindowChrome.cs
 0.1 kb	 0.0% Assets/_Game/Scripts/Runtime/UI/VersionLabel.cs
 0.1 kb	 0.0% Assets/_Game/Scripts/Runtime/UI/TalentWindow.cs
 0.1 kb	 0.0% Assets/_Game/Scripts/Runtime/UI/QuestJournal.cs
 0.1 kb	 0.0% Assets/_Game/Scripts/Runtime/UI/IHudWindow.cs
 0.1 kb	 0.0% Assets/_Game/Scripts/Runtime/UI/DeathScreen.cs
 0.1 kb	 0.0% Assets/_Game/Scripts/Runtime/Save/SaveService.cs
 0.1 kb	 0.0% Assets/_Game/Scripts/Runtime/Save/SaveData.cs
 0.1 kb	 0.0% Assets/_Game/Scripts/Runtime/Save/SaveBackend.cs
 0.1 kb	 0.0% Assets/_Game/Scripts/Runtime/Save/GameDatabase.cs
 0.1 kb	 0.0% Assets/_Game/Scripts/Runtime/Items/WeaponVisual.cs
 0.1 kb	 0.0% Assets/_Game/Scripts/Runtime/Items/StartingGear.cs
 0.1 kb	 0.0% Assets/_Game/Scripts/Runtime/Items/LootWindow.cs
 0.1 kb	 0.0% Assets/_Game/Scripts/Runtime/Items/LootTable.cs
 0.1 kb	 0.0% Assets/_Game/Scripts/Runtime/Items/LootSource.cs
 0.1 kb	 0.0% Assets/_Game/Scripts/Runtime/Items/LootPopup.cs
 0.1 kb	 0.0% Assets/_Game/Scripts/Runtime/Items/ItemStack.cs
 0.1 kb	 0.0% Assets/_Game/Scripts/Runtime/Items/ItemDropper.cs
 0.1 kb	 0.0% Assets/_Game/Scripts/Runtime/Items/InventoryHud.cs
 0.1 kb	 0.0% Assets/_Game/Scripts/Runtime/Items/Inventory.cs
 0.1 kb	 0.0% Assets/_Game/Scripts/Runtime/Items/FoodConsumer.cs
 0.1 kb	 0.0% Assets/_Game/Scripts/Runtime/Items/FacePlayer.cs
 0.1 kb	 0.0% Assets/_Game/Scripts/Runtime/Items/Equipment.cs
 0.1 kb	 0.0% Assets/_Game/Scripts/Runtime/Items/ChestMarker.cs
 0.1 kb	 0.0% Assets/_Game/Scripts/Runtime/Items/CharacterHud.cs
 0.1 kb	 0.0% Assets/_Game/Scripts/Runtime/Dev/FlickerLight.cs
 0.1 kb	 0.0% Assets/_Game/Scripts/Runtime/Combat/Stats.cs
 0.1 kb	 0.0% Assets/_Game/Scripts/Runtime/Audio/SoundBank.cs
 0.1 kb	 0.0% Assets/_Game/Scripts/Runtime/Audio/AudioSetup.cs
 0.1 kb	 0.0% Assets/_Game/Scripts/Runtime/Audio/AmbientVoice.cs
 0.1 kb	 0.0% Assets/_Game/Scripts/Runtime/Audio/AmbienceLoop.cs
 0.1 kb	 0.0% Assets/ExplosiveLLC/RPG Character Mecanim Animation Pack/Code/IKHands.cs
 0.1 kb	 0.0% Assets/ExplosiveLLC/RPG Character Mecanim Animation Pack/Code/Actions/Null.cs
 0.1 kb	 0.0% Assets/ExplosiveLLC/RPG Character Mecanim Animation Pack/Code/Actions/Movement/Swim.cs
 0.1 kb	 0.0% Assets/ExplosiveLLC/RPG Character Mecanim Animation Pack/Code/Actions/Movement/Roll.cs
 0.1 kb	 0.0% Assets/ExplosiveLLC/RPG Character Mecanim Animation Pack/Code/Actions/Movement/Move.cs
 0.1 kb	 0.0% Assets/ExplosiveLLC/RPG Character Mecanim Animation Pack/Code/Actions/Movement/Jump.cs
 0.1 kb	 0.0% Assets/ExplosiveLLC/RPG Character Mecanim Animation Pack/Code/Actions/Movement/Idle.cs
 0.1 kb	 0.0% Assets/ExplosiveLLC/RPG Character Mecanim Animation Pack/Code/Actions/Movement/Fall.cs
 0.1 kb	 0.0% Assets/ExplosiveLLC/RPG Character Mecanim Animation Pack/Code/Actions/Character/Turn.cs
 0.1 kb	 0.0% Assets/ExplosiveLLC/RPG Character Mecanim Animation Pack/Code/Actions/Character/Talk.cs
 0.1 kb	 0.0% Assets/ExplosiveLLC/RPG Character Mecanim Animation Pack/Code/Actions/Character/Cast.cs
 0.1 kb	 0.0% Packages/com.unity.ugui/Runtime/UGUI/UI/Core/VertexModifiers/Shadow.cs
 0.1 kb	 0.0% Packages/com.unity.ugui/Runtime/UGUI/UI/Core/VertexModifiers/Outline.cs
 0.1 kb	 0.0% Packages/com.unity.ugui/Runtime/UGUI/UI/Core/Toggle.cs
 0.1 kb	 0.0% Packages/com.unity.ugui/Runtime/UGUI/UI/Core/Slider.cs
 0.1 kb	 0.0% Packages/com.unity.ugui/Runtime/UGUI/UI/Core/RawImage.cs
 0.1 kb	 0.0% Packages/com.unity.ugui/Runtime/UGUI/UI/Core/Image.cs
 0.1 kb	 0.0% Packages/com.unity.ugui/Runtime/UGUI/UI/Core/IMask.cs
 0.1 kb	 0.0% Packages/com.unity.ugui/Runtime/UGUI/UI/Core/Graphic.cs
 0.1 kb	 0.0% Packages/com.unity.ugui/Runtime/UGUI/UI/Core/FontData.cs
 0.1 kb	 0.0% Packages/com.unity.ugui/Runtime/UGUI/UI/Core/Dropdown.cs
 0.1 kb	 0.0% Packages/com.unity.ugui/Runtime/UGUI/UI/Core/Culling/Clipping.cs
 0.1 kb	 0.0% Packages/com.unity.ugui/Runtime/UGUI/UI/Core/Button.cs
 0.1 kb	 0.0% Packages/com.unity.burst/Runtime/SharedStatic.cs
 0.1 kb	 0.0% Packages/com.unity.burst/Runtime/Intrinsics/x86/Ssse3.cs
 0.1 kb	 0.0% Packages/com.unity.burst/Runtime/Intrinsics/x86/Sse4_2.cs
 0.1 kb	 0.0% Packages/com.unity.burst/Runtime/Intrinsics/x86/Sse4_1.cs
 0.1 kb	 0.0% Packages/com.unity.burst/Runtime/Intrinsics/x86/Popcnt.cs
 0.1 kb	 0.0% Packages/com.unity.burst/Runtime/Intrinsics/x86/Common.cs
 0.1 kb	 0.0% Packages/com.unity.burst/Runtime/CompilerServices/Hint.cs
 0.1 kb	 0.0% Packages/com.unity.burst/Runtime/BurstString.cs
 0.1 kb	 0.0% Packages/com.unity.burst/Runtime/BurstRuntime.cs
 0.1 kb	 0.0% Assets/_Game/Scripts/Runtime/Quests/QuestLog.cs
 0.1 kb	 0.0% Assets/_Game/Scripts/Runtime/Localization/Language.cs
 0.1 kb	 0.0% Assets/_Game/Scripts/Runtime/Combat/Health.cs
 0.1 kb	 0.0% Assets/VFX_Klaus/Scripts/SpawnProjectiles.cs
 0.1 kb	 0.0% Assets/VFX_Klaus/Scripts/RotateToMouse.cs
 0.1 kb	 0.0% Assets/VFX_Klaus/Scripts/ProjectileMove.cs
 0.1 kb	 0.0% Assets/TriForge Assets/Fantasy Forest Environment/Scripts/TexturePan.cs
 0.1 kb	 0.0% Assets/Synty/PolygonGeneric/Scripts/Generic_WaterBob.cs
 0.1 kb	 0.0% Assets/Synty/PNB_Core/Scripts/WeatherControl.cs
 0.1 kb	 0.0% Assets/GSpawn - Level Designer/Scripts/UI/UISection.cs
 0.1 kb	 0.0% Assets/GSpawn - Level Designer/Scripts/UI/UIRefresh.cs
 0.1 kb	 0.0% Assets/GSpawn - Level Designer/Scripts/UI/UICopyPaste.cs
 0.1 kb	 0.0% Assets/GSpawn - Level Designer/Scripts/UI/Tree View/ITreeView.cs
 0.1 kb	 0.0% Assets/GSpawn - Level Designer/Scripts/UI/PluginWindow.cs
 0.1 kb	 0.0% Assets/GSpawn - Level Designer/Scripts/UI/ListView/IListView.cs
 0.1 kb	 0.0% Assets/GSpawn - Level Designer/Scripts/UI/Grid View/IGridView.cs
 0.1 kb	 0.0% Assets/GSpawn - Level Designer/Scripts/UI/GUIStyleDb.cs
 0.1 kb	 0.0% Assets/GSpawn - Level Designer/Scripts/Shapes/LineStrip.cs
 0.1 kb	 0.0% Assets/GSpawn - Level Designer/Scripts/Scene/SceneRayHit.cs
 0.1 kb	 0.0% Assets/GSpawn - Level Designer/Scripts/Scene/PluginScene.cs
 0.1 kb	 0.0% Assets/GSpawn - Level Designer/Scripts/Scene/ObjectRayHit.cs
 0.1 kb	 0.0% Assets/GSpawn - Level Designer/Scripts/Scene/GridRayHit.cs
 0.1 kb	 0.0% Assets/GSpawn - Level Designer/Scripts/Resource Pools/TexturePool.cs
 0.1 kb	 0.0% Assets/GSpawn - Level Designer/Scripts/Resource Pools/ShaderPool.cs
 0.1 kb	 0.0% Assets/GSpawn - Level Designer/Scripts/Resource Pools/MaterialPool.cs
 0.1 kb	 0.0% Assets/GSpawn - Level Designer/Scripts/Prefs/ObjectPrefs.cs
 0.1 kb	 0.0% Assets/GSpawn - Level Designer/Scripts/Prefs/InputPrefs.cs
 0.1 kb	 0.0% Assets/GSpawn - Level Designer/Scripts/Prefs/GridPrefs.cs
 0.1 kb	 0.0% Assets/GSpawn - Level Designer/Scripts/Prefs/GizmoPrefs.cs
 0.1 kb	 0.0% Assets/GSpawn - Level Designer/Scripts/Prefabs/RandomPrefab.cs
 0.1 kb	 0.0% Assets/GSpawn - Level Designer/Scripts/Prefabs/PrefabLib.cs
 0.1 kb	 0.0% Assets/GSpawn - Level Designer/Scripts/Prefabs/PrefabDataDb.cs
 0.1 kb	 0.0% Assets/GSpawn - Level Designer/Scripts/Prefabs/PrefabData.cs
 0.1 kb	 0.0% Assets/GSpawn - Level Designer/Scripts/Prefabs/PluginPrefab.cs
 0.1 kb	 0.0% Assets/GSpawn - Level Designer/Scripts/Prefabs/CurvePrefab.cs
 0.1 kb	 0.0% Assets/GSpawn - Level Designer/Scripts/Optimization/MeshCombiner.cs
 0.1 kb	 0.0% Assets/GSpawn - Level Designer/Scripts/Objects/Transform/TransformTRS.cs
 0.1 kb	 0.0% Assets/GSpawn - Level Designer/Scripts/Objects/ObjectScale.cs
 0.1 kb	 0.0% Assets/GSpawn - Level Designer/Scripts/Objects/ObjectGrid3D.cs
 0.1 kb	 0.0% Assets/GSpawn - Level Designer/Scripts/Objects/ObjectBounds.cs
 0.1 kb	 0.0% Assets/GSpawn - Level Designer/Scripts/Objects/Object Groups/ObjectGroup.cs
 0.1 kb	 0.0% Assets/GSpawn - Level Designer/Scripts/Objects/Masks/ObjectMask.cs
 0.1 kb	 0.0% Assets/GSpawn - Level Designer/Scripts/Mesh/PluginMeshDb.cs
 0.1 kb	 0.0% Assets/GSpawn - Level Designer/Scripts/Mesh/PluginMesh.cs
 0.1 kb	 0.0% Assets/GSpawn - Level Designer/Scripts/Mesh/MeshRayHit.cs
 0.1 kb	 0.0% Assets/GSpawn - Level Designer/Scripts/Mesh/Creation/CircleMesh.cs
 0.1 kb	 0.0% Assets/GSpawn - Level Designer/Scripts/Math/Splines/ISpline3D.cs
 0.1 kb	 0.0% Assets/GSpawn - Level Designer/Scripts/Math/Probability.cs
 0.1 kb	 0.0% Assets/GSpawn - Level Designer/Scripts/Math/Polygon3D.cs
 0.1 kb	 0.0% Assets/GSpawn - Level Designer/Scripts/Math/FlexiAxis.cs
 0.1 kb	 0.0% Assets/GSpawn - Level Designer/Scripts/Level Design/Object Spawn/TileRuleMask.cs
 0.1 kb	 0.0% Assets/GSpawn - Level Designer/Scripts/Level Design/Object Spawn/TileRuleGrid.cs
 0.1 kb	 0.0% Assets/GSpawn - Level Designer/Scripts/Level Design/Object Spawn/ObjectSpawn.cs
 0.1 kb	 0.0% Assets/GSpawn - Level Designer/Scripts/Level Design/Object Erase/ObjectErase.cs
 0.1 kb	 0.0% Assets/GSpawn - Level Designer/Scripts/Level Design/Int Pattern/IntPatternDb.cs
 0.1 kb	 0.0% Assets/GSpawn - Level Designer/Scripts/Level Design/Int Pattern/IntPattern.cs
 0.1 kb	 0.0% Assets/GSpawn - Level Designer/Scripts/Level Design/Gizmos/PluginGizmo.cs
 0.1 kb	 0.0% Assets/GSpawn - Level Designer/Scripts/Grid/PluginGrid.cs
 0.1 kb	 0.0% Assets/GSpawn - Level Designer/Scripts/Grid/GridHandles.cs
 0.1 kb	 0.0% Assets/GSpawn - Level Designer/Scripts/Export/DataExportUI.cs
 0.1 kb	 0.0% Assets/GSpawn - Level Designer/Scripts/Events/ObjectEvents.cs
 0.1 kb	 0.0% Assets/GSpawn - Level Designer/Scripts/Core/StringMatch.cs
 0.1 kb	 0.0% Assets/GSpawn - Level Designer/Scripts/Core/PluginGuid.cs
 0.1 kb	 0.0% Assets/GSpawn - Level Designer/Scripts/Core/FileSystem.cs
 0.1 kb	 0.0% Assets/GSpawn - Level Designer/Scripts/Core/Extensions/Vector4Ex.cs
 0.1 kb	 0.0% Assets/GSpawn - Level Designer/Scripts/Core/Extensions/Vector3IntEx.cs
 0.1 kb	 0.0% Assets/GSpawn - Level Designer/Scripts/Core/Extensions/Vector3Ex.cs
 0.1 kb	 0.0% Assets/GSpawn - Level Designer/Scripts/Core/Extensions/Vector2Ex.cs
 0.1 kb	 0.0% Assets/GSpawn - Level Designer/Scripts/Core/Extensions/TransformEx.cs
 0.1 kb	 0.0% Assets/GSpawn - Level Designer/Scripts/Core/Extensions/TextFieldEx.cs
 0.1 kb	 0.0% Assets/GSpawn - Level Designer/Scripts/Core/Extensions/TerrainEx.cs
 0.1 kb	 0.0% Assets/GSpawn - Level Designer/Scripts/Core/Extensions/SelectionEx.cs
 0.1 kb	 0.0% Assets/GSpawn - Level Designer/Scripts/Core/Extensions/ScrollViewEx.cs
 0.1 kb	 0.0% Assets/GSpawn - Level Designer/Scripts/Core/Extensions/SceneViewEx.cs
 0.1 kb	 0.0% Assets/GSpawn - Level Designer/Scripts/Core/Extensions/ReflectionEx.cs
 0.1 kb	 0.0% Assets/GSpawn - Level Designer/Scripts/Core/Extensions/QuaternionEx.cs
 0.1 kb	 0.0% Assets/GSpawn - Level Designer/Scripts/Core/Extensions/Matrix4x4Ex.cs
 0.1 kb	 0.0% Assets/GSpawn - Level Designer/Scripts/Core/Extensions/MaterialEx.cs
 0.1 kb	 0.0% Assets/GSpawn - Level Designer/Scripts/Core/Extensions/HandlesEx.cs
 0.1 kb	 0.0% Assets/GSpawn - Level Designer/Scripts/Core/Extensions/GameObjectEx.cs
 0.1 kb	 0.0% Assets/GSpawn - Level Designer/Scripts/Core/Extensions/FloatFieldEx.cs
 0.1 kb	 0.0% Assets/GSpawn - Level Designer/Scripts/Core/Extensions/EditorUIEx.cs
 0.1 kb	 0.0% Assets/GSpawn - Level Designer/Scripts/Core/Extensions/AssetDbEx.cs
 0.1 kb	 0.0% Assets/GSpawn - Level Designer/Scripts/Camera/PluginCamera.cs
 0.1 kb	 0.0% Assets/ExplosiveLLC/SuperCharacterController/Code/Examples/PlayerMachine.cs
 0.1 kb	 0.0% Assets/ExplosiveLLC/SuperCharacterController/Code/Core/SuperCollision.cs
 0.1 kb	 0.0% Assets/ExplosiveLLC/SuperCharacterController/Code/Core/SuperCollider.cs
 0.1 kb	 0.0% Assets/ExplosiveLLC/SuperCharacterController/Code/Core/CollisionSphere.cs
 0.1 kb	 0.0% Assets/ExplosiveLLC/PerfectLookAt/Code/PerfectLookAt.cs
 0.1 kb	 0.0% Assets/BruteForce-GrassShader/Scripts/BF_TractorCamera.cs
 0.1 kb	 0.0% Assets/BruteForce-GrassShader/Scripts/BF_SubShowcase.cs
 0.1 kb	 0.0% Assets/BruteForce-GrassShader/Scripts/BF_RainActivator.cs
 0.1 kb	 0.0% Assets/BruteForce-GrassShader/Scripts/BF_MowingTool.cs
 0.1 kb	 0.0% Assets/BruteForce-GrassShader/Scripts/BF_MowingManager.cs
 0.1 kb	 0.0% Assets/BruteForce-GrassShader/Scripts/BF_MeshExtrusion.cs
 0.1 kb	 0.0% Assets/BruteForce-GrassShader/Scripts/BF_FPSDisplay.cs
 0.1 kb	 0.0% Assets/BruteForce-GrassShader/Scripts/BF_BallPlayer.cs
 0.1 kb	 0.0% Assets/BruteForce-GrassShader/Scripts/BF_AssetManager.cs
 0.1 kb	 0.0% Assets/BruteForce-GrassShader/Extra/AA/Scripts/VelocityBuffer.cs
 0.1 kb	 0.0% Assets/BruteForce-GrassShader/Extra/AA/Scripts/FrustumJitter.cs
 0.1 kb	 0.0% Packages/com.unity.ugui/Runtime/TMP/TMP_Text.cs
 0.1 kb	 0.0% Packages/com.unity.burst/Runtime/Intrinsics/x86/Sse3.cs
 0.1 kb	 0.0% Packages/com.unity.burst/Runtime/Intrinsics/x86/Sse2.cs
 0.1 kb	 0.0% Packages/com.unity.burst/Runtime/Intrinsics/x86/Sse.cs
 0.1 kb	 0.0% Packages/com.unity.burst/Runtime/Intrinsics/x86/Fma.cs
 0.1 kb	 0.0% Packages/com.unity.burst/Runtime/Intrinsics/x86/F16C.cs
 0.1 kb	 0.0% Packages/com.unity.burst/Runtime/Intrinsics/x86/Csr.cs
 0.1 kb	 0.0% Packages/com.unity.burst/Runtime/Intrinsics/x86/Bmi2.cs
 0.1 kb	 0.0% Packages/com.unity.burst/Runtime/Intrinsics/x86/Bmi1.cs
 0.1 kb	 0.0% Packages/com.unity.burst/Runtime/Intrinsics/x86/Avx2.cs
 0.1 kb	 0.0% Packages/com.unity.burst/Runtime/Intrinsics/x86/Avx.cs
 0.1 kb	 0.0% Packages/com.unity.burst/Runtime/Intrinsics/v64.cs
 0.1 kb	 0.0% Packages/com.unity.burst/Runtime/Intrinsics/v256.cs
 0.1 kb	 0.0% Packages/com.unity.burst/Runtime/Intrinsics/v128.cs
 0.1 kb	 0.0% Packages/com.unity.burst/Runtime/Intrinsics/Arm/NEON.cs
 0.1 kb	 0.0% Packages/com.distantlands.cozy.core/Content/Resources/Default Profiles/Default Ambience.asset
 0.1 kb	 0.0% Assets/_Game/Scripts/Runtime/World/NearOnly.cs
 0.1 kb	 0.0% Assets/_Game/Scripts/Runtime/UI/UiFrames.cs
 0.1 kb	 0.0% Assets/_Game/Scripts/Runtime/UI/Tooltip.cs
 0.1 kb	 0.0% Assets/_Game/Scripts/Runtime/UI/Minimap.cs
 0.1 kb	 0.0% Assets/_Game/Scripts/Runtime/UI/MainMenu.cs
 0.1 kb	 0.0% Assets/_Game/Scripts/Runtime/UI/HudBar.cs
 0.1 kb	 0.0% Assets/_Game/Scripts/Runtime/Items/Merchant.cs
 0.1 kb	 0.0% Assets/_Game/Scripts/Runtime/Items/LootDrop.cs
 0.1 kb	 0.0% Assets/_Game/Scripts/Runtime/Dev/Wanderer.cs
 0.1 kb	 0.0% Assets/GSpawn - Level Designer/Scripts/Math/Triangle.cs
 0.1 kb	 0.0% Assets/GSpawn - Level Designer/Scripts/Math/PlaneId.cs
 0.1 kb	 0.0% Assets/ExplosiveLLC/RPG Character Mecanim Animation Pack/Demo Elements/Code/NPC.cs
 0.1 kb	 0.0% Assets/BruteForce-GrassShader/Extra/AA/Scripts/Extensions.cs
 0.1 kb	 0.0% Packages/com.unity.ugui/Runtime/UGUI/UI/Core/Text.cs
 0.1 kb	 0.0% Packages/com.unity.ugui/Runtime/UGUI/UI/Core/Misc.cs
 0.1 kb	 0.0% Packages/com.unity.ugui/Runtime/UGUI/UI/Core/Mask.cs
 0.1 kb	 0.0% Assets/PolygonNatureBiomes/PNB_Enchanted_Forest/Scripts/LightMotion.cs
 0.1 kb	 0.0% Assets/PolygonElvenRealm/Scripts/SimpleRotate.cs
 0.1 kb	 0.0% Assets/GSpawn - Level Designer/Scripts/UI/UIValues.cs
 0.1 kb	 0.0% Assets/GSpawn - Level Designer/Scripts/UI/UIHeader.cs
 0.1 kb	 0.0% Assets/GSpawn - Level Designer/Scripts/UI/PluginUI.cs
 0.1 kb	 0.0% Assets/GSpawn - Level Designer/Scripts/Shortcuts/Shortcut.cs
 0.1 kb	 0.0% Assets/GSpawn - Level Designer/Scripts/Shortcuts/KeyCombo.cs
 0.1 kb	 0.0% Assets/GSpawn - Level Designer/Scripts/Shapes/XYQuad3D.cs
 0.1 kb	 0.0% Assets/GSpawn - Level Designer/Scripts/Shapes/Shape3D.cs
 0.1 kb	 0.0% Assets/GSpawn - Level Designer/Scripts/Scene/RayHit.cs
 0.1 kb	 0.0% Assets/GSpawn - Level Designer/Scripts/Resource Pools/MeshPool.cs
 0.1 kb	 0.0% Assets/GSpawn - Level Designer/Scripts/Parsing/Parser.cs
 0.1 kb	 0.0% Assets/GSpawn - Level Designer/Scripts/Mesh/Creation/QuadMesh.cs
 0.1 kb	 0.0% Assets/GSpawn - Level Designer/Scripts/Mesh/Creation/LineMesh.cs
 0.1 kb	 0.0% Assets/GSpawn - Level Designer/Scripts/Mesh/Creation/BoxMesh.cs
 0.1 kb	 0.0% Assets/GSpawn - Level Designer/Scripts/Math/Symmetry.cs
 0.1 kb	 0.0% Assets/GSpawn - Level Designer/Scripts/Math/Sphere.cs
 0.1 kb	 0.0% Assets/GSpawn - Level Designer/Scripts/Math/Quad3D.cs
 0.1 kb	 0.0% Assets/GSpawn - Level Designer/Scripts/Math/Cylinder.cs
 0.1 kb	 0.0% Assets/GSpawn - Level Designer/Scripts/Math/Circle3D.cs
 0.1 kb	 0.0% Assets/GSpawn - Level Designer/Scripts/Math/Circle2D.cs
 0.1 kb	 0.0% Assets/GSpawn - Level Designer/Scripts/Math/Box3D.cs
 0.1 kb	 0.0% Assets/GSpawn - Level Designer/Scripts/Lexing/Lexer.cs
 0.1 kb	 0.0% Assets/GSpawn - Level Designer/Scripts/Level Design/Object Spawn/TileRule.cs
 0.1 kb	 0.0% Assets/GSpawn - Level Designer/Scripts/Input/Mouse.cs
 0.1 kb	 0.0% Assets/GSpawn - Level Designer/Scripts/Input/Keyboard.cs
 0.1 kb	 0.0% Assets/GSpawn - Level Designer/Scripts/GSpawn.cs
 0.1 kb	 0.0% Assets/GSpawn - Level Designer/Scripts/Core/Profile.cs
 0.1 kb	 0.0% Assets/GSpawn - Level Designer/Scripts/Core/Extensions/UndoEx.cs
 0.1 kb	 0.0% Assets/GSpawn - Level Designer/Scripts/Core/Extensions/StyleEx.cs
 0.1 kb	 0.0% Assets/GSpawn - Level Designer/Scripts/Core/Extensions/StringEx.cs
 0.1 kb	 0.0% Assets/GSpawn - Level Designer/Scripts/Core/Extensions/SpriteEx.cs
 0.1 kb	 0.0% Assets/GSpawn - Level Designer/Scripts/Core/Extensions/SceneEx.cs
 0.1 kb	 0.0% Assets/GSpawn - Level Designer/Scripts/Core/Extensions/RectEx.cs
 0.1 kb	 0.0% Assets/GSpawn - Level Designer/Scripts/Core/Extensions/RayEx.cs
 0.1 kb	 0.0% Assets/GSpawn - Level Designer/Scripts/Core/Extensions/PlaneEx.cs
 0.1 kb	 0.0% Assets/GSpawn - Level Designer/Scripts/Core/Extensions/MeshEx.cs
 0.1 kb	 0.0% Assets/GSpawn - Level Designer/Scripts/Core/Extensions/MathEx.cs
 0.1 kb	 0.0% Assets/GSpawn - Level Designer/Scripts/Core/Extensions/LayerEx.cs
 0.1 kb	 0.0% Assets/GSpawn - Level Designer/Scripts/Core/Extensions/GizmosEx.cs
 0.1 kb	 0.0% Assets/GSpawn - Level Designer/Scripts/Core/Extensions/GUIEx.cs
 0.1 kb	 0.0% Assets/GSpawn - Level Designer/Scripts/Core/Extensions/EventEx.cs
 0.1 kb	 0.0% Assets/GSpawn - Level Designer/Scripts/Core/Extensions/EnumEx.cs
 0.1 kb	 0.0% Assets/GSpawn - Level Designer/Scripts/Core/Extensions/ColorEx.cs
 0.1 kb	 0.0% Assets/GSpawn - Level Designer/Scripts/Core/Extensions/CameraEx.cs
 0.1 kb	 0.0% Assets/GSpawn - Level Designer/Scripts/Core/Core.cs
 0.1 kb	 0.0% Assets/ExplosiveLLC/SuperCharacterController/Code/Examples/PlayerCamera.cs
 0.1 kb	 0.0% Assets/ExplosiveLLC/SuperCharacterController/Code/DebugDraw.cs
 0.1 kb	 0.0% Assets/ExplosiveLLC/SuperCharacterController/Code/Core/SuperMath.cs
 0.1 kb	 0.0% Assets/ExplosiveLLC/PerfectLookAt/Code/FABRIKSolver.cs
 0.1 kb	 0.0% Assets/BruteForce-GrassShader/Scripts/BF_Terrain.cs
 0.1 kb	 0.0% Assets/BruteForce-GrassShader/Scripts/BF_MowingUI.cs
 0.1 kb	 0.0% Assets/BruteForce-GrassShader/Extra/AA/Scripts/EffectBase.cs
 0.1 kb	 0.0% Packages/com.distantlands.cozy.core/Content/Resources/Profiles/Ambience Profiles/Quiet.asset
 0.1 kb	 0.0% Assets/_Game/Scripts/Runtime/Audio/Sfx.cs
 0.1 kb	 0.0% Assets/BruteForce-GrassShader/Extra/Bloom/Bloom.cs
 0.1 kb	 0.0% Assets/TutorialInfo/Scripts/Readme.cs
 0.1 kb	 0.0% Assets/GSpawn - Level Designer/Scripts/UI/UI.cs
 0.1 kb	 0.0% Assets/GSpawn - Level Designer/Scripts/Math/Snap.cs
 0.1 kb	 0.0% Assets/GSpawn - Level Designer/Scripts/Math/OBB.cs
 0.1 kb	 0.0% Assets/GSpawn - Level Designer/Scripts/Math/AABB.cs
 0.1 kb	 0.0% Assets/GSpawn - Level Designer/Scripts/Core/Extensions/GLEx.cs
 0.1 kb	 0.0% Assets/ExplosiveLLC/SuperCharacterController/Code/Math3d.cs
 0.1 kb	 0.0% Assets/ExplosiveLLC/SuperCharacterController/Code/Examples/Gravity.cs
 0.1 kb	 0.0% Assets/ExplosiveLLC/SuperCharacterController/Code/Core/BSPTree.cs
 0.1 kb	 0.0% Packages/com.distantlands.cozy.core/Content/Resources/Profiles/Weighted Random Chance/Simple 50 Percent Chance.asset
 0.1 kb	 0.0% Assets/Resources/PerformanceTestRunSettings.json
 0.0 kb	 0.0% Packages/com.distantlands.cozy.core/Content/Resources/Profiles/Weighted Random Chance/False.asset
 0.0 kb	 0.0% Packages/com.distantlands.cozy.core/Content/Resources/Profiles/Weighted Random Chance/True.asset
-------------------------------------------------------------------------------
Unloading 0 Unused Serialized files (Serialized files now loaded: 0)
Unloading 235 unused Assets / (0.8 MB). Loaded Objects now: 8942.
Memory consumption went from 0.83 GB to 0.83 GB.
Total: 18.943700 ms (FindLiveObjects: 0.638500 ms CreateObjectMapping: 1.419500 ms MarkObjects: 9.083000 ms  DeleteObjects: 7.801600 ms)

DisplayProgressNotification: Build Successful
Build Finished, Result: Success.
##utp:{"success":true,"type":"PlayerBuildInfo","version":2,"phase":"Immediate","time":1787954615239,"processId":14880,"steps":[{"description":"Preprocess Player","duration":1786},{"description":"Prepare For Build","duration":5},{"description":"ProducePlayerScriptAssemblies","duration":1394},{"description":"Verify Build setup","duration":318},{"description":"Prepare assets for target platform","duration":0},{"description":"Prepare splash screen","duration":0},{"description":"Build scripts DLLs","duration":26},{"description":"Building scenes","duration":4248},{"description":"Build GlobalGameManagers file","duration":186},{"description":"Writing asset files","duration":5776},{"description":"Building Resources/unity_builtin_extra","duration":128},{"description":"Write data build dirty tracking information","duration":201},{"description":"Postprocess built player","duration":2434}],"duration":16502}
Unloading 3 Unused Serialized files (Serialized files now loaded: 0)
Loaded scene 'Temp/__Backupscenes/0.backup'
	Deserialize:            35.554 ms
	Integration:            390.261 ms
	Integration of assets:  6.732 ms
	Thread Wait Time:       0.010 ms
	Total Operation Time:   432.556 ms
Unloading 1 unused Assets / (5.3 MB). Loaded Objects now: 14971.
Memory consumption went from 0.90 GB to 0.89 GB.
Total: 17.106300 ms (FindLiveObjects: 1.058000 ms CreateObjectMapping: 2.097600 ms MarkObjects: 13.850400 ms  DeleteObjects: 0.098900 ms)

[IsoRPG] Готово, версия 0.7.0. Папка: D:\GAME Ai\Build\AdventuresOfZhenya
Архив: D:\GAME Ai\Build\AdventuresOfZhenya-0.7.0.zip
Размер сборки: 432,0 МБ, время 18 с.
UnityEngine.Debug:ExtractStackTraceNoAlloc (byte*,int,string)
UnityEngine.StackTraceUtility:ExtractStackTrace ()
UnityEngine.DebugLogHandler:Internal_Log (UnityEngine.LogType,UnityEngine.LogOption,string,UnityEngine.Object)
UnityEngine.DebugLogHandler:LogFormat (UnityEngine.LogType,UnityEngine.Object,string,object[])
UnityEngine.Logger:Log (UnityEngine.LogType,object)
UnityEngine.Debug:Log (object)
IsoRPG.EditorTools.GameBuilder:BuildGame () (at Assets/_Game/Scripts/Editor/GameBuilder.cs:132)
IsoRPG.EditorTools.PendingTasks:Execute (string) (at Assets/_Game/Scripts/Editor/PendingTasks.cs:366)
IsoRPG.EditorTools.PendingTasks:Run () (at Assets/_Game/Scripts/Editor/PendingTasks.cs:125)
IsoRPG.EditorTools.PendingTasks:RunNow () (at Assets/_Game/Scripts/Editor/PendingTasks.cs:72)
IsoRPG.EditorTools.BatchRunner:Run () (at Assets/_Game/Scripts/Editor/BatchRunner.cs:56)

(Filename: Assets/_Game/Scripts/Editor/GameBuilder.cs Line: 132)

[IsoRPG] Сцена и ассеты сохранены.
UnityEngine.Debug:ExtractStackTraceNoAlloc (byte*,int,string)
UnityEngine.StackTraceUtility:ExtractStackTrace ()
UnityEngine.DebugLogHandler:Internal_Log (UnityEngine.LogType,UnityEngine.LogOption,string,UnityEngine.Object)
UnityEngine.DebugLogHandler:LogFormat (UnityEngine.LogType,UnityEngine.Object,string,object[])
UnityEngine.Logger:Log (UnityEngine.LogType,object)
UnityEngine.Debug:Log (object)
IsoRPG.EditorTools.BatchRunner:Run () (at Assets/_Game/Scripts/Editor/BatchRunner.cs:65)

(Filename: Assets/_Game/Scripts/Editor/BatchRunner.cs Line: 65)

[IsoRPG] Пакетный запуск: готово.
UnityEngine.Debug:ExtractStackTraceNoAlloc (byte*,int,string)
UnityEngine.StackTraceUtility:ExtractStackTrace ()
UnityEngine.DebugLogHandler:Internal_Log (UnityEngine.LogType,UnityEngine.LogOption,string,UnityEngine.Object)
UnityEngine.DebugLogHandler:LogFormat (UnityEngine.LogType,UnityEngine.Object,string,object[])
UnityEngine.Logger:Log (UnityEngine.LogType,object)
UnityEngine.Debug:Log (object)
IsoRPG.EditorTools.BatchRunner:Run () (at Assets/_Game/Scripts/Editor/BatchRunner.cs:72)

(Filename: Assets/_Game/Scripts/Editor/BatchRunner.cs Line: 72)

Batchmode quit successfully invoked - shutting down!
[Physics::Module] Cleanup current backend.
[Physics::Module] Id: 0xf2b8ea05
Input System module state changed to: ShutdownInProgress.
Input Polling Thread exited.
Input System module state changed to: Shutdown.
[Licensing::IpcConnector] LicenseClient-OXBOX-notifications channel disconnected successfully.
[Licensing::IpcConnector] LicenseClient-OXBOX channel disconnected successfully.
Shut down.
Lingering sessions upon destruction of worker manager
AcceleratorClientConnectionCallback - disconnected - :0
Cleanup mono
CodeReloadManager destroyed
abort_threads: Failed aborting id: 000000000000380C, mono_thread_manage will ignore it

abort_threads: Failed aborting id: 0000000000003684, mono_thread_manage will ignore it

abort_threads: Failed aborting id: 000000000000380C, mono_thread_manage will ignore it

abort_threads: Failed aborting id: 0000000000003684, mono_thread_manage will ignore it

debugger-agent: Unable to listen on 3560
Exiting batchmode successfully now!
Exiting without the bug reporter. Application will terminate with return code 0