[Licensing::Module] Trying to connect to existing licensing client channel...
[Licensing::IpcConnector] Channel LicenseClient-OXBOX doesn't exist
Built from '6000.5/staging' branch; Version is '6000.5.9f1 (b57deb96f08d) revision 11894251'; Using compiler version '194234433'; Build Type 'Release'
OS: 'Windows 10  (10.0.19045) 64bit Professional' Language: 'ru' Physical Memory: 32633 MB
BatchMode: 1, IsHumanControllingUs: 0, StartBugReporterOnCrash: 0, Is64bit: 1
System  architecture: x64
Process architecture: x64
Date: 2026-08-28T23:46:39Z
[Licensing::Module] Successfully launched the LicensingClient (PId: 16368)

COMMAND LINE ARGUMENTS:
C:\Program Files\Unity\Hub\Editor\6000.5.9f1\Editor\Unity.exe
-batchmode
-quit
-projectPath
D:/GAME Ai/IsoRPG
-executeMethod
IsoRPG.EditorTools.BatchRunner.Run
-logFile
D:/GAME Ai/unity-fix.log
Successfully changed project path to: D:/GAME Ai/IsoRPG
D:/GAME Ai/IsoRPG
[UnityMemory] Configuration Parameters - Can be set up in boot.config
    "memorysetup-temp-allocator-size-gi-baking-worker=262144"
    "memorysetup-temp-allocator-size-gi-baking-worker=262144"
    "memorysetup-temp-allocator-size-gi-baking-worker=262144"
    "memorysetup-temp-allocator-size-gi-baking-worker=262144"
    "memorysetup-temp-allocator-size-gi-baking-worker=262144"
    "memorysetup-temp-allocator-size-nav-mesh-worker=65536"
    "memorysetup-temp-allocator-size-audio-worker=65536"
    "memorysetup-temp-allocator-size-cloud-worker=32768"
    "memorysetup-temp-allocator-size-gfx=262144"
    "memorysetup-remapper-allocator-initial-capacity=32768"
    "memorysetup-temp-allocator-size-preload-manager=33554432"
    "memorysetup-allocator-temp-initial-block-size-main=262144"
    "memorysetup-allocator-temp-initial-block-size-worker=262144"
    "memorysetup-temp-allocator-size-job-worker=262144"
    "memorysetup-temp-allocator-size-background-worker=32768"
    "memorysetup-bucket-allocator-granularity=16"
    "memorysetup-bucket-allocator-bucket-count=8"
    "memorysetup-bucket-allocator-block-size=33554432"
    "memorysetup-bucket-allocator-block-count=8"
    "memorysetup-main-allocator-block-size=16777216"
    "memorysetup-thread-allocator-block-size=16777216"
    "memorysetup-main-allocator-mimalloc-enabled=0"
    "memorysetup-gfx-main-allocator-block-size=16777216"
    "memorysetup-gfx-thread-allocator-block-size=16777216"
    "memorysetup-cache-allocator-block-size=4194304"
    "memorysetup-typetree-allocator-block-size=2097152"
    "memorysetup-profiler-bucket-allocator-granularity=16"
    "memorysetup-profiler-bucket-allocator-bucket-count=8"
    "memorysetup-profiler-bucket-allocator-block-size=33554432"
    "memorysetup-profiler-bucket-allocator-block-count=8"
    "memorysetup-profiler-allocator-block-size=16777216"
    "memorysetup-profiler-editor-allocator-block-size=1048576"
    "memorysetup-temp-allocator-size-main=16777216"
    "memorysetup-job-temp-allocator-block-size=2097152"
    "memorysetup-job-temp-allocator-block-size-background=1048576"
    "memorysetup-job-temp-allocator-reduction-small-platforms=262144"
Logging is directed to a specific file, skipping project log.Player connection [14560]  Target information:

Player connection [14560]  * "[IP] 192.168.50.79 [Port] 55504 [Flags] 2 [Guid] 1412091807 [EditorId] 1412091807 [Version] 1048832 [Id] WindowsEditor(7,HOME-PC) [Debug] 1 [PackageName] WindowsEditor [ProjectName] Editor" 

Player connection [14560] Host joined multi-casting on [225.0.0.222:54997]...
Player connection [14560] Host joined alternative multi-casting on [225.0.0.222:34997]...
Input System module state changed to: Initialized.
[Physics::Module] Initialized fallback backend.
[Physics::Module] Id: 0xdecafbad
Starting IPC server.
Waiting for clients to connect on \\.\pipe\Unity-LicenseClient-OXBOX, press Ctrl-C to exit.
[Licensing::IpcConnector] Successfully connected to: "LicenseClient-OXBOX" at "2026-08-28T23:46:39.4259546Z"
[Licensing::Client] Code 10 while verifying Licensing Client signature (process Id: 16368, path: "C:/Program Files/Unity/Hub/Editor/6000.5.9f1/Editor/Data/Resources/Licensing/Client/Unity.Licensing.Client.exe")
[Package Manager] Connected to IPC stream "Upm-5236" after 0.3 seconds.
[Licensing::Module] Licensing is not yet initialized.
[Licensing::Module] LicensingClient has failed validation; ignoring
[Licensing::Client] Handshaking with LicensingClient:
  Version:                 1.18.3+d7ffd15
  Session Id:              81ca84dbbdd6480983011d25792141d2
  Correlation Id:          31781de42d4e1628adbe95862ace6203
  External correlation Id: 6984871553945114435
  Machine Id:              19RmDKYJv1/zK4N+lW1e75F5Dx4=
[Licensing::Module] Successfully connected to LicensingClient on channel: "LicenseClient-OXBOX" (connect: 0.37s, validation: 0.07s, handshake: 0.05s)
[Licensing::IpcConnector] Successfully connected to: "LicenseClient-OXBOX-notifications" at "2026-08-28T23:46:39.5477336Z"
[Licensing::Module] Connected to LicensingClient (PId: 16368, launch time: 0.00, total connection time: 0.50s)
[Licensing::Module] Error: Access token is unavailable; failed to update
[Licensing::Client] Successfully resolved entitlement details
[Licensing::Module] License group:
  Id: 18968486056853-UnityPersXXXX
  Product: Unity Personal
  Type: Assigned
  Expiration: Unlimited
[Licensing::Client] Successfully updated license, isAsync: True, time: 0.01
[Licensing::Client] Successfully resolved entitlement details
[Licensing::Module] Licensing Background thread has ended after 0.54s
[Licensing::Module] Licensing is initialized (took 0.11s).
[Licensing::Client] Successfully resolved entitlement details
Library Redirect Path: Library/
[Physics::Module] Selected backend.
[Physics::Module] Name: PhysX
[Physics::Module] Id: 0xf2b8ea05
[Physics::Module] SDK Version: 4.1.2
[Physics::Module] Integration Version: 1.0.0
[Physics::Module] Threading Mode: Multi-Threaded
Initialize engine version: 6000.5.9f1 (b57deb96f08d)
[Subsystems] Discovering subsystems at path C:/Program Files/Unity/Hub/Editor/6000.5.9f1/Editor/Data/Resources/UnitySubsystems
[Subsystems] Discovering subsystems at path D:/GAME Ai/IsoRPG/Assets
GfxDevice: creating device client; kGfxThreadingModeNonThreaded
d3d12: failed to query info queue interface (0x80004002).
Direct3D:
    Version:         Direct3D 12 [level 12.2]
    Renderer:        AMD Radeon RX 6800 (ID=0x73bf)
    Vendor:          ATI
    VRAM:            16338 MB
    App VRAM Budget: 15570 MB
    Driver:          32.0.21045.5002
Initialize mono
Mono path[0] = 'C:/Program Files/Unity/Hub/Editor/6000.5.9f1/Editor/Data/Managed'
Mono path[1] = 'C:/Program Files/Unity/Hub/Editor/6000.5.9f1/Editor/Data/BCLExtensions/runtime/netstandard2.1'
Mono path[2] = 'C:/Program Files/Unity/Hub/Editor/6000.5.9f1/Editor/Data/MonoBleedingEdge/lib/mono/unityjit-win32'
Mono config path = 'C:/Program Files/Unity/Hub/Editor/6000.5.9f1/Editor/Data/MonoBleedingEdge/etc'
Using monoOptions --debugger-agent=transport=dt_socket,embedding=1,server=y,suspend=n,address=127.0.0.1:56236
CodeReloadManager initialized
ImportWorker Server TCP listen port: 0
AcceleratorClientConnectionCallback - disconnected - :0
Begin MonoManager ReloadAssembly
Registering precompiled unity dll's ...
Register platform support module: C:/Program Files/Unity/Hub/Editor/6000.5.9f1/Editor/Data/PlaybackEngines/WebGLSupport/UnityEditor.WebGL.Extensions.dll
Register platform support module: C:/Program Files/Unity/Hub/Editor/6000.5.9f1/Editor/Data/PlaybackEngines/WindowsStandaloneSupport/UnityEditor.WindowsStandalone.Extensions.dll
Registered in 0.002417 seconds.
Native extension for WindowsStandalone target not found
Native extension for WebGL target not found
Package Manager log level set to [2]
ScheduleIndexationOnStartup MainProcess:False IndexOnStartup:True
Mono: successfully reloaded assembly
- Finished resetting the current domain, in  0.546 seconds
Domain Reload Profiling: 1142ms
	BeginReloadAssembly (162ms)
		CreateAndSetChildDomain (12ms)
	RebuildCommonClasses (5ms)
	RebuildNativeTypeToScriptingClass (21ms)
	initialDomainReloadingComplete (73ms)
	LoadAllAssembliesAndSetupDomain (334ms)
		LoadAssemblies (147ms)
		AnalyzeDomain (245ms)
			TypeCache.Refresh (244ms)
				TypeCache.ScanAssembly (227ms)
	FinalizeReload (547ms)
		SetupLoadedEditorAssemblies (0ms)
			InitializePlatformSupportModulesInManaged (3ms)
			BeforeProcessingInitializeOnLoad (105ms)
			ProcessInitializeOnLoadAttributes (109ms)
			ProcessInitializeOnLoadMethodAttributes (248ms)
[Licensing::Client] Successfully resolved entitlement details
Application.AssetDatabase Initial Refresh Start
[Package Manager] Restoring resolved packages state from cache
[Licensing::Client] Successfully resolved entitlement details
[Package Manager] Registered 58 packages:
  Packages from [https://packages.unity.com]:
    com.unity.ai.navigation@2.0.14 (location: D:\GAME Ai\IsoRPG\Library\PackageCache\com.unity.ai.navigation@134dd6a3b97b)
    com.unity.collab-proxy@2.13.6 (location: D:\GAME Ai\IsoRPG\Library\PackageCache\com.unity.collab-proxy@4628d2ba6ea4)
    com.unity.ide.rider@3.0.38 (location: D:\GAME Ai\IsoRPG\Library\PackageCache\com.unity.ide.rider@1f60b3138684)
    com.unity.ide.visualstudio@2.0.26 (location: D:\GAME Ai\IsoRPG\Library\PackageCache\com.unity.ide.visualstudio@a99d56dec63f)
    com.unity.inputsystem@1.20.0 (location: D:\GAME Ai\IsoRPG\Library\PackageCache\com.unity.inputsystem@7a4e1a2a8194)
    com.unity.timeline@1.8.12 (location: D:\GAME Ai\IsoRPG\Library\PackageCache\com.unity.timeline@8cd8509afae5)
    com.unity.visualscripting@1.9.12 (location: D:\GAME Ai\IsoRPG\Library\PackageCache\com.unity.visualscripting@4edfcc09512f)
    com.unity.searcher@4.9.5 (location: D:\GAME Ai\IsoRPG\Library\PackageCache\com.unity.searcher@a463122f2c00)
    com.unity.burst@1.8.30 (location: D:\GAME Ai\IsoRPG\Library\PackageCache\com.unity.burst@2f3d916873ea)
    com.unity.nuget.mono-cecil@1.11.6 (location: D:\GAME Ai\IsoRPG\Library\PackageCache\com.unity.nuget.mono-cecil@ecb9724e46ff)
    com.unity.test-framework.performance@3.5.0 (location: D:\GAME Ai\IsoRPG\Library\PackageCache\com.unity.test-framework.performance@8b56083ec0f0)
  Built-in packages:
    com.unity.multiplayer.center@1.0.1 (location: D:\GAME Ai\IsoRPG\Library\PackageCache\com.unity.multiplayer.center@b860850997d0)
    com.unity.render-pipelines.universal@17.5.0 (location: D:\GAME Ai\IsoRPG\Library\PackageCache\com.unity.render-pipelines.universal@d7774c218bdf)
    com.unity.shadergraph@17.5.0 (location: D:\GAME Ai\IsoRPG\Library\PackageCache\com.unity.shadergraph@8d7376ec43ee)
    com.unity.test-framework@1.7.0 (location: D:\GAME Ai\IsoRPG\Library\PackageCache\com.unity.test-framework@1405238725ab)
    com.unity.ugui@2.5.0 (location: D:\GAME Ai\IsoRPG\Library\PackageCache\com.unity.ugui@1c4864518158)
    com.unity.modules.accessibility@1.0.0 (location: D:\GAME Ai\IsoRPG\Library\PackageCache\com.unity.modules.accessibility)
    com.unity.modules.adaptiveperformance@1.0.0 (location: D:\GAME Ai\IsoRPG\Library\PackageCache\com.unity.modules.adaptiveperformance)
    com.unity.modules.ai@1.0.0 (location: D:\GAME Ai\IsoRPG\Library\PackageCache\com.unity.modules.ai)
    com.unity.modules.androidjni@1.0.0 (location: D:\GAME Ai\IsoRPG\Library\PackageCache\com.unity.modules.androidjni)
    com.unity.modules.animation@1.0.0 (location: D:\GAME Ai\IsoRPG\Library\PackageCache\com.unity.modules.animation)
    com.unity.modules.assetbundle@1.0.0 (location: D:\GAME Ai\IsoRPG\Library\PackageCache\com.unity.modules.assetbundle)
    com.unity.modules.audio@1.0.0 (location: D:\GAME Ai\IsoRPG\Library\PackageCache\com.unity.modules.audio)
    com.unity.modules.cloth@1.0.0 (location: D:\GAME Ai\IsoRPG\Library\PackageCache\com.unity.modules.cloth)
    com.unity.modules.director@1.0.0 (location: D:\GAME Ai\IsoRPG\Library\PackageCache\com.unity.modules.director)
    com.unity.modules.imageconversion@1.0.0 (location: D:\GAME Ai\IsoRPG\Library\PackageCache\com.unity.modules.imageconversion)
    com.unity.modules.imgui@1.0.0 (location: D:\GAME Ai\IsoRPG\Library\PackageCache\com.unity.modules.imgui)
    com.unity.modules.jsonserialize@1.0.0 (location: D:\GAME Ai\IsoRPG\Library\PackageCache\com.unity.modules.jsonserialize)
    com.unity.modules.particlesystem@1.0.0 (location: D:\GAME Ai\IsoRPG\Library\PackageCache\com.unity.modules.particlesystem)
    com.unity.modules.physics@1.0.0 (location: D:\GAME Ai\IsoRPG\Library\PackageCache\com.unity.modules.physics)
    com.unity.modules.physics2d@1.0.0 (location: D:\GAME Ai\IsoRPG\Library\PackageCache\com.unity.modules.physics2d)
    com.unity.modules.physicscore2d@1.0.0 (location: D:\GAME Ai\IsoRPG\Library\PackageCache\com.unity.modules.physicscore2d)
    com.unity.modules.screencapture@1.0.0 (location: D:\GAME Ai\IsoRPG\Library\PackageCache\com.unity.modules.screencapture)
    com.unity.modules.terrain@1.0.0 (location: D:\GAME Ai\IsoRPG\Library\PackageCache\com.unity.modules.terrain)
    com.unity.modules.terrainphysics@1.0.0 (location: D:\GAME Ai\IsoRPG\Library\PackageCache\com.unity.modules.terrainphysics)
    com.unity.modules.tilemap@1.0.0 (location: D:\GAME Ai\IsoRPG\Library\PackageCache\com.unity.modules.tilemap)
    com.unity.modules.ui@1.0.0 (location: D:\GAME Ai\IsoRPG\Library\PackageCache\com.unity.modules.ui)
    com.unity.modules.uielements@1.0.0 (location: D:\GAME Ai\IsoRPG\Library\PackageCache\com.unity.modules.uielements)
    com.unity.modules.umbra@1.0.0 (location: D:\GAME Ai\IsoRPG\Library\PackageCache\com.unity.modules.umbra)
    com.unity.modules.unityanalytics@1.0.0 (location: D:\GAME Ai\IsoRPG\Library\PackageCache\com.unity.modules.unityanalytics)
    com.unity.modules.unitywebrequest@1.0.0 (location: D:\GAME Ai\IsoRPG\Library\PackageCache\com.unity.modules.unitywebrequest)
    com.unity.modules.unitywebrequestassetbundle@1.0.0 (location: D:\GAME Ai\IsoRPG\Library\PackageCache\com.unity.modules.unitywebrequestassetbundle)
    com.unity.modules.unitywebrequestaudio@1.0.0 (location: D:\GAME Ai\IsoRPG\Library\PackageCache\com.unity.modules.unitywebrequestaudio)
    com.unity.modules.unitywebrequesttexture@1.0.0 (location: D:\GAME Ai\IsoRPG\Library\PackageCache\com.unity.modules.unitywebrequesttexture)
    com.unity.modules.unitywebrequestwww@1.0.0 (location: D:\GAME Ai\IsoRPG\Library\PackageCache\com.unity.modules.unitywebrequestwww)
    com.unity.modules.vectorgraphics@1.0.0 (location: D:\GAME Ai\IsoRPG\Library\PackageCache\com.unity.modules.vectorgraphics)
    com.unity.modules.vehicles@1.0.0 (location: D:\GAME Ai\IsoRPG\Library\PackageCache\com.unity.modules.vehicles)
    com.unity.modules.video@1.0.0 (location: D:\GAME Ai\IsoRPG\Library\PackageCache\com.unity.modules.video)
    com.unity.modules.wind@1.0.0 (location: D:\GAME Ai\IsoRPG\Library\PackageCache\com.unity.modules.wind)
    com.unity.modules.xr@1.0.0 (location: D:\GAME Ai\IsoRPG\Library\PackageCache\com.unity.modules.xr)
    com.unity.modules.subsystems@1.0.0 (location: D:\GAME Ai\IsoRPG\Library\PackageCache\com.unity.modules.subsystems)
    com.unity.modules.hierarchycore@1.0.0 (location: D:\GAME Ai\IsoRPG\Library\PackageCache\com.unity.modules.hierarchycore)
    com.unity.ext.nunit@2.1.0 (location: D:\GAME Ai\IsoRPG\Library\PackageCache\com.unity.ext.nunit@44f7d31723bd)
    com.unity.render-pipelines.core@17.5.0 (location: D:\GAME Ai\IsoRPG\Library\PackageCache\com.unity.render-pipelines.core@a4c9a9793789)
    com.unity.render-pipelines.universal-config@17.5.0 (location: D:\GAME Ai\IsoRPG\Library\PackageCache\com.unity.render-pipelines.universal-config@fdda01c80fe3)
    com.unity.collections@6.5.0 (location: D:\GAME Ai\IsoRPG\Library\PackageCache\com.unity.collections@ec2c217e4cb2)
    com.unity.mathematics@1.4.0 (location: D:\GAME Ai\IsoRPG\Library\PackageCache\com.unity.mathematics@981956d94fb6)
  Embedded packages:
    com.distantlands.cozy.core@file:D:\GAME Ai\IsoRPG\Packages\com.distantlands.cozy.core (location: D:\GAME Ai\IsoRPG\Packages\com.distantlands.cozy.core)
[Subsystems] No new subsystems found in resolved package list.
[Package Manager] Done registering packages in 0.02 seconds
[ScriptCompilation] Requested script compilation because: AssetDatabase observed changes in script compilation related files
info: Microsoft.Hosting.Lifetime[14]
      Now listening on: http://localhost:80
info: Microsoft.Hosting.Lifetime[0]
      Application started. Press Ctrl+C to shut down.
info: Microsoft.Hosting.Lifetime[0]
      Hosting environment: Production
info: Microsoft.Hosting.Lifetime[0]
      Content root path: D:\GAME Ai\IsoRPG
info: Microsoft.AspNetCore.Hosting.Diagnostics[1]
      Request starting HTTP/2 POST http://ilpp/UnityILPP.PostProcessing/Ping - application/grpc -
info: Microsoft.AspNetCore.Routing.EndpointMiddleware[0]
      Executing endpoint 'gRPC - /UnityILPP.PostProcessing/Ping'
info: Microsoft.AspNetCore.Routing.EndpointMiddleware[1]
      Executed endpoint 'gRPC - /UnityILPP.PostProcessing/Ping'
info: Microsoft.AspNetCore.Hosting.Diagnostics[2]
      Request finished HTTP/2 POST http://ilpp/UnityILPP.PostProcessing/Ping - 200 - application/grpc 30.7069ms
Starting: C:\Program Files\Unity\Hub\Editor\6000.5.9f1\Editor\Data\Tools\BuildPipeline\bee_backend.exe --ipc --defer-dag-verification --dagfile="Library/Bee/1900b0aE.dag" --continue-on-failure --profile="Library/Bee/backend1.traceevents" ScriptAssemblies
WorkingDir: D:/GAME Ai/IsoRPG
info: Microsoft.AspNetCore.Hosting.Diagnostics[1]
      Request starting HTTP/2 POST http://ilpp/UnityILPP.PostProcessing/ConfigurePostProcessors - application/grpc -
info: Microsoft.AspNetCore.Routing.EndpointMiddleware[0]
      Executing endpoint 'gRPC - /UnityILPP.PostProcessing/ConfigurePostProcessors'
warn: Unity.ILPP.Runner.PostProcessingAssemblyLoadContext[0]
      Assembly system.runtime.interopservices.windowsruntime has duplicate hint path. Ignoring "C:\Program Files\Unity\Hub\Editor\6000.5.9f1\Editor\Data\UnityReferenceAssemblies\unity-4.8-api\Facades\System.Runtime.InteropServices.WindowsRuntime.dll" in favor of "C:\Program Files\Unity\Hub\Editor\6000.5.9f1\Editor\Data\NetStandard\Extensions\2.0.0\System.Runtime.InteropServices.WindowsRuntime.dll"
warn: Unity.ILPP.Runner.PostProcessingAssemblyLoadContext[0]
      Assembly system.componentmodel.composition has duplicate hint path. Ignoring "C:\Program Files\Unity\Hub\Editor\6000.5.9f1\Editor\Data\UnityReferenceAssemblies\unity-4.8-api\System.ComponentModel.Composition.dll" in favor of "C:\Program Files\Unity\Hub\Editor\6000.5.9f1\Editor\Data\NetStandard\compat\2.1.0\shims\netfx\System.ComponentModel.Composition.dll"
DisplayProgressbar: Compiling Scripts
info: Unity.ILPP.Runner.PostProcessingAssemblyLoadContext[0]
      Resolved Unity.Burst.Cecil, Version=0.11.6.0, Culture=neutral, PublicKeyToken=50cebf1cceb9d05e with Library\PackageCache\com.unity.burst@2f3d916873ea\Unity.Burst.CodeGen\Unity.Burst.Cecil.dll
info: Unity.ILPP.Runner.PostProcessingAssemblyLoadContext[0]
      Resolved Mono.Cecil, Version=0.11.5.0, Culture=neutral, PublicKeyToken=50cebf1cceb9d05e with Library\PackageCache\com.unity.nuget.mono-cecil@ecb9724e46ff\Mono.Cecil.dll
info: Microsoft.AspNetCore.Routing.EndpointMiddleware[1]
      Executed endpoint 'gRPC - /UnityILPP.PostProcessing/ConfigurePostProcessors'
info: Microsoft.AspNetCore.Hosting.Diagnostics[2]
      Request finished HTTP/2 POST http://ilpp/UnityILPP.PostProcessing/ConfigurePostProcessors - 200 - application/grpc 121.9758ms
info: Microsoft.AspNetCore.Hosting.Diagnostics[1]
      Request starting HTTP/2 POST http://ilpp/UnityILPP.PostProcessing/PostProcessAssembly - application/grpc -
info: Microsoft.AspNetCore.Routing.EndpointMiddleware[0]
      Executing endpoint 'gRPC - /UnityILPP.PostProcessing/PostProcessAssembly'
info: Unity.ILPP.Runner.PostProcessingPipeline[0]
      Processing assembly Library/Bee/artifacts/1900b0aE.dag/Assembly-CSharp-Editor.dll, with 144 defines and 364 references
info: Unity.ILPP.Runner.PostProcessingPipeline[0]
      processors: Unity.Jobs.CodeGen.JobsILPostProcessor, zzzUnity.Burst.CodeGen.BurstILPostProcessor
info: Unity.ILPP.Runner.PostProcessingPipeline[0]
      running Unity.Jobs.CodeGen.JobsILPostProcessor
info: Unity.ILPP.Runner.PostProcessingAssemblyLoadContext[0]
      Resolved Unity.Collections, Version=0.0.0.0, Culture=neutral, PublicKeyToken=null with Library\Bee\artifacts\1900b0aE.dag\Unity.Collections.dll
info: Unity.ILPP.Runner.PostProcessingAssemblyLoadContext[0]
      Resolved UnityEditor.CoreModule, Version=0.0.0.0, Culture=neutral, PublicKeyToken=null with C:\Program Files\Unity\Hub\Editor\6000.5.9f1\Editor\Data\Managed\UnityEngine\UnityEditor.CoreModule.dll
info: Unity.ILPP.Runner.PostProcessingAssemblyLoadContext[0]
      Resolved UnityEngine.CoreModule, Version=0.0.0.0, Culture=neutral, PublicKeyToken=null with C:\Program Files\Unity\Hub\Editor\6000.5.9f1\Editor\Data\Managed\UnityEngine\UnityEngine.CoreModule.dll
info: Unity.ILPP.Runner.PostProcessingAssemblyLoadContext[0]
      Resolved Unity.Scripting, Version=0.0.0.0, Culture=neutral, PublicKeyToken=null with C:\Program Files\Unity\Hub\Editor\6000.5.9f1\Editor\Data\Managed\UnityEngine\Unity.Scripting.dll
info: Unity.ILPP.Runner.PostProcessingPipeline[0]
      running zzzUnity.Burst.CodeGen.BurstILPostProcessor
info: Unity.ILPP.Runner.PostProcessingAssemblyLoadContext[0]
      Resolved Unity.Burst.Cecil.Rocks, Version=0.11.6.0, Culture=neutral, PublicKeyToken=50cebf1cceb9d05e with Library\PackageCache\com.unity.burst@2f3d916873ea\Unity.Burst.CodeGen\Unity.Burst.Cecil.Rocks.dll
info: Microsoft.AspNetCore.Routing.EndpointMiddleware[1]
      Executed endpoint 'gRPC - /UnityILPP.PostProcessing/PostProcessAssembly'
info: Microsoft.AspNetCore.Hosting.Diagnostics[2]
      Request finished HTTP/2 POST http://ilpp/UnityILPP.PostProcessing/PostProcessAssembly - 200 - application/grpc 1086.0241ms
[ApiUpdater] Total time: 1182ms, Parse response file: 65ms, Collect updater configs: 132ms, Update: 982ms, Save: 3ms Files: 2 modified / 2 visited / 106 total (Library/Bee/artifacts/1900b0aE.dag/Assembly-CSharp-Editor.dll).
ExitCode: 0 Duration: 3s207ms
[520/957    0s] WriteResponseFile Library/Bee/artifacts/rsp/4747638433968585886.rsp
[751/957    0s] ILPP-Configuration Library/ilpp-configuration.nevergeneratedoutput
[953/957    1s] Csc Library/Bee/artifacts/1900b0aE.dag/Assembly-CSharp-Editor.dll (+2 others)
Assets\Synty\PolygonGeneric\Shaders\InterfaceOverrides\Editor\polygonShaderTransparent_UI.cs(20,29): warning CS0618: 'GraphicsSettings.renderPipelineAsset' is obsolete: 'renderPipelineAsset has been deprecated. Use defaultRenderPipeline instead (UnityUpgradable) -> defaultRenderPipeline'

Assets\Synty\PolygonGeneric\Shaders\InterfaceOverrides\Editor\polygonShader_UI.cs(19,29): warning CS0618: 'GraphicsSettings.renderPipelineAsset' is obsolete: 'renderPipelineAsset has been deprecated. Use defaultRenderPipeline instead (UnityUpgradable) -> defaultRenderPipeline'

Assets\_Game\Scripts\Editor\AvatarFix.cs(58,55): warning CS0618: 'FindObjectsSortMode' is obsolete: 'FindObjectsSortMode has been deprecated. Use the FindObjectsByType overloads that do not take a FindObjectsSortMode parameter.'

Assets\_Game\Scripts\Editor\AvatarFix.cs(57,38): warning CS0618: 'Object.FindObjectsByType<T>(FindObjectsInactive, FindObjectsSortMode)' is obsolete: 'FindObjectsByType with FindObjectsSortMode parameter has been deprecated. Use FindObjectsByType<T>() or FindObjectsByType<T>(FindObjectsInactive) instead. InstanceID will be replaced in the future with EntityId and previous sort order cannot be maintained.'

Assets\_Game\Scripts\Editor\CozySky.cs(79,59): warning CS0618: 'FindObjectsSortMode' is obsolete: 'FindObjectsSortMode has been deprecated. Use the FindObjectsByType overloads that do not take a FindObjectsSortMode parameter.'

Assets\_Game\Scripts\Editor\CozySky.cs(78,39): warning CS0618: 'Object.FindObjectsByType<T>(FindObjectsInactive, FindObjectsSortMode)' is obsolete: 'FindObjectsByType with FindObjectsSortMode parameter has been deprecated. Use FindObjectsByType<T>() or FindObjectsByType<T>(FindObjectsInactive) instead. InstanceID will be replaced in the future with EntityId and previous sort order cannot be maintained.'

Assets\_Game\Scripts\Editor\CozySky.cs(138,55): warning CS0618: 'FindObjectsSortMode' is obsolete: 'FindObjectsSortMode has been deprecated. Use the FindObjectsByType overloads that do not take a FindObjectsSortMode parameter.'

Assets\_Game\Scripts\Editor\CozySky.cs(137,35): warning CS0618: 'Object.FindObjectsByType<T>(FindObjectsInactive, FindObjectsSortMode)' is obsolete: 'FindObjectsByType with FindObjectsSortMode parameter has been deprecated. Use FindObjectsByType<T>() or FindObjectsByType<T>(FindObjectsInactive) instead. InstanceID will be replaced in the future with EntityId and previous sort order cannot be maintained.'

Assets\_Game\Scripts\Editor\DaylightSetup.cs(42,55): warning CS0618: 'FindObjectsSortMode' is obsolete: 'FindObjectsSortMode has been deprecated. Use the FindObjectsByType overloads that do not take a FindObjectsSortMode parameter.'

Assets\_Game\Scripts\Editor\DaylightSetup.cs(41,23): warning CS0618: 'Object.FindObjectsByType<T>(FindObjectsInactive, FindObjectsSortMode)' is obsolete: 'FindObjectsByType with FindObjectsSortMode parameter has been deprecated. Use FindObjectsByType<T>() or FindObjectsByType<T>(FindObjectsInactive) instead. InstanceID will be replaced in the future with EntityId and previous sort order cannot be maintained.'

Assets\_Game\Scripts\Editor\EnviroSetup.cs(94,66): warning CS0618: 'FindObjectsSortMode' is obsolete: 'FindObjectsSortMode has been deprecated. Use the FindObjectsByType overloads that do not take a FindObjectsSortMode parameter.'

Assets\_Game\Scripts\Editor\EnviroSetup.cs(93,35): warning CS0618: 'Object.FindObjectsByType<T>(FindObjectsInactive, FindObjectsSortMode)' is obsolete: 'FindObjectsByType with FindObjectsSortMode parameter has been deprecated. Use FindObjectsByType<T>() or FindObjectsByType<T>(FindObjectsInactive) instead. InstanceID will be replaced in the future with EntityId and previous sort order cannot be maintained.'

Assets\_Game\Scripts\Editor\DungeonProbe.cs(157,26): warning CS0618: 'Object.FindFirstObjectByType<T>()' is obsolete: 'FindFirstObjectByType has been deprecated because it relies on instance ID ordering. Use FindAnyObjectByType instead, which does not depend on ordering.'

Assets\_Game\Scripts\Editor\EnviroSetup.cs(197,66): warning CS0618: 'FindObjectsSortMode' is obsolete: 'FindObjectsSortMode has been deprecated. Use the FindObjectsByType overloads that do not take a FindObjectsSortMode parameter.'

Assets\_Game\Scripts\Editor\EnviroSetup.cs(196,35): warning CS0618: 'Object.FindObjectsByType<T>(FindObjectsInactive, FindObjectsSortMode)' is obsolete: 'FindObjectsByType with FindObjectsSortMode parameter has been deprecated. Use FindObjectsByType<T>() or FindObjectsByType<T>(FindObjectsInactive) instead. InstanceID will be replaced in the future with EntityId and previous sort order cannot be maintained.'

Assets\_Game\Scripts\Editor\WallProbe.cs(150,46): warning CS0618: 'FindObjectsSortMode' is obsolete: 'FindObjectsSortMode has been deprecated. Use the FindObjectsByType overloads that do not take a FindObjectsSortMode parameter.'

Assets\_Game\Scripts\Editor\WallProbe.cs(149,29): warning CS0618: 'Object.FindObjectsByType<T>(FindObjectsInactive, FindObjectsSortMode)' is obsolete: 'FindObjectsByType with FindObjectsSortMode parameter has been deprecated. Use FindObjectsByType<T>() or FindObjectsByType<T>(FindObjectsInactive) instead. InstanceID will be replaced in the future with EntityId and previous sort order cannot be maintained.'

Assets\_Game\Scripts\Editor\WallProbe.cs(171,46): warning CS0618: 'FindObjectsSortMode' is obsolete: 'FindObjectsSortMode has been deprecated. Use the FindObjectsByType overloads that do not take a FindObjectsSortMode parameter.'

Assets\_Game\Scripts\Editor\WallProbe.cs(170,23): warning CS0618: 'Object.FindObjectsByType<T>(FindObjectsInactive, FindObjectsSortMode)' is obsolete: 'FindObjectsByType with FindObjectsSortMode parameter has been deprecated. Use FindObjectsByType<T>() or FindObjectsByType<T>(FindObjectsInactive) instead. InstanceID will be replaced in the future with EntityId and previous sort order cannot be maintained.'

Assets\_Game\Scripts\Editor\HeroParade.cs(72,60): warning CS0618: 'FindObjectsSortMode' is obsolete: 'FindObjectsSortMode has been deprecated. Use the FindObjectsByType overloads that do not take a FindObjectsSortMode parameter.'

Assets\_Game\Scripts\Editor\HeroParade.cs(71,27): warning CS0618: 'Object.FindObjectsByType<T>(FindObjectsInactive, FindObjectsSortMode)' is obsolete: 'FindObjectsByType with FindObjectsSortMode parameter has been deprecated. Use FindObjectsByType<T>() or FindObjectsByType<T>(FindObjectsInactive) instead. InstanceID will be replaced in the future with EntityId and previous sort order cannot be maintained.'

Assets\_Game\Scripts\Editor\NavBake.cs(50,46): warning CS0618: 'FindObjectsSortMode' is obsolete: 'FindObjectsSortMode has been deprecated. Use the FindObjectsByType overloads that do not take a FindObjectsSortMode parameter.'

Assets\_Game\Scripts\Editor\NavBake.cs(49,27): warning CS0618: 'Object.FindObjectsByType<T>(FindObjectsInactive, FindObjectsSortMode)' is obsolete: 'FindObjectsByType with FindObjectsSortMode parameter has been deprecated. Use FindObjectsByType<T>() or FindObjectsByType<T>(FindObjectsInactive) instead. InstanceID will be replaced in the future with EntityId and previous sort order cannot be maintained.'

Assets\_Game\Scripts\Editor\OfficialConvert.cs(39,39): warning CS0618: 'ConverterContainerId' is obsolete: 'ConverterContainerId has been deprecated.'

Assets\_Game\Scripts\Editor\OfficialConvert.cs(39,13): warning CS0618: 'Converters.RunInBatchMode(ConverterContainerId)' is obsolete: 'RunInBatchMode(ConverterContainerId) has been deprecated. Please use RunInBatchMode(string) or upgrade using UnityEditor.Rendering.Universal.Converters.RunInBatchModeCmdLine instead.'

Assets\_Game\Scripts\Editor\NavProbe.cs(64,46): warning CS0618: 'FindObjectsSortMode' is obsolete: 'FindObjectsSortMode has been deprecated. Use the FindObjectsByType overloads that do not take a FindObjectsSortMode parameter.'

Assets\_Game\Scripts\Editor\NavProbe.cs(63,28): warning CS0618: 'Object.FindObjectsByType<T>(FindObjectsInactive, FindObjectsSortMode)' is obsolete: 'FindObjectsByType with FindObjectsSortMode parameter has been deprecated. Use FindObjectsByType<T>() or FindObjectsByType<T>(FindObjectsInactive) instead. InstanceID will be replaced in the future with EntityId and previous sort order cannot be maintained.'

Assets\_Game\Scripts\Editor\NavProbe.cs(67,46): warning CS0618: 'FindObjectsSortMode' is obsolete: 'FindObjectsSortMode has been deprecated. Use the FindObjectsByType overloads that do not take a FindObjectsSortMode parameter.'

Assets\_Game\Scripts\Editor\NavProbe.cs(66,26): warning CS0618: 'Object.FindObjectsByType<T>(FindObjectsInactive, FindObjectsSortMode)' is obsolete: 'FindObjectsByType with FindObjectsSortMode parameter has been deprecated. Use FindObjectsByType<T>() or FindObjectsByType<T>(FindObjectsInactive) instead. InstanceID will be replaced in the future with EntityId and previous sort order cannot be maintained.'

Assets\_Game\Scripts\Editor\NavProbe.cs(106,28): warning CS0618: 'Object.FindFirstObjectByType<T>(FindObjectsInactive)' is obsolete: 'FindFirstObjectByType has been deprecated because it relies on instance ID ordering. Use FindAnyObjectByType instead, which does not depend on ordering.'

Assets\_Game\Scripts\Editor\OldPurge.cs(62,55): warning CS0618: 'FindObjectsSortMode' is obsolete: 'FindObjectsSortMode has been deprecated. Use the FindObjectsByType overloads that do not take a FindObjectsSortMode parameter.'

Assets\_Game\Scripts\Editor\OldPurge.cs(61,38): warning CS0618: 'Object.FindObjectsByType<T>(FindObjectsInactive, FindObjectsSortMode)' is obsolete: 'FindObjectsByType with FindObjectsSortMode parameter has been deprecated. Use FindObjectsByType<T>() or FindObjectsByType<T>(FindObjectsInactive) instead. InstanceID will be replaced in the future with EntityId and previous sort order cannot be maintained.'

Assets\_Game\Scripts\Editor\LightProbe.cs(35,46): warning CS0618: 'FindObjectsSortMode' is obsolete: 'FindObjectsSortMode has been deprecated. Use the FindObjectsByType overloads that do not take a FindObjectsSortMode parameter.'

Assets\_Game\Scripts\Editor\LightProbe.cs(34,26): warning CS0618: 'Object.FindObjectsByType<T>(FindObjectsInactive, FindObjectsSortMode)' is obsolete: 'FindObjectsByType with FindObjectsSortMode parameter has been deprecated. Use FindObjectsByType<T>() or FindObjectsByType<T>(FindObjectsInactive) instead. InstanceID will be replaced in the future with EntityId and previous sort order cannot be maintained.'

Assets\_Game\Scripts\Editor\PostFxBuilder.cs(75,69): warning CS0618: 'FindObjectsSortMode' is obsolete: 'FindObjectsSortMode has been deprecated. Use the FindObjectsByType overloads that do not take a FindObjectsSortMode parameter.'

Assets\_Game\Scripts\Editor\PostFxBuilder.cs(75,36): warning CS0618: 'Object.FindObjectsByType<T>(FindObjectsSortMode)' is obsolete: 'FindObjectsByType with FindObjectsSortMode parameter has been deprecated. Use FindObjectsByType<T>() or FindObjectsByType<T>(FindObjectsInactive) instead. InstanceID will be replaced in the future with EntityId and previous sort order cannot be maintained.'

Assets\_Game\Scripts\Editor\PostFxBuilder.cs(103,69): warning CS0618: 'FindObjectsSortMode' is obsolete: 'FindObjectsSortMode has been deprecated. Use the FindObjectsByType overloads that do not take a FindObjectsSortMode parameter.'

Assets\_Game\Scripts\Editor\PostFxBuilder.cs(103,36): warning CS0618: 'Object.FindObjectsByType<T>(FindObjectsSortMode)' is obsolete: 'FindObjectsByType with FindObjectsSortMode parameter has been deprecated. Use FindObjectsByType<T>() or FindObjectsByType<T>(FindObjectsInactive) instead. InstanceID will be replaced in the future with EntityId and previous sort order cannot be maintained.'

Assets\_Game\Scripts\Editor\PnbAnalyze.cs(40,55): warning CS0618: 'FindObjectsSortMode' is obsolete: 'FindObjectsSortMode has been deprecated. Use the FindObjectsByType overloads that do not take a FindObjectsSortMode parameter.'

Assets\_Game\Scripts\Editor\PnbAnalyze.cs(39,31): warning CS0618: 'Object.FindObjectsByType<T>(FindObjectsInactive, FindObjectsSortMode)' is obsolete: 'FindObjectsByType with FindObjectsSortMode parameter has been deprecated. Use FindObjectsByType<T>() or FindObjectsByType<T>(FindObjectsInactive) instead. InstanceID will be replaced in the future with EntityId and previous sort order cannot be maintained.'

Assets\_Game\Scripts\Editor\PnbAnalyze.cs(64,55): warning CS0618: 'FindObjectsSortMode' is obsolete: 'FindObjectsSortMode has been deprecated. Use the FindObjectsByType overloads that do not take a FindObjectsSortMode parameter.'

Assets\_Game\Scripts\Editor\PnbAnalyze.cs(63,31): warning CS0618: 'Object.FindObjectsByType<T>(FindObjectsInactive, FindObjectsSortMode)' is obsolete: 'FindObjectsByType with FindObjectsSortMode parameter has been deprecated. Use FindObjectsByType<T>() or FindObjectsByType<T>(FindObjectsInactive) instead. InstanceID will be replaced in the future with EntityId and previous sort order cannot be maintained.'

Assets\_Game\Scripts\Editor\TreeSwap.cs(70,60): warning CS0618: 'FindObjectsSortMode' is obsolete: 'FindObjectsSortMode has been deprecated. Use the FindObjectsByType overloads that do not take a FindObjectsSortMode parameter.'

Assets\_Game\Scripts\Editor\TreeSwap.cs(69,23): warning CS0618: 'Object.FindObjectsByType<T>(FindObjectsInactive, FindObjectsSortMode)' is obsolete: 'FindObjectsByType with FindObjectsSortMode parameter has been deprecated. Use FindObjectsByType<T>() or FindObjectsByType<T>(FindObjectsInactive) instead. InstanceID will be replaced in the future with EntityId and previous sort order cannot be maintained.'

Assets\_Game\Scripts\Editor\TreeSwap.cs(118,63): warning CS0618: 'FindObjectsSortMode' is obsolete: 'FindObjectsSortMode has been deprecated. Use the FindObjectsByType overloads that do not take a FindObjectsSortMode parameter.'

Assets\_Game\Scripts\Editor\TreeSwap.cs(117,26): warning CS0618: 'Object.FindObjectsByType<T>(FindObjectsInactive, FindObjectsSortMode)' is obsolete: 'FindObjectsByType with FindObjectsSortMode parameter has been deprecated. Use FindObjectsByType<T>() or FindObjectsByType<T>(FindObjectsInactive) instead. InstanceID will be replaced in the future with EntityId and previous sort order cannot be maintained.'

Assets\_Game\Scripts\Editor\TreeSwap.cs(167,62): warning CS0618: 'FindObjectsSortMode' is obsolete: 'FindObjectsSortMode has been deprecated. Use the FindObjectsByType overloads that do not take a FindObjectsSortMode parameter.'

Assets\_Game\Scripts\Editor\TreeSwap.cs(166,25): warning CS0618: 'Object.FindObjectsByType<T>(FindObjectsInactive, FindObjectsSortMode)' is obsolete: 'FindObjectsByType with FindObjectsSortMode parameter has been deprecated. Use FindObjectsByType<T>() or FindObjectsByType<T>(FindObjectsInactive) instead. InstanceID will be replaced in the future with EntityId and previous sort order cannot be maintained.'

Assets\_Game\Scripts\Editor\PnbAnalyze.cs(209,55): warning CS0618: 'FindObjectsSortMode' is obsolete: 'FindObjectsSortMode has been deprecated. Use the FindObjectsByType overloads that do not take a FindObjectsSortMode parameter.'

Assets\_Game\Scripts\Editor\PnbAnalyze.cs(208,31): warning CS0618: 'Object.FindObjectsByType<T>(FindObjectsInactive, FindObjectsSortMode)' is obsolete: 'FindObjectsByType with FindObjectsSortMode parameter has been deprecated. Use FindObjectsByType<T>() or FindObjectsByType<T>(FindObjectsInactive) instead. InstanceID will be replaced in the future with EntityId and previous sort order cannot be maintained.'

Assets\_Game\Scripts\Editor\SceneWeight.cs(32,46): warning CS0618: 'FindObjectsSortMode' is obsolete: 'FindObjectsSortMode has been deprecated. Use the FindObjectsByType overloads that do not take a FindObjectsSortMode parameter.'

Assets\_Game\Scripts\Editor\SceneWeight.cs(31,28): warning CS0618: 'Object.FindObjectsByType<T>(FindObjectsInactive, FindObjectsSortMode)' is obsolete: 'FindObjectsByType with FindObjectsSortMode parameter has been deprecated. Use FindObjectsByType<T>() or FindObjectsByType<T>(FindObjectsInactive) instead. InstanceID will be replaced in the future with EntityId and previous sort order cannot be maintained.'

Assets\_Game\Scripts\Editor\SceneWeight.cs(91,55): warning CS0618: 'FindObjectsSortMode' is obsolete: 'FindObjectsSortMode has been deprecated. Use the FindObjectsByType overloads that do not take a FindObjectsSortMode parameter.'

Assets\_Game\Scripts\Editor\SceneWeight.cs(90,32): warning CS0618: 'Object.FindObjectsByType<T>(FindObjectsInactive, FindObjectsSortMode)' is obsolete: 'FindObjectsByType with FindObjectsSortMode parameter has been deprecated. Use FindObjectsByType<T>() or FindObjectsByType<T>(FindObjectsInactive) instead. InstanceID will be replaced in the future with EntityId and previous sort order cannot be maintained.'

Assets\_Game\Scripts\Editor\SceneEye.cs(150,55): warning CS0618: 'FindObjectsSortMode' is obsolete: 'FindObjectsSortMode has been deprecated. Use the FindObjectsByType overloads that do not take a FindObjectsSortMode parameter.'

Assets\_Game\Scripts\Editor\SceneEye.cs(149,38): warning CS0618: 'Object.FindObjectsByType<T>(FindObjectsInactive, FindObjectsSortMode)' is obsolete: 'FindObjectsByType with FindObjectsSortMode parameter has been deprecated. Use FindObjectsByType<T>() or FindObjectsByType<T>(FindObjectsInactive) instead. InstanceID will be replaced in the future with EntityId and previous sort order cannot be maintained.'

Assets\_Game\Scripts\Editor\TreeNavFix.cs(46,62): warning CS0618: 'FindObjectsSortMode' is obsolete: 'FindObjectsSortMode has been deprecated. Use the FindObjectsByType overloads that do not take a FindObjectsSortMode parameter.'

Assets\_Game\Scripts\Editor\TreeNavFix.cs(45,25): warning CS0618: 'Object.FindObjectsByType<T>(FindObjectsInactive, FindObjectsSortMode)' is obsolete: 'FindObjectsByType with FindObjectsSortMode parameter has been deprecated. Use FindObjectsByType<T>() or FindObjectsByType<T>(FindObjectsInactive) instead. InstanceID will be replaced in the future with EntityId and previous sort order cannot be maintained.'

Assets\_Game\Scripts\Editor\SyntyForest.cs(65,46): warning CS0618: 'FindObjectsSortMode' is obsolete: 'FindObjectsSortMode has been deprecated. Use the FindObjectsByType overloads that do not take a FindObjectsSortMode parameter.'

Assets\_Game\Scripts\Editor\SyntyForest.cs(64,27): warning CS0618: 'Object.FindObjectsByType<T>(FindObjectsInactive, FindObjectsSortMode)' is obsolete: 'FindObjectsByType with FindObjectsSortMode parameter has been deprecated. Use FindObjectsByType<T>() or FindObjectsByType<T>(FindObjectsInactive) instead. InstanceID will be replaced in the future with EntityId and previous sort order cannot be maintained.'

Assets\_Game\Scripts\Editor\SceneProbe.cs(36,64): warning CS0618: 'FindObjectsSortMode' is obsolete: 'FindObjectsSortMode has been deprecated. Use the FindObjectsByType overloads that do not take a FindObjectsSortMode parameter.'

Assets\_Game\Scripts\Editor\SceneProbe.cs(35,29): warning CS0618: 'Object.FindObjectsByType<T>(FindObjectsInactive, FindObjectsSortMode)' is obsolete: 'FindObjectsByType with FindObjectsSortMode parameter has been deprecated. Use FindObjectsByType<T>() or FindObjectsByType<T>(FindObjectsInactive) instead. InstanceID will be replaced in the future with EntityId and previous sort order cannot be maintained.'

Assets\_Game\Scripts\Editor\SceneProbe.cs(79,26): warning CS0618: 'Object.FindFirstObjectByType<T>()' is obsolete: 'FindFirstObjectByType has been deprecated because it relies on instance ID ordering. Use FindAnyObjectByType instead, which does not depend on ordering.'

Assets\_Game\Scripts\Editor\SceneProbe.cs(141,58): warning CS0618: 'FindObjectsSortMode' is obsolete: 'FindObjectsSortMode has been deprecated. Use the FindObjectsByType overloads that do not take a FindObjectsSortMode parameter.'

Assets\_Game\Scripts\Editor\SceneProbe.cs(140,26): warning CS0618: 'Object.FindObjectsByType<T>(FindObjectsInactive, FindObjectsSortMode)' is obsolete: 'FindObjectsByType with FindObjectsSortMode parameter has been deprecated. Use FindObjectsByType<T>() or FindObjectsByType<T>(FindObjectsInactive) instead. InstanceID will be replaced in the future with EntityId and previous sort order cannot be maintained.'

Assets\_Game\Scripts\Editor\SceneProbe.cs(154,60): warning CS0618: 'FindObjectsSortMode' is obsolete: 'FindObjectsSortMode has been deprecated. Use the FindObjectsByType overloads that do not take a FindObjectsSortMode parameter.'

Assets\_Game\Scripts\Editor\SceneProbe.cs(153,27): warning CS0618: 'Object.FindObjectsByType<T>(FindObjectsInactive, FindObjectsSortMode)' is obsolete: 'FindObjectsByType with FindObjectsSortMode parameter has been deprecated. Use FindObjectsByType<T>() or FindObjectsByType<T>(FindObjectsInactive) instead. InstanceID will be replaced in the future with EntityId and previous sort order cannot be maintained.'

Assets\_Game\Scripts\Editor\SceneProbe.cs(168,70): warning CS0618: 'FindObjectsSortMode' is obsolete: 'FindObjectsSortMode has been deprecated. Use the FindObjectsByType overloads that do not take a FindObjectsSortMode parameter.'

Assets\_Game\Scripts\Editor\SceneProbe.cs(168,29): warning CS0618: 'Object.FindObjectsByType<T>(FindObjectsSortMode)' is obsolete: 'FindObjectsByType with FindObjectsSortMode parameter has been deprecated. Use FindObjectsByType<T>() or FindObjectsByType<T>(FindObjectsInactive) instead. InstanceID will be replaced in the future with EntityId and previous sort order cannot be maintained.'

Assets\_Game\Scripts\Editor\PnbAnalyze.cs(287,46): warning CS0618: 'FindObjectsSortMode' is obsolete: 'FindObjectsSortMode has been deprecated. Use the FindObjectsByType overloads that do not take a FindObjectsSortMode parameter.'

Assets\_Game\Scripts\Editor\PnbAnalyze.cs(286,27): warning CS0618: 'Object.FindObjectsByType<T>(FindObjectsInactive, FindObjectsSortMode)' is obsolete: 'FindObjectsByType with FindObjectsSortMode parameter has been deprecated. Use FindObjectsByType<T>() or FindObjectsByType<T>(FindObjectsInactive) instead. InstanceID will be replaced in the future with EntityId and previous sort order cannot be maintained.'

Assets\_Game\Scripts\Editor\PnbAnalyze.cs(310,55): warning CS0618: 'FindObjectsSortMode' is obsolete: 'FindObjectsSortMode has been deprecated. Use the FindObjectsByType overloads that do not take a FindObjectsSortMode parameter.'

Assets\_Game\Scripts\Editor\PnbAnalyze.cs(309,31): warning CS0618: 'Object.FindObjectsByType<T>(FindObjectsInactive, FindObjectsSortMode)' is obsolete: 'FindObjectsByType with FindObjectsSortMode parameter has been deprecated. Use FindObjectsByType<T>() or FindObjectsByType<T>(FindObjectsInactive) instead. InstanceID will be replaced in the future with EntityId and previous sort order cannot be maintained.'

Assets\_Game\Scripts\Editor\SyntyForest.cs(110,46): warning CS0618: 'FindObjectsSortMode' is obsolete: 'FindObjectsSortMode has been deprecated. Use the FindObjectsByType overloads that do not take a FindObjectsSortMode parameter.'

Assets\_Game\Scripts\Editor\SyntyForest.cs(109,27): warning CS0618: 'Object.FindObjectsByType<T>(FindObjectsInactive, FindObjectsSortMode)' is obsolete: 'FindObjectsByType with FindObjectsSortMode parameter has been deprecated. Use FindObjectsByType<T>() or FindObjectsByType<T>(FindObjectsInactive) instead. InstanceID will be replaced in the future with EntityId and previous sort order cannot be maintained.'

Assets\_Game\Scripts\Editor\SyntyWater.cs(47,46): warning CS0618: 'FindObjectsSortMode' is obsolete: 'FindObjectsSortMode has been deprecated. Use the FindObjectsByType overloads that do not take a FindObjectsSortMode parameter.'

Assets\_Game\Scripts\Editor\SyntyWater.cs(46,27): warning CS0618: 'Object.FindObjectsByType<T>(FindObjectsInactive, FindObjectsSortMode)' is obsolete: 'FindObjectsByType with FindObjectsSortMode parameter has been deprecated. Use FindObjectsByType<T>() or FindObjectsByType<T>(FindObjectsInactive) instead. InstanceID will be replaced in the future with EntityId and previous sort order cannot be maintained.'

Assets\_Game\Scripts\Editor\SyntyRoom.cs(92,29): warning CS0162: Unreachable code detected

Assets\_Game\Scripts\Editor\TerrainRelief.cs(42,46): warning CS0618: 'FindObjectsSortMode' is obsolete: 'FindObjectsSortMode has been deprecated. Use the FindObjectsByType overloads that do not take a FindObjectsSortMode parameter.'

Assets\_Game\Scripts\Editor\TerrainRelief.cs(41,27): warning CS0618: 'Object.FindObjectsByType<T>(FindObjectsInactive, FindObjectsSortMode)' is obsolete: 'FindObjectsByType with FindObjectsSortMode parameter has been deprecated. Use FindObjectsByType<T>() or FindObjectsByType<T>(FindObjectsInactive) instead. InstanceID will be replaced in the future with EntityId and previous sort order cannot be maintained.'

Assets\_Game\Scripts\Editor\SyntySky.cs(78,55): warning CS0618: 'FindObjectsSortMode' is obsolete: 'FindObjectsSortMode has been deprecated. Use the FindObjectsByType overloads that do not take a FindObjectsSortMode parameter.'

Assets\_Game\Scripts\Editor\SyntySky.cs(77,33): warning CS0618: 'Object.FindObjectsByType<T>(FindObjectsInactive, FindObjectsSortMode)' is obsolete: 'FindObjectsByType with FindObjectsSortMode parameter has been deprecated. Use FindObjectsByType<T>() or FindObjectsByType<T>(FindObjectsInactive) instead. InstanceID will be replaced in the future with EntityId and previous sort order cannot be maintained.'

Assets\_Game\Scripts\Editor\SyntySky.cs(163,55): warning CS0618: 'FindObjectsSortMode' is obsolete: 'FindObjectsSortMode has been deprecated. Use the FindObjectsByType overloads that do not take a FindObjectsSortMode parameter.'

Assets\_Game\Scripts\Editor\SyntySky.cs(162,33): warning CS0618: 'Object.FindObjectsByType<T>(FindObjectsInactive, FindObjectsSortMode)' is obsolete: 'FindObjectsByType with FindObjectsSortMode parameter has been deprecated. Use FindObjectsByType<T>() or FindObjectsByType<T>(FindObjectsInactive) instead. InstanceID will be replaced in the future with EntityId and previous sort order cannot be maintained.'

Assets\_Game\Scripts\Editor\SyntyMeadow.cs(91,46): warning CS0618: 'FindObjectsSortMode' is obsolete: 'FindObjectsSortMode has been deprecated. Use the FindObjectsByType overloads that do not take a FindObjectsSortMode parameter.'

Assets\_Game\Scripts\Editor\SyntyMeadow.cs(90,27): warning CS0618: 'Object.FindObjectsByType<T>(FindObjectsInactive, FindObjectsSortMode)' is obsolete: 'FindObjectsByType with FindObjectsSortMode parameter has been deprecated. Use FindObjectsByType<T>() or FindObjectsByType<T>(FindObjectsInactive) instead. InstanceID will be replaced in the future with EntityId and previous sort order cannot be maintained.'

Assets\_Game\Scripts\Editor\TerrainRelief.cs(190,46): warning CS0618: 'FindObjectsSortMode' is obsolete: 'FindObjectsSortMode has been deprecated. Use the FindObjectsByType overloads that do not take a FindObjectsSortMode parameter.'

Assets\_Game\Scripts\Editor\TerrainRelief.cs(189,27): warning CS0618: 'Object.FindObjectsByType<T>(FindObjectsInactive, FindObjectsSortMode)' is obsolete: 'FindObjectsByType with FindObjectsSortMode parameter has been deprecated. Use FindObjectsByType<T>() or FindObjectsByType<T>(FindObjectsInactive) instead. InstanceID will be replaced in the future with EntityId and previous sort order cannot be maintained.'

Assets\_Game\Scripts\Editor\PendingTasks.cs(260,63): warning CS0618: 'FindObjectsSortMode' is obsolete: 'FindObjectsSortMode has been deprecated. Use the FindObjectsByType overloads that do not take a FindObjectsSortMode parameter.'

Assets\_Game\Scripts\Editor\PendingTasks.cs(259,39): warning CS0618: 'Object.FindObjectsByType<T>(FindObjectsInactive, FindObjectsSortMode)' is obsolete: 'FindObjectsByType with FindObjectsSortMode parameter has been deprecated. Use FindObjectsByType<T>() or FindObjectsByType<T>(FindObjectsInactive) instead. InstanceID will be replaced in the future with EntityId and previous sort order cannot be maintained.'

Assets\_Game\Scripts\Editor\PendingTasks.cs(649,67): warning CS0618: 'FindObjectsSortMode' is obsolete: 'FindObjectsSortMode has been deprecated. Use the FindObjectsByType overloads that do not take a FindObjectsSortMode parameter.'

Assets\_Game\Scripts\Editor\PendingTasks.cs(648,49): warning CS0618: 'Object.FindObjectsByType<T>(FindObjectsInactive, FindObjectsSortMode)' is obsolete: 'FindObjectsByType with FindObjectsSortMode parameter has been deprecated. Use FindObjectsByType<T>() or FindObjectsByType<T>(FindObjectsInactive) instead. InstanceID will be replaced in the future with EntityId and previous sort order cannot be maintained.'

Assets\_Game\Scripts\Editor\PendingTasks.cs(748,67): warning CS0618: 'FindObjectsSortMode' is obsolete: 'FindObjectsSortMode has been deprecated. Use the FindObjectsByType overloads that do not take a FindObjectsSortMode parameter.'

Assets\_Game\Scripts\Editor\PendingTasks.cs(747,43): warning CS0618: 'Object.FindObjectsByType<T>(FindObjectsInactive, FindObjectsSortMode)' is obsolete: 'FindObjectsByType with FindObjectsSortMode parameter has been deprecated. Use FindObjectsByType<T>() or FindObjectsByType<T>(FindObjectsInactive) instead. InstanceID will be replaced in the future with EntityId and previous sort order cannot be maintained.'

Assets\_Game\Scripts\Editor\PendingTasks.cs(817,67): warning CS0618: 'FindObjectsSortMode' is obsolete: 'FindObjectsSortMode has been deprecated. Use the FindObjectsByType overloads that do not take a FindObjectsSortMode parameter.'

Assets\_Game\Scripts\Editor\PendingTasks.cs(816,43): warning CS0618: 'Object.FindObjectsByType<T>(FindObjectsInactive, FindObjectsSortMode)' is obsolete: 'FindObjectsByType with FindObjectsSortMode parameter has been deprecated. Use FindObjectsByType<T>() or FindObjectsByType<T>(FindObjectsInactive) instead. InstanceID will be replaced in the future with EntityId and previous sort order cannot be maintained.'

Assets\_Game\Scripts\Editor\PendingTasks.cs(852,67): warning CS0618: 'FindObjectsSortMode' is obsolete: 'FindObjectsSortMode has been deprecated. Use the FindObjectsByType overloads that do not take a FindObjectsSortMode parameter.'

Assets\_Game\Scripts\Editor\PendingTasks.cs(851,43): warning CS0618: 'Object.FindObjectsByType<T>(FindObjectsInactive, FindObjectsSortMode)' is obsolete: 'FindObjectsByType with FindObjectsSortMode parameter has been deprecated. Use FindObjectsByType<T>() or FindObjectsByType<T>(FindObjectsInactive) instead. InstanceID will be replaced in the future with EntityId and previous sort order cannot be maintained.'

Assets\_Game\Scripts\Editor\SyntyRoom.cs(287,26): warning CS0618: 'Object.FindFirstObjectByType<T>()' is obsolete: 'FindFirstObjectByType has been deprecated because it relies on instance ID ordering. Use FindAnyObjectByType instead, which does not depend on ordering.'

Assets\_Game\Scripts\Editor\SyntySky.cs(202,56): warning CS0618: 'FindObjectsSortMode' is obsolete: 'FindObjectsSortMode has been deprecated. Use the FindObjectsByType overloads that do not take a FindObjectsSortMode parameter.'

Assets\_Game\Scripts\Editor\SyntySky.cs(201,23): warning CS0618: 'Object.FindObjectsByType<T>(FindObjectsInactive, FindObjectsSortMode)' is obsolete: 'FindObjectsByType with FindObjectsSortMode parameter has been deprecated. Use FindObjectsByType<T>() or FindObjectsByType<T>(FindObjectsInactive) instead. InstanceID will be replaced in the future with EntityId and previous sort order cannot be maintained.'

Assets\_Game\Scripts\Editor\SyntySky.cs(301,55): warning CS0618: 'FindObjectsSortMode' is obsolete: 'FindObjectsSortMode has been deprecated. Use the FindObjectsByType overloads that do not take a FindObjectsSortMode parameter.'

Assets\_Game\Scripts\Editor\SyntySky.cs(300,35): warning CS0618: 'Object.FindObjectsByType<T>(FindObjectsInactive, FindObjectsSortMode)' is obsolete: 'FindObjectsByType with FindObjectsSortMode parameter has been deprecated. Use FindObjectsByType<T>() or FindObjectsByType<T>(FindObjectsInactive) instead. InstanceID will be replaced in the future with EntityId and previous sort order cannot be maintained.'

Assets\_Game\Scripts\Editor\SyntyMeadow.cs(291,46): warning CS0618: 'FindObjectsSortMode' is obsolete: 'FindObjectsSortMode has been deprecated. Use the FindObjectsByType overloads that do not take a FindObjectsSortMode parameter.'

Assets\_Game\Scripts\Editor\SyntyMeadow.cs(290,27): warning CS0618: 'Object.FindObjectsByType<T>(FindObjectsInactive, FindObjectsSortMode)' is obsolete: 'FindObjectsByType with FindObjectsSortMode parameter has been deprecated. Use FindObjectsByType<T>() or FindObjectsByType<T>(FindObjectsInactive) instead. InstanceID will be replaced in the future with EntityId and previous sort order cannot be maintained.'

Assets\_Game\Scripts\Editor\SyntySky.cs(409,55): warning CS0618: 'FindObjectsSortMode' is obsolete: 'FindObjectsSortMode has been deprecated. Use the FindObjectsByType overloads that do not take a FindObjectsSortMode parameter.'

Assets\_Game\Scripts\Editor\SyntySky.cs(408,33): warning CS0618: 'Object.FindObjectsByType<T>(FindObjectsInactive, FindObjectsSortMode)' is obsolete: 'FindObjectsByType with FindObjectsSortMode parameter has been deprecated. Use FindObjectsByType<T>() or FindObjectsByType<T>(FindObjectsInactive) instead. InstanceID will be replaced in the future with EntityId and previous sort order cannot be maintained.'
[954/957    1s] ILPostProcess Library/Bee/artifacts/1900b0aE.dag/post-processed/Assembly-CSharp-Editor.dll (+pdb)
Processing assembly Library/Bee/artifacts/1900b0aE.dag/Assembly-CSharp-Editor.dll, with 144 defines and 364 references

processors: Unity.Jobs.CodeGen.JobsILPostProcessor, zzzUnity.Burst.CodeGen.BurstILPostProcessor

running Unity.Jobs.CodeGen.JobsILPostProcessor

running zzzUnity.Burst.CodeGen.BurstILPostProcessor
[955/957    0s] CopyFiles Library/ScriptAssemblies/Assembly-CSharp-Editor.pdb
[956/957    0s] CopyFiles Library/ScriptAssemblies/Assembly-CSharp-Editor.dll
*** Tundra build success (3.18 seconds), 6 items updated, 957 evaluated
[API Updater] Updated Files:
Skipping ScriptUpdater consent dialog. Consent declined based on command line parameters.
Finished running ScriptUpdaters
Assets\Synty\PolygonGeneric\Shaders\InterfaceOverrides\Editor\polygonShaderTransparent_UI.cs(20,29): warning CS0618: 'GraphicsSettings.renderPipelineAsset' is obsolete: 'renderPipelineAsset has been deprecated. Use defaultRenderPipeline instead (UnityUpgradable) -> defaultRenderPipeline'
Assets\Synty\PolygonGeneric\Shaders\InterfaceOverrides\Editor\polygonShader_UI.cs(19,29): warning CS0618: 'GraphicsSettings.renderPipelineAsset' is obsolete: 'renderPipelineAsset has been deprecated. Use defaultRenderPipeline instead (UnityUpgradable) -> defaultRenderPipeline'
Assets\_Game\Scripts\Editor\AvatarFix.cs(58,55): warning CS0618: 'FindObjectsSortMode' is obsolete: 'FindObjectsSortMode has been deprecated. Use the FindObjectsByType overloads that do not take a FindObjectsSortMode parameter.'
Assets\_Game\Scripts\Editor\AvatarFix.cs(57,38): warning CS0618: 'Object.FindObjectsByType<T>(FindObjectsInactive, FindObjectsSortMode)' is obsolete: 'FindObjectsByType with FindObjectsSortMode parameter has been deprecated. Use FindObjectsByType<T>() or FindObjectsByType<T>(FindObjectsInactive) instead. InstanceID will be replaced in the future with EntityId and previous sort order cannot be maintained.'
Assets\_Game\Scripts\Editor\CozySky.cs(79,59): warning CS0618: 'FindObjectsSortMode' is obsolete: 'FindObjectsSortMode has been deprecated. Use the FindObjectsByType overloads that do not take a FindObjectsSortMode parameter.'
Assets\_Game\Scripts\Editor\CozySky.cs(78,39): warning CS0618: 'Object.FindObjectsByType<T>(FindObjectsInactive, FindObjectsSortMode)' is obsolete: 'FindObjectsByType with FindObjectsSortMode parameter has been deprecated. Use FindObjectsByType<T>() or FindObjectsByType<T>(FindObjectsInactive) instead. InstanceID will be replaced in the future with EntityId and previous sort order cannot be maintained.'
Assets\_Game\Scripts\Editor\CozySky.cs(138,55): warning CS0618: 'FindObjectsSortMode' is obsolete: 'FindObjectsSortMode has been deprecated. Use the FindObjectsByType overloads that do not take a FindObjectsSortMode parameter.'
Assets\_Game\Scripts\Editor\CozySky.cs(137,35): warning CS0618: 'Object.FindObjectsByType<T>(FindObjectsInactive, FindObjectsSortMode)' is obsolete: 'FindObjectsByType with FindObjectsSortMode parameter has been deprecated. Use FindObjectsByType<T>() or FindObjectsByType<T>(FindObjectsInactive) instead. InstanceID will be replaced in the future with EntityId and previous sort order cannot be maintained.'
Assets\_Game\Scripts\Editor\DaylightSetup.cs(42,55): warning CS0618: 'FindObjectsSortMode' is obsolete: 'FindObjectsSortMode has been deprecated. Use the FindObjectsByType overloads that do not take a FindObjectsSortMode parameter.'
Assets\_Game\Scripts\Editor\DaylightSetup.cs(41,23): warning CS0618: 'Object.FindObjectsByType<T>(FindObjectsInactive, FindObjectsSortMode)' is obsolete: 'FindObjectsByType with FindObjectsSortMode parameter has been deprecated. Use FindObjectsByType<T>() or FindObjectsByType<T>(FindObjectsInactive) instead. InstanceID will be replaced in the future with EntityId and previous sort order cannot be maintained.'
Assets\_Game\Scripts\Editor\EnviroSetup.cs(94,66): warning CS0618: 'FindObjectsSortMode' is obsolete: 'FindObjectsSortMode has been deprecated. Use the FindObjectsByType overloads that do not take a FindObjectsSortMode parameter.'
Assets\_Game\Scripts\Editor\EnviroSetup.cs(93,35): warning CS0618: 'Object.FindObjectsByType<T>(FindObjectsInactive, FindObjectsSortMode)' is obsolete: 'FindObjectsByType with FindObjectsSortMode parameter has been deprecated. Use FindObjectsByType<T>() or FindObjectsByType<T>(FindObjectsInactive) instead. InstanceID will be replaced in the future with EntityId and previous sort order cannot be maintained.'
Assets\_Game\Scripts\Editor\DungeonProbe.cs(157,26): warning CS0618: 'Object.FindFirstObjectByType<T>()' is obsolete: 'FindFirstObjectByType has been deprecated because it relies on instance ID ordering. Use FindAnyObjectByType instead, which does not depend on ordering.'
Assets\_Game\Scripts\Editor\EnviroSetup.cs(197,66): warning CS0618: 'FindObjectsSortMode' is obsolete: 'FindObjectsSortMode has been deprecated. Use the FindObjectsByType overloads that do not take a FindObjectsSortMode parameter.'
Assets\_Game\Scripts\Editor\EnviroSetup.cs(196,35): warning CS0618: 'Object.FindObjectsByType<T>(FindObjectsInactive, FindObjectsSortMode)' is obsolete: 'FindObjectsByType with FindObjectsSortMode parameter has been deprecated. Use FindObjectsByType<T>() or FindObjectsByType<T>(FindObjectsInactive) instead. InstanceID will be replaced in the future with EntityId and previous sort order cannot be maintained.'
Assets\_Game\Scripts\Editor\WallProbe.cs(150,46): warning CS0618: 'FindObjectsSortMode' is obsolete: 'FindObjectsSortMode has been deprecated. Use the FindObjectsByType overloads that do not take a FindObjectsSortMode parameter.'
Assets\_Game\Scripts\Editor\WallProbe.cs(149,29): warning CS0618: 'Object.FindObjectsByType<T>(FindObjectsInactive, FindObjectsSortMode)' is obsolete: 'FindObjectsByType with FindObjectsSortMode parameter has been deprecated. Use FindObjectsByType<T>() or FindObjectsByType<T>(FindObjectsInactive) instead. InstanceID will be replaced in the future with EntityId and previous sort order cannot be maintained.'
Assets\_Game\Scripts\Editor\WallProbe.cs(171,46): warning CS0618: 'FindObjectsSortMode' is obsolete: 'FindObjectsSortMode has been deprecated. Use the FindObjectsByType overloads that do not take a FindObjectsSortMode parameter.'
Assets\_Game\Scripts\Editor\WallProbe.cs(170,23): warning CS0618: 'Object.FindObjectsByType<T>(FindObjectsInactive, FindObjectsSortMode)' is obsolete: 'FindObjectsByType with FindObjectsSortMode parameter has been deprecated. Use FindObjectsByType<T>() or FindObjectsByType<T>(FindObjectsInactive) instead. InstanceID will be replaced in the future with EntityId and previous sort order cannot be maintained.'
Assets\_Game\Scripts\Editor\HeroParade.cs(72,60): warning CS0618: 'FindObjectsSortMode' is obsolete: 'FindObjectsSortMode has been deprecated. Use the FindObjectsByType overloads that do not take a FindObjectsSortMode parameter.'
Assets\_Game\Scripts\Editor\HeroParade.cs(71,27): warning CS0618: 'Object.FindObjectsByType<T>(FindObjectsInactive, FindObjectsSortMode)' is obsolete: 'FindObjectsByType with FindObjectsSortMode parameter has been deprecated. Use FindObjectsByType<T>() or FindObjectsByType<T>(FindObjectsInactive) instead. InstanceID will be replaced in the future with EntityId and previous sort order cannot be maintained.'
Assets\_Game\Scripts\Editor\NavBake.cs(50,46): warning CS0618: 'FindObjectsSortMode' is obsolete: 'FindObjectsSortMode has been deprecated. Use the FindObjectsByType overloads that do not take a FindObjectsSortMode parameter.'
Assets\_Game\Scripts\Editor\NavBake.cs(49,27): warning CS0618: 'Object.FindObjectsByType<T>(FindObjectsInactive, FindObjectsSortMode)' is obsolete: 'FindObjectsByType with FindObjectsSortMode parameter has been deprecated. Use FindObjectsByType<T>() or FindObjectsByType<T>(FindObjectsInactive) instead. InstanceID will be replaced in the future with EntityId and previous sort order cannot be maintained.'
Assets\_Game\Scripts\Editor\OfficialConvert.cs(39,39): warning CS0618: 'ConverterContainerId' is obsolete: 'ConverterContainerId has been deprecated.'
Assets\_Game\Scripts\Editor\OfficialConvert.cs(39,13): warning CS0618: 'Converters.RunInBatchMode(ConverterContainerId)' is obsolete: 'RunInBatchMode(ConverterContainerId) has been deprecated. Please use RunInBatchMode(string) or upgrade using UnityEditor.Rendering.Universal.Converters.RunInBatchModeCmdLine instead.'
Assets\_Game\Scripts\Editor\NavProbe.cs(64,46): warning CS0618: 'FindObjectsSortMode' is obsolete: 'FindObjectsSortMode has been deprecated. Use the FindObjectsByType overloads that do not take a FindObjectsSortMode parameter.'
Assets\_Game\Scripts\Editor\NavProbe.cs(63,28): warning CS0618: 'Object.FindObjectsByType<T>(FindObjectsInactive, FindObjectsSortMode)' is obsolete: 'FindObjectsByType with FindObjectsSortMode parameter has been deprecated. Use FindObjectsByType<T>() or FindObjectsByType<T>(FindObjectsInactive) instead. InstanceID will be replaced in the future with EntityId and previous sort order cannot be maintained.'
Assets\_Game\Scripts\Editor\NavProbe.cs(67,46): warning CS0618: 'FindObjectsSortMode' is obsolete: 'FindObjectsSortMode has been deprecated. Use the FindObjectsByType overloads that do not take a FindObjectsSortMode parameter.'
Assets\_Game\Scripts\Editor\NavProbe.cs(66,26): warning CS0618: 'Object.FindObjectsByType<T>(FindObjectsInactive, FindObjectsSortMode)' is obsolete: 'FindObjectsByType with FindObjectsSortMode parameter has been deprecated. Use FindObjectsByType<T>() or FindObjectsByType<T>(FindObjectsInactive) instead. InstanceID will be replaced in the future with EntityId and previous sort order cannot be maintained.'
Assets\_Game\Scripts\Editor\NavProbe.cs(106,28): warning CS0618: 'Object.FindFirstObjectByType<T>(FindObjectsInactive)' is obsolete: 'FindFirstObjectByType has been deprecated because it relies on instance ID ordering. Use FindAnyObjectByType instead, which does not depend on ordering.'
Assets\_Game\Scripts\Editor\OldPurge.cs(62,55): warning CS0618: 'FindObjectsSortMode' is obsolete: 'FindObjectsSortMode has been deprecated. Use the FindObjectsByType overloads that do not take a FindObjectsSortMode parameter.'
Assets\_Game\Scripts\Editor\OldPurge.cs(61,38): warning CS0618: 'Object.FindObjectsByType<T>(FindObjectsInactive, FindObjectsSortMode)' is obsolete: 'FindObjectsByType with FindObjectsSortMode parameter has been deprecated. Use FindObjectsByType<T>() or FindObjectsByType<T>(FindObjectsInactive) instead. InstanceID will be replaced in the future with EntityId and previous sort order cannot be maintained.'
Assets\_Game\Scripts\Editor\LightProbe.cs(35,46): warning CS0618: 'FindObjectsSortMode' is obsolete: 'FindObjectsSortMode has been deprecated. Use the FindObjectsByType overloads that do not take a FindObjectsSortMode parameter.'
Assets\_Game\Scripts\Editor\LightProbe.cs(34,26): warning CS0618: 'Object.FindObjectsByType<T>(FindObjectsInactive, FindObjectsSortMode)' is obsolete: 'FindObjectsByType with FindObjectsSortMode parameter has been deprecated. Use FindObjectsByType<T>() or FindObjectsByType<T>(FindObjectsInactive) instead. InstanceID will be replaced in the future with EntityId and previous sort order cannot be maintained.'
Assets\_Game\Scripts\Editor\PostFxBuilder.cs(75,69): warning CS0618: 'FindObjectsSortMode' is obsolete: 'FindObjectsSortMode has been deprecated. Use the FindObjectsByType overloads that do not take a FindObjectsSortMode parameter.'
Assets\_Game\Scripts\Editor\PostFxBuilder.cs(75,36): warning CS0618: 'Object.FindObjectsByType<T>(FindObjectsSortMode)' is obsolete: 'FindObjectsByType with FindObjectsSortMode parameter has been deprecated. Use FindObjectsByType<T>() or FindObjectsByType<T>(FindObjectsInactive) instead. InstanceID will be replaced in the future with EntityId and previous sort order cannot be maintained.'
Assets\_Game\Scripts\Editor\PostFxBuilder.cs(103,69): warning CS0618: 'FindObjectsSortMode' is obsolete: 'FindObjectsSortMode has been deprecated. Use the FindObjectsByType overloads that do not take a FindObjectsSortMode parameter.'
Assets\_Game\Scripts\Editor\PostFxBuilder.cs(103,36): warning CS0618: 'Object.FindObjectsByType<T>(FindObjectsSortMode)' is obsolete: 'FindObjectsByType with FindObjectsSortMode parameter has been deprecated. Use FindObjectsByType<T>() or FindObjectsByType<T>(FindObjectsInactive) instead. InstanceID will be replaced in the future with EntityId and previous sort order cannot be maintained.'
Assets\_Game\Scripts\Editor\PnbAnalyze.cs(40,55): warning CS0618: 'FindObjectsSortMode' is obsolete: 'FindObjectsSortMode has been deprecated. Use the FindObjectsByType overloads that do not take a FindObjectsSortMode parameter.'
Assets\_Game\Scripts\Editor\PnbAnalyze.cs(39,31): warning CS0618: 'Object.FindObjectsByType<T>(FindObjectsInactive, FindObjectsSortMode)' is obsolete: 'FindObjectsByType with FindObjectsSortMode parameter has been deprecated. Use FindObjectsByType<T>() or FindObjectsByType<T>(FindObjectsInactive) instead. InstanceID will be replaced in the future with EntityId and previous sort order cannot be maintained.'
Assets\_Game\Scripts\Editor\PnbAnalyze.cs(64,55): warning CS0618: 'FindObjectsSortMode' is obsolete: 'FindObjectsSortMode has been deprecated. Use the FindObjectsByType overloads that do not take a FindObjectsSortMode parameter.'
Assets\_Game\Scripts\Editor\PnbAnalyze.cs(63,31): warning CS0618: 'Object.FindObjectsByType<T>(FindObjectsInactive, FindObjectsSortMode)' is obsolete: 'FindObjectsByType with FindObjectsSortMode parameter has been deprecated. Use FindObjectsByType<T>() or FindObjectsByType<T>(FindObjectsInactive) instead. InstanceID will be replaced in the future with EntityId and previous sort order cannot be maintained.'
Assets\_Game\Scripts\Editor\TreeSwap.cs(70,60): warning CS0618: 'FindObjectsSortMode' is obsolete: 'FindObjectsSortMode has been deprecated. Use the FindObjectsByType overloads that do not take a FindObjectsSortMode parameter.'
Assets\_Game\Scripts\Editor\TreeSwap.cs(69,23): warning CS0618: 'Object.FindObjectsByType<T>(FindObjectsInactive, FindObjectsSortMode)' is obsolete: 'FindObjectsByType with FindObjectsSortMode parameter has been deprecated. Use FindObjectsByType<T>() or FindObjectsByType<T>(FindObjectsInactive) instead. InstanceID will be replaced in the future with EntityId and previous sort order cannot be maintained.'
Assets\_Game\Scripts\Editor\TreeSwap.cs(118,63): warning CS0618: 'FindObjectsSortMode' is obsolete: 'FindObjectsSortMode has been deprecated. Use the FindObjectsByType overloads that do not take a FindObjectsSortMode parameter.'
Assets\_Game\Scripts\Editor\TreeSwap.cs(117,26): warning CS0618: 'Object.FindObjectsByType<T>(FindObjectsInactive, FindObjectsSortMode)' is obsolete: 'FindObjectsByType with FindObjectsSortMode parameter has been deprecated. Use FindObjectsByType<T>() or FindObjectsByType<T>(FindObjectsInactive) instead. InstanceID will be replaced in the future with EntityId and previous sort order cannot be maintained.'
Assets\_Game\Scripts\Editor\TreeSwap.cs(167,62): warning CS0618: 'FindObjectsSortMode' is obsolete: 'FindObjectsSortMode has been deprecated. Use the FindObjectsByType overloads that do not take a FindObjectsSortMode parameter.'
Assets\_Game\Scripts\Editor\TreeSwap.cs(166,25): warning CS0618: 'Object.FindObjectsByType<T>(FindObjectsInactive, FindObjectsSortMode)' is obsolete: 'FindObjectsByType with FindObjectsSortMode parameter has been deprecated. Use FindObjectsByType<T>() or FindObjectsByType<T>(FindObjectsInactive) instead. InstanceID will be replaced in the future with EntityId and previous sort order cannot be maintained.'
Assets\_Game\Scripts\Editor\PnbAnalyze.cs(209,55): warning CS0618: 'FindObjectsSortMode' is obsolete: 'FindObjectsSortMode has been deprecated. Use the FindObjectsByType overloads that do not take a FindObjectsSortMode parameter.'
Assets\_Game\Scripts\Editor\PnbAnalyze.cs(208,31): warning CS0618: 'Object.FindObjectsByType<T>(FindObjectsInactive, FindObjectsSortMode)' is obsolete: 'FindObjectsByType with FindObjectsSortMode parameter has been deprecated. Use FindObjectsByType<T>() or FindObjectsByType<T>(FindObjectsInactive) instead. InstanceID will be replaced in the future with EntityId and previous sort order cannot be maintained.'
Assets\_Game\Scripts\Editor\SceneWeight.cs(32,46): warning CS0618: 'FindObjectsSortMode' is obsolete: 'FindObjectsSortMode has been deprecated. Use the FindObjectsByType overloads that do not take a FindObjectsSortMode parameter.'
Assets\_Game\Scripts\Editor\SceneWeight.cs(31,28): warning CS0618: 'Object.FindObjectsByType<T>(FindObjectsInactive, FindObjectsSortMode)' is obsolete: 'FindObjectsByType with FindObjectsSortMode parameter has been deprecated. Use FindObjectsByType<T>() or FindObjectsByType<T>(FindObjectsInactive) instead. InstanceID will be replaced in the future with EntityId and previous sort order cannot be maintained.'
Assets\_Game\Scripts\Editor\SceneWeight.cs(91,55): warning CS0618: 'FindObjectsSortMode' is obsolete: 'FindObjectsSortMode has been deprecated. Use the FindObjectsByType overloads that do not take a FindObjectsSortMode parameter.'
Assets\_Game\Scripts\Editor\SceneWeight.cs(90,32): warning CS0618: 'Object.FindObjectsByType<T>(FindObjectsInactive, FindObjectsSortMode)' is obsolete: 'FindObjectsByType with FindObjectsSortMode parameter has been deprecated. Use FindObjectsByType<T>() or FindObjectsByType<T>(FindObjectsInactive) instead. InstanceID will be replaced in the future with EntityId and previous sort order cannot be maintained.'
Assets\_Game\Scripts\Editor\SceneEye.cs(150,55): warning CS0618: 'FindObjectsSortMode' is obsolete: 'FindObjectsSortMode has been deprecated. Use the FindObjectsByType overloads that do not take a FindObjectsSortMode parameter.'
Assets\_Game\Scripts\Editor\SceneEye.cs(149,38): warning CS0618: 'Object.FindObjectsByType<T>(FindObjectsInactive, FindObjectsSortMode)' is obsolete: 'FindObjectsByType with FindObjectsSortMode parameter has been deprecated. Use FindObjectsByType<T>() or FindObjectsByType<T>(FindObjectsInactive) instead. InstanceID will be replaced in the future with EntityId and previous sort order cannot be maintained.'
Assets\_Game\Scripts\Editor\TreeNavFix.cs(46,62): warning CS0618: 'FindObjectsSortMode' is obsolete: 'FindObjectsSortMode has been deprecated. Use the FindObjectsByType overloads that do not take a FindObjectsSortMode parameter.'
Assets\_Game\Scripts\Editor\TreeNavFix.cs(45,25): warning CS0618: 'Object.FindObjectsByType<T>(FindObjectsInactive, FindObjectsSortMode)' is obsolete: 'FindObjectsByType with FindObjectsSortMode parameter has been deprecated. Use FindObjectsByType<T>() or FindObjectsByType<T>(FindObjectsInactive) instead. InstanceID will be replaced in the future with EntityId and previous sort order cannot be maintained.'
Assets\_Game\Scripts\Editor\SyntyForest.cs(65,46): warning CS0618: 'FindObjectsSortMode' is obsolete: 'FindObjectsSortMode has been deprecated. Use the FindObjectsByType overloads that do not take a FindObjectsSortMode parameter.'
Assets\_Game\Scripts\Editor\SyntyForest.cs(64,27): warning CS0618: 'Object.FindObjectsByType<T>(FindObjectsInactive, FindObjectsSortMode)' is obsolete: 'FindObjectsByType with FindObjectsSortMode parameter has been deprecated. Use FindObjectsByType<T>() or FindObjectsByType<T>(FindObjectsInactive) instead. InstanceID will be replaced in the future with EntityId and previous sort order cannot be maintained.'
Assets\_Game\Scripts\Editor\SceneProbe.cs(36,64): warning CS0618: 'FindObjectsSortMode' is obsolete: 'FindObjectsSortMode has been deprecated. Use the FindObjectsByType overloads that do not take a FindObjectsSortMode parameter.'
Assets\_Game\Scripts\Editor\SceneProbe.cs(35,29): warning CS0618: 'Object.FindObjectsByType<T>(FindObjectsInactive, FindObjectsSortMode)' is obsolete: 'FindObjectsByType with FindObjectsSortMode parameter has been deprecated. Use FindObjectsByType<T>() or FindObjectsByType<T>(FindObjectsInactive) instead. InstanceID will be replaced in the future with EntityId and previous sort order cannot be maintained.'
Assets\_Game\Scripts\Editor\SceneProbe.cs(79,26): warning CS0618: 'Object.FindFirstObjectByType<T>()' is obsolete: 'FindFirstObjectByType has been deprecated because it relies on instance ID ordering. Use FindAnyObjectByType instead, which does not depend on ordering.'
Assets\_Game\Scripts\Editor\SceneProbe.cs(141,58): warning CS0618: 'FindObjectsSortMode' is obsolete: 'FindObjectsSortMode has been deprecated. Use the FindObjectsByType overloads that do not take a FindObjectsSortMode parameter.'
Assets\_Game\Scripts\Editor\SceneProbe.cs(140,26): warning CS0618: 'Object.FindObjectsByType<T>(FindObjectsInactive, FindObjectsSortMode)' is obsolete: 'FindObjectsByType with FindObjectsSortMode parameter has been deprecated. Use FindObjectsByType<T>() or FindObjectsByType<T>(FindObjectsInactive) instead. InstanceID will be replaced in the future with EntityId and previous sort order cannot be maintained.'
Assets\_Game\Scripts\Editor\SceneProbe.cs(154,60): warning CS0618: 'FindObjectsSortMode' is obsolete: 'FindObjectsSortMode has been deprecated. Use the FindObjectsByType overloads that do not take a FindObjectsSortMode parameter.'
Assets\_Game\Scripts\Editor\SceneProbe.cs(153,27): warning CS0618: 'Object.FindObjectsByType<T>(FindObjectsInactive, FindObjectsSortMode)' is obsolete: 'FindObjectsByType with FindObjectsSortMode parameter has been deprecated. Use FindObjectsByType<T>() or FindObjectsByType<T>(FindObjectsInactive) instead. InstanceID will be replaced in the future with EntityId and previous sort order cannot be maintained.'
Assets\_Game\Scripts\Editor\SceneProbe.cs(168,70): warning CS0618: 'FindObjectsSortMode' is obsolete: 'FindObjectsSortMode has been deprecated. Use the FindObjectsByType overloads that do not take a FindObjectsSortMode parameter.'
Assets\_Game\Scripts\Editor\SceneProbe.cs(168,29): warning CS0618: 'Object.FindObjectsByType<T>(FindObjectsSortMode)' is obsolete: 'FindObjectsByType with FindObjectsSortMode parameter has been deprecated. Use FindObjectsByType<T>() or FindObjectsByType<T>(FindObjectsInactive) instead. InstanceID will be replaced in the future with EntityId and previous sort order cannot be maintained.'
Assets\_Game\Scripts\Editor\PnbAnalyze.cs(287,46): warning CS0618: 'FindObjectsSortMode' is obsolete: 'FindObjectsSortMode has been deprecated. Use the FindObjectsByType overloads that do not take a FindObjectsSortMode parameter.'
Assets\_Game\Scripts\Editor\PnbAnalyze.cs(286,27): warning CS0618: 'Object.FindObjectsByType<T>(FindObjectsInactive, FindObjectsSortMode)' is obsolete: 'FindObjectsByType with FindObjectsSortMode parameter has been deprecated. Use FindObjectsByType<T>() or FindObjectsByType<T>(FindObjectsInactive) instead. InstanceID will be replaced in the future with EntityId and previous sort order cannot be maintained.'
Assets\_Game\Scripts\Editor\PnbAnalyze.cs(310,55): warning CS0618: 'FindObjectsSortMode' is obsolete: 'FindObjectsSortMode has been deprecated. Use the FindObjectsByType overloads that do not take a FindObjectsSortMode parameter.'
Assets\_Game\Scripts\Editor\PnbAnalyze.cs(309,31): warning CS0618: 'Object.FindObjectsByType<T>(FindObjectsInactive, FindObjectsSortMode)' is obsolete: 'FindObjectsByType with FindObjectsSortMode parameter has been deprecated. Use FindObjectsByType<T>() or FindObjectsByType<T>(FindObjectsInactive) instead. InstanceID will be replaced in the future with EntityId and previous sort order cannot be maintained.'
Assets\_Game\Scripts\Editor\SyntyForest.cs(110,46): warning CS0618: 'FindObjectsSortMode' is obsolete: 'FindObjectsSortMode has been deprecated. Use the FindObjectsByType overloads that do not take a FindObjectsSortMode parameter.'
Assets\_Game\Scripts\Editor\SyntyForest.cs(109,27): warning CS0618: 'Object.FindObjectsByType<T>(FindObjectsInactive, FindObjectsSortMode)' is obsolete: 'FindObjectsByType with FindObjectsSortMode parameter has been deprecated. Use FindObjectsByType<T>() or FindObjectsByType<T>(FindObjectsInactive) instead. InstanceID will be replaced in the future with EntityId and previous sort order cannot be maintained.'
Assets\_Game\Scripts\Editor\SyntyWater.cs(47,46): warning CS0618: 'FindObjectsSortMode' is obsolete: 'FindObjectsSortMode has been deprecated. Use the FindObjectsByType overloads that do not take a FindObjectsSortMode parameter.'
Assets\_Game\Scripts\Editor\SyntyWater.cs(46,27): warning CS0618: 'Object.FindObjectsByType<T>(FindObjectsInactive, FindObjectsSortMode)' is obsolete: 'FindObjectsByType with FindObjectsSortMode parameter has been deprecated. Use FindObjectsByType<T>() or FindObjectsByType<T>(FindObjectsInactive) instead. InstanceID will be replaced in the future with EntityId and previous sort order cannot be maintained.'
Assets\_Game\Scripts\Editor\SyntyRoom.cs(92,29): warning CS0162: Unreachable code detected
Assets\_Game\Scripts\Editor\TerrainRelief.cs(42,46): warning CS0618: 'FindObjectsSortMode' is obsolete: 'FindObjectsSortMode has been deprecated. Use the FindObjectsByType overloads that do not take a FindObjectsSortMode parameter.'
Assets\_Game\Scripts\Editor\TerrainRelief.cs(41,27): warning CS0618: 'Object.FindObjectsByType<T>(FindObjectsInactive, FindObjectsSortMode)' is obsolete: 'FindObjectsByType with FindObjectsSortMode parameter has been deprecated. Use FindObjectsByType<T>() or FindObjectsByType<T>(FindObjectsInactive) instead. InstanceID will be replaced in the future with EntityId and previous sort order cannot be maintained.'
Assets\_Game\Scripts\Editor\SyntySky.cs(78,55): warning CS0618: 'FindObjectsSortMode' is obsolete: 'FindObjectsSortMode has been deprecated. Use the FindObjectsByType overloads that do not take a FindObjectsSortMode parameter.'
Assets\_Game\Scripts\Editor\SyntySky.cs(77,33): warning CS0618: 'Object.FindObjectsByType<T>(FindObjectsInactive, FindObjectsSortMode)' is obsolete: 'FindObjectsByType with FindObjectsSortMode parameter has been deprecated. Use FindObjectsByType<T>() or FindObjectsByType<T>(FindObjectsInactive) instead. InstanceID will be replaced in the future with EntityId and previous sort order cannot be maintained.'
Assets\_Game\Scripts\Editor\SyntySky.cs(163,55): warning CS0618: 'FindObjectsSortMode' is obsolete: 'FindObjectsSortMode has been deprecated. Use the FindObjectsByType overloads that do not take a FindObjectsSortMode parameter.'
Assets\_Game\Scripts\Editor\SyntySky.cs(162,33): warning CS0618: 'Object.FindObjectsByType<T>(FindObjectsInactive, FindObjectsSortMode)' is obsolete: 'FindObjectsByType with FindObjectsSortMode parameter has been deprecated. Use FindObjectsByType<T>() or FindObjectsByType<T>(FindObjectsInactive) instead. InstanceID will be replaced in the future with EntityId and previous sort order cannot be maintained.'
Assets\_Game\Scripts\Editor\SyntyMeadow.cs(91,46): warning CS0618: 'FindObjectsSortMode' is obsolete: 'FindObjectsSortMode has been deprecated. Use the FindObjectsByType overloads that do not take a FindObjectsSortMode parameter.'
Assets\_Game\Scripts\Editor\SyntyMeadow.cs(90,27): warning CS0618: 'Object.FindObjectsByType<T>(FindObjectsInactive, FindObjectsSortMode)' is obsolete: 'FindObjectsByType with FindObjectsSortMode parameter has been deprecated. Use FindObjectsByType<T>() or FindObjectsByType<T>(FindObjectsInactive) instead. InstanceID will be replaced in the future with EntityId and previous sort order cannot be maintained.'
Assets\_Game\Scripts\Editor\TerrainRelief.cs(190,46): warning CS0618: 'FindObjectsSortMode' is obsolete: 'FindObjectsSortMode has been deprecated. Use the FindObjectsByType overloads that do not take a FindObjectsSortMode parameter.'
Assets\_Game\Scripts\Editor\TerrainRelief.cs(189,27): warning CS0618: 'Object.FindObjectsByType<T>(FindObjectsInactive, FindObjectsSortMode)' is obsolete: 'FindObjectsByType with FindObjectsSortMode parameter has been deprecated. Use FindObjectsByType<T>() or FindObjectsByType<T>(FindObjectsInactive) instead. InstanceID will be replaced in the future with EntityId and previous sort order cannot be maintained.'
Assets\_Game\Scripts\Editor\PendingTasks.cs(260,63): warning CS0618: 'FindObjectsSortMode' is obsolete: 'FindObjectsSortMode has been deprecated. Use the FindObjectsByType overloads that do not take a FindObjectsSortMode parameter.'
Assets\_Game\Scripts\Editor\PendingTasks.cs(259,39): warning CS0618: 'Object.FindObjectsByType<T>(FindObjectsInactive, FindObjectsSortMode)' is obsolete: 'FindObjectsByType with FindObjectsSortMode parameter has been deprecated. Use FindObjectsByType<T>() or FindObjectsByType<T>(FindObjectsInactive) instead. InstanceID will be replaced in the future with EntityId and previous sort order cannot be maintained.'
Assets\_Game\Scripts\Editor\PendingTasks.cs(649,67): warning CS0618: 'FindObjectsSortMode' is obsolete: 'FindObjectsSortMode has been deprecated. Use the FindObjectsByType overloads that do not take a FindObjectsSortMode parameter.'
Assets\_Game\Scripts\Editor\PendingTasks.cs(648,49): warning CS0618: 'Object.FindObjectsByType<T>(FindObjectsInactive, FindObjectsSortMode)' is obsolete: 'FindObjectsByType with FindObjectsSortMode parameter has been deprecated. Use FindObjectsByType<T>() or FindObjectsByType<T>(FindObjectsInactive) instead. InstanceID will be replaced in the future with EntityId and previous sort order cannot be maintained.'
Assets\_Game\Scripts\Editor\PendingTasks.cs(748,67): warning CS0618: 'FindObjectsSortMode' is obsolete: 'FindObjectsSortMode has been deprecated. Use the FindObjectsByType overloads that do not take a FindObjectsSortMode parameter.'
Assets\_Game\Scripts\Editor\PendingTasks.cs(747,43): warning CS0618: 'Object.FindObjectsByType<T>(FindObjectsInactive, FindObjectsSortMode)' is obsolete: 'FindObjectsByType with FindObjectsSortMode parameter has been deprecated. Use FindObjectsByType<T>() or FindObjectsByType<T>(FindObjectsInactive) instead. InstanceID will be replaced in the future with EntityId and previous sort order cannot be maintained.'
Assets\_Game\Scripts\Editor\PendingTasks.cs(817,67): warning CS0618: 'FindObjectsSortMode' is obsolete: 'FindObjectsSortMode has been deprecated. Use the FindObjectsByType overloads that do not take a FindObjectsSortMode parameter.'
Assets\_Game\Scripts\Editor\PendingTasks.cs(816,43): warning CS0618: 'Object.FindObjectsByType<T>(FindObjectsInactive, FindObjectsSortMode)' is obsolete: 'FindObjectsByType with FindObjectsSortMode parameter has been deprecated. Use FindObjectsByType<T>() or FindObjectsByType<T>(FindObjectsInactive) instead. InstanceID will be replaced in the future with EntityId and previous sort order cannot be maintained.'
Assets\_Game\Scripts\Editor\PendingTasks.cs(852,67): warning CS0618: 'FindObjectsSortMode' is obsolete: 'FindObjectsSortMode has been deprecated. Use the FindObjectsByType overloads that do not take a FindObjectsSortMode parameter.'
Assets\_Game\Scripts\Editor\PendingTasks.cs(851,43): warning CS0618: 'Object.FindObjectsByType<T>(FindObjectsInactive, FindObjectsSortMode)' is obsolete: 'FindObjectsByType with FindObjectsSortMode parameter has been deprecated. Use FindObjectsByType<T>() or FindObjectsByType<T>(FindObjectsInactive) instead. InstanceID will be replaced in the future with EntityId and previous sort order cannot be maintained.'
Assets\_Game\Scripts\Editor\SyntyRoom.cs(287,26): warning CS0618: 'Object.FindFirstObjectByType<T>()' is obsolete: 'FindFirstObjectByType has been deprecated because it relies on instance ID ordering. Use FindAnyObjectByType instead, which does not depend on ordering.'
Assets\_Game\Scripts\Editor\SyntySky.cs(202,56): warning CS0618: 'FindObjectsSortMode' is obsolete: 'FindObjectsSortMode has been deprecated. Use the FindObjectsByType overloads that do not take a FindObjectsSortMode parameter.'
Assets\_Game\Scripts\Editor\SyntySky.cs(201,23): warning CS0618: 'Object.FindObjectsByType<T>(FindObjectsInactive, FindObjectsSortMode)' is obsolete: 'FindObjectsByType with FindObjectsSortMode parameter has been deprecated. Use FindObjectsByType<T>() or FindObjectsByType<T>(FindObjectsInactive) instead. InstanceID will be replaced in the future with EntityId and previous sort order cannot be maintained.'
Assets\_Game\Scripts\Editor\SyntySky.cs(301,55): warning CS0618: 'FindObjectsSortMode' is obsolete: 'FindObjectsSortMode has been deprecated. Use the FindObjectsByType overloads that do not take a FindObjectsSortMode parameter.'
Assets\_Game\Scripts\Editor\SyntySky.cs(300,35): warning CS0618: 'Object.FindObjectsByType<T>(FindObjectsInactive, FindObjectsSortMode)' is obsolete: 'FindObjectsByType with FindObjectsSortMode parameter has been deprecated. Use FindObjectsByType<T>() or FindObjectsByType<T>(FindObjectsInactive) instead. InstanceID will be replaced in the future with EntityId and previous sort order cannot be maintained.'
Assets\_Game\Scripts\Editor\SyntyMeadow.cs(291,46): warning CS0618: 'FindObjectsSortMode' is obsolete: 'FindObjectsSortMode has been deprecated. Use the FindObjectsByType overloads that do not take a FindObjectsSortMode parameter.'
Assets\_Game\Scripts\Editor\SyntyMeadow.cs(290,27): warning CS0618: 'Object.FindObjectsByType<T>(FindObjectsInactive, FindObjectsSortMode)' is obsolete: 'FindObjectsByType with FindObjectsSortMode parameter has been deprecated. Use FindObjectsByType<T>() or FindObjectsByType<T>(FindObjectsInactive) instead. InstanceID will be replaced in the future with EntityId and previous sort order cannot be maintained.'
Assets\_Game\Scripts\Editor\SyntySky.cs(409,55): warning CS0618: 'FindObjectsSortMode' is obsolete: 'FindObjectsSortMode has been deprecated. Use the FindObjectsByType overloads that do not take a FindObjectsSortMode parameter.'
Assets\_Game\Scripts\Editor\SyntySky.cs(408,33): warning CS0618: 'Object.FindObjectsByType<T>(FindObjectsInactive, FindObjectsSortMode)' is obsolete: 'FindObjectsByType with FindObjectsSortMode parameter has been deprecated. Use FindObjectsByType<T>() or FindObjectsByType<T>(FindObjectsInactive) instead. InstanceID will be replaced in the future with EntityId and previous sort order cannot be maintained.'
AssetDatabase: script compilation time: 3.748728s
Begin MonoManager ReloadAssembly
Total cache size 112306678
Total cache size after purge 112306678, took 00:00:00.1737483
Native extension for WindowsStandalone target not found
Native extension for WebGL target not found
ScheduleIndexationOnStartup MainProcess:True IndexOnStartup:True
Mono: successfully reloaded assembly
- Finished resetting the current domain, in  3.734 seconds
Domain Reload Profiling: 4800ms
	BeginReloadAssembly (278ms)
		DisableScriptedObjects (33ms)
		CreateAndSetChildDomain (47ms)
	RebuildCommonClasses (10ms)
	RebuildNativeTypeToScriptingClass (21ms)
	initialDomainReloadingComplete (70ms)
	LoadAllAssembliesAndSetupDomain (686ms)
		LoadAssemblies (381ms)
		AnalyzeDomain (300ms)
			TypeCache.Refresh (216ms)
				TypeCache.ScanAssembly (203ms)
			BuildScriptInfoCaches (72ms)
			ResolveRequiredComponents (10ms)
	FinalizeReload (3735ms)
		SetupLoadedEditorAssemblies (0ms)
			BeforeProcessingInitializeOnLoad (104ms)
			ProcessInitializeOnLoadAttributes (3003ms)
			ProcessInitializeOnLoadMethodAttributes (161ms)
			AfterProcessingInitializeOnLoad (9ms)
		AwakeInstancesAfterBackupRestoration (57ms)
Starting new worker id: 0 with log in D:/GAME Ai/IsoRPG/Logs/AssetImportWorkerHW0.log

Asset Pipeline Refresh (id=28732aba0c8236c499b4f5691510e6a3): Total: 11.260 seconds - Initiated by InitialRefreshV2(ForceSynchronousImport)
	(Values over 0.05ms)
	Summary:
		Imports: total=0 (actual=0, local cache=0, cache server=0)
		Asset DB Process Time: managed=0 ms, native=5307 ms
		Asset DB Callback time: managed=980 ms, native=27 ms
		Scripting: domain reloads=1, domain reload time=1126 ms, compile time=3750 ms, other=67 ms
		Project Asset Count: scripts=2760, non-scripts=43629
		Asset File Changes: new=0, changed=2, moved=0, deleted=0
		Scan Filter Count: 0
	InvokePackagesCallback: 21.092ms
	ApplyChangesToAssetFolders: 0.825ms
	Scan: 241.224ms
	Collect global state as custom dependencies: 20.051ms
	OnSourceAssetsModified: 0.677ms
	CategorizeScriptCompilationAssets: 56.861ms
	ProcessAssetsWithTransientArtifactChanges: 110.407ms
	CategorizeAssets: 452.061ms
	CompileScripts: 3750.061ms
	ImportOutOfDateAssets: 4267.724ms (3767.352ms without children)
		UnloadImportedAssets: 0.832ms
		EnsureUptoDateAssetsAreRegisteredWithGuidPM: 9.475ms
		ImportSchedulerStart: 490.019ms
	PostProcessAllAssets: 983.718ms
		VCAutoAddAssetPostprocess 2.487ms
		XRBuildSystem.XRAssetImported 0.353ms
		MonoPostProcessAllAssets: 980.395ms
			AssetPostprocessor.OnPostprocessAllAssets 732.862ms
			StyleCatalogPostProcessor.OnPostprocessAllAssets 97.078ms
			UniversalRenderPipelineGlobalSettingsPostprocessor.OnPostprocessAllAssets 20.088ms
			BuilderAssetPostprocessor.OnPostprocessAllAssets 19.780ms
			SyncVS.PostprocessSyncProject 13.583ms
			WindowAssetPostprocessingWatcher.OnPostprocessAllAssets 3.606ms
			SpeedTree9Postprocessor.OnPostprocessAllAssets 3.605ms
			EditModeScopePostprocessor.OnPostprocessAllAssets 2.548ms
			ShaderGraphAssetPostProcessor.OnPostprocessAllAssets 2.539ms
			AssetChangedListener.OnPostprocessAllAssets 2.216ms
			RetainedModeAssetPostprocessor.OnPostprocessAllAssets 1.858ms
			MaterialPostprocessor.OnPostprocessAllAssets 1.475ms
			RenderPipelineGlobalSettingsPostprocessor.OnPostprocessAllAssets 0.991ms
			CozyShaderPostProcessor.OnPostprocessAllAssets 0.815ms
			PluginAssetPostProcessor.OnPostprocessAllAssets 0.753ms
			TextAssetPostProcessor.OnPostprocessAllAssets 0.740ms
			InputActionAssetPostprocessor.OnPostprocessAllAssets 0.724ms
			ArtifactBrowserPostProcessor.OnPostprocessAllAssets 0.601ms
			AudioMixerPostprocessor.OnPostprocessAllAssets 0.568ms
			UVCSAssetPostprocessor.OnPostprocessAllAssets 0.545ms
			ShaderReflectionAssetPostProcessor.OnPostprocessAllAssets 0.539ms
			SampleDependencyImporterPostProcessor.OnPostprocessAllAssets 0.481ms
			TerrainToolbarOverlayPostProcessor.OnPostprocessAllAssets 0.446ms
			InputActionJsonNameModifierAssetProcessor.OnPostprocessAllAssets 0.440ms
			ConfigAssetsTracker.OnPostprocessAllAssets 0.414ms
			PostProcessor.OnPostprocessAllAssets 0.353ms
			SamplePostprocessor.OnPostprocessAllAssets 0.347ms
			TMPro_TexturePostProcessor.OnPostprocessAllAssets 0.334ms
			ReferencedClipsPostProcessor.OnPostprocessAllAssets 0.330ms
			ProjectSettingsPostprocessor.OnPostprocessAllAssets 0.289ms
			AssetEvents.OnPostprocessAllAssets 0.285ms
			SpeedTreePostProcessor.OnPostprocessAllAssets 0.261ms
			AssetDatabaseCallbacks.OnPostprocessAllAssets 0.202ms
			AudioContainerPostProcessor.OnPostprocessAllAssets 0.154ms
			ScenarioDriftAssetsTracker.OnPostprocessAllAssets 0.142ms
			AssetReloadNotifier.OnPostprocessAllAssets 0.130ms
	PostAssetChangesProfiler: 4.758ms
	UnloadStreamsBegin: 3.835ms
	PersistCurrentRevisions: 2.585ms
	GenerateScriptTypeHashes: 9.001ms
	GenerateScriptTypeSerializationHashes: 11.910ms
	Untracked: 1333.953ms

Application.AssetDatabase Initial Refresh End
Shader 'SyntyStudios/SkyboxUnlit': fallback shader 'wiiu' not found
Shader 'SyntyStudios/CloudShader': fallback shader 'wiiu' not found
Shader 'SyntyStudios/TriplanarBasic': fallback shader 'wiiu' not found
Shader 'SyntyStudios/CloudShaderNoFog': fallback shader 'wiiu' not found
Shader 'SyntyStudios/SkyboxUnlitNoFog': fallback shader 'wiiu' not found
Shader 'SyntyStudios/Basic_LOD_Shader': fallback shader 'wiiu' not found
Launched and connected shader compiler UnityShaderCompiler.exe after 0.01 seconds
Shader 'SyntyStudios/CloudShaderNoFog': fallback shader 'wiiu' not found
Shader 'SyntyStudios/CloudShader': fallback shader 'wiiu' not found
Shader 'SyntyStudios/Basic_LOD_Shader': fallback shader 'wiiu' not found
Shader 'SyntyStudios/SkyboxUnlitNoFog': fallback shader 'wiiu' not found
Shader 'SyntyStudios/SkyboxUnlit': fallback shader 'wiiu' not found
Shader 'SyntyStudios/TriplanarBasic': fallback shader 'wiiu' not found
Scanning for USB devices : 3.427ms
Initializing Unity extensions:
[MODES] ModeService[none].Initialize
[MODES] ModeService[none].LoadModes
[MODES] Loading mode Default (0) for mode-current-id-Adventures of Zhenya
Curl error 35: Cert verify failed. Certificate could not be verified (either omitted or unsupported). UnityTls error code: 7
Worker ready: AssetImportWorkerHW0 0
Unloading 89 Unused Serialized files (Serialized files now loaded: 0)
Curl error 35: Cert verify failed. Certificate could not be verified (either omitted or unsupported). UnityTls error code: 7
Unloading 7699 unused Assets / (28.2 MB). Loaded Objects now: 8749.
Memory consumption went from 0.80 GB to 0.77 GB.
Total: 35.748100 ms (FindLiveObjects: 1.085600 ms CreateObjectMapping: 3.477200 ms MarkObjects: 6.414000 ms  DeleteObjects: 24.768700 ms)

[IsoRPG] Пакетный запуск: начинаю.
UnityEngine.Debug:ExtractStackTraceNoAlloc (byte*,int,string)
UnityEngine.StackTraceUtility:ExtractStackTrace ()
UnityEngine.DebugLogHandler:Internal_Log (UnityEngine.LogType,UnityEngine.LogOption,string,UnityEngine.Object)
UnityEngine.DebugLogHandler:LogFormat (UnityEngine.LogType,UnityEngine.Object,string,object[])
UnityEngine.Logger:Log (UnityEngine.LogType,object)
UnityEngine.Debug:Log (object)
IsoRPG.EditorTools.BatchRunner:Run () (at Assets/_Game/Scripts/Editor/BatchRunner.cs:44)

(Filename: Assets/_Game/Scripts/Editor/BatchRunner.cs Line: 44)

Opening scene 'Assets/_Game/Scenes/Arena.unity'
Unloading 4 Unused Serialized files (Serialized files now loaded: 0)
Loaded scene 'Assets/_Game/Scenes/Arena.unity'
	Deserialize:            94.548 ms
	Integration:            623.996 ms
	Integration of assets:  0.046 ms
	Thread Wait Time:       -0.001 ms
	Total Operation Time:   718.590 ms
Unloading 2 unused Assets / (2.0 KB). Loaded Objects now: 39990.
Memory consumption went from 0.91 GB to 0.91 GB.
Total: 16.117000 ms (FindLiveObjects: 4.250500 ms CreateObjectMapping: 3.425800 ms MarkObjects: 8.368800 ms  DeleteObjects: 0.071100 ms)

[IsoRPG] Открыта сцена Assets/_Game/Scenes/Arena.unity
UnityEngine.Debug:ExtractStackTraceNoAlloc (byte*,int,string)
UnityEngine.StackTraceUtility:ExtractStackTrace ()
UnityEngine.DebugLogHandler:Internal_Log (UnityEngine.LogType,UnityEngine.LogOption,string,UnityEngine.Object)
UnityEngine.DebugLogHandler:LogFormat (UnityEngine.LogType,UnityEngine.Object,string,object[])
UnityEngine.Logger:Log (UnityEngine.LogType,object)
UnityEngine.Debug:Log (object)
IsoRPG.EditorTools.BatchRunner:Run () (at Assets/_Game/Scripts/Editor/BatchRunner.cs:49)

(Filename: Assets/_Game/Scripts/Editor/BatchRunner.cs Line: 49)


Asset Pipeline Refresh (id=8eca3deb95c66df438cd463de43f5a0a): Total: 0.751 seconds - Initiated by RefreshV2(NoUpdateAssetOptions)
	(Values over 0.05ms)
	Summary:
		Imports: total=0 (actual=0, local cache=0, cache server=0)
		Asset DB Process Time: managed=0 ms, native=750 ms
		Asset DB Callback time: managed=0 ms, native=0 ms
		Scripting: domain reloads=0, domain reload time=0 ms, compile time=0 ms, other=0 ms
		Project Asset Count: scripts=2760, non-scripts=43629
		Asset File Changes: new=0, changed=0, moved=0, deleted=0
		Scan Filter Count: 0
	ApplyChangesToAssetFolders: 0.145ms
	Scan: 6.399ms
	Collect global state as custom dependencies: 0.542ms
	ProcessAssetsWithTransientArtifactChanges: 0.164ms
	CategorizeAssets: 299.265ms
	ImportOutOfDateAssets: 382.652ms (21.075ms without children)
		ReloadNativeAssets: 0.058ms
		UnloadImportedAssets: 0.088ms
		EnsureUptoDateAssetsAreRegisteredWithGuidPM: 12.028ms
		ImportSchedulerStart: 349.396ms
	GatherAllCurrentPrimaryImportResultRevisions: 2.376ms
	UnloadStreamsBegin: 1.806ms
	PersistCurrentRevisions: 2.435ms
	Untracked: 46.717ms

[IsoRPG] Выполняю задание: minimap
UnityEngine.Debug:ExtractStackTraceNoAlloc (byte*,int,string)
UnityEngine.StackTraceUtility:ExtractStackTrace ()
UnityEngine.DebugLogHandler:Internal_Log (UnityEngine.LogType,UnityEngine.LogOption,string,UnityEngine.Object)
UnityEngine.DebugLogHandler:LogFormat (UnityEngine.LogType,UnityEngine.Object,string,object[])
UnityEngine.Logger:Log (UnityEngine.LogType,object)
UnityEngine.Debug:Log (object)
IsoRPG.EditorTools.PendingTasks:Execute (string) (at Assets/_Game/Scripts/Editor/PendingTasks.cs:146)
IsoRPG.EditorTools.PendingTasks:Run () (at Assets/_Game/Scripts/Editor/PendingTasks.cs:125)
IsoRPG.EditorTools.PendingTasks:RunNow () (at Assets/_Game/Scripts/Editor/PendingTasks.cs:72)
IsoRPG.EditorTools.BatchRunner:Run () (at Assets/_Game/Scripts/Editor/BatchRunner.cs:56)

(Filename: Assets/_Game/Scripts/Editor/PendingTasks.cs Line: 146)

[IsoRPG] Миникарта с координатами возвращена на героя.
UnityEngine.Debug:ExtractStackTraceNoAlloc (byte*,int,string)
UnityEngine.StackTraceUtility:ExtractStackTrace ()
UnityEngine.DebugLogHandler:Internal_Log (UnityEngine.LogType,UnityEngine.LogOption,string,UnityEngine.Object)
UnityEngine.DebugLogHandler:LogFormat (UnityEngine.LogType,UnityEngine.Object,string,object[])
UnityEngine.Logger:Log (UnityEngine.LogType,object)
UnityEngine.Debug:Log (object)
IsoRPG.EditorTools.PendingTasks:Execute (string) (at Assets/_Game/Scripts/Editor/PendingTasks.cs:300)
IsoRPG.EditorTools.PendingTasks:Run () (at Assets/_Game/Scripts/Editor/PendingTasks.cs:125)
IsoRPG.EditorTools.PendingTasks:RunNow () (at Assets/_Game/Scripts/Editor/PendingTasks.cs:72)
IsoRPG.EditorTools.BatchRunner:Run () (at Assets/_Game/Scripts/Editor/BatchRunner.cs:56)

(Filename: Assets/_Game/Scripts/Editor/PendingTasks.cs Line: 300)

[IsoRPG] Выполняю задание: meadow-synty
UnityEngine.Debug:ExtractStackTraceNoAlloc (byte*,int,string)
UnityEngine.StackTraceUtility:ExtractStackTrace ()
UnityEngine.DebugLogHandler:Internal_Log (UnityEngine.LogType,UnityEngine.LogOption,string,UnityEngine.Object)
UnityEngine.DebugLogHandler:LogFormat (UnityEngine.LogType,UnityEngine.Object,string,object[])
UnityEngine.Logger:Log (UnityEngine.LogType,object)
UnityEngine.Debug:Log (object)
IsoRPG.EditorTools.PendingTasks:Execute (string) (at Assets/_Game/Scripts/Editor/PendingTasks.cs:146)
IsoRPG.EditorTools.PendingTasks:Run () (at Assets/_Game/Scripts/Editor/PendingTasks.cs:125)
IsoRPG.EditorTools.PendingTasks:RunNow () (at Assets/_Game/Scripts/Editor/PendingTasks.cs:72)
IsoRPG.EditorTools.BatchRunner:Run () (at Assets/_Game/Scripts/Editor/BatchRunner.cs:56)

(Filename: Assets/_Game/Scripts/Editor/PendingTasks.cs Line: 146)

[IsoRPG] Прежний луг снят, сцена помечена грязной.
UnityEngine.Debug:ExtractStackTraceNoAlloc (byte*,int,string)
UnityEngine.StackTraceUtility:ExtractStackTrace ()
UnityEngine.DebugLogHandler:Internal_Log (UnityEngine.LogType,UnityEngine.LogOption,string,UnityEngine.Object)
UnityEngine.DebugLogHandler:LogFormat (UnityEngine.LogType,UnityEngine.Object,string,object[])
UnityEngine.Logger:Log (UnityEngine.LogType,object)
UnityEngine.Debug:Log (object)
IsoRPG.EditorTools.SyntyMeadow:Clear () (at Assets/_Game/Scripts/Editor/SyntyMeadow.cs:378)
IsoRPG.EditorTools.SyntyMeadow:Sow () (at Assets/_Game/Scripts/Editor/SyntyMeadow.cs:288)
IsoRPG.EditorTools.PendingTasks:Execute (string) (at Assets/_Game/Scripts/Editor/PendingTasks.cs:328)
IsoRPG.EditorTools.PendingTasks:Run () (at Assets/_Game/Scripts/Editor/PendingTasks.cs:125)
IsoRPG.EditorTools.PendingTasks:RunNow () (at Assets/_Game/Scripts/Editor/PendingTasks.cs:72)
IsoRPG.EditorTools.BatchRunner:Run () (at Assets/_Game/Scripts/Editor/BatchRunner.cs:56)

(Filename: Assets/_Game/Scripts/Editor/SyntyMeadow.cs Line: 378)

[IsoRPG] Луг: SM_Env_Grass_Tall_Clump_04 — 310 шт.
UnityEngine.Debug:ExtractStackTraceNoAlloc (byte*,int,string)
UnityEngine.StackTraceUtility:ExtractStackTrace ()
UnityEngine.DebugLogHandler:Internal_Log (UnityEngine.LogType,UnityEngine.LogOption,string,UnityEngine.Object)
UnityEngine.DebugLogHandler:LogFormat (UnityEngine.LogType,UnityEngine.Object,string,object[])
UnityEngine.Logger:Log (UnityEngine.LogType,object)
UnityEngine.Debug:Log (object)
IsoRPG.EditorTools.SyntyMeadow:Sow () (at Assets/_Game/Scripts/Editor/SyntyMeadow.cs:355)
IsoRPG.EditorTools.PendingTasks:Execute (string) (at Assets/_Game/Scripts/Editor/PendingTasks.cs:328)
IsoRPG.EditorTools.PendingTasks:Run () (at Assets/_Game/Scripts/Editor/PendingTasks.cs:125)
IsoRPG.EditorTools.PendingTasks:RunNow () (at Assets/_Game/Scripts/Editor/PendingTasks.cs:72)
IsoRPG.EditorTools.BatchRunner:Run () (at Assets/_Game/Scripts/Editor/BatchRunner.cs:56)

(Filename: Assets/_Game/Scripts/Editor/SyntyMeadow.cs Line: 355)

[IsoRPG] Луг: SM_Env_Grass_Tall_Clump_05 — 282 шт.
UnityEngine.Debug:ExtractStackTraceNoAlloc (byte*,int,string)
UnityEngine.StackTraceUtility:ExtractStackTrace ()
UnityEngine.DebugLogHandler:Internal_Log (UnityEngine.LogType,UnityEngine.LogOption,string,UnityEngine.Object)
UnityEngine.DebugLogHandler:LogFormat (UnityEngine.LogType,UnityEngine.Object,string,object[])
UnityEngine.Logger:Log (UnityEngine.LogType,object)
UnityEngine.Debug:Log (object)
IsoRPG.EditorTools.SyntyMeadow:Sow () (at Assets/_Game/Scripts/Editor/SyntyMeadow.cs:355)
IsoRPG.EditorTools.PendingTasks:Execute (string) (at Assets/_Game/Scripts/Editor/PendingTasks.cs:328)
IsoRPG.EditorTools.PendingTasks:Run () (at Assets/_Game/Scripts/Editor/PendingTasks.cs:125)
IsoRPG.EditorTools.PendingTasks:RunNow () (at Assets/_Game/Scripts/Editor/PendingTasks.cs:72)
IsoRPG.EditorTools.BatchRunner:Run () (at Assets/_Game/Scripts/Editor/BatchRunner.cs:56)

(Filename: Assets/_Game/Scripts/Editor/SyntyMeadow.cs Line: 355)

[IsoRPG] Луг: SM_Env_Grass_Med_Clump_02 — 189 шт.
UnityEngine.Debug:ExtractStackTraceNoAlloc (byte*,int,string)
UnityEngine.StackTraceUtility:ExtractStackTrace ()
UnityEngine.DebugLogHandler:Internal_Log (UnityEngine.LogType,UnityEngine.LogOption,string,UnityEngine.Object)
UnityEngine.DebugLogHandler:LogFormat (UnityEngine.LogType,UnityEngine.Object,string,object[])
UnityEngine.Logger:Log (UnityEngine.LogType,object)
UnityEngine.Debug:Log (object)
IsoRPG.EditorTools.SyntyMeadow:Sow () (at Assets/_Game/Scripts/Editor/SyntyMeadow.cs:355)
IsoRPG.EditorTools.PendingTasks:Execute (string) (at Assets/_Game/Scripts/Editor/PendingTasks.cs:328)
IsoRPG.EditorTools.PendingTasks:Run () (at Assets/_Game/Scripts/Editor/PendingTasks.cs:125)
IsoRPG.EditorTools.PendingTasks:RunNow () (at Assets/_Game/Scripts/Editor/PendingTasks.cs:72)
IsoRPG.EditorTools.BatchRunner:Run () (at Assets/_Game/Scripts/Editor/BatchRunner.cs:56)

(Filename: Assets/_Game/Scripts/Editor/SyntyMeadow.cs Line: 355)

[IsoRPG] Луг: SM_Env_Grass_Med_Clump_03 — 187 шт.
UnityEngine.Debug:ExtractStackTraceNoAlloc (byte*,int,string)
UnityEngine.StackTraceUtility:ExtractStackTrace ()
UnityEngine.DebugLogHandler:Internal_Log (UnityEngine.LogType,UnityEngine.LogOption,string,UnityEngine.Object)
UnityEngine.DebugLogHandler:LogFormat (UnityEngine.LogType,UnityEngine.Object,string,object[])
UnityEngine.Logger:Log (UnityEngine.LogType,object)
UnityEngine.Debug:Log (object)
IsoRPG.EditorTools.SyntyMeadow:Sow () (at Assets/_Game/Scripts/Editor/SyntyMeadow.cs:355)
IsoRPG.EditorTools.PendingTasks:Execute (string) (at Assets/_Game/Scripts/Editor/PendingTasks.cs:328)
IsoRPG.EditorTools.PendingTasks:Run () (at Assets/_Game/Scripts/Editor/PendingTasks.cs:125)
IsoRPG.EditorTools.PendingTasks:RunNow () (at Assets/_Game/Scripts/Editor/PendingTasks.cs:72)
IsoRPG.EditorTools.BatchRunner:Run () (at Assets/_Game/Scripts/Editor/BatchRunner.cs:56)

(Filename: Assets/_Game/Scripts/Editor/SyntyMeadow.cs Line: 355)

[IsoRPG] Луг: SM_Env_Grass_Short_Clump_03 — 166 шт.
UnityEngine.Debug:ExtractStackTraceNoAlloc (byte*,int,string)
UnityEngine.StackTraceUtility:ExtractStackTrace ()
UnityEngine.DebugLogHandler:Internal_Log (UnityEngine.LogType,UnityEngine.LogOption,string,UnityEngine.Object)
UnityEngine.DebugLogHandler:LogFormat (UnityEngine.LogType,UnityEngine.Object,string,object[])
UnityEngine.Logger:Log (UnityEngine.LogType,object)
UnityEngine.Debug:Log (object)
IsoRPG.EditorTools.SyntyMeadow:Sow () (at Assets/_Game/Scripts/Editor/SyntyMeadow.cs:355)
IsoRPG.EditorTools.PendingTasks:Execute (string) (at Assets/_Game/Scripts/Editor/PendingTasks.cs:328)
IsoRPG.EditorTools.PendingTasks:Run () (at Assets/_Game/Scripts/Editor/PendingTasks.cs:125)
IsoRPG.EditorTools.PendingTasks:RunNow () (at Assets/_Game/Scripts/Editor/PendingTasks.cs:72)
IsoRPG.EditorTools.BatchRunner:Run () (at Assets/_Game/Scripts/Editor/BatchRunner.cs:56)

(Filename: Assets/_Game/Scripts/Editor/SyntyMeadow.cs Line: 355)

[IsoRPG] Луг: SM_Env_Grass_Tall_Clump_03 — 84 шт.
UnityEngine.Debug:ExtractStackTraceNoAlloc (byte*,int,string)
UnityEngine.StackTraceUtility:ExtractStackTrace ()
UnityEngine.DebugLogHandler:Internal_Log (UnityEngine.LogType,UnityEngine.LogOption,string,UnityEngine.Object)
UnityEngine.DebugLogHandler:LogFormat (UnityEngine.LogType,UnityEngine.Object,string,object[])
UnityEngine.Logger:Log (UnityEngine.LogType,object)
UnityEngine.Debug:Log (object)
IsoRPG.EditorTools.SyntyMeadow:Sow () (at Assets/_Game/Scripts/Editor/SyntyMeadow.cs:355)
IsoRPG.EditorTools.PendingTasks:Execute (string) (at Assets/_Game/Scripts/Editor/PendingTasks.cs:328)
IsoRPG.EditorTools.PendingTasks:Run () (at Assets/_Game/Scripts/Editor/PendingTasks.cs:125)
IsoRPG.EditorTools.PendingTasks:RunNow () (at Assets/_Game/Scripts/Editor/PendingTasks.cs:72)
IsoRPG.EditorTools.BatchRunner:Run () (at Assets/_Game/Scripts/Editor/BatchRunner.cs:56)

(Filename: Assets/_Game/Scripts/Editor/SyntyMeadow.cs Line: 355)

[IsoRPG] Луг: SM_Env_Grass_Tall_Clump_02 — 64 шт.
UnityEngine.Debug:ExtractStackTraceNoAlloc (byte*,int,string)
UnityEngine.StackTraceUtility:ExtractStackTrace ()
UnityEngine.DebugLogHandler:Internal_Log (UnityEngine.LogType,UnityEngine.LogOption,string,UnityEngine.Object)
UnityEngine.DebugLogHandler:LogFormat (UnityEngine.LogType,UnityEngine.Object,string,object[])
UnityEngine.Logger:Log (UnityEngine.LogType,object)
UnityEngine.Debug:Log (object)
IsoRPG.EditorTools.SyntyMeadow:Sow () (at Assets/_Game/Scripts/Editor/SyntyMeadow.cs:355)
IsoRPG.EditorTools.PendingTasks:Execute (string) (at Assets/_Game/Scripts/Editor/PendingTasks.cs:328)
IsoRPG.EditorTools.PendingTasks:Run () (at Assets/_Game/Scripts/Editor/PendingTasks.cs:125)
IsoRPG.EditorTools.PendingTasks:RunNow () (at Assets/_Game/Scripts/Editor/PendingTasks.cs:72)
IsoRPG.EditorTools.BatchRunner:Run () (at Assets/_Game/Scripts/Editor/BatchRunner.cs:56)

(Filename: Assets/_Game/Scripts/Editor/SyntyMeadow.cs Line: 355)

[IsoRPG] Луг: SM_Env_Wildflowers_03 — 56 шт.
UnityEngine.Debug:ExtractStackTraceNoAlloc (byte*,int,string)
UnityEngine.StackTraceUtility:ExtractStackTrace ()
UnityEngine.DebugLogHandler:Internal_Log (UnityEngine.LogType,UnityEngine.LogOption,string,UnityEngine.Object)
UnityEngine.DebugLogHandler:LogFormat (UnityEngine.LogType,UnityEngine.Object,string,object[])
UnityEngine.Logger:Log (UnityEngine.LogType,object)
UnityEngine.Debug:Log (object)
IsoRPG.EditorTools.SyntyMeadow:Sow () (at Assets/_Game/Scripts/Editor/SyntyMeadow.cs:355)
IsoRPG.EditorTools.PendingTasks:Execute (string) (at Assets/_Game/Scripts/Editor/PendingTasks.cs:328)
IsoRPG.EditorTools.PendingTasks:Run () (at Assets/_Game/Scripts/Editor/PendingTasks.cs:125)
IsoRPG.EditorTools.PendingTasks:RunNow () (at Assets/_Game/Scripts/Editor/PendingTasks.cs:72)
IsoRPG.EditorTools.BatchRunner:Run () (at Assets/_Game/Scripts/Editor/BatchRunner.cs:56)

(Filename: Assets/_Game/Scripts/Editor/SyntyMeadow.cs Line: 355)

[IsoRPG] Луг: SM_Env_Wildflowers_02 — 49 шт.
UnityEngine.Debug:ExtractStackTraceNoAlloc (byte*,int,string)
UnityEngine.StackTraceUtility:ExtractStackTrace ()
UnityEngine.DebugLogHandler:Internal_Log (UnityEngine.LogType,UnityEngine.LogOption,string,UnityEngine.Object)
UnityEngine.DebugLogHandler:LogFormat (UnityEngine.LogType,UnityEngine.Object,string,object[])
UnityEngine.Logger:Log (UnityEngine.LogType,object)
UnityEngine.Debug:Log (object)
IsoRPG.EditorTools.SyntyMeadow:Sow () (at Assets/_Game/Scripts/Editor/SyntyMeadow.cs:355)
IsoRPG.EditorTools.PendingTasks:Execute (string) (at Assets/_Game/Scripts/Editor/PendingTasks.cs:328)
IsoRPG.EditorTools.PendingTasks:Run () (at Assets/_Game/Scripts/Editor/PendingTasks.cs:125)
IsoRPG.EditorTools.PendingTasks:RunNow () (at Assets/_Game/Scripts/Editor/PendingTasks.cs:72)
IsoRPG.EditorTools.BatchRunner:Run () (at Assets/_Game/Scripts/Editor/BatchRunner.cs:56)

(Filename: Assets/_Game/Scripts/Editor/SyntyMeadow.cs Line: 355)

[IsoRPG] Луг: SM_Env_Tree_Fruit_01 — 61 шт.
UnityEngine.Debug:ExtractStackTraceNoAlloc (byte*,int,string)
UnityEngine.StackTraceUtility:ExtractStackTrace ()
UnityEngine.DebugLogHandler:Internal_Log (UnityEngine.LogType,UnityEngine.LogOption,string,UnityEngine.Object)
UnityEngine.DebugLogHandler:LogFormat (UnityEngine.LogType,UnityEngine.Object,string,object[])
UnityEngine.Logger:Log (UnityEngine.LogType,object)
UnityEngine.Debug:Log (object)
IsoRPG.EditorTools.SyntyMeadow:Sow () (at Assets/_Game/Scripts/Editor/SyntyMeadow.cs:355)
IsoRPG.EditorTools.PendingTasks:Execute (string) (at Assets/_Game/Scripts/Editor/PendingTasks.cs:328)
IsoRPG.EditorTools.PendingTasks:Run () (at Assets/_Game/Scripts/Editor/PendingTasks.cs:125)
IsoRPG.EditorTools.PendingTasks:RunNow () (at Assets/_Game/Scripts/Editor/PendingTasks.cs:72)
IsoRPG.EditorTools.BatchRunner:Run () (at Assets/_Game/Scripts/Editor/BatchRunner.cs:56)

(Filename: Assets/_Game/Scripts/Editor/SyntyMeadow.cs Line: 355)

[IsoRPG] Луг: SM_Env_Tree_Fruit_02 — 36 шт.
UnityEngine.Debug:ExtractStackTraceNoAlloc (byte*,int,string)
UnityEngine.StackTraceUtility:ExtractStackTrace ()
UnityEngine.DebugLogHandler:Internal_Log (UnityEngine.LogType,UnityEngine.LogOption,string,UnityEngine.Object)
UnityEngine.DebugLogHandler:LogFormat (UnityEngine.LogType,UnityEngine.Object,string,object[])
UnityEngine.Logger:Log (UnityEngine.LogType,object)
UnityEngine.Debug:Log (object)
IsoRPG.EditorTools.SyntyMeadow:Sow () (at Assets/_Game/Scripts/Editor/SyntyMeadow.cs:355)
IsoRPG.EditorTools.PendingTasks:Execute (string) (at Assets/_Game/Scripts/Editor/PendingTasks.cs:328)
IsoRPG.EditorTools.PendingTasks:Run () (at Assets/_Game/Scripts/Editor/PendingTasks.cs:125)
IsoRPG.EditorTools.PendingTasks:RunNow () (at Assets/_Game/Scripts/Editor/PendingTasks.cs:72)
IsoRPG.EditorTools.BatchRunner:Run () (at Assets/_Game/Scripts/Editor/BatchRunner.cs:56)

(Filename: Assets/_Game/Scripts/Editor/SyntyMeadow.cs Line: 355)

[IsoRPG] Луг: SM_Env_Tree_Fruit_03 — 33 шт.
UnityEngine.Debug:ExtractStackTraceNoAlloc (byte*,int,string)
UnityEngine.StackTraceUtility:ExtractStackTrace ()
UnityEngine.DebugLogHandler:Internal_Log (UnityEngine.LogType,UnityEngine.LogOption,string,UnityEngine.Object)
UnityEngine.DebugLogHandler:LogFormat (UnityEngine.LogType,UnityEngine.Object,string,object[])
UnityEngine.Logger:Log (UnityEngine.LogType,object)
UnityEngine.Debug:Log (object)
IsoRPG.EditorTools.SyntyMeadow:Sow () (at Assets/_Game/Scripts/Editor/SyntyMeadow.cs:355)
IsoRPG.EditorTools.PendingTasks:Execute (string) (at Assets/_Game/Scripts/Editor/PendingTasks.cs:328)
IsoRPG.EditorTools.PendingTasks:Run () (at Assets/_Game/Scripts/Editor/PendingTasks.cs:125)
IsoRPG.EditorTools.PendingTasks:RunNow () (at Assets/_Game/Scripts/Editor/PendingTasks.cs:72)
IsoRPG.EditorTools.BatchRunner:Run () (at Assets/_Game/Scripts/Editor/BatchRunner.cs:56)

(Filename: Assets/_Game/Scripts/Editor/SyntyMeadow.cs Line: 355)

[IsoRPG] Луг: SM_Env_Sunflower_01 — 23 шт.
UnityEngine.Debug:ExtractStackTraceNoAlloc (byte*,int,string)
UnityEngine.StackTraceUtility:ExtractStackTrace ()
UnityEngine.DebugLogHandler:Internal_Log (UnityEngine.LogType,UnityEngine.LogOption,string,UnityEngine.Object)
UnityEngine.DebugLogHandler:LogFormat (UnityEngine.LogType,UnityEngine.Object,string,object[])
UnityEngine.Logger:Log (UnityEngine.LogType,object)
UnityEngine.Debug:Log (object)
IsoRPG.EditorTools.SyntyMeadow:Sow () (at Assets/_Game/Scripts/Editor/SyntyMeadow.cs:355)
IsoRPG.EditorTools.PendingTasks:Execute (string) (at Assets/_Game/Scripts/Editor/PendingTasks.cs:328)
IsoRPG.EditorTools.PendingTasks:Run () (at Assets/_Game/Scripts/Editor/PendingTasks.cs:125)
IsoRPG.EditorTools.PendingTasks:RunNow () (at Assets/_Game/Scripts/Editor/PendingTasks.cs:72)
IsoRPG.EditorTools.BatchRunner:Run () (at Assets/_Game/Scripts/Editor/BatchRunner.cs:56)

(Filename: Assets/_Game/Scripts/Editor/SyntyMeadow.cs Line: 355)

[IsoRPG] Луг: SM_Env_Wildflowers_01 — 20 шт.
UnityEngine.Debug:ExtractStackTraceNoAlloc (byte*,int,string)
UnityEngine.StackTraceUtility:ExtractStackTrace ()
UnityEngine.DebugLogHandler:Internal_Log (UnityEngine.LogType,UnityEngine.LogOption,string,UnityEngine.Object)
UnityEngine.DebugLogHandler:LogFormat (UnityEngine.LogType,UnityEngine.Object,string,object[])
UnityEngine.Logger:Log (UnityEngine.LogType,object)
UnityEngine.Debug:Log (object)
IsoRPG.EditorTools.SyntyMeadow:Sow () (at Assets/_Game/Scripts/Editor/SyntyMeadow.cs:355)
IsoRPG.EditorTools.PendingTasks:Execute (string) (at Assets/_Game/Scripts/Editor/PendingTasks.cs:328)
IsoRPG.EditorTools.PendingTasks:Run () (at Assets/_Game/Scripts/Editor/PendingTasks.cs:125)
IsoRPG.EditorTools.PendingTasks:RunNow () (at Assets/_Game/Scripts/Editor/PendingTasks.cs:72)
IsoRPG.EditorTools.BatchRunner:Run () (at Assets/_Game/Scripts/Editor/BatchRunner.cs:56)

(Filename: Assets/_Game/Scripts/Editor/SyntyMeadow.cs Line: 355)

[IsoRPG] Луг: SM_Env_Grass_Bush_01 — 20 шт.
UnityEngine.Debug:ExtractStackTraceNoAlloc (byte*,int,string)
UnityEngine.StackTraceUtility:ExtractStackTrace ()
UnityEngine.DebugLogHandler:Internal_Log (UnityEngine.LogType,UnityEngine.LogOption,string,UnityEngine.Object)
UnityEngine.DebugLogHandler:LogFormat (UnityEngine.LogType,UnityEngine.Object,string,object[])
UnityEngine.Logger:Log (UnityEngine.LogType,object)
UnityEngine.Debug:Log (object)
IsoRPG.EditorTools.SyntyMeadow:Sow () (at Assets/_Game/Scripts/Editor/SyntyMeadow.cs:355)
IsoRPG.EditorTools.PendingTasks:Execute (string) (at Assets/_Game/Scripts/Editor/PendingTasks.cs:328)
IsoRPG.EditorTools.PendingTasks:Run () (at Assets/_Game/Scripts/Editor/PendingTasks.cs:125)
IsoRPG.EditorTools.PendingTasks:RunNow () (at Assets/_Game/Scripts/Editor/PendingTasks.cs:72)
IsoRPG.EditorTools.BatchRunner:Run () (at Assets/_Game/Scripts/Editor/BatchRunner.cs:56)

(Filename: Assets/_Game/Scripts/Editor/SyntyMeadow.cs Line: 355)

[IsoRPG] Луг: SM_Env_Rock_02 — 18 шт.
UnityEngine.Debug:ExtractStackTraceNoAlloc (byte*,int,string)
UnityEngine.StackTraceUtility:ExtractStackTrace ()
UnityEngine.DebugLogHandler:Internal_Log (UnityEngine.LogType,UnityEngine.LogOption,string,UnityEngine.Object)
UnityEngine.DebugLogHandler:LogFormat (UnityEngine.LogType,UnityEngine.Object,string,object[])
UnityEngine.Logger:Log (UnityEngine.LogType,object)
UnityEngine.Debug:Log (object)
IsoRPG.EditorTools.SyntyMeadow:Sow () (at Assets/_Game/Scripts/Editor/SyntyMeadow.cs:355)
IsoRPG.EditorTools.PendingTasks:Execute (string) (at Assets/_Game/Scripts/Editor/PendingTasks.cs:328)
IsoRPG.EditorTools.PendingTasks:Run () (at Assets/_Game/Scripts/Editor/PendingTasks.cs:125)
IsoRPG.EditorTools.PendingTasks:RunNow () (at Assets/_Game/Scripts/Editor/PendingTasks.cs:72)
IsoRPG.EditorTools.BatchRunner:Run () (at Assets/_Game/Scripts/Editor/BatchRunner.cs:56)

(Filename: Assets/_Game/Scripts/Editor/SyntyMeadow.cs Line: 355)

[IsoRPG] Луг: SM_Env_Rock_01 — 15 шт.
UnityEngine.Debug:ExtractStackTraceNoAlloc (byte*,int,string)
UnityEngine.StackTraceUtility:ExtractStackTrace ()
UnityEngine.DebugLogHandler:Internal_Log (UnityEngine.LogType,UnityEngine.LogOption,string,UnityEngine.Object)
UnityEngine.DebugLogHandler:LogFormat (UnityEngine.LogType,UnityEngine.Object,string,object[])
UnityEngine.Logger:Log (UnityEngine.LogType,object)
UnityEngine.Debug:Log (object)
IsoRPG.EditorTools.SyntyMeadow:Sow () (at Assets/_Game/Scripts/Editor/SyntyMeadow.cs:355)
IsoRPG.EditorTools.PendingTasks:Execute (string) (at Assets/_Game/Scripts/Editor/PendingTasks.cs:328)
IsoRPG.EditorTools.PendingTasks:Run () (at Assets/_Game/Scripts/Editor/PendingTasks.cs:125)
IsoRPG.EditorTools.PendingTasks:RunNow () (at Assets/_Game/Scripts/Editor/PendingTasks.cs:72)
IsoRPG.EditorTools.BatchRunner:Run () (at Assets/_Game/Scripts/Editor/BatchRunner.cs:56)

(Filename: Assets/_Game/Scripts/Editor/SyntyMeadow.cs Line: 355)

[IsoRPG] Луг: SM_Env_Rock_03 — 15 шт.
UnityEngine.Debug:ExtractStackTraceNoAlloc (byte*,int,string)
UnityEngine.StackTraceUtility:ExtractStackTrace ()
UnityEngine.DebugLogHandler:Internal_Log (UnityEngine.LogType,UnityEngine.LogOption,string,UnityEngine.Object)
UnityEngine.DebugLogHandler:LogFormat (UnityEngine.LogType,UnityEngine.Object,string,object[])
UnityEngine.Logger:Log (UnityEngine.LogType,object)
UnityEngine.Debug:Log (object)
IsoRPG.EditorTools.SyntyMeadow:Sow () (at Assets/_Game/Scripts/Editor/SyntyMeadow.cs:355)
IsoRPG.EditorTools.PendingTasks:Execute (string) (at Assets/_Game/Scripts/Editor/PendingTasks.cs:328)
IsoRPG.EditorTools.PendingTasks:Run () (at Assets/_Game/Scripts/Editor/PendingTasks.cs:125)
IsoRPG.EditorTools.PendingTasks:RunNow () (at Assets/_Game/Scripts/Editor/PendingTasks.cs:72)
IsoRPG.EditorTools.BatchRunner:Run () (at Assets/_Game/Scripts/Editor/BatchRunner.cs:56)

(Filename: Assets/_Game/Scripts/Editor/SyntyMeadow.cs Line: 355)

[IsoRPG] Луг Synty посеян: видов 18, растений 1628, объектов в сцене 6116 (у префабов свои LOD-узлы).
UnityEngine.Debug:ExtractStackTraceNoAlloc (byte*,int,string)
UnityEngine.StackTraceUtility:ExtractStackTrace ()
UnityEngine.DebugLogHandler:Internal_Log (UnityEngine.LogType,UnityEngine.LogOption,string,UnityEngine.Object)
UnityEngine.DebugLogHandler:LogFormat (UnityEngine.LogType,UnityEngine.Object,string,object[])
UnityEngine.Logger:Log (UnityEngine.LogType,object)
UnityEngine.Debug:Log (object)
IsoRPG.EditorTools.SyntyMeadow:Sow () (at Assets/_Game/Scripts/Editor/SyntyMeadow.cs:360)
IsoRPG.EditorTools.PendingTasks:Execute (string) (at Assets/_Game/Scripts/Editor/PendingTasks.cs:328)
IsoRPG.EditorTools.PendingTasks:Run () (at Assets/_Game/Scripts/Editor/PendingTasks.cs:125)
IsoRPG.EditorTools.PendingTasks:RunNow () (at Assets/_Game/Scripts/Editor/PendingTasks.cs:72)
IsoRPG.EditorTools.BatchRunner:Run () (at Assets/_Game/Scripts/Editor/BatchRunner.cs:56)

(Filename: Assets/_Game/Scripts/Editor/SyntyMeadow.cs Line: 360)

[IsoRPG] Навигация перепечена по коллайдерам. Охват 600 x 600 м, центр (300.00, 20.00, 300.00).
UnityEngine.Debug:ExtractStackTraceNoAlloc (byte*,int,string)
UnityEngine.StackTraceUtility:ExtractStackTrace ()
UnityEngine.DebugLogHandler:Internal_Log (UnityEngine.LogType,UnityEngine.LogOption,string,UnityEngine.Object)
UnityEngine.DebugLogHandler:LogFormat (UnityEngine.LogType,UnityEngine.Object,string,object[])
UnityEngine.Logger:Log (UnityEngine.LogType,object)
UnityEngine.Debug:Log (object)
IsoRPG.EditorTools.NavBake:Rebake () (at Assets/_Game/Scripts/Editor/NavBake.cs:105)
IsoRPG.EditorTools.PendingTasks:Execute (string) (at Assets/_Game/Scripts/Editor/PendingTasks.cs:329)
IsoRPG.EditorTools.PendingTasks:Run () (at Assets/_Game/Scripts/Editor/PendingTasks.cs:125)
IsoRPG.EditorTools.PendingTasks:RunNow () (at Assets/_Game/Scripts/Editor/PendingTasks.cs:72)
IsoRPG.EditorTools.BatchRunner:Run () (at Assets/_Game/Scripts/Editor/BatchRunner.cs:56)

(Filename: Assets/_Game/Scripts/Editor/NavBake.cs Line: 105)

Loaded 1 ExamplePackConfig assets
UnityEngine.Debug:ExtractStackTraceNoAlloc (byte*,int,string)
UnityEngine.StackTraceUtility:ExtractStackTrace ()
UnityEngine.DebugLogHandler:Internal_Log (UnityEngine.LogType,UnityEngine.LogOption,string,UnityEngine.Object)
UnityEngine.DebugLogHandler:LogFormat (UnityEngine.LogType,UnityEngine.Object,string,object[])
UnityEngine.Logger:Log (UnityEngine.LogType,object)
UnityEngine.Debug:Log (object)
SyntyPackageHelper:LoadSyntyPackageHelperConfigs () (at Assets/Synty/SyntyPackageHelper/Editor/SyntyPackageHelper.cs:46)
SyntyPackageHelper:OnProjectChanged () (at Assets/Synty/SyntyPackageHelper/Editor/SyntyPackageHelper.cs:55)
UnityEditor.EditorApplication:Internal_CallProjectHasChanged ()
UnityEditor.AssetDatabase:DeleteAsset (string)
IsoRPG.EditorTools.NavBake:Persist (Unity.AI.Navigation.NavMeshSurface,string) (at Assets/_Game/Scripts/Editor/NavBake.cs:162)
IsoRPG.EditorTools.NavBake:Rebake () (at Assets/_Game/Scripts/Editor/NavBake.cs:109)
IsoRPG.EditorTools.PendingTasks:Execute (string) (at Assets/_Game/Scripts/Editor/PendingTasks.cs:329)
IsoRPG.EditorTools.PendingTasks:Run () (at Assets/_Game/Scripts/Editor/PendingTasks.cs:125)
IsoRPG.EditorTools.PendingTasks:RunNow () (at Assets/_Game/Scripts/Editor/PendingTasks.cs:72)
IsoRPG.EditorTools.BatchRunner:Run () (at Assets/_Game/Scripts/Editor/BatchRunner.cs:56)

(Filename: Assets/Synty/SyntyPackageHelper/Editor/SyntyPackageHelper.cs Line: 46)

Importing 'GUID: 00000000000000004000000000000000 - Path: ProjectSettings/ProjectSettings.asset' with importer (LibraryAssetImporter)
Imported 'GUID: 00000000000000004000000000000000' -> (Import Result ID: '702a474f2f7fe9e1744228f7ca14a83e') in 0.004 seconds [static dependencies only]. Details - ImportResultOutputID=276a810dac73e1f29404d5e5f692e214 DependenciesID=e9590249c6f9f8d265009e082151b49d StaticDependenciesID=61f55734f348b8337d9323239d2d26f5 

Asset Pipeline Refresh (id=bf02ae05b6d612340a2fc087e5d2e60d): Total: 1.083 seconds - Initiated by StopAssetImportingV2(NoUpdateAssetOptions)
	(Values over 0.05ms)
	Summary:
		Imports: total=1 (actual=1, local cache=0, cache server=0)
		Asset DB Process Time: managed=1 ms, native=879 ms
		Asset DB Callback time: managed=148 ms, native=53 ms
		Scripting: domain reloads=0, domain reload time=0 ms, compile time=0 ms, other=0 ms
		Project Asset Count: scripts=2760, non-scripts=43628
		Asset File Changes: new=0, changed=0, moved=0, deleted=1
		Scan Filter Count: 0
	ApplyChangesToAssetFolders: 0.311ms
	Scan: 19.087ms
	Collect global state as custom dependencies: 0.667ms
	OnSourceAssetsModified: 0.643ms
	ProcessAssetsWithTransientArtifactChanges: 0.180ms
	CategorizeAssets: 86.754ms
	ImportOutOfDateAssets: 715.320ms (40.024ms without children)
		ImportManagerImport: 5.933ms (1.552ms without children)
		ReloadNativeAssets: 0.165ms
		UnloadImportedAssets: 0.439ms
		EnsureUptoDateAssetsAreRegisteredWithGuidPM: 16.640ms
		ImportSchedulerStart: 652.111ms
	PostProcessAllAssets: 7.970ms
		XRBuildSystem.XRAssetImported 2.400ms
		MonoPostProcessAllAssets: 5.257ms
			SyncVS.PostprocessSyncProject 0.788ms
			AssetPostprocessor.OnPostprocessAllAssets 0.251ms
			AssetChangedListener.OnPostprocessAllAssets 0.197ms
	PostAssetChangesProfiler: 615.660ms
	GatherAllCurrentPrimaryImportResultRevisions: 8.633ms
	PersistCurrentRevisions: 4.703ms
	UnloadStreamsEnd: 0.148ms
	Untracked: 22.167ms

Importing 'GUID: a3a594e6faa07164dbbaafc5f517246e - Path: Assets/_Game/Scenes/Arena/NavMesh-ArenaTerrain.asset' with importer (NativeFormatImporter)
Imported 'GUID: a3a594e6faa07164dbbaafc5f517246e' -> (Import Result ID: '301cff40dd33fa2f19a263c14b10f8f4') in 0.001 seconds [static dependencies only]. Details - ImportResultOutputID=4dce4c3be81c486b55786983ed72ad63 DependenciesID=2b44e22e6c0b47f81bf49450781b6138 StaticDependenciesID=2d40abf1b9ce5e65320a57fa0ba8cf02 

Asset Pipeline Refresh (id=c16170a9861afe54881335bbcbb62ac6): Total: 0.479 seconds - Initiated by StopAssetImportingV2(NoUpdateAssetOptions)
	(Values over 0.05ms)
	Summary:
		Imports: total=1 (actual=1, local cache=0, cache server=0)
		Asset DB Process Time: managed=0 ms, native=473 ms
		Asset DB Callback time: managed=1 ms, native=3 ms
		Scripting: domain reloads=0, domain reload time=0 ms, compile time=0 ms, other=0 ms
		Project Asset Count: scripts=2760, non-scripts=43629
		Asset File Changes: new=1, changed=1, moved=0, deleted=0
		Scan Filter Count: 5
	ApplyChangesToAssetFolders: 0.091ms
	Scan: 6.822ms
	Collect global state as custom dependencies: 0.241ms
	ProcessAssetsWithTransientArtifactChanges: 0.088ms
	CategorizeAssets: 64.228ms
	ImportOutOfDateAssets: 374.028ms (20.266ms without children)
		ImportManagerImport: 4.941ms (3.634ms without children)
		ReloadNativeAssets: 0.053ms
		UnloadImportedAssets: 0.239ms
		EnsureUptoDateAssetsAreRegisteredWithGuidPM: 8.183ms
		ImportSchedulerStart: 340.337ms
	PostProcessAllAssets: 1.868ms
		XRBuildSystem.XRAssetImported 0.333ms
		MonoPostProcessAllAssets: 1.430ms
			SyncVS.PostprocessSyncProject 0.808ms
			AssetChangedListener.OnPostprocessAllAssets 0.166ms
			ShaderGraphAssetPostProcessor.OnPostprocessAllAssets 0.061ms
			AssetPostprocessor.OnPostprocessAllAssets 0.056ms
	PostAssetChangesProfiler: 2.967ms
	GatherAllCurrentPrimaryImportResultRevisions: 2.433ms
	PersistCurrentRevisions: 2.653ms
	Untracked: 23.277ms

[IsoRPG] Навигационная сетка сохранена файлом: Assets/_Game/Scenes/Arena/NavMesh-ArenaTerrain.asset
UnityEngine.Debug:ExtractStackTraceNoAlloc (byte*,int,string)
UnityEngine.StackTraceUtility:ExtractStackTrace ()
UnityEngine.DebugLogHandler:Internal_Log (UnityEngine.LogType,UnityEngine.LogOption,string,UnityEngine.Object)
UnityEngine.DebugLogHandler:LogFormat (UnityEngine.LogType,UnityEngine.Object,string,object[])
UnityEngine.Logger:Log (UnityEngine.LogType,object)
UnityEngine.Debug:Log (object)
IsoRPG.EditorTools.NavBake:Persist (Unity.AI.Navigation.NavMeshSurface,string) (at Assets/_Game/Scripts/Editor/NavBake.cs:168)
IsoRPG.EditorTools.NavBake:Rebake () (at Assets/_Game/Scripts/Editor/NavBake.cs:109)
IsoRPG.EditorTools.PendingTasks:Execute (string) (at Assets/_Game/Scripts/Editor/PendingTasks.cs:329)
IsoRPG.EditorTools.PendingTasks:Run () (at Assets/_Game/Scripts/Editor/PendingTasks.cs:125)
IsoRPG.EditorTools.PendingTasks:RunNow () (at Assets/_Game/Scripts/Editor/PendingTasks.cs:72)
IsoRPG.EditorTools.BatchRunner:Run () (at Assets/_Game/Scripts/Editor/BatchRunner.cs:56)

(Filename: Assets/_Game/Scripts/Editor/NavBake.cs Line: 168)

[IsoRPG] Выполняю задание: meadow-ground
UnityEngine.Debug:ExtractStackTraceNoAlloc (byte*,int,string)
UnityEngine.StackTraceUtility:ExtractStackTrace ()
UnityEngine.DebugLogHandler:Internal_Log (UnityEngine.LogType,UnityEngine.LogOption,string,UnityEngine.Object)
UnityEngine.DebugLogHandler:LogFormat (UnityEngine.LogType,UnityEngine.Object,string,object[])
UnityEngine.Logger:Log (UnityEngine.LogType,object)
UnityEngine.Debug:Log (object)
IsoRPG.EditorTools.PendingTasks:Execute (string) (at Assets/_Game/Scripts/Editor/PendingTasks.cs:146)
IsoRPG.EditorTools.PendingTasks:Run () (at Assets/_Game/Scripts/Editor/PendingTasks.cs:125)
IsoRPG.EditorTools.PendingTasks:RunNow () (at Assets/_Game/Scripts/Editor/PendingTasks.cs:72)
IsoRPG.EditorTools.BatchRunner:Run () (at Assets/_Game/Scripts/Editor/BatchRunner.cs:56)

(Filename: Assets/_Game/Scripts/Editor/PendingTasks.cs Line: 146)

[IsoRPG] Земля лугового биома: слоёв 6, плитка 2–4 м, троп 3. Доли по автору: трава 80%, листва 6.5%, остальное акцентами.
UnityEngine.Debug:ExtractStackTraceNoAlloc (byte*,int,string)
UnityEngine.StackTraceUtility:ExtractStackTrace ()
UnityEngine.DebugLogHandler:Internal_Log (UnityEngine.LogType,UnityEngine.LogOption,string,UnityEngine.Object)
UnityEngine.DebugLogHandler:LogFormat (UnityEngine.LogType,UnityEngine.Object,string,object[])
UnityEngine.Logger:Log (UnityEngine.LogType,object)
UnityEngine.Debug:Log (object)
IsoRPG.EditorTools.SyntyMeadow:Ground () (at Assets/_Game/Scripts/Editor/SyntyMeadow.cs:188)
IsoRPG.EditorTools.PendingTasks:Execute (string) (at Assets/_Game/Scripts/Editor/PendingTasks.cs:345)
IsoRPG.EditorTools.PendingTasks:Run () (at Assets/_Game/Scripts/Editor/PendingTasks.cs:125)
IsoRPG.EditorTools.PendingTasks:RunNow () (at Assets/_Game/Scripts/Editor/PendingTasks.cs:72)
IsoRPG.EditorTools.BatchRunner:Run () (at Assets/_Game/Scripts/Editor/BatchRunner.cs:56)

(Filename: Assets/_Game/Scripts/Editor/SyntyMeadow.cs Line: 188)

Importing 'GUID: 224d63e1442241943b8cafe00b71bdbd - Path: Assets/PolygonNatureBiomes/PNB_Meadow_Forest/Terrain/Terrain_Meadow_Dirt_01.terrainlayer' with importer (NativeFormatImporter)
Imported 'GUID: 224d63e1442241943b8cafe00b71bdbd' -> (Import Result ID: '443830d777be86c95020c2344c2fe31f') in 0.002 seconds [static dependencies only]. Details - ImportResultOutputID=2b1d43f1454139531655ad568703e7cf DependenciesID=58bccbfc067a1f04d07e9c2ffd7e759a StaticDependenciesID=dab7553da7b7c4223d74660eb614f321 
Importing 'GUID: 927c01133fc01cf449019fb21429322d - Path: Assets/PolygonNatureBiomes/PNB_Meadow_Forest/Terrain/Terrain_Meadow_Footpath_Tile_01.terrainlayer' with importer (NativeFormatImporter)
Imported 'GUID: 927c01133fc01cf449019fb21429322d' -> (Import Result ID: 'ea078efbacb8030a80384a9cc85f8c12') in 0.001 seconds [static dependencies only]. Details - ImportResultOutputID=8713b51cc22fcd718dc0e9c98323f7cf DependenciesID=9c2efb7cea20f171a8d0bc4c8ba520b8 StaticDependenciesID=105292a2fb1f2b3c5c22bf1c824621ff 
Importing 'GUID: 18206772b2c5a7a4b9682aa8188d3de0 - Path: Assets/PolygonNatureBiomes/PNB_Meadow_Forest/Terrain/Terrain_Meadow_Dirt_Cracked_Pebbles_01.terrainlayer' with importer (NativeFormatImporter)
Imported 'GUID: 18206772b2c5a7a4b9682aa8188d3de0' -> (Import Result ID: 'c3837446c6f9ce4a7aeec06844b978c6') in 0.001 seconds [static dependencies only]. Details - ImportResultOutputID=d7af519ea43b007314968f714f5c2ab9 DependenciesID=b3e3870619047d98ddb766c416eefcc2 StaticDependenciesID=cdac734754e1ac88c13856de297af07c 
Importing 'GUID: e8a19b753c680d24c98f0aee4c3f6f1a - Path: Assets/PolygonNatureBiomes/PNB_Meadow_Forest/Terrain/Terrain_Meadow_Grass_01.terrainlayer' with importer (NativeFormatImporter)
Imported 'GUID: e8a19b753c680d24c98f0aee4c3f6f1a' -> (Import Result ID: 'a43a9f2bc7198903338fbdd3ba332250') in 0.001 seconds [static dependencies only]. Details - ImportResultOutputID=61807fdf5aa5f2ef3ee66c89a29bf15a DependenciesID=39549710f042087f2af55747ae469410 StaticDependenciesID=ef87d208d0563e5bebc1f0d5321086b9 
Importing 'GUID: cbd19f98974e48444a516ccf4c843381 - Path: Assets/PolygonNatureBiomes/PNB_Meadow_Forest/Terrain/Terrain_Meadow_Dirt_Cracked_Leaves_Heavy_01.terrainlayer' with importer (NativeFormatImporter)
Imported 'GUID: cbd19f98974e48444a516ccf4c843381' -> (Import Result ID: '7ca2e4e5870e3b93d6a0c432cb13ccfa') in 0.001 seconds [static dependencies only]. Details - ImportResultOutputID=c6aaa8883e3ef17e8849524aa5d17989 DependenciesID=3afc97f2dcf34929f48e64d7bf3997f2 StaticDependenciesID=350b93c280f13b7728ef9ac13a6820ea 
Importing 'GUID: 9f5c36e3546010746940a515bbf0494b - Path: Assets/PolygonNatureBiomes/PNB_Meadow_Forest/Terrain/Terrain_Meadow_Grass_Leaves_01.terrainlayer' with importer (NativeFormatImporter)
Imported 'GUID: 9f5c36e3546010746940a515bbf0494b' -> (Import Result ID: '6895b99ca8b6d62e2544a96fbd3cf42f') in 0.001 seconds [static dependencies only]. Details - ImportResultOutputID=2620016723843e448fd61adcd7a616e1 DependenciesID=1cafec4ef2a5001cbf30a64e7bc88a0a StaticDependenciesID=7f08e287efc9fc967c4a1dfb6e2e092c 
Importing 'GUID: 036682092434c264889e3dec5e2060aa - Path: Assets/_Game/Art/Materials/ArenaTerrain.asset' with importer (NativeFormatImporter)
Imported 'GUID: 036682092434c264889e3dec5e2060aa' -> (Import Result ID: 'fdca6c6b023fa18d673013db1d9c8f7c') in 0.003 seconds [static dependencies only]. Details - ImportResultOutputID=682dce64306c00b514a573a13b1cd285 DependenciesID=741db8cde22d41857b5c9dca50c1b8bc StaticDependenciesID=eb6c0886164223e8194dba3f15f5c13c 

Asset Pipeline Refresh (id=9bbd941960edf3f4ca5571180889f08c): Total: 0.447 seconds - Initiated by StopAssetImportingV2(NoUpdateAssetOptions)
	(Values over 0.05ms)
	Summary:
		Imports: total=7 (actual=7, local cache=0, cache server=0)
		Asset DB Process Time: managed=0 ms, native=440 ms
		Asset DB Callback time: managed=1 ms, native=4 ms
		Scripting: domain reloads=0, domain reload time=0 ms, compile time=0 ms, other=0 ms
		Project Asset Count: scripts=2760, non-scripts=43629
		Asset File Changes: new=0, changed=0, moved=0, deleted=0
		Scan Filter Count: 14
	ApplyChangesToAssetFolders: 0.106ms
	Scan: 11.051ms
	Collect global state as custom dependencies: 0.214ms
	ProcessAssetsWithTransientArtifactChanges: 0.128ms
	CategorizeAssets: 22.343ms
	ImportOutOfDateAssets: 384.851ms (20.466ms without children)
		ImportManagerImport: 29.043ms (18.108ms without children)
			UpdateCategorizedAssets: 0.085ms
		ReloadNativeAssets: 0.070ms
		UnloadImportedAssets: 0.196ms
		EnsureUptoDateAssetsAreRegisteredWithGuidPM: 9.340ms
		ImportSchedulerStart: 325.727ms
	PostProcessAllAssets: 2.406ms
		XRBuildSystem.XRAssetImported 0.347ms
		MonoPostProcessAllAssets: 1.849ms
			SyncVS.PostprocessSyncProject 0.837ms
			ShaderGraphAssetPostProcessor.OnPostprocessAllAssets 0.282ms
			AssetPostprocessor.OnPostprocessAllAssets 0.111ms
			PostProcessor.OnPostprocessAllAssets 0.076ms
			CozyShaderPostProcessor.OnPostprocessAllAssets 0.053ms
	PostAssetChangesProfiler: 4.308ms
	GatherAllCurrentPrimaryImportResultRevisions: 2.285ms
	PersistCurrentRevisions: 2.270ms
	UnloadStreamsEnd: 0.061ms
	Untracked: 17.322ms

Importing 'GUID: 1db5328198c19b0498cd0b8070257b84 - Path: Assets/_Game/Scenes/Arena.unity' with importer (DefaultImporter)
Imported 'GUID: 1db5328198c19b0498cd0b8070257b84' -> (Import Result ID: 'b184d0739bf1b7e9fc3fffbb772be491') in 0.003 seconds [static dependencies only]. Details - ImportResultOutputID=e4fba7802ff6df5867da0246ee067480 DependenciesID=bede6baa4065a719db29361c4e242b0b StaticDependenciesID=deaeaac577416ef87af2d68a6fbaec28 

Asset Pipeline Refresh (id=b621178c2af95ec4cbde55a433788def): Total: 0.454 seconds - Initiated by StopAssetImportingV2(NoUpdateAssetOptions)
	(Values over 0.05ms)
	Summary:
		Imports: total=1 (actual=1, local cache=0, cache server=0)
		Asset DB Process Time: managed=0 ms, native=449 ms
		Asset DB Callback time: managed=1 ms, native=2 ms
		Scripting: domain reloads=0, domain reload time=0 ms, compile time=0 ms, other=0 ms
		Project Asset Count: scripts=2760, non-scripts=43629
		Asset File Changes: new=0, changed=1, moved=0, deleted=0
		Scan Filter Count: 4
	ApplyChangesToAssetFolders: 0.112ms
	Scan: 7.626ms
	Collect global state as custom dependencies: 0.230ms
	ProcessAssetsWithTransientArtifactChanges: 0.083ms
	CategorizeAssets: 63.279ms
	ImportOutOfDateAssets: 351.238ms (19.691ms without children)
		ImportManagerImport: 6.881ms (3.917ms without children)
		ReloadNativeAssets: 0.055ms
		UnloadImportedAssets: 0.190ms
		EnsureUptoDateAssetsAreRegisteredWithGuidPM: 7.914ms
		ImportSchedulerStart: 316.496ms
	PostProcessAllAssets: 1.708ms
		XRBuildSystem.XRAssetImported 0.339ms
		MonoPostProcessAllAssets: 1.282ms
			SyncVS.PostprocessSyncProject 0.853ms
			AssetPostprocessor.OnPostprocessAllAssets 0.053ms
	PostAssetChangesProfiler: 2.522ms
	GatherAllCurrentPrimaryImportResultRevisions: 2.378ms
	UnloadStreamsBegin: 0.098ms
	PersistCurrentRevisions: 2.779ms
	Untracked: 21.485ms

[IsoRPG] Сцена и ассеты сохранены.
UnityEngine.Debug:ExtractStackTraceNoAlloc (byte*,int,string)
UnityEngine.StackTraceUtility:ExtractStackTrace ()
UnityEngine.DebugLogHandler:Internal_Log (UnityEngine.LogType,UnityEngine.LogOption,string,UnityEngine.Object)
UnityEngine.DebugLogHandler:LogFormat (UnityEngine.LogType,UnityEngine.Object,string,object[])
UnityEngine.Logger:Log (UnityEngine.LogType,object)
UnityEngine.Debug:Log (object)
IsoRPG.EditorTools.BatchRunner:Run () (at Assets/_Game/Scripts/Editor/BatchRunner.cs:65)

(Filename: Assets/_Game/Scripts/Editor/BatchRunner.cs Line: 65)

[IsoRPG] Пакетный запуск: готово.
UnityEngine.Debug:ExtractStackTraceNoAlloc (byte*,int,string)
UnityEngine.StackTraceUtility:ExtractStackTrace ()
UnityEngine.DebugLogHandler:Internal_Log (UnityEngine.LogType,UnityEngine.LogOption,string,UnityEngine.Object)
UnityEngine.DebugLogHandler:LogFormat (UnityEngine.LogType,UnityEngine.Object,string,object[])
UnityEngine.Logger:Log (UnityEngine.LogType,object)
UnityEngine.Debug:Log (object)
IsoRPG.EditorTools.BatchRunner:Run () (at Assets/_Game/Scripts/Editor/BatchRunner.cs:72)

(Filename: Assets/_Game/Scripts/Editor/BatchRunner.cs Line: 72)

Batchmode quit successfully invoked - shutting down!
[Physics::Module] Cleanup current backend.
[Physics::Module] Id: 0xf2b8ea05
Input System module state changed to: ShutdownInProgress.
Input Polling Thread exited.
Input System module state changed to: Shutdown.
[Licensing::IpcConnector] LicenseClient-OXBOX-notifications channel disconnected successfully.
[Licensing::IpcConnector] LicenseClient-OXBOX channel disconnected successfully.
Shut down.
Lingering sessions upon destruction of worker manager
AcceleratorClientConnectionCallback - disconnected - :0
Cleanup mono
CodeReloadManager destroyed
abort_threads: Failed aborting id: 00000000000024E0, mono_thread_manage will ignore it

abort_threads: Failed aborting id: 00000000000024E0, mono_thread_manage will ignore it

debugger-agent: Unable to listen on 3564
Exiting batchmode successfully now!
Exiting without the bug reporter. Application will terminate with return code 0